/****************************************************************************
** Resource object code
**
** Created by: The Resource Compiler for Qt version 6.11.0
**
** WARNING! All changes made in this file will be lost!
*****************************************************************************/

#ifdef _MSC_VER
// disable informational message "function ... selected for automatic inline expansion"
#pragma warning (disable: 4711)
#endif

static const unsigned char qt_resource_data[] = {
  // index.theme
  0x0,0x0,0x2,0xeb,
  0x0,
  0x0,0xe,0x6a,0x78,0xda,0xcd,0x96,0x5f,0x4f,0xdb,0x30,0x10,0xc0,0xdf,0xfd,0x29,
  0x8c,0x78,0xd,0x43,0xb5,0xb3,0x88,0x87,0x65,0x1a,0x23,0x81,0x21,0xa0,0x45,0x4b,
  0xb7,0x9,0x21,0x54,0xb9,0x89,0x69,0xac,0xb9,0x71,0x94,0x18,0x48,0xf9,0xf4,0xbb,
  0x38,0x4d,0x9a,0x2e,0x5,0xb1,0x96,0x56,0xeb,0x4b,0xcf,0xf7,0xc7,0xfe,0xf9,0xee,
  0xea,0xde,0xed,0x79,0xa8,0x12,0x3c,0x8c,0xf9,0x94,0xdf,0xa1,0x3e,0x9b,0x72,0x37,
  0xe2,0xf9,0xef,0x7b,0xa9,0x9e,0xe,0xa4,0x98,0xc4,0x1a,0xa1,0x13,0x35,0x9d,0xf2,
  0x44,0xbb,0x81,0xce,0x44,0xca,0x23,0x1c,0xa9,0xa7,0x4,0x7f,0xcd,0x38,0x7f,0xe6,
  0xf8,0xb2,0x74,0xc1,0xe3,0x19,0xd6,0x31,0xc7,0x17,0x9e,0x8f,0x7f,0x7a,0x67,0x8,
  0x79,0x22,0x4f,0x25,0x9b,0x79,0x3c,0xd5,0xb1,0x4b,0x9,0x42,0xe7,0x49,0xcc,0x33,
  0xa1,0x73,0x77,0x6c,0xc2,0xac,0x58,0x84,0x4a,0xaa,0xc,0x21,0xbf,0x60,0xd3,0x54,
  0x72,0xf7,0x5e,0xc9,0x88,0xc3,0xfa,0x54,0x49,0x38,0x39,0x3f,0x29,0xad,0x41,0x58,
  0x42,0xb9,0x3a,0x7b,0xe0,0xb0,0x25,0x40,0x69,0x95,0x7a,0xfc,0x9e,0x3d,0x48,0xed,
  0xda,0x47,0xb5,0x26,0x10,0xcf,0x3c,0x77,0x7b,0x8e,0x45,0x88,0x45,0x89,0x65,0x1f,
  0x59,0x8e,0x6d,0xf5,0xc8,0x91,0x45,0x3e,0x3a,0x68,0xa8,0x94,0x1c,0xb3,0xac,0x8e,
  0x22,0xa4,0xd6,0x74,0xa2,0xd0,0x15,0x13,0x49,0xd7,0xbd,0xa5,0xed,0x86,0x4,0x53,
  0x26,0x65,0xed,0xdc,0x73,0xaa,0x75,0xd7,0xed,0x9a,0x25,0x5c,0xb6,0xc0,0xcd,0xfa,
  0x55,0x6c,0x4f,0x30,0xa9,0x26,0x75,0x8,0x24,0xb0,0x52,0xbc,0x1a,0x83,0x20,0xfb,
  0x7,0x7e,0xa1,0x79,0x92,0xb,0x95,0xe4,0xee,0x87,0xfc,0x71,0x82,0xd0,0x7e,0xf3,
  0xc1,0x9e,0xc8,0x78,0xa8,0x55,0x26,0x78,0xde,0x56,0xab,0xc,0x12,0xf,0x55,0x85,
  0x1a,0x86,0x4c,0xf3,0x89,0xca,0x66,0x98,0x25,0x11,0x66,0x32,0x8d,0xd9,0x98,0x6b,
  0x11,0xc2,0xa5,0x66,0x65,0x4d,0x9b,0x70,0x97,0x85,0xba,0x3c,0xe3,0x10,0x50,0x6a,
  0x11,0x90,0x1a,0xd1,0x6e,0x44,0xa0,0x64,0x69,0x9a,0x1f,0x2,0x67,0xc4,0x1f,0x45,
  0xc8,0x8d,0x8,0xbd,0x31,0x97,0x72,0xcd,0xf4,0x83,0xd9,0x67,0x2e,0xc1,0x36,0x95,
  0x64,0x91,0xc6,0x4a,0x6b,0x1d,0x44,0xa0,0x0,0x70,0x78,0xb4,0x1a,0xe6,0xb,0x29,
  0xac,0xd6,0x8a,0x16,0x2d,0xba,0xb6,0xd,0x56,0x6d,0x9b,0xbd,0x64,0xb3,0xdb,0x36,
  0xba,0x14,0x47,0xcb,0x38,0x84,0x6e,0xe7,0x57,0xba,0x43,0x65,0x41,0x5c,0x80,0x3a,
  0x51,0x89,0xe6,0x85,0x76,0x8f,0xd3,0x54,0x42,0xbe,0x8c,0x37,0x1a,0xce,0x52,0xee,
  0x96,0xb8,0x6c,0x2c,0x39,0xba,0x12,0x89,0xf1,0x36,0x3d,0x55,0x54,0x62,0x59,0xb5,
  0x76,0x29,0x8e,0xab,0x73,0x5e,0xa8,0x4e,0xe,0x31,0xe0,0xde,0x73,0x8a,0x9e,0x83,
  0xf,0xf0,0xa9,0x28,0x40,0x5f,0x2a,0xcb,0x85,0xca,0xb0,0xae,0xda,0x14,0xc3,0x4f,
  0x2b,0xc9,0xf1,0xe7,0xbd,0xbd,0xbd,0x41,0xff,0xf2,0x6,0xbe,0x3e,0x81,0x83,0x37,
  0x18,0xf5,0x7,0xc3,0xd1,0x8f,0xc0,0x1f,0x1d,0xf7,0x6f,0x7e,0x7d,0xf3,0xbf,0xfb,
  0x23,0xff,0x32,0xf0,0xc1,0x74,0xa5,0x12,0x15,0xc6,0x99,0x9a,0x72,0xb8,0x59,0x93,
  0xbd,0xf9,0xe5,0xa0,0xab,0x9b,0xcb,0x85,0xaf,0xdd,0xb,0x1c,0x97,0xee,0x55,0x71,
  0x42,0xf6,0xb6,0x8f,0xa,0x87,0x2c,0x68,0x4d,0x7f,0xb8,0x64,0x33,0x6a,0xba,0xb,
  0x6a,0xda,0xa1,0xa6,0x6b,0x52,0xa3,0x7d,0x42,0xa,0x42,0xb6,0xcd,0x4c,0xc8,0x1c,
  0x98,0xac,0x9d,0x5e,0xc3,0xb9,0x83,0xa6,0x30,0x87,0x2c,0x68,0x37,0x6c,0x8a,0x8a,
  0x9a,0xee,0x82,0x9a,0x76,0xa8,0xe9,0xda,0xd4,0x76,0x41,0xec,0xbf,0x91,0xcf,0x86,
  0x17,0xef,0x83,0x5a,0xbf,0x7e,0xc4,0xde,0x88,0x6f,0x45,0x2f,0xbc,0x1f,0x62,0xab,
  0x7,0xec,0x8d,0x7b,0xc0,0xd0,0xd2,0x6d,0xd2,0xd2,0xe,0xed,0xda,0xb5,0xa7,0xa4,
  0xa0,0x5b,0x7f,0xf,0x68,0xfd,0x1e,0x50,0xb2,0x11,0xe7,0xe,0xde,0x3,0xda,0x7a,
  0xf,0xe8,0xc6,0xef,0x41,0x45,0x4d,0x77,0x41,0x4d,0x3b,0xd4,0xeb,0xff,0x49,0x38,
  0x76,0xe1,0xd8,0xab,0x98,0xab,0xe1,0xfb,0x9f,0x91,0xcd,0x90,0x8e,0x6e,0x9b,0x69,
  0x6e,0x31,0xf,0x2d,0x13,0xd5,0xbc,0xd7,0xc6,0xb1,0x1,0x34,0x33,0xf7,0x9b,0x9a,
  0x36,0x32,0xd3,0xef,0xba,0x7c,0xcd,0x14,0xd9,0xed,0xd6,0xc0,0x98,0xde,0x38,0xa9,
  0xbd,0x9c,0xbf,0x77,0xe1,0x5b,0x35,0x4f,0xfe,0x17,0x7c,0x8b,0xc1,0xbd,0xb,0xe8,
  0x55,0xb6,0xb7,0x11,0xfe,0x1,0x4a,0xab,0x7b,0xed,
    // org.deskflow.deskflow-symbolic.svg
  0x0,0x0,0xa,0xb5,
  0x3c,
  0x73,0x76,0x67,0x20,0x76,0x65,0x72,0x73,0x69,0x6f,0x6e,0x3d,0x22,0x31,0x2e,0x31,
  0x22,0x20,0x76,0x69,0x65,0x77,0x42,0x6f,0x78,0x3d,0x22,0x30,0x20,0x30,0x20,0x36,
  0x34,0x20,0x36,0x34,0x22,0x20,0x78,0x6d,0x6c,0x6e,0x73,0x3d,0x22,0x68,0x74,0x74,
  0x70,0x3a,0x2f,0x2f,0x77,0x77,0x77,0x2e,0x77,0x33,0x2e,0x6f,0x72,0x67,0x2f,0x32,
  0x30,0x30,0x30,0x2f,0x73,0x76,0x67,0x22,0x3e,0xa,0x20,0x20,0x20,0x20,0x3c,0x64,
  0x65,0x66,0x73,0x20,0x69,0x64,0x3d,0x22,0x64,0x65,0x66,0x73,0x36,0x32,0x22,0x3e,
  0xa,0x20,0x20,0x20,0x20,0x20,0x20,0x3c,0x73,0x74,0x79,0x6c,0x65,0x20,0x74,0x79,
  0x70,0x65,0x3d,0x22,0x74,0x65,0x78,0x74,0x2f,0x63,0x73,0x73,0x22,0x20,0x69,0x64,
  0x3d,0x22,0x63,0x75,0x72,0x72,0x65,0x6e,0x74,0x2d,0x63,0x6f,0x6c,0x6f,0x72,0x2d,
  0x73,0x63,0x68,0x65,0x6d,0x65,0x22,0x3e,0x2e,0x43,0x6f,0x6c,0x6f,0x72,0x53,0x63,
  0x68,0x65,0x6d,0x65,0x2d,0x54,0x65,0x78,0x74,0x20,0x7b,0x20,0x63,0x6f,0x6c,0x6f,
  0x72,0x3a,0x20,0x23,0x32,0x33,0x32,0x36,0x32,0x39,0x3b,0x20,0x7d,0x20,0x3c,0x2f,
  0x73,0x74,0x79,0x6c,0x65,0x3e,0xa,0x20,0x20,0x3c,0x2f,0x64,0x65,0x66,0x73,0x3e,
  0xa,0x20,0x20,0x20,0x20,0x3c,0x67,0x20,0x66,0x69,0x6c,0x6c,0x3d,0x22,0x63,0x75,
  0x72,0x72,0x65,0x6e,0x74,0x43,0x6f,0x6c,0x6f,0x72,0x22,0x20,0x63,0x6c,0x61,0x73,
  0x73,0x3d,0x22,0x43,0x6f,0x6c,0x6f,0x72,0x53,0x63,0x68,0x65,0x6d,0x65,0x2d,0x54,
  0x65,0x78,0x74,0x22,0x3e,0xa,0x20,0x20,0x20,0x20,0x20,0x20,0x20,0x20,0x3c,0x70,
  0x61,0x74,0x68,0x20,0x74,0x72,0x61,0x6e,0x73,0x66,0x6f,0x72,0x6d,0x3d,0x22,0x6d,
  0x61,0x74,0x72,0x69,0x78,0x28,0x2e,0x30,0x30,0x33,0x35,0x37,0x39,0x32,0x20,0x30,
  0x20,0x30,0x20,0x2e,0x30,0x30,0x33,0x33,0x32,0x31,0x33,0x31,0x20,0x33,0x2e,0x33,
  0x36,0x34,0x30,0x35,0x30,0x32,0x20,0x38,0x2e,0x35,0x31,0x30,0x33,0x38,0x36,0x37,
  0x29,0x22,0x20,0x64,0x3d,0x22,0x6d,0x31,0x30,0x38,0x32,0x32,0x2e,0x37,0x37,0x35,
  0x20,0x31,0x34,0x32,0x37,0x37,0x2e,0x36,0x39,0x63,0x2d,0x31,0x31,0x39,0x35,0x2e,
  0x35,0x38,0x33,0x32,0x2d,0x31,0x34,0x33,0x2e,0x35,0x30,0x38,0x2d,0x32,0x32,0x32,
  0x30,0x2e,0x32,0x30,0x36,0x33,0x2d,0x38,0x34,0x31,0x2e,0x31,0x34,0x38,0x2d,0x33,
  0x32,0x36,0x38,0x2e,0x33,0x36,0x36,0x37,0x2d,0x31,0x33,0x37,0x39,0x2e,0x31,0x32,
  0x37,0x2d,0x37,0x31,0x38,0x2e,0x38,0x35,0x33,0x33,0x2d,0x33,0x35,0x35,0x2e,0x33,
  0x30,0x31,0x2d,0x31,0x34,0x33,0x31,0x2e,0x31,0x32,0x39,0x37,0x2d,0x38,0x33,0x38,
  0x2e,0x39,0x37,0x36,0x2d,0x32,0x32,0x35,0x31,0x2e,0x34,0x33,0x36,0x33,0x2d,0x38,
  0x39,0x36,0x2e,0x30,0x38,0x35,0x2d,0x34,0x39,0x31,0x2e,0x30,0x30,0x35,0x37,0x2d,
  0x33,0x34,0x2e,0x36,0x33,0x34,0x2d,0x39,0x39,0x33,0x2e,0x39,0x31,0x34,0x32,0x20,
  0x31,0x36,0x2e,0x37,0x30,0x31,0x2d,0x31,0x34,0x31,0x39,0x2e,0x38,0x36,0x35,0x38,
  0x20,0x32,0x38,0x32,0x2e,0x39,0x34,0x36,0x2d,0x36,0x33,0x32,0x2e,0x39,0x30,0x39,
  0x37,0x20,0x33,0x32,0x33,0x2e,0x36,0x38,0x39,0x2d,0x31,0x30,0x34,0x31,0x2e,0x34,
  0x38,0x36,0x37,0x20,0x39,0x32,0x34,0x2e,0x35,0x33,0x38,0x2d,0x31,0x35,0x35,0x36,
  0x2e,0x35,0x37,0x31,0x38,0x20,0x31,0x33,0x38,0x37,0x2e,0x37,0x30,0x32,0x2d,0x35,
  0x34,0x33,0x2e,0x32,0x38,0x33,0x20,0x33,0x32,0x34,0x2e,0x39,0x33,0x38,0x2d,0x31,
  0x30,0x32,0x34,0x2e,0x34,0x31,0x36,0x2d,0x33,0x32,0x34,0x2e,0x35,0x30,0x33,0x2d,
  0x39,0x39,0x39,0x2e,0x39,0x34,0x33,0x39,0x2d,0x38,0x33,0x31,0x2e,0x38,0x35,0x34,
  0x2d,0x36,0x36,0x2e,0x37,0x35,0x31,0x35,0x2d,0x37,0x30,0x36,0x2e,0x34,0x36,0x20,
  0x35,0x32,0x36,0x2e,0x37,0x37,0x37,0x35,0x2d,0x31,0x32,0x31,0x35,0x2e,0x31,0x30,
  0x36,0x20,0x39,0x37,0x31,0x2e,0x34,0x37,0x39,0x39,0x2d,0x31,0x36,0x37,0x35,0x2e,
  0x33,0x32,0x38,0x20,0x37,0x39,0x36,0x2e,0x37,0x30,0x34,0x32,0x2d,0x37,0x38,0x38,
  0x2e,0x39,0x38,0x35,0x20,0x31,0x39,0x30,0x38,0x2e,0x39,0x37,0x33,0x35,0x2d,0x31,
  0x33,0x33,0x39,0x2e,0x32,0x39,0x38,0x35,0x20,0x33,0x30,0x35,0x31,0x2e,0x37,0x38,
  0x39,0x39,0x2d,0x31,0x31,0x39,0x38,0x2e,0x33,0x35,0x38,0x38,0x20,0x31,0x33,0x34,
  0x38,0x2e,0x32,0x34,0x37,0x37,0x20,0x31,0x35,0x31,0x2e,0x36,0x35,0x32,0x38,0x20,
  0x32,0x34,0x39,0x30,0x2e,0x30,0x37,0x38,0x36,0x20,0x39,0x35,0x34,0x2e,0x31,0x39,
  0x39,0x38,0x20,0x33,0x36,0x37,0x31,0x2e,0x39,0x36,0x33,0x39,0x20,0x31,0x35,0x35,
  0x31,0x2e,0x37,0x38,0x36,0x38,0x20,0x38,0x31,0x32,0x2e,0x38,0x34,0x37,0x33,0x20,
  0x34,0x33,0x30,0x2e,0x33,0x36,0x38,0x20,0x31,0x37,0x33,0x32,0x2e,0x32,0x37,0x32,
  0x38,0x20,0x39,0x33,0x37,0x2e,0x33,0x30,0x39,0x20,0x32,0x36,0x38,0x30,0x2e,0x36,
  0x36,0x39,0x38,0x20,0x36,0x35,0x36,0x2e,0x39,0x39,0x39,0x20,0x38,0x36,0x35,0x2e,
  0x31,0x38,0x32,0x2d,0x32,0x34,0x30,0x2e,0x32,0x31,0x31,0x20,0x31,0x33,0x34,0x35,
  0x2e,0x33,0x31,0x37,0x2d,0x31,0x30,0x34,0x39,0x2e,0x35,0x33,0x36,0x20,0x31,0x39,
  0x31,0x38,0x2e,0x30,0x37,0x32,0x2d,0x31,0x36,0x36,0x39,0x2e,0x37,0x30,0x39,0x20,
  0x34,0x31,0x39,0x2e,0x33,0x31,0x39,0x2d,0x33,0x36,0x39,0x2e,0x35,0x33,0x20,0x39,
  0x39,0x39,0x2e,0x35,0x36,0x20,0x39,0x39,0x2e,0x30,0x32,0x37,0x20,0x31,0x30,0x33,
  0x37,0x2e,0x33,0x30,0x33,0x20,0x35,0x37,0x35,0x2e,0x36,0x32,0x20,0x31,0x34,0x34,
  0x2e,0x38,0x34,0x39,0x20,0x35,0x39,0x31,0x2e,0x34,0x33,0x39,0x2d,0x32,0x32,0x38,
  0x2e,0x38,0x31,0x20,0x31,0x30,0x39,0x39,0x2e,0x37,0x39,0x33,0x2d,0x35,0x38,0x34,
  0x2e,0x38,0x35,0x38,0x20,0x31,0x35,0x32,0x37,0x2e,0x38,0x37,0x32,0x2d,0x36,0x37,
  0x34,0x2e,0x39,0x39,0x31,0x20,0x38,0x37,0x38,0x2e,0x37,0x35,0x38,0x2d,0x31,0x36,
  0x34,0x36,0x2e,0x34,0x30,0x34,0x20,0x31,0x36,0x31,0x32,0x2e,0x34,0x39,0x39,0x2d,
  0x32,0x37,0x38,0x38,0x2e,0x31,0x33,0x32,0x20,0x31,0x36,0x37,0x38,0x2e,0x34,0x39,
  0x32,0x2d,0x31,0x35,0x33,0x2e,0x39,0x39,0x36,0x20,0x31,0x39,0x2e,0x37,0x39,0x34,
  0x2d,0x33,0x30,0x38,0x2e,0x36,0x39,0x38,0x20,0x36,0x2e,0x32,0x35,0x37,0x2d,0x34,
  0x36,0x32,0x2e,0x31,0x30,0x34,0x2d,0x31,0x30,0x2e,0x39,0x35,0x36,0x7a,0x22,0x2f,
  0x3e,0xa,0x20,0x20,0x20,0x20,0x20,0x20,0x20,0x20,0x3c,0x70,0x61,0x74,0x68,0x20,
  0x74,0x72,0x61,0x6e,0x73,0x66,0x6f,0x72,0x6d,0x3d,0x22,0x6d,0x61,0x74,0x72,0x69,
  0x78,0x28,0x2e,0x30,0x30,0x33,0x35,0x37,0x39,0x32,0x20,0x30,0x20,0x30,0x20,0x2e,
  0x30,0x30,0x33,0x33,0x32,0x31,0x33,0x31,0x20,0x33,0x2e,0x33,0x36,0x34,0x30,0x35,
  0x30,0x32,0x20,0x38,0x2e,0x35,0x31,0x30,0x33,0x38,0x36,0x37,0x29,0x22,0x20,0x64,
  0x3d,0x22,0x6d,0x31,0x30,0x36,0x39,0x31,0x2e,0x39,0x37,0x35,0x20,0x39,0x32,0x33,
  0x32,0x2e,0x32,0x39,0x35,0x34,0x63,0x2d,0x31,0x33,0x34,0x36,0x2e,0x37,0x38,0x36,
  0x36,0x2d,0x32,0x33,0x33,0x2e,0x34,0x34,0x32,0x2d,0x32,0x34,0x38,0x32,0x2e,0x32,
  0x31,0x32,0x37,0x2d,0x31,0x30,0x35,0x36,0x2e,0x36,0x32,0x32,0x37,0x2d,0x33,0x36,
  0x37,0x38,0x2e,0x35,0x37,0x35,0x38,0x2d,0x31,0x36,0x36,0x34,0x2e,0x37,0x34,0x32,
  0x34,0x2d,0x36,0x39,0x35,0x2e,0x34,0x39,0x38,0x36,0x2d,0x33,0x37,0x38,0x2e,0x34,
  0x37,0x39,0x39,0x2d,0x31,0x34,0x37,0x30,0x2e,0x35,0x37,0x34,0x35,0x2d,0x37,0x31,
  0x34,0x2e,0x30,0x37,0x31,0x32,0x2d,0x32,0x32,0x38,0x30,0x2e,0x37,0x34,0x36,0x34,
  0x2d,0x35,0x39,0x38,0x2e,0x31,0x38,0x38,0x32,0x2d,0x39,0x34,0x31,0x2e,0x35,0x36,
  0x37,0x36,0x20,0x31,0x30,0x33,0x2e,0x37,0x38,0x32,0x35,0x2d,0x31,0x36,0x33,0x36,
  0x2e,0x32,0x36,0x36,0x35,0x20,0x38,0x33,0x38,0x2e,0x37,0x32,0x34,0x36,0x2d,0x32,
  0x32,0x32,0x31,0x2e,0x33,0x37,0x30,0x39,0x20,0x31,0x35,0x31,0x37,0x2e,0x36,0x39,
  0x36,0x38,0x2d,0x33,0x35,0x37,0x2e,0x37,0x38,0x32,0x32,0x20,0x34,0x37,0x35,0x2e,
  0x35,0x33,0x36,0x33,0x2d,0x31,0x30,0x31,0x39,0x2e,0x30,0x39,0x36,0x32,0x20,0x31,
  0x37,0x35,0x2e,0x38,0x35,0x33,0x35,0x2d,0x31,0x31,0x34,0x31,0x2e,0x32,0x38,0x32,
  0x34,0x2d,0x33,0x33,0x35,0x2e,0x33,0x32,0x39,0x37,0x2d,0x32,0x30,0x38,0x2e,0x39,
  0x38,0x32,0x39,0x2d,0x35,0x34,0x38,0x2e,0x36,0x30,0x34,0x31,0x20,0x34,0x37,0x2e,
  0x32,0x34,0x33,0x35,0x2d,0x31,0x31,0x33,0x32,0x2e,0x37,0x39,0x35,0x36,0x20,0x34,
  0x33,0x34,0x2e,0x31,0x37,0x39,0x37,0x2d,0x31,0x35,0x33,0x30,0x2e,0x38,0x30,0x37,
  0x39,0x20,0x38,0x34,0x32,0x2e,0x37,0x35,0x38,0x31,0x2d,0x39,0x39,0x35,0x2e,0x39,
  0x33,0x37,0x36,0x20,0x32,0x30,0x36,0x32,0x2e,0x38,0x33,0x34,0x33,0x2d,0x31,0x38,
  0x33,0x30,0x2e,0x30,0x39,0x33,0x34,0x20,0x33,0x34,0x32,0x32,0x2e,0x38,0x34,0x35,
  0x33,0x2d,0x31,0x37,0x31,0x38,0x2e,0x38,0x30,0x31,0x20,0x31,0x35,0x33,0x38,0x2e,
  0x32,0x34,0x32,0x34,0x20,0x31,0x32,0x32,0x2e,0x31,0x39,0x32,0x36,0x20,0x32,0x38,
  0x30,0x32,0x2e,0x37,0x39,0x37,0x39,0x20,0x31,0x30,0x39,0x36,0x2e,0x38,0x39,0x37,
  0x38,0x20,0x34,0x31,0x35,0x30,0x2e,0x30,0x34,0x36,0x34,0x20,0x31,0x37,0x34,0x37,
  0x2e,0x32,0x32,0x31,0x38,0x20,0x36,0x38,0x39,0x2e,0x34,0x38,0x33,0x31,0x20,0x33,
  0x37,0x33,0x2e,0x33,0x35,0x33,0x37,0x20,0x31,0x34,0x38,0x30,0x2e,0x38,0x32,0x37,
  0x31,0x20,0x36,0x39,0x35,0x2e,0x35,0x32,0x31,0x33,0x20,0x32,0x32,0x37,0x35,0x2e,
  0x36,0x38,0x31,0x31,0x20,0x34,0x39,0x38,0x2e,0x32,0x31,0x35,0x39,0x20,0x38,0x34,
  0x33,0x2e,0x34,0x34,0x33,0x2d,0x32,0x32,0x35,0x2e,0x34,0x36,0x37,0x35,0x20,0x31,
  0x33,0x35,0x35,0x2e,0x31,0x35,0x35,0x2d,0x39,0x38,0x36,0x2e,0x36,0x38,0x37,0x33,
  0x20,0x31,0x38,0x37,0x34,0x2e,0x34,0x36,0x33,0x2d,0x31,0x36,0x32,0x35,0x2e,0x39,
  0x32,0x38,0x20,0x33,0x30,0x33,0x2e,0x38,0x33,0x39,0x2d,0x34,0x32,0x39,0x2e,0x32,
  0x34,0x31,0x32,0x20,0x39,0x33,0x35,0x2e,0x30,0x30,0x34,0x2d,0x32,0x30,0x32,0x2e,
  0x36,0x39,0x38,0x34,0x20,0x31,0x30,0x37,0x33,0x2e,0x31,0x33,0x34,0x20,0x32,0x34,
  0x37,0x2e,0x30,0x39,0x34,0x36,0x20,0x32,0x32,0x39,0x2e,0x35,0x30,0x33,0x20,0x35,
  0x32,0x35,0x2e,0x36,0x34,0x33,0x39,0x20,0x35,0x30,0x2e,0x31,0x35,0x39,0x20,0x31,
  0x31,0x32,0x37,0x2e,0x30,0x34,0x39,0x2d,0x33,0x31,0x31,0x2e,0x39,0x31,0x38,0x20,
  0x31,0x35,0x34,0x35,0x2e,0x31,0x36,0x31,0x38,0x2d,0x37,0x33,0x31,0x2e,0x38,0x38,
  0x31,0x20,0x31,0x30,0x33,0x31,0x2e,0x31,0x39,0x34,0x37,0x2d,0x31,0x38,0x34,0x37,
  0x2e,0x38,0x38,0x39,0x20,0x31,0x39,0x37,0x31,0x2e,0x33,0x34,0x33,0x37,0x2d,0x33,
  0x31,0x38,0x30,0x2e,0x34,0x33,0x35,0x20,0x31,0x39,0x33,0x38,0x2e,0x37,0x33,0x36,
  0x34,0x2d,0x31,0x33,0x38,0x2e,0x38,0x35,0x33,0x20,0x31,0x2e,0x36,0x37,0x37,0x35,
  0x2d,0x32,0x37,0x38,0x2e,0x32,0x37,0x33,0x2d,0x31,0x2e,0x35,0x38,0x33,0x34,0x2d,
  0x34,0x31,0x36,0x2e,0x30,0x32,0x31,0x2d,0x32,0x30,0x2e,0x33,0x33,0x30,0x31,0x7a,
  0x22,0x2f,0x3e,0xa,0x20,0x20,0x20,0x20,0x20,0x20,0x20,0x20,0x3c,0x70,0x61,0x74,
  0x68,0x20,0x74,0x72,0x61,0x6e,0x73,0x66,0x6f,0x72,0x6d,0x3d,0x22,0x6d,0x61,0x74,
  0x72,0x69,0x78,0x28,0x2e,0x30,0x30,0x33,0x35,0x37,0x39,0x32,0x20,0x30,0x20,0x30,
  0x20,0x2e,0x30,0x30,0x33,0x33,0x32,0x31,0x33,0x31,0x20,0x33,0x2e,0x33,0x36,0x34,
  0x30,0x35,0x30,0x32,0x20,0x38,0x2e,0x35,0x31,0x30,0x33,0x38,0x36,0x37,0x29,0x22,
  0x20,0x64,0x3d,0x22,0x6d,0x31,0x30,0x35,0x37,0x36,0x2e,0x37,0x34,0x34,0x20,0x34,
  0x31,0x37,0x32,0x2e,0x34,0x35,0x34,0x34,0x63,0x2d,0x31,0x37,0x30,0x31,0x2e,0x38,
  0x38,0x30,0x33,0x2d,0x33,0x30,0x37,0x2e,0x33,0x39,0x39,0x37,0x2d,0x33,0x30,0x33,
  0x32,0x2e,0x31,0x35,0x39,0x39,0x2d,0x31,0x35,0x33,0x36,0x2e,0x37,0x31,0x34,0x39,
  0x2d,0x34,0x36,0x33,0x36,0x2e,0x32,0x38,0x30,0x35,0x2d,0x32,0x31,0x30,0x33,0x2e,
  0x30,0x33,0x31,0x31,0x2d,0x37,0x36,0x30,0x2e,0x32,0x32,0x35,0x32,0x2d,0x32,0x33,
  0x31,0x2e,0x36,0x31,0x31,0x38,0x2d,0x31,0x36,0x33,0x34,0x2e,0x38,0x32,0x35,0x36,
  0x2d,0x31,0x38,0x33,0x2e,0x37,0x38,0x35,0x31,0x2d,0x32,0x32,0x39,0x32,0x2e,0x30,
  0x32,0x39,0x34,0x20,0x32,0x39,0x37,0x2e,0x38,0x38,0x37,0x32,0x2d,0x35,0x32,0x32,
  0x2e,0x30,0x34,0x36,0x20,0x33,0x31,0x35,0x2e,0x37,0x36,0x33,0x33,0x2d,0x38,0x37,
  0x30,0x2e,0x33,0x37,0x37,0x33,0x20,0x38,0x32,0x38,0x2e,0x35,0x35,0x33,0x36,0x2d,
  0x31,0x33,0x30,0x37,0x2e,0x36,0x39,0x35,0x20,0x31,0x32,0x33,0x35,0x2e,0x37,0x36,
  0x33,0x33,0x2d,0x34,0x30,0x38,0x2e,0x30,0x32,0x34,0x31,0x20,0x32,0x38,0x37,0x2e,
  0x36,0x30,0x35,0x31,0x2d,0x38,0x38,0x32,0x2e,0x38,0x30,0x36,0x35,0x2d,0x31,0x30,
  0x30,0x2e,0x33,0x39,0x32,0x35,0x2d,0x39,0x37,0x36,0x2e,0x35,0x38,0x36,0x34,0x2d,
  0x35,0x31,0x36,0x2e,0x30,0x38,0x35,0x36,0x2d,0x32,0x30,0x37,0x2e,0x30,0x31,0x31,
  0x2d,0x35,0x36,0x36,0x2e,0x34,0x35,0x37,0x38,0x20,0x38,0x34,0x2e,0x32,0x34,0x34,
  0x35,0x2d,0x31,0x31,0x36,0x36,0x2e,0x39,0x30,0x32,0x34,0x20,0x34,0x39,0x31,0x2e,
  0x35,0x35,0x39,0x2d,0x31,0x35,0x36,0x34,0x2e,0x32,0x38,0x33,0x35,0x20,0x38,0x32,
  0x34,0x2e,0x31,0x37,0x39,0x37,0x2d,0x39,0x37,0x38,0x2e,0x38,0x34,0x32,0x35,0x36,
  0x20,0x32,0x30,0x33,0x34,0x2e,0x38,0x33,0x37,0x39,0x2d,0x31,0x37,0x37,0x36,0x2e,
  0x30,0x37,0x32,0x39,0x20,0x33,0x33,0x36,0x33,0x2e,0x37,0x31,0x36,0x34,0x2d,0x31,
  0x36,0x36,0x36,0x2e,0x32,0x33,0x30,0x39,0x20,0x31,0x35,0x35,0x33,0x2e,0x36,0x34,
  0x35,0x39,0x20,0x31,0x32,0x38,0x2e,0x35,0x35,0x33,0x36,0x34,0x20,0x32,0x38,0x33,
  0x38,0x2e,0x35,0x31,0x31,0x20,0x31,0x31,0x30,0x34,0x2e,0x39,0x33,0x36,0x34,0x20,
  0x34,0x31,0x39,0x33,0x2e,0x36,0x37,0x34,0x36,0x20,0x31,0x37,0x37,0x38,0x2e,0x30,
  0x31,0x32,0x38,0x20,0x37,0x34,0x38,0x2e,0x35,0x31,0x35,0x33,0x20,0x34,0x30,0x39,
  0x2e,0x32,0x38,0x35,0x35,0x20,0x31,0x36,0x36,0x36,0x2e,0x33,0x32,0x33,0x33,0x20,
  0x37,0x33,0x36,0x2e,0x38,0x37,0x31,0x31,0x20,0x32,0x35,0x30,0x30,0x2e,0x33,0x33,
  0x37,0x33,0x20,0x33,0x37,0x34,0x2e,0x39,0x35,0x35,0x39,0x20,0x37,0x34,0x32,0x2e,
  0x38,0x36,0x32,0x2d,0x33,0x30,0x31,0x2e,0x39,0x34,0x32,0x35,0x20,0x31,0x31,0x38,
  0x34,0x2e,0x39,0x33,0x2d,0x31,0x30,0x30,0x33,0x2e,0x36,0x30,0x38,0x32,0x20,0x31,
  0x36,0x36,0x39,0x2e,0x33,0x34,0x34,0x2d,0x31,0x35,0x39,0x39,0x2e,0x33,0x36,0x34,
  0x20,0x33,0x39,0x30,0x2e,0x35,0x31,0x33,0x2d,0x34,0x30,0x34,0x2e,0x34,0x34,0x37,
  0x37,0x34,0x20,0x31,0x30,0x31,0x31,0x2e,0x36,0x33,0x37,0x20,0x32,0x32,0x2e,0x35,
  0x30,0x39,0x38,0x36,0x20,0x31,0x30,0x37,0x38,0x2e,0x37,0x38,0x31,0x20,0x34,0x39,
  0x34,0x2e,0x32,0x30,0x31,0x31,0x36,0x20,0x31,0x34,0x33,0x2e,0x31,0x32,0x39,0x20,
  0x35,0x31,0x30,0x2e,0x34,0x38,0x32,0x31,0x32,0x2d,0x37,0x36,0x2e,0x35,0x37,0x38,
  0x20,0x31,0x30,0x32,0x32,0x2e,0x37,0x39,0x30,0x36,0x2d,0x34,0x30,0x37,0x2e,0x33,
  0x34,0x36,0x20,0x31,0x34,0x30,0x38,0x2e,0x37,0x35,0x30,0x33,0x2d,0x37,0x31,0x35,
  0x2e,0x38,0x35,0x36,0x20,0x31,0x30,0x30,0x32,0x2e,0x33,0x33,0x30,0x31,0x2d,0x31,
  0x37,0x39,0x35,0x2e,0x31,0x20,0x31,0x39,0x30,0x37,0x2e,0x37,0x37,0x33,0x34,0x2d,
  0x33,0x30,0x38,0x38,0x2e,0x33,0x38,0x31,0x20,0x31,0x39,0x30,0x36,0x2e,0x34,0x39,
  0x31,0x31,0x2d,0x31,0x39,0x37,0x2e,0x32,0x36,0x34,0x20,0x32,0x2e,0x32,0x37,0x33,
  0x37,0x2d,0x33,0x39,0x34,0x2e,0x36,0x2d,0x31,0x34,0x2e,0x33,0x33,0x34,0x38,0x2d,
  0x35,0x38,0x39,0x2e,0x30,0x39,0x34,0x2d,0x34,0x37,0x2e,0x30,0x36,0x36,0x37,0x7a,
  0x22,0x2f,0x3e,0xa,0x20,0x20,0x20,0x20,0x3c,0x2f,0x67,0x3e,0xa,0x3c,0x2f,0x73,
  0x76,0x67,0x3e,0xa,
    // org.deskflow.deskflow.svg
  0x0,0x0,0xa,0x28,
  0x3c,
  0x73,0x76,0x67,0x20,0x76,0x65,0x72,0x73,0x69,0x6f,0x6e,0x3d,0x22,0x31,0x2e,0x31,
  0x22,0x20,0x76,0x69,0x65,0x77,0x42,0x6f,0x78,0x3d,0x22,0x30,0x20,0x30,0x20,0x36,
  0x34,0x20,0x36,0x34,0x22,0x20,0x78,0x6d,0x6c,0x6e,0x73,0x3d,0x22,0x68,0x74,0x74,
  0x70,0x3a,0x2f,0x2f,0x77,0x77,0x77,0x2e,0x77,0x33,0x2e,0x6f,0x72,0x67,0x2f,0x32,
  0x30,0x30,0x30,0x2f,0x73,0x76,0x67,0x22,0x3e,0xa,0x20,0x20,0x20,0x20,0x3c,0x67,
  0x3e,0xa,0x20,0x20,0x20,0x20,0x20,0x20,0x20,0x20,0x3c,0x70,0x61,0x74,0x68,0x20,
  0x74,0x72,0x61,0x6e,0x73,0x66,0x6f,0x72,0x6d,0x3d,0x22,0x6d,0x61,0x74,0x72,0x69,
  0x78,0x28,0x2e,0x30,0x30,0x33,0x35,0x37,0x39,0x32,0x20,0x30,0x20,0x30,0x20,0x2e,
  0x30,0x30,0x33,0x33,0x32,0x31,0x33,0x31,0x20,0x33,0x2e,0x33,0x36,0x34,0x30,0x35,
  0x30,0x32,0x20,0x38,0x2e,0x35,0x31,0x30,0x33,0x38,0x36,0x37,0x29,0x22,0x20,0x64,
  0x3d,0x22,0x6d,0x31,0x30,0x38,0x32,0x32,0x2e,0x37,0x37,0x35,0x20,0x31,0x34,0x32,
  0x37,0x37,0x2e,0x36,0x39,0x63,0x2d,0x31,0x31,0x39,0x35,0x2e,0x35,0x38,0x33,0x32,
  0x2d,0x31,0x34,0x33,0x2e,0x35,0x30,0x38,0x2d,0x32,0x32,0x32,0x30,0x2e,0x32,0x30,
  0x36,0x33,0x2d,0x38,0x34,0x31,0x2e,0x31,0x34,0x38,0x2d,0x33,0x32,0x36,0x38,0x2e,
  0x33,0x36,0x36,0x37,0x2d,0x31,0x33,0x37,0x39,0x2e,0x31,0x32,0x37,0x2d,0x37,0x31,
  0x38,0x2e,0x38,0x35,0x33,0x33,0x2d,0x33,0x35,0x35,0x2e,0x33,0x30,0x31,0x2d,0x31,
  0x34,0x33,0x31,0x2e,0x31,0x32,0x39,0x37,0x2d,0x38,0x33,0x38,0x2e,0x39,0x37,0x36,
  0x2d,0x32,0x32,0x35,0x31,0x2e,0x34,0x33,0x36,0x33,0x2d,0x38,0x39,0x36,0x2e,0x30,
  0x38,0x35,0x2d,0x34,0x39,0x31,0x2e,0x30,0x30,0x35,0x37,0x2d,0x33,0x34,0x2e,0x36,
  0x33,0x34,0x2d,0x39,0x39,0x33,0x2e,0x39,0x31,0x34,0x32,0x20,0x31,0x36,0x2e,0x37,
  0x30,0x31,0x2d,0x31,0x34,0x31,0x39,0x2e,0x38,0x36,0x35,0x38,0x20,0x32,0x38,0x32,
  0x2e,0x39,0x34,0x36,0x2d,0x36,0x33,0x32,0x2e,0x39,0x30,0x39,0x37,0x20,0x33,0x32,
  0x33,0x2e,0x36,0x38,0x39,0x2d,0x31,0x30,0x34,0x31,0x2e,0x34,0x38,0x36,0x37,0x20,
  0x39,0x32,0x34,0x2e,0x35,0x33,0x38,0x2d,0x31,0x35,0x35,0x36,0x2e,0x35,0x37,0x31,
  0x38,0x20,0x31,0x33,0x38,0x37,0x2e,0x37,0x30,0x32,0x2d,0x35,0x34,0x33,0x2e,0x32,
  0x38,0x33,0x20,0x33,0x32,0x34,0x2e,0x39,0x33,0x38,0x2d,0x31,0x30,0x32,0x34,0x2e,
  0x34,0x31,0x36,0x2d,0x33,0x32,0x34,0x2e,0x35,0x30,0x33,0x2d,0x39,0x39,0x39,0x2e,
  0x39,0x34,0x33,0x39,0x2d,0x38,0x33,0x31,0x2e,0x38,0x35,0x34,0x2d,0x36,0x36,0x2e,
  0x37,0x35,0x31,0x35,0x2d,0x37,0x30,0x36,0x2e,0x34,0x36,0x20,0x35,0x32,0x36,0x2e,
  0x37,0x37,0x37,0x35,0x2d,0x31,0x32,0x31,0x35,0x2e,0x31,0x30,0x36,0x20,0x39,0x37,
  0x31,0x2e,0x34,0x37,0x39,0x39,0x2d,0x31,0x36,0x37,0x35,0x2e,0x33,0x32,0x38,0x20,
  0x37,0x39,0x36,0x2e,0x37,0x30,0x34,0x32,0x2d,0x37,0x38,0x38,0x2e,0x39,0x38,0x35,
  0x20,0x31,0x39,0x30,0x38,0x2e,0x39,0x37,0x33,0x35,0x2d,0x31,0x33,0x33,0x39,0x2e,
  0x32,0x39,0x38,0x35,0x20,0x33,0x30,0x35,0x31,0x2e,0x37,0x38,0x39,0x39,0x2d,0x31,
  0x31,0x39,0x38,0x2e,0x33,0x35,0x38,0x38,0x20,0x31,0x33,0x34,0x38,0x2e,0x32,0x34,
  0x37,0x37,0x20,0x31,0x35,0x31,0x2e,0x36,0x35,0x32,0x38,0x20,0x32,0x34,0x39,0x30,
  0x2e,0x30,0x37,0x38,0x36,0x20,0x39,0x35,0x34,0x2e,0x31,0x39,0x39,0x38,0x20,0x33,
  0x36,0x37,0x31,0x2e,0x39,0x36,0x33,0x39,0x20,0x31,0x35,0x35,0x31,0x2e,0x37,0x38,
  0x36,0x38,0x20,0x38,0x31,0x32,0x2e,0x38,0x34,0x37,0x33,0x20,0x34,0x33,0x30,0x2e,
  0x33,0x36,0x38,0x20,0x31,0x37,0x33,0x32,0x2e,0x32,0x37,0x32,0x38,0x20,0x39,0x33,
  0x37,0x2e,0x33,0x30,0x39,0x20,0x32,0x36,0x38,0x30,0x2e,0x36,0x36,0x39,0x38,0x20,
  0x36,0x35,0x36,0x2e,0x39,0x39,0x39,0x20,0x38,0x36,0x35,0x2e,0x31,0x38,0x32,0x2d,
  0x32,0x34,0x30,0x2e,0x32,0x31,0x31,0x20,0x31,0x33,0x34,0x35,0x2e,0x33,0x31,0x37,
  0x2d,0x31,0x30,0x34,0x39,0x2e,0x35,0x33,0x36,0x20,0x31,0x39,0x31,0x38,0x2e,0x30,
  0x37,0x32,0x2d,0x31,0x36,0x36,0x39,0x2e,0x37,0x30,0x39,0x20,0x34,0x31,0x39,0x2e,
  0x33,0x31,0x39,0x2d,0x33,0x36,0x39,0x2e,0x35,0x33,0x20,0x39,0x39,0x39,0x2e,0x35,
  0x36,0x20,0x39,0x39,0x2e,0x30,0x32,0x37,0x20,0x31,0x30,0x33,0x37,0x2e,0x33,0x30,
  0x33,0x20,0x35,0x37,0x35,0x2e,0x36,0x32,0x20,0x31,0x34,0x34,0x2e,0x38,0x34,0x39,
  0x20,0x35,0x39,0x31,0x2e,0x34,0x33,0x39,0x2d,0x32,0x32,0x38,0x2e,0x38,0x31,0x20,
  0x31,0x30,0x39,0x39,0x2e,0x37,0x39,0x33,0x2d,0x35,0x38,0x34,0x2e,0x38,0x35,0x38,
  0x20,0x31,0x35,0x32,0x37,0x2e,0x38,0x37,0x32,0x2d,0x36,0x37,0x34,0x2e,0x39,0x39,
  0x31,0x20,0x38,0x37,0x38,0x2e,0x37,0x35,0x38,0x2d,0x31,0x36,0x34,0x36,0x2e,0x34,
  0x30,0x34,0x20,0x31,0x36,0x31,0x32,0x2e,0x34,0x39,0x39,0x2d,0x32,0x37,0x38,0x38,
  0x2e,0x31,0x33,0x32,0x20,0x31,0x36,0x37,0x38,0x2e,0x34,0x39,0x32,0x2d,0x31,0x35,
  0x33,0x2e,0x39,0x39,0x36,0x20,0x31,0x39,0x2e,0x37,0x39,0x34,0x2d,0x33,0x30,0x38,
  0x2e,0x36,0x39,0x38,0x20,0x36,0x2e,0x32,0x35,0x37,0x2d,0x34,0x36,0x32,0x2e,0x31,
  0x30,0x34,0x2d,0x31,0x30,0x2e,0x39,0x35,0x36,0x7a,0x22,0x20,0x66,0x69,0x6c,0x6c,
  0x3d,0x22,0x23,0x33,0x36,0x63,0x22,0x2f,0x3e,0xa,0x20,0x20,0x20,0x20,0x20,0x20,
  0x20,0x20,0x3c,0x70,0x61,0x74,0x68,0x20,0x74,0x72,0x61,0x6e,0x73,0x66,0x6f,0x72,
  0x6d,0x3d,0x22,0x6d,0x61,0x74,0x72,0x69,0x78,0x28,0x2e,0x30,0x30,0x33,0x35,0x37,
  0x39,0x32,0x20,0x30,0x20,0x30,0x20,0x2e,0x30,0x30,0x33,0x33,0x32,0x31,0x33,0x31,
  0x20,0x33,0x2e,0x33,0x36,0x34,0x30,0x35,0x30,0x32,0x20,0x38,0x2e,0x35,0x31,0x30,
  0x33,0x38,0x36,0x37,0x29,0x22,0x20,0x64,0x3d,0x22,0x6d,0x31,0x30,0x36,0x39,0x31,
  0x2e,0x39,0x37,0x35,0x20,0x39,0x32,0x33,0x32,0x2e,0x32,0x39,0x35,0x34,0x63,0x2d,
  0x31,0x33,0x34,0x36,0x2e,0x37,0x38,0x36,0x36,0x2d,0x32,0x33,0x33,0x2e,0x34,0x34,
  0x32,0x2d,0x32,0x34,0x38,0x32,0x2e,0x32,0x31,0x32,0x37,0x2d,0x31,0x30,0x35,0x36,
  0x2e,0x36,0x32,0x32,0x37,0x2d,0x33,0x36,0x37,0x38,0x2e,0x35,0x37,0x35,0x38,0x2d,
  0x31,0x36,0x36,0x34,0x2e,0x37,0x34,0x32,0x34,0x2d,0x36,0x39,0x35,0x2e,0x34,0x39,
  0x38,0x36,0x2d,0x33,0x37,0x38,0x2e,0x34,0x37,0x39,0x39,0x2d,0x31,0x34,0x37,0x30,
  0x2e,0x35,0x37,0x34,0x35,0x2d,0x37,0x31,0x34,0x2e,0x30,0x37,0x31,0x32,0x2d,0x32,
  0x32,0x38,0x30,0x2e,0x37,0x34,0x36,0x34,0x2d,0x35,0x39,0x38,0x2e,0x31,0x38,0x38,
  0x32,0x2d,0x39,0x34,0x31,0x2e,0x35,0x36,0x37,0x36,0x20,0x31,0x30,0x33,0x2e,0x37,
  0x38,0x32,0x35,0x2d,0x31,0x36,0x33,0x36,0x2e,0x32,0x36,0x36,0x35,0x20,0x38,0x33,
  0x38,0x2e,0x37,0x32,0x34,0x36,0x2d,0x32,0x32,0x32,0x31,0x2e,0x33,0x37,0x30,0x39,
  0x20,0x31,0x35,0x31,0x37,0x2e,0x36,0x39,0x36,0x38,0x2d,0x33,0x35,0x37,0x2e,0x37,
  0x38,0x32,0x32,0x20,0x34,0x37,0x35,0x2e,0x35,0x33,0x36,0x33,0x2d,0x31,0x30,0x31,
  0x39,0x2e,0x30,0x39,0x36,0x32,0x20,0x31,0x37,0x35,0x2e,0x38,0x35,0x33,0x35,0x2d,
  0x31,0x31,0x34,0x31,0x2e,0x32,0x38,0x32,0x34,0x2d,0x33,0x33,0x35,0x2e,0x33,0x32,
  0x39,0x37,0x2d,0x32,0x30,0x38,0x2e,0x39,0x38,0x32,0x39,0x2d,0x35,0x34,0x38,0x2e,
  0x36,0x30,0x34,0x31,0x20,0x34,0x37,0x2e,0x32,0x34,0x33,0x35,0x2d,0x31,0x31,0x33,
  0x32,0x2e,0x37,0x39,0x35,0x36,0x20,0x34,0x33,0x34,0x2e,0x31,0x37,0x39,0x37,0x2d,
  0x31,0x35,0x33,0x30,0x2e,0x38,0x30,0x37,0x39,0x20,0x38,0x34,0x32,0x2e,0x37,0x35,
  0x38,0x31,0x2d,0x39,0x39,0x35,0x2e,0x39,0x33,0x37,0x36,0x20,0x32,0x30,0x36,0x32,
  0x2e,0x38,0x33,0x34,0x33,0x2d,0x31,0x38,0x33,0x30,0x2e,0x30,0x39,0x33,0x34,0x20,
  0x33,0x34,0x32,0x32,0x2e,0x38,0x34,0x35,0x33,0x2d,0x31,0x37,0x31,0x38,0x2e,0x38,
  0x30,0x31,0x20,0x31,0x35,0x33,0x38,0x2e,0x32,0x34,0x32,0x34,0x20,0x31,0x32,0x32,
  0x2e,0x31,0x39,0x32,0x36,0x20,0x32,0x38,0x30,0x32,0x2e,0x37,0x39,0x37,0x39,0x20,
  0x31,0x30,0x39,0x36,0x2e,0x38,0x39,0x37,0x38,0x20,0x34,0x31,0x35,0x30,0x2e,0x30,
  0x34,0x36,0x34,0x20,0x31,0x37,0x34,0x37,0x2e,0x32,0x32,0x31,0x38,0x20,0x36,0x38,
  0x39,0x2e,0x34,0x38,0x33,0x31,0x20,0x33,0x37,0x33,0x2e,0x33,0x35,0x33,0x37,0x20,
  0x31,0x34,0x38,0x30,0x2e,0x38,0x32,0x37,0x31,0x20,0x36,0x39,0x35,0x2e,0x35,0x32,
  0x31,0x33,0x20,0x32,0x32,0x37,0x35,0x2e,0x36,0x38,0x31,0x31,0x20,0x34,0x39,0x38,
  0x2e,0x32,0x31,0x35,0x39,0x20,0x38,0x34,0x33,0x2e,0x34,0x34,0x33,0x2d,0x32,0x32,
  0x35,0x2e,0x34,0x36,0x37,0x35,0x20,0x31,0x33,0x35,0x35,0x2e,0x31,0x35,0x35,0x2d,
  0x39,0x38,0x36,0x2e,0x36,0x38,0x37,0x33,0x20,0x31,0x38,0x37,0x34,0x2e,0x34,0x36,
  0x33,0x2d,0x31,0x36,0x32,0x35,0x2e,0x39,0x32,0x38,0x20,0x33,0x30,0x33,0x2e,0x38,
  0x33,0x39,0x2d,0x34,0x32,0x39,0x2e,0x32,0x34,0x31,0x32,0x20,0x39,0x33,0x35,0x2e,
  0x30,0x30,0x34,0x2d,0x32,0x30,0x32,0x2e,0x36,0x39,0x38,0x34,0x20,0x31,0x30,0x37,
  0x33,0x2e,0x31,0x33,0x34,0x20,0x32,0x34,0x37,0x2e,0x30,0x39,0x34,0x36,0x20,0x32,
  0x32,0x39,0x2e,0x35,0x30,0x33,0x20,0x35,0x32,0x35,0x2e,0x36,0x34,0x33,0x39,0x20,
  0x35,0x30,0x2e,0x31,0x35,0x39,0x20,0x31,0x31,0x32,0x37,0x2e,0x30,0x34,0x39,0x2d,
  0x33,0x31,0x31,0x2e,0x39,0x31,0x38,0x20,0x31,0x35,0x34,0x35,0x2e,0x31,0x36,0x31,
  0x38,0x2d,0x37,0x33,0x31,0x2e,0x38,0x38,0x31,0x20,0x31,0x30,0x33,0x31,0x2e,0x31,
  0x39,0x34,0x37,0x2d,0x31,0x38,0x34,0x37,0x2e,0x38,0x38,0x39,0x20,0x31,0x39,0x37,
  0x31,0x2e,0x33,0x34,0x33,0x37,0x2d,0x33,0x31,0x38,0x30,0x2e,0x34,0x33,0x35,0x20,
  0x31,0x39,0x33,0x38,0x2e,0x37,0x33,0x36,0x34,0x2d,0x31,0x33,0x38,0x2e,0x38,0x35,
  0x33,0x20,0x31,0x2e,0x36,0x37,0x37,0x35,0x2d,0x32,0x37,0x38,0x2e,0x32,0x37,0x33,
  0x2d,0x31,0x2e,0x35,0x38,0x33,0x34,0x2d,0x34,0x31,0x36,0x2e,0x30,0x32,0x31,0x2d,
  0x32,0x30,0x2e,0x33,0x33,0x30,0x31,0x7a,0x22,0x20,0x66,0x69,0x6c,0x6c,0x3d,0x22,
  0x23,0x33,0x33,0x62,0x32,0x63,0x63,0x22,0x2f,0x3e,0xa,0x20,0x20,0x20,0x20,0x20,
  0x20,0x20,0x20,0x3c,0x70,0x61,0x74,0x68,0x20,0x74,0x72,0x61,0x6e,0x73,0x66,0x6f,
  0x72,0x6d,0x3d,0x22,0x6d,0x61,0x74,0x72,0x69,0x78,0x28,0x2e,0x30,0x30,0x33,0x35,
  0x37,0x39,0x32,0x20,0x30,0x20,0x30,0x20,0x2e,0x30,0x30,0x33,0x33,0x32,0x31,0x33,
  0x31,0x20,0x33,0x2e,0x33,0x36,0x34,0x30,0x35,0x30,0x32,0x20,0x38,0x2e,0x35,0x31,
  0x30,0x33,0x38,0x36,0x37,0x29,0x22,0x20,0x64,0x3d,0x22,0x6d,0x31,0x30,0x35,0x37,
  0x36,0x2e,0x37,0x34,0x34,0x20,0x34,0x31,0x37,0x32,0x2e,0x34,0x35,0x34,0x34,0x63,
  0x2d,0x31,0x37,0x30,0x31,0x2e,0x38,0x38,0x30,0x33,0x2d,0x33,0x30,0x37,0x2e,0x33,
  0x39,0x39,0x37,0x2d,0x33,0x30,0x33,0x32,0x2e,0x31,0x35,0x39,0x39,0x2d,0x31,0x35,
  0x33,0x36,0x2e,0x37,0x31,0x34,0x39,0x2d,0x34,0x36,0x33,0x36,0x2e,0x32,0x38,0x30,
  0x35,0x2d,0x32,0x31,0x30,0x33,0x2e,0x30,0x33,0x31,0x31,0x2d,0x37,0x36,0x30,0x2e,
  0x32,0x32,0x35,0x32,0x2d,0x32,0x33,0x31,0x2e,0x36,0x31,0x31,0x38,0x2d,0x31,0x36,
  0x33,0x34,0x2e,0x38,0x32,0x35,0x36,0x2d,0x31,0x38,0x33,0x2e,0x37,0x38,0x35,0x31,
  0x2d,0x32,0x32,0x39,0x32,0x2e,0x30,0x32,0x39,0x34,0x20,0x32,0x39,0x37,0x2e,0x38,
  0x38,0x37,0x32,0x2d,0x35,0x32,0x32,0x2e,0x30,0x34,0x36,0x20,0x33,0x31,0x35,0x2e,
  0x37,0x36,0x33,0x33,0x2d,0x38,0x37,0x30,0x2e,0x33,0x37,0x37,0x33,0x20,0x38,0x32,
  0x38,0x2e,0x35,0x35,0x33,0x36,0x2d,0x31,0x33,0x30,0x37,0x2e,0x36,0x39,0x35,0x20,
  0x31,0x32,0x33,0x35,0x2e,0x37,0x36,0x33,0x33,0x2d,0x34,0x30,0x38,0x2e,0x30,0x32,
  0x34,0x31,0x20,0x32,0x38,0x37,0x2e,0x36,0x30,0x35,0x31,0x2d,0x38,0x38,0x32,0x2e,
  0x38,0x30,0x36,0x35,0x2d,0x31,0x30,0x30,0x2e,0x33,0x39,0x32,0x35,0x2d,0x39,0x37,
  0x36,0x2e,0x35,0x38,0x36,0x34,0x2d,0x35,0x31,0x36,0x2e,0x30,0x38,0x35,0x36,0x2d,
  0x32,0x30,0x37,0x2e,0x30,0x31,0x31,0x2d,0x35,0x36,0x36,0x2e,0x34,0x35,0x37,0x38,
  0x20,0x38,0x34,0x2e,0x32,0x34,0x34,0x35,0x2d,0x31,0x31,0x36,0x36,0x2e,0x39,0x30,
  0x32,0x34,0x20,0x34,0x39,0x31,0x2e,0x35,0x35,0x39,0x2d,0x31,0x35,0x36,0x34,0x2e,
  0x32,0x38,0x33,0x35,0x20,0x38,0x32,0x34,0x2e,0x31,0x37,0x39,0x37,0x2d,0x39,0x37,
  0x38,0x2e,0x38,0x34,0x32,0x35,0x36,0x20,0x32,0x30,0x33,0x34,0x2e,0x38,0x33,0x37,
  0x39,0x2d,0x31,0x37,0x37,0x36,0x2e,0x30,0x37,0x32,0x39,0x20,0x33,0x33,0x36,0x33,
  0x2e,0x37,0x31,0x36,0x34,0x2d,0x31,0x36,0x36,0x36,0x2e,0x32,0x33,0x30,0x39,0x20,
  0x31,0x35,0x35,0x33,0x2e,0x36,0x34,0x35,0x39,0x20,0x31,0x32,0x38,0x2e,0x35,0x35,
  0x33,0x36,0x34,0x20,0x32,0x38,0x33,0x38,0x2e,0x35,0x31,0x31,0x20,0x31,0x31,0x30,
  0x34,0x2e,0x39,0x33,0x36,0x34,0x20,0x34,0x31,0x39,0x33,0x2e,0x36,0x37,0x34,0x36,
  0x20,0x31,0x37,0x37,0x38,0x2e,0x30,0x31,0x32,0x38,0x20,0x37,0x34,0x38,0x2e,0x35,
  0x31,0x35,0x33,0x20,0x34,0x30,0x39,0x2e,0x32,0x38,0x35,0x35,0x20,0x31,0x36,0x36,
  0x36,0x2e,0x33,0x32,0x33,0x33,0x20,0x37,0x33,0x36,0x2e,0x38,0x37,0x31,0x31,0x20,
  0x32,0x35,0x30,0x30,0x2e,0x33,0x33,0x37,0x33,0x20,0x33,0x37,0x34,0x2e,0x39,0x35,
  0x35,0x39,0x20,0x37,0x34,0x32,0x2e,0x38,0x36,0x32,0x2d,0x33,0x30,0x31,0x2e,0x39,
  0x34,0x32,0x35,0x20,0x31,0x31,0x38,0x34,0x2e,0x39,0x33,0x2d,0x31,0x30,0x30,0x33,
  0x2e,0x36,0x30,0x38,0x32,0x20,0x31,0x36,0x36,0x39,0x2e,0x33,0x34,0x34,0x2d,0x31,
  0x35,0x39,0x39,0x2e,0x33,0x36,0x34,0x20,0x33,0x39,0x30,0x2e,0x35,0x31,0x33,0x2d,
  0x34,0x30,0x34,0x2e,0x34,0x34,0x37,0x37,0x34,0x20,0x31,0x30,0x31,0x31,0x2e,0x36,
  0x33,0x37,0x20,0x32,0x32,0x2e,0x35,0x30,0x39,0x38,0x36,0x20,0x31,0x30,0x37,0x38,
  0x2e,0x37,0x38,0x31,0x20,0x34,0x39,0x34,0x2e,0x32,0x30,0x31,0x31,0x36,0x20,0x31,
  0x34,0x33,0x2e,0x31,0x32,0x39,0x20,0x35,0x31,0x30,0x2e,0x34,0x38,0x32,0x31,0x32,
  0x2d,0x37,0x36,0x2e,0x35,0x37,0x38,0x20,0x31,0x30,0x32,0x32,0x2e,0x37,0x39,0x30,
  0x36,0x2d,0x34,0x30,0x37,0x2e,0x33,0x34,0x36,0x20,0x31,0x34,0x30,0x38,0x2e,0x37,
  0x35,0x30,0x33,0x2d,0x37,0x31,0x35,0x2e,0x38,0x35,0x36,0x20,0x31,0x30,0x30,0x32,
  0x2e,0x33,0x33,0x30,0x31,0x2d,0x31,0x37,0x39,0x35,0x2e,0x31,0x20,0x31,0x39,0x30,
  0x37,0x2e,0x37,0x37,0x33,0x34,0x2d,0x33,0x30,0x38,0x38,0x2e,0x33,0x38,0x31,0x20,
  0x31,0x39,0x30,0x36,0x2e,0x34,0x39,0x31,0x31,0x2d,0x31,0x39,0x37,0x2e,0x32,0x36,
  0x34,0x20,0x32,0x2e,0x32,0x37,0x33,0x37,0x2d,0x33,0x39,0x34,0x2e,0x36,0x2d,0x31,
  0x34,0x2e,0x33,0x33,0x34,0x38,0x2d,0x35,0x38,0x39,0x2e,0x30,0x39,0x34,0x2d,0x34,
  0x37,0x2e,0x30,0x36,0x36,0x37,0x7a,0x22,0x20,0x66,0x69,0x6c,0x6c,0x3d,0x22,0x23,
  0x33,0x63,0x39,0x22,0x2f,0x3e,0xa,0x20,0x20,0x20,0x20,0x3c,0x2f,0x67,0x3e,0xa,
  0x3c,0x2f,0x73,0x76,0x67,0x3e,0xa,
    // help-about.svg
  0x0,0x0,0xa,0x28,
  0x3c,
  0x3f,0x78,0x6d,0x6c,0x20,0x76,0x65,0x72,0x73,0x69,0x6f,0x6e,0x3d,0x22,0x31,0x2e,
  0x30,0x22,0x20,0x65,0x6e,0x63,0x6f,0x64,0x69,0x6e,0x67,0x3d,0x22,0x55,0x54,0x46,
  0x2d,0x38,0x22,0x20,0x73,0x74,0x61,0x6e,0x64,0x61,0x6c,0x6f,0x6e,0x65,0x3d,0x22,
  0x6e,0x6f,0x22,0x3f,0x3e,0xa,0xa,0x3c,0x21,0x2d,0x2d,0x20,0x43,0x72,0x65,0x61,
  0x74,0x65,0x64,0x20,0x77,0x69,0x74,0x68,0x20,0x49,0x6e,0x6b,0x73,0x63,0x61,0x70,
  0x65,0x20,0x28,0x68,0x74,0x74,0x70,0x3a,0x2f,0x2f,0x77,0x77,0x77,0x2e,0x69,0x6e,
  0x6b,0x73,0x63,0x61,0x70,0x65,0x2e,0x6f,0x72,0x67,0x2f,0x29,0x20,0x2d,0x2d,0x3e,
  0xa,0x3c,0x73,0x76,0x67,0x20,0x77,0x69,0x64,0x74,0x68,0x3d,0x22,0x33,0x32,0x22,
  0x20,0x76,0x65,0x72,0x73,0x69,0x6f,0x6e,0x3d,0x22,0x31,0x2e,0x31,0x22,0x20,0x78,
  0x6d,0x6c,0x6e,0x73,0x3d,0x22,0x68,0x74,0x74,0x70,0x3a,0x2f,0x2f,0x77,0x77,0x77,
  0x2e,0x77,0x33,0x2e,0x6f,0x72,0x67,0x2f,0x32,0x30,0x30,0x30,0x2f,0x73,0x76,0x67,
  0x22,0x20,0x68,0x65,0x69,0x67,0x68,0x74,0x3d,0x22,0x33,0x32,0x22,0x20,0x78,0x6d,
  0x6c,0x6e,0x73,0x3a,0x78,0x6c,0x69,0x6e,0x6b,0x3d,0x22,0x68,0x74,0x74,0x70,0x3a,
  0x2f,0x2f,0x77,0x77,0x77,0x2e,0x77,0x33,0x2e,0x6f,0x72,0x67,0x2f,0x31,0x39,0x39,
  0x39,0x2f,0x78,0x6c,0x69,0x6e,0x6b,0x22,0x20,0x78,0x6d,0x6c,0x6e,0x73,0x3a,0x69,
  0x6e,0x6b,0x73,0x63,0x61,0x70,0x65,0x3d,0x22,0x68,0x74,0x74,0x70,0x3a,0x2f,0x2f,
  0x77,0x77,0x77,0x2e,0x69,0x6e,0x6b,0x73,0x63,0x61,0x70,0x65,0x2e,0x6f,0x72,0x67,
  0x2f,0x6e,0x61,0x6d,0x65,0x73,0x70,0x61,0x63,0x65,0x73,0x2f,0x69,0x6e,0x6b,0x73,
  0x63,0x61,0x70,0x65,0x22,0x3e,0xa,0x20,0x3c,0x64,0x65,0x66,0x73,0x20,0x69,0x64,
  0x3d,0x22,0x64,0x65,0x66,0x73,0x35,0x34,0x35,0x35,0x22,0x3e,0xa,0x20,0x20,0x3c,
  0x6c,0x69,0x6e,0x65,0x61,0x72,0x47,0x72,0x61,0x64,0x69,0x65,0x6e,0x74,0x20,0x69,
  0x6e,0x6b,0x73,0x63,0x61,0x70,0x65,0x3a,0x63,0x6f,0x6c,0x6c,0x65,0x63,0x74,0x3d,
  0x22,0x61,0x6c,0x77,0x61,0x79,0x73,0x22,0x20,0x69,0x64,0x3d,0x22,0x6c,0x69,0x6e,
  0x65,0x61,0x72,0x47,0x72,0x61,0x64,0x69,0x65,0x6e,0x74,0x34,0x31,0x34,0x33,0x22,
  0x3e,0xa,0x20,0x20,0x20,0x3c,0x73,0x74,0x6f,0x70,0x20,0x73,0x74,0x79,0x6c,0x65,
  0x3d,0x22,0x73,0x74,0x6f,0x70,0x2d,0x63,0x6f,0x6c,0x6f,0x72,0x3a,0x23,0x31,0x39,
  0x37,0x63,0x66,0x31,0x22,0x20,0x69,0x64,0x3d,0x22,0x73,0x74,0x6f,0x70,0x34,0x31,
  0x34,0x35,0x22,0x2f,0x3e,0xa,0x20,0x20,0x20,0x3c,0x73,0x74,0x6f,0x70,0x20,0x6f,
  0x66,0x66,0x73,0x65,0x74,0x3d,0x22,0x31,0x22,0x20,0x73,0x74,0x79,0x6c,0x65,0x3d,
  0x22,0x73,0x74,0x6f,0x70,0x2d,0x63,0x6f,0x6c,0x6f,0x72,0x3a,0x23,0x32,0x30,0x62,
  0x63,0x66,0x61,0x22,0x20,0x69,0x64,0x3d,0x22,0x73,0x74,0x6f,0x70,0x34,0x31,0x34,
  0x37,0x22,0x2f,0x3e,0xa,0x20,0x20,0x3c,0x2f,0x6c,0x69,0x6e,0x65,0x61,0x72,0x47,
  0x72,0x61,0x64,0x69,0x65,0x6e,0x74,0x3e,0xa,0x20,0x20,0x3c,0x6c,0x69,0x6e,0x65,
  0x61,0x72,0x47,0x72,0x61,0x64,0x69,0x65,0x6e,0x74,0x20,0x69,0x6e,0x6b,0x73,0x63,
  0x61,0x70,0x65,0x3a,0x63,0x6f,0x6c,0x6c,0x65,0x63,0x74,0x3d,0x22,0x61,0x6c,0x77,
  0x61,0x79,0x73,0x22,0x20,0x78,0x6c,0x69,0x6e,0x6b,0x3a,0x68,0x72,0x65,0x66,0x3d,
  0x22,0x23,0x6c,0x69,0x6e,0x65,0x61,0x72,0x47,0x72,0x61,0x64,0x69,0x65,0x6e,0x74,
  0x34,0x31,0x34,0x33,0x22,0x20,0x69,0x64,0x3d,0x22,0x6c,0x69,0x6e,0x65,0x61,0x72,
  0x47,0x72,0x61,0x64,0x69,0x65,0x6e,0x74,0x34,0x31,0x34,0x39,0x22,0x20,0x79,0x31,
  0x3d,0x22,0x35,0x34,0x35,0x2e,0x37,0x39,0x37,0x39,0x37,0x22,0x20,0x79,0x32,0x3d,
  0x22,0x35,0x31,0x37,0x2e,0x37,0x39,0x37,0x39,0x37,0x22,0x20,0x78,0x32,0x3d,0x22,
  0x30,0x22,0x20,0x67,0x72,0x61,0x64,0x69,0x65,0x6e,0x74,0x55,0x6e,0x69,0x74,0x73,
  0x3d,0x22,0x75,0x73,0x65,0x72,0x53,0x70,0x61,0x63,0x65,0x4f,0x6e,0x55,0x73,0x65,
  0x22,0x20,0x67,0x72,0x61,0x64,0x69,0x65,0x6e,0x74,0x54,0x72,0x61,0x6e,0x73,0x66,
  0x6f,0x72,0x6d,0x3d,0x22,0x6d,0x61,0x74,0x72,0x69,0x78,0x28,0x30,0x2e,0x39,0x32,
  0x38,0x35,0x37,0x31,0x30,0x38,0x20,0x30,0x20,0x30,0x20,0x30,0x2e,0x39,0x32,0x38,
  0x35,0x37,0x30,0x35,0x37,0x20,0x32,0x38,0x2e,0x36,0x31,0x32,0x33,0x35,0x34,0x20,
  0x33,0x37,0x2e,0x39,0x38,0x36,0x31,0x34,0x32,0x29,0x22,0x2f,0x3e,0xa,0x20,0x20,
  0x3c,0x6c,0x69,0x6e,0x65,0x61,0x72,0x47,0x72,0x61,0x64,0x69,0x65,0x6e,0x74,0x20,
  0x69,0x6e,0x6b,0x73,0x63,0x61,0x70,0x65,0x3a,0x63,0x6f,0x6c,0x6c,0x65,0x63,0x74,
  0x3d,0x22,0x61,0x6c,0x77,0x61,0x79,0x73,0x22,0x20,0x69,0x64,0x3d,0x22,0x6c,0x69,
  0x6e,0x65,0x61,0x72,0x47,0x72,0x61,0x64,0x69,0x65,0x6e,0x74,0x34,0x32,0x39,0x30,
  0x22,0x3e,0xa,0x20,0x20,0x20,0x3c,0x73,0x74,0x6f,0x70,0x20,0x73,0x74,0x79,0x6c,
  0x65,0x3d,0x22,0x73,0x74,0x6f,0x70,0x2d,0x63,0x6f,0x6c,0x6f,0x72,0x3a,0x23,0x37,
  0x63,0x62,0x61,0x66,0x38,0x22,0x20,0x69,0x64,0x3d,0x22,0x73,0x74,0x6f,0x70,0x34,
  0x32,0x39,0x32,0x22,0x2f,0x3e,0xa,0x20,0x20,0x20,0x3c,0x73,0x74,0x6f,0x70,0x20,
  0x6f,0x66,0x66,0x73,0x65,0x74,0x3d,0x22,0x31,0x22,0x20,0x73,0x74,0x79,0x6c,0x65,
  0x3d,0x22,0x73,0x74,0x6f,0x70,0x2d,0x63,0x6f,0x6c,0x6f,0x72,0x3a,0x23,0x66,0x34,
  0x66,0x63,0x66,0x66,0x22,0x20,0x69,0x64,0x3d,0x22,0x73,0x74,0x6f,0x70,0x34,0x32,
  0x39,0x34,0x22,0x2f,0x3e,0xa,0x20,0x20,0x3c,0x2f,0x6c,0x69,0x6e,0x65,0x61,0x72,
  0x47,0x72,0x61,0x64,0x69,0x65,0x6e,0x74,0x3e,0xa,0x20,0x20,0x3c,0x6c,0x69,0x6e,
  0x65,0x61,0x72,0x47,0x72,0x61,0x64,0x69,0x65,0x6e,0x74,0x20,0x69,0x6e,0x6b,0x73,
  0x63,0x61,0x70,0x65,0x3a,0x63,0x6f,0x6c,0x6c,0x65,0x63,0x74,0x3d,0x22,0x61,0x6c,
  0x77,0x61,0x79,0x73,0x22,0x20,0x78,0x6c,0x69,0x6e,0x6b,0x3a,0x68,0x72,0x65,0x66,
  0x3d,0x22,0x23,0x6c,0x69,0x6e,0x65,0x61,0x72,0x47,0x72,0x61,0x64,0x69,0x65,0x6e,
  0x74,0x34,0x32,0x39,0x30,0x22,0x20,0x69,0x64,0x3d,0x22,0x6c,0x69,0x6e,0x65,0x61,
  0x72,0x47,0x72,0x61,0x64,0x69,0x65,0x6e,0x74,0x34,0x31,0x34,0x34,0x22,0x20,0x79,
  0x31,0x3d,0x22,0x32,0x39,0x2e,0x39,0x39,0x39,0x39,0x37,0x33,0x22,0x20,0x79,0x32,
  0x3d,0x22,0x32,0x22,0x20,0x78,0x32,0x3d,0x22,0x30,0x22,0x20,0x67,0x72,0x61,0x64,
  0x69,0x65,0x6e,0x74,0x55,0x6e,0x69,0x74,0x73,0x3d,0x22,0x75,0x73,0x65,0x72,0x53,
  0x70,0x61,0x63,0x65,0x4f,0x6e,0x55,0x73,0x65,0x22,0x2f,0x3e,0xa,0x20,0x20,0x3c,
  0x6c,0x69,0x6e,0x65,0x61,0x72,0x47,0x72,0x61,0x64,0x69,0x65,0x6e,0x74,0x20,0x69,
  0x6e,0x6b,0x73,0x63,0x61,0x70,0x65,0x3a,0x63,0x6f,0x6c,0x6c,0x65,0x63,0x74,0x3d,
  0x22,0x61,0x6c,0x77,0x61,0x79,0x73,0x22,0x20,0x69,0x64,0x3d,0x22,0x6c,0x69,0x6e,
  0x65,0x61,0x72,0x47,0x72,0x61,0x64,0x69,0x65,0x6e,0x74,0x34,0x32,0x32,0x37,0x22,
  0x3e,0xa,0x20,0x20,0x20,0x3c,0x73,0x74,0x6f,0x70,0x20,0x73,0x74,0x79,0x6c,0x65,
  0x3d,0x22,0x73,0x74,0x6f,0x70,0x2d,0x63,0x6f,0x6c,0x6f,0x72,0x3a,0x23,0x32,0x39,
  0x32,0x63,0x32,0x66,0x22,0x20,0x69,0x64,0x3d,0x22,0x73,0x74,0x6f,0x70,0x34,0x32,
  0x32,0x39,0x22,0x2f,0x3e,0xa,0x20,0x20,0x20,0x3c,0x73,0x74,0x6f,0x70,0x20,0x6f,
  0x66,0x66,0x73,0x65,0x74,0x3d,0x22,0x31,0x22,0x20,0x73,0x74,0x79,0x6c,0x65,0x3d,
  0x22,0x73,0x74,0x6f,0x70,0x2d,0x6f,0x70,0x61,0x63,0x69,0x74,0x79,0x3a,0x30,0x22,
  0x20,0x69,0x64,0x3d,0x22,0x73,0x74,0x6f,0x70,0x34,0x32,0x33,0x31,0x22,0x2f,0x3e,
  0xa,0x20,0x20,0x3c,0x2f,0x6c,0x69,0x6e,0x65,0x61,0x72,0x47,0x72,0x61,0x64,0x69,
  0x65,0x6e,0x74,0x3e,0xa,0x20,0x20,0x3c,0x6c,0x69,0x6e,0x65,0x61,0x72,0x47,0x72,
  0x61,0x64,0x69,0x65,0x6e,0x74,0x20,0x69,0x6e,0x6b,0x73,0x63,0x61,0x70,0x65,0x3a,
  0x63,0x6f,0x6c,0x6c,0x65,0x63,0x74,0x3d,0x22,0x61,0x6c,0x77,0x61,0x79,0x73,0x22,
  0x20,0x78,0x6c,0x69,0x6e,0x6b,0x3a,0x68,0x72,0x65,0x66,0x3d,0x22,0x23,0x6c,0x69,
  0x6e,0x65,0x61,0x72,0x47,0x72,0x61,0x64,0x69,0x65,0x6e,0x74,0x34,0x32,0x32,0x37,
  0x22,0x20,0x69,0x64,0x3d,0x22,0x6c,0x69,0x6e,0x65,0x61,0x72,0x47,0x72,0x61,0x64,
  0x69,0x65,0x6e,0x74,0x34,0x31,0x39,0x31,0x22,0x20,0x79,0x31,0x3d,0x22,0x39,0x22,
  0x20,0x78,0x31,0x3d,0x22,0x39,0x2e,0x30,0x30,0x30,0x30,0x31,0x22,0x20,0x79,0x32,
  0x3d,0x22,0x32,0x33,0x22,0x20,0x78,0x32,0x3d,0x22,0x32,0x33,0x2e,0x30,0x30,0x30,
  0x30,0x34,0x22,0x20,0x67,0x72,0x61,0x64,0x69,0x65,0x6e,0x74,0x55,0x6e,0x69,0x74,
  0x73,0x3d,0x22,0x75,0x73,0x65,0x72,0x53,0x70,0x61,0x63,0x65,0x4f,0x6e,0x55,0x73,
  0x65,0x22,0x2f,0x3e,0xa,0x20,0x3c,0x2f,0x64,0x65,0x66,0x73,0x3e,0xa,0x20,0x3c,
  0x6d,0x65,0x74,0x61,0x64,0x61,0x74,0x61,0x20,0x69,0x64,0x3d,0x22,0x6d,0x65,0x74,
  0x61,0x64,0x61,0x74,0x61,0x35,0x34,0x35,0x38,0x22,0x2f,0x3e,0xa,0x20,0x3c,0x67,
  0x20,0x69,0x6e,0x6b,0x73,0x63,0x61,0x70,0x65,0x3a,0x6c,0x61,0x62,0x65,0x6c,0x3d,
  0x22,0x43,0x61,0x70,0x61,0x20,0x31,0x22,0x20,0x69,0x6e,0x6b,0x73,0x63,0x61,0x70,
  0x65,0x3a,0x67,0x72,0x6f,0x75,0x70,0x6d,0x6f,0x64,0x65,0x3d,0x22,0x6c,0x61,0x79,
  0x65,0x72,0x22,0x20,0x69,0x64,0x3d,0x22,0x6c,0x61,0x79,0x65,0x72,0x31,0x22,0x20,
  0x74,0x72,0x61,0x6e,0x73,0x66,0x6f,0x72,0x6d,0x3d,0x22,0x6d,0x61,0x74,0x72,0x69,
  0x78,0x28,0x31,0x20,0x30,0x20,0x30,0x20,0x31,0x20,0x2d,0x33,0x38,0x34,0x2e,0x35,
  0x37,0x31,0x34,0x33,0x20,0x2d,0x35,0x31,0x35,0x2e,0x37,0x39,0x38,0x29,0x22,0x3e,
  0xa,0x20,0x20,0x3c,0x72,0x65,0x63,0x74,0x20,0x77,0x69,0x64,0x74,0x68,0x3d,0x22,
  0x32,0x36,0x22,0x20,0x78,0x3d,0x22,0x33,0x38,0x37,0x2e,0x35,0x37,0x31,0x34,0x34,
  0x22,0x20,0x79,0x3d,0x22,0x35,0x31,0x38,0x2e,0x37,0x39,0x37,0x39,0x37,0x22,0x20,
  0x72,0x78,0x3d,0x22,0x31,0x32,0x2e,0x39,0x39,0x39,0x39,0x39,0x33,0x22,0x20,0x68,
  0x65,0x69,0x67,0x68,0x74,0x3d,0x22,0x32,0x36,0x22,0x20,0x73,0x74,0x79,0x6c,0x65,
  0x3d,0x22,0x66,0x69,0x6c,0x6c,0x3a,0x75,0x72,0x6c,0x28,0x23,0x6c,0x69,0x6e,0x65,
  0x61,0x72,0x47,0x72,0x61,0x64,0x69,0x65,0x6e,0x74,0x34,0x31,0x34,0x39,0x29,0x22,
  0x20,0x69,0x64,0x3d,0x22,0x72,0x65,0x63,0x74,0x34,0x31,0x33,0x30,0x22,0x2f,0x3e,
  0xa,0x20,0x20,0x3c,0x70,0x61,0x74,0x68,0x20,0x73,0x74,0x79,0x6c,0x65,0x3d,0x22,
  0x66,0x69,0x6c,0x6c,0x3a,0x75,0x72,0x6c,0x28,0x23,0x6c,0x69,0x6e,0x65,0x61,0x72,
  0x47,0x72,0x61,0x64,0x69,0x65,0x6e,0x74,0x34,0x31,0x39,0x31,0x29,0x3b,0x6f,0x70,
  0x61,0x63,0x69,0x74,0x79,0x3a,0x30,0x2e,0x32,0x3b,0x66,0x69,0x6c,0x6c,0x2d,0x72,
  0x75,0x6c,0x65,0x3a,0x65,0x76,0x65,0x6e,0x6f,0x64,0x64,0x22,0x20,0x69,0x64,0x3d,
  0x22,0x70,0x61,0x74,0x68,0x34,0x31,0x38,0x34,0x22,0x20,0x64,0x3d,0x22,0x4d,0x20,
  0x31,0x37,0x20,0x39,0x20,0x4c,0x20,0x31,0x35,0x20,0x31,0x31,0x20,0x4c,0x20,0x31,
  0x37,0x20,0x31,0x33,0x20,0x4c,0x20,0x31,0x35,0x20,0x32,0x33,0x20,0x4c,0x20,0x32,
  0x33,0x20,0x33,0x31,0x20,0x4c,0x20,0x32,0x36,0x20,0x33,0x31,0x20,0x4c,0x20,0x32,
  0x39,0x20,0x33,0x31,0x20,0x4c,0x20,0x33,0x31,0x20,0x33,0x31,0x20,0x4c,0x20,0x33,
  0x31,0x20,0x32,0x37,0x20,0x4c,0x20,0x33,0x31,0x20,0x32,0x33,0x20,0x4c,0x20,0x31,
  0x37,0x20,0x39,0x20,0x7a,0x20,0x22,0x20,0x74,0x72,0x61,0x6e,0x73,0x66,0x6f,0x72,
  0x6d,0x3d,0x22,0x6d,0x61,0x74,0x72,0x69,0x78,0x28,0x31,0x20,0x30,0x20,0x30,0x20,
  0x31,0x20,0x33,0x38,0x34,0x2e,0x35,0x37,0x31,0x34,0x33,0x20,0x35,0x31,0x35,0x2e,
  0x37,0x39,0x38,0x29,0x22,0x2f,0x3e,0xa,0x20,0x20,0x3c,0x70,0x61,0x74,0x68,0x20,
  0x69,0x6e,0x6b,0x73,0x63,0x61,0x70,0x65,0x3a,0x63,0x6f,0x6e,0x6e,0x65,0x63,0x74,
  0x6f,0x72,0x2d,0x63,0x75,0x72,0x76,0x61,0x74,0x75,0x72,0x65,0x3d,0x22,0x30,0x22,
  0x20,0x73,0x74,0x79,0x6c,0x65,0x3d,0x22,0x66,0x69,0x6c,0x6c,0x3a,0x75,0x72,0x6c,
  0x28,0x23,0x6c,0x69,0x6e,0x65,0x61,0x72,0x47,0x72,0x61,0x64,0x69,0x65,0x6e,0x74,
  0x34,0x31,0x34,0x34,0x29,0x22,0x20,0x69,0x64,0x3d,0x22,0x72,0x65,0x63,0x74,0x34,
  0x31,0x33,0x33,0x22,0x20,0x64,0x3d,0x22,0x4d,0x20,0x31,0x36,0x2c,0x32,0x20,0x43,
  0x20,0x38,0x2e,0x34,0x31,0x32,0x38,0x34,0x39,0x31,0x2c,0x32,0x20,0x32,0x2e,0x32,
  0x38,0x39,0x31,0x33,0x32,0x39,0x2c,0x37,0x2e,0x39,0x37,0x39,0x34,0x33,0x39,0x31,
  0x20,0x32,0x2e,0x30,0x32,0x35,0x33,0x39,0x30,0x36,0x2c,0x31,0x35,0x2e,0x35,0x20,
  0x32,0x2e,0x30,0x31,0x39,0x35,0x32,0x31,0x34,0x2c,0x31,0x35,0x2e,0x36,0x36,0x37,
  0x33,0x36,0x20,0x32,0x2c,0x31,0x35,0x2e,0x38,0x33,0x31,0x31,0x35,0x38,0x20,0x32,
  0x2c,0x31,0x36,0x20,0x63,0x20,0x30,0x2c,0x37,0x2e,0x37,0x35,0x36,0x30,0x30,0x33,
  0x20,0x36,0x2e,0x32,0x34,0x33,0x39,0x39,0x36,0x38,0x2c,0x31,0x34,0x20,0x31,0x34,
  0x2c,0x31,0x34,0x20,0x37,0x2e,0x37,0x35,0x36,0x30,0x30,0x33,0x2c,0x30,0x20,0x31,
  0x34,0x2c,0x2d,0x36,0x2e,0x32,0x34,0x33,0x39,0x39,0x37,0x20,0x31,0x34,0x2c,0x2d,
  0x31,0x34,0x20,0x30,0x2c,0x2d,0x30,0x2e,0x31,0x36,0x38,0x38,0x34,0x32,0x20,0x2d,
  0x30,0x2e,0x30,0x31,0x39,0x35,0x32,0x2c,0x2d,0x30,0x2e,0x33,0x33,0x32,0x36,0x34,
  0x20,0x2d,0x30,0x2e,0x30,0x32,0x35,0x33,0x39,0x2c,0x2d,0x30,0x2e,0x35,0x20,0x43,
  0x20,0x32,0x39,0x2e,0x37,0x31,0x30,0x38,0x36,0x37,0x2c,0x37,0x2e,0x39,0x37,0x39,
  0x34,0x33,0x39,0x31,0x20,0x32,0x33,0x2e,0x35,0x38,0x37,0x31,0x35,0x31,0x2c,0x32,
  0x20,0x31,0x36,0x2c,0x32,0x20,0x5a,0x20,0x6d,0x20,0x30,0x2c,0x31,0x20,0x43,0x20,
  0x32,0x33,0x2e,0x32,0x30,0x31,0x39,0x39,0x33,0x2c,0x33,0x20,0x32,0x39,0x2c,0x38,
  0x2e,0x37,0x39,0x38,0x30,0x30,0x37,0x34,0x20,0x32,0x39,0x2c,0x31,0x36,0x20,0x32,
  0x39,0x2c,0x32,0x33,0x2e,0x32,0x30,0x31,0x39,0x39,0x33,0x20,0x32,0x33,0x2e,0x32,
  0x30,0x31,0x39,0x39,0x33,0x2c,0x32,0x39,0x20,0x31,0x36,0x2c,0x32,0x39,0x20,0x38,
  0x2e,0x37,0x39,0x38,0x30,0x30,0x37,0x34,0x2c,0x32,0x39,0x20,0x33,0x2c,0x32,0x33,
  0x2e,0x32,0x30,0x31,0x39,0x39,0x33,0x20,0x33,0x2c,0x31,0x36,0x20,0x33,0x2c,0x38,
  0x2e,0x37,0x39,0x38,0x30,0x30,0x37,0x34,0x20,0x38,0x2e,0x37,0x39,0x38,0x30,0x30,
  0x37,0x34,0x2c,0x33,0x20,0x31,0x36,0x2c,0x33,0x20,0x5a,0x20,0x6d,0x20,0x2d,0x31,
  0x2c,0x36,0x20,0x30,0x2c,0x32,0x20,0x32,0x2c,0x30,0x20,0x30,0x2c,0x2d,0x32,0x20,
  0x7a,0x20,0x6d,0x20,0x30,0x2c,0x34,0x20,0x30,0x2c,0x31,0x30,0x20,0x32,0x2c,0x30,
  0x20,0x30,0x2c,0x2d,0x31,0x30,0x20,0x7a,0x22,0x20,0x74,0x72,0x61,0x6e,0x73,0x66,
  0x6f,0x72,0x6d,0x3d,0x22,0x6d,0x61,0x74,0x72,0x69,0x78,0x28,0x31,0x20,0x30,0x20,
  0x30,0x20,0x31,0x20,0x33,0x38,0x34,0x2e,0x35,0x37,0x31,0x34,0x33,0x20,0x35,0x31,
  0x35,0x2e,0x37,0x39,0x38,0x29,0x22,0x2f,0x3e,0xa,0x20,0x3c,0x2f,0x67,0x3e,0xa,
  0x3c,0x2f,0x73,0x76,0x67,0x3e,0xa,
    // go-up.svg
  0x0,0x0,0x1,0x4d,
  0x3c,
  0x73,0x76,0x67,0x20,0x76,0x69,0x65,0x77,0x42,0x6f,0x78,0x3d,0x22,0x30,0x20,0x30,
  0x20,0x33,0x32,0x20,0x33,0x32,0x22,0x20,0x78,0x6d,0x6c,0x6e,0x73,0x3d,0x22,0x68,
  0x74,0x74,0x70,0x3a,0x2f,0x2f,0x77,0x77,0x77,0x2e,0x77,0x33,0x2e,0x6f,0x72,0x67,
  0x2f,0x32,0x30,0x30,0x30,0x2f,0x73,0x76,0x67,0x22,0x3e,0xa,0x20,0x20,0x20,0x20,
  0x3c,0x73,0x74,0x79,0x6c,0x65,0xa,0x20,0x20,0x20,0x20,0x20,0x20,0x20,0x20,0x74,
  0x79,0x70,0x65,0x3d,0x22,0x74,0x65,0x78,0x74,0x2f,0x63,0x73,0x73,0x22,0xa,0x20,
  0x20,0x20,0x20,0x20,0x20,0x20,0x20,0x69,0x64,0x3d,0x22,0x63,0x75,0x72,0x72,0x65,
  0x6e,0x74,0x2d,0x63,0x6f,0x6c,0x6f,0x72,0x2d,0x73,0x63,0x68,0x65,0x6d,0x65,0x22,
  0x3e,0xa,0x20,0x20,0x20,0x20,0x20,0x20,0x20,0x20,0x2e,0x43,0x6f,0x6c,0x6f,0x72,
  0x53,0x63,0x68,0x65,0x6d,0x65,0x2d,0x54,0x65,0x78,0x74,0x20,0x7b,0xa,0x20,0x20,
  0x20,0x20,0x20,0x20,0x20,0x20,0x20,0x20,0x20,0x20,0x63,0x6f,0x6c,0x6f,0x72,0x3a,
  0x23,0x32,0x33,0x32,0x36,0x32,0x39,0x3b,0xa,0x20,0x20,0x20,0x20,0x20,0x20,0x20,
  0x20,0x7d,0xa,0x20,0x20,0x20,0x20,0x3c,0x2f,0x73,0x74,0x79,0x6c,0x65,0x3e,0xa,
  0x20,0x20,0x20,0x20,0x3c,0x70,0x61,0x74,0x68,0x20,0x64,0x3d,0x22,0x4d,0x31,0x36,
  0x20,0x38,0x2e,0x32,0x39,0x33,0x6c,0x2d,0x31,0x34,0x20,0x31,0x34,0x20,0x2e,0x37,
  0x30,0x37,0x2e,0x37,0x30,0x37,0x4c,0x31,0x36,0x20,0x39,0x2e,0x37,0x30,0x37,0x20,
  0x32,0x39,0x2e,0x32,0x39,0x33,0x20,0x32,0x33,0x6c,0x2e,0x37,0x30,0x37,0x2d,0x2e,
  0x37,0x30,0x37,0x7a,0x22,0x20,0x63,0x6c,0x61,0x73,0x73,0x3d,0x22,0x43,0x6f,0x6c,
  0x6f,0x72,0x53,0x63,0x68,0x65,0x6d,0x65,0x2d,0x54,0x65,0x78,0x74,0x22,0x20,0x66,
  0x69,0x6c,0x6c,0x3d,0x22,0x63,0x75,0x72,0x72,0x65,0x6e,0x74,0x43,0x6f,0x6c,0x6f,
  0x72,0x22,0x2f,0x3e,0xa,0x3c,0x2f,0x73,0x76,0x67,0x3e,0xa,
    // configure.svg
  0x0,0x0,0x2,0xd5,
  0x3c,
  0x73,0x76,0x67,0x20,0x78,0x6d,0x6c,0x6e,0x73,0x3d,0x22,0x68,0x74,0x74,0x70,0x3a,
  0x2f,0x2f,0x77,0x77,0x77,0x2e,0x77,0x33,0x2e,0x6f,0x72,0x67,0x2f,0x32,0x30,0x30,
  0x30,0x2f,0x73,0x76,0x67,0x22,0x20,0x76,0x69,0x65,0x77,0x42,0x6f,0x78,0x3d,0x22,
  0x30,0x20,0x30,0x20,0x33,0x32,0x20,0x33,0x32,0x22,0x3e,0xa,0x20,0x20,0x3c,0x64,
  0x65,0x66,0x73,0x20,0x69,0x64,0x3d,0x22,0x64,0x65,0x66,0x73,0x33,0x30,0x35,0x31,
  0x22,0x3e,0xa,0x20,0x20,0x20,0x20,0x3c,0x73,0x74,0x79,0x6c,0x65,0x20,0x74,0x79,
  0x70,0x65,0x3d,0x22,0x74,0x65,0x78,0x74,0x2f,0x63,0x73,0x73,0x22,0x20,0x69,0x64,
  0x3d,0x22,0x63,0x75,0x72,0x72,0x65,0x6e,0x74,0x2d,0x63,0x6f,0x6c,0x6f,0x72,0x2d,
  0x73,0x63,0x68,0x65,0x6d,0x65,0x22,0x3e,0xa,0x20,0x20,0x20,0x20,0x20,0x20,0x2e,
  0x43,0x6f,0x6c,0x6f,0x72,0x53,0x63,0x68,0x65,0x6d,0x65,0x2d,0x54,0x65,0x78,0x74,
  0x20,0x7b,0xa,0x20,0x20,0x20,0x20,0x20,0x20,0x20,0x20,0x63,0x6f,0x6c,0x6f,0x72,
  0x3a,0x23,0x32,0x33,0x32,0x36,0x32,0x39,0x3b,0xa,0x20,0x20,0x20,0x20,0x20,0x20,
  0x7d,0xa,0x20,0x20,0x20,0x20,0x20,0x20,0x2e,0x43,0x6f,0x6c,0x6f,0x72,0x53,0x63,
  0x68,0x65,0x6d,0x65,0x2d,0x41,0x63,0x63,0x65,0x6e,0x74,0x20,0x7b,0xa,0x20,0x20,
  0x20,0x20,0x20,0x20,0x20,0x20,0x63,0x6f,0x6c,0x6f,0x72,0x3a,0x23,0x33,0x64,0x61,
  0x65,0x65,0x39,0x3b,0xa,0x20,0x20,0x20,0x20,0x20,0x20,0x7d,0xa,0x20,0x20,0x20,
  0x20,0x20,0x20,0x3c,0x2f,0x73,0x74,0x79,0x6c,0x65,0x3e,0xa,0x20,0x20,0x3c,0x2f,
  0x64,0x65,0x66,0x73,0x3e,0xa,0x20,0x3c,0x70,0x61,0x74,0x68,0x20,0xa,0x20,0x20,
  0x20,0x20,0x20,0x73,0x74,0x79,0x6c,0x65,0x3d,0x22,0x66,0x69,0x6c,0x6c,0x3a,0x63,
  0x75,0x72,0x72,0x65,0x6e,0x74,0x43,0x6f,0x6c,0x6f,0x72,0x3b,0x66,0x69,0x6c,0x6c,
  0x2d,0x6f,0x70,0x61,0x63,0x69,0x74,0x79,0x3a,0x31,0x3b,0x73,0x74,0x72,0x6f,0x6b,
  0x65,0x3a,0x6e,0x6f,0x6e,0x65,0x22,0x20,0xa,0x20,0x20,0x20,0x20,0x20,0x64,0x3d,
  0x22,0x4d,0x31,0x38,0x2e,0x35,0x20,0x36,0x41,0x33,0x2e,0x35,0x20,0x33,0x2e,0x35,
  0x20,0x30,0x20,0x30,0x20,0x30,0x20,0x31,0x35,0x2e,0x30,0x34,0x31,0x30,0x32,0x20,
  0x39,0x48,0x34,0x56,0x31,0x30,0x48,0x31,0x35,0x2e,0x30,0x34,0x41,0x33,0x2e,0x35,
  0x20,0x33,0x2e,0x35,0x20,0x30,0x20,0x30,0x20,0x30,0x20,0x31,0x38,0x2e,0x35,0x20,
  0x31,0x33,0x20,0x33,0x2e,0x35,0x20,0x33,0x2e,0x35,0x20,0x30,0x20,0x30,0x20,0x30,
  0x20,0x32,0x31,0x2e,0x39,0x35,0x38,0x39,0x38,0x34,0x20,0x31,0x30,0x48,0x32,0x38,
  0x56,0x39,0x48,0x32,0x31,0x2e,0x39,0x36,0x31,0x41,0x33,0x2e,0x35,0x20,0x33,0x2e,
  0x35,0x20,0x30,0x20,0x30,0x20,0x30,0x20,0x31,0x38,0x2e,0x35,0x20,0x36,0x4d,0x37,
  0x2e,0x35,0x20,0x31,0x39,0x41,0x33,0x2e,0x35,0x20,0x33,0x2e,0x35,0x20,0x30,0x20,
  0x30,0x20,0x30,0x20,0x34,0x20,0x32,0x32,0x2e,0x35,0x20,0x33,0x2e,0x35,0x20,0x33,
  0x2e,0x35,0x20,0x30,0x20,0x30,0x20,0x30,0x20,0x37,0x2e,0x35,0x20,0x32,0x36,0x20,
  0x33,0x2e,0x35,0x20,0x33,0x2e,0x35,0x20,0x30,0x20,0x30,0x20,0x30,0x20,0x31,0x30,
  0x2e,0x39,0x36,0x30,0x39,0x33,0x38,0x20,0x32,0x33,0x48,0x32,0x38,0x56,0x32,0x32,
  0x48,0x31,0x30,0x2e,0x39,0x35,0x39,0x41,0x33,0x2e,0x35,0x20,0x33,0x2e,0x35,0x20,
  0x30,0x20,0x30,0x20,0x30,0x20,0x37,0x2e,0x35,0x20,0x31,0x39,0x6d,0x30,0x20,0x31,
  0x41,0x32,0x2e,0x35,0x20,0x32,0x2e,0x35,0x20,0x30,0x20,0x30,0x20,0x31,0x20,0x31,
  0x30,0x20,0x32,0x32,0x2e,0x35,0x20,0x32,0x2e,0x35,0x20,0x32,0x2e,0x35,0x20,0x30,
  0x20,0x30,0x20,0x31,0x20,0x37,0x2e,0x35,0x20,0x32,0x35,0x20,0x32,0x2e,0x35,0x20,
  0x32,0x2e,0x35,0x20,0x30,0x20,0x30,0x20,0x31,0x20,0x35,0x20,0x32,0x32,0x2e,0x35,
  0x20,0x32,0x2e,0x35,0x20,0x32,0x2e,0x35,0x20,0x30,0x20,0x30,0x20,0x31,0x20,0x37,
  0x2e,0x35,0x20,0x32,0x30,0x22,0xa,0x20,0x20,0x20,0x20,0x20,0x63,0x6c,0x61,0x73,
  0x73,0x3d,0x22,0x43,0x6f,0x6c,0x6f,0x72,0x53,0x63,0x68,0x65,0x6d,0x65,0x2d,0x54,
  0x65,0x78,0x74,0x22,0xa,0x20,0x20,0x20,0x20,0x20,0x2f,0x3e,0xa,0x3c,0x2f,0x73,
  0x76,0x67,0x3e,0xa,
    // view-refresh.svg
  0x0,0x0,0x2,0xa2,
  0x3c,
  0x73,0x76,0x67,0x20,0x76,0x65,0x72,0x73,0x69,0x6f,0x6e,0x3d,0x22,0x31,0x2e,0x31,
  0x22,0x20,0x76,0x69,0x65,0x77,0x42,0x6f,0x78,0x3d,0x22,0x30,0x20,0x30,0x20,0x33,
  0x32,0x20,0x33,0x32,0x22,0x20,0x78,0x6d,0x6c,0x6e,0x73,0x3d,0x22,0x68,0x74,0x74,
  0x70,0x3a,0x2f,0x2f,0x77,0x77,0x77,0x2e,0x77,0x33,0x2e,0x6f,0x72,0x67,0x2f,0x32,
  0x30,0x30,0x30,0x2f,0x73,0x76,0x67,0x22,0x3e,0xa,0x3c,0x64,0x65,0x66,0x73,0x3e,
  0xa,0x3c,0x73,0x74,0x79,0x6c,0x65,0x20,0x74,0x79,0x70,0x65,0x3d,0x22,0x74,0x65,
  0x78,0x74,0x2f,0x63,0x73,0x73,0x22,0x20,0x69,0x64,0x3d,0x22,0x63,0x75,0x72,0x72,
  0x65,0x6e,0x74,0x2d,0x63,0x6f,0x6c,0x6f,0x72,0x2d,0x73,0x63,0x68,0x65,0x6d,0x65,
  0x22,0x3e,0x20,0x2e,0x43,0x6f,0x6c,0x6f,0x72,0x53,0x63,0x68,0x65,0x6d,0x65,0x2d,
  0x54,0x65,0x78,0x74,0x20,0x7b,0x20,0x63,0x6f,0x6c,0x6f,0x72,0x3a,0x23,0x32,0x33,
  0x32,0x36,0x32,0x39,0x3b,0x20,0x7d,0x20,0x3c,0x2f,0x73,0x74,0x79,0x6c,0x65,0x3e,
  0xa,0x3c,0x2f,0x64,0x65,0x66,0x73,0x3e,0xa,0x3c,0x70,0x61,0x74,0x68,0x20,0x64,
  0x3d,0x22,0x6d,0x31,0x36,0x20,0x34,0x61,0x31,0x32,0x20,0x31,0x32,0x20,0x30,0x20,
  0x30,0x20,0x30,0x2d,0x31,0x32,0x20,0x31,0x32,0x20,0x31,0x32,0x20,0x31,0x32,0x20,
  0x30,0x20,0x30,0x20,0x30,0x20,0x30,0x2e,0x30,0x37,0x32,0x32,0x36,0x35,0x36,0x20,
  0x31,0x68,0x31,0x2e,0x30,0x30,0x35,0x38,0x35,0x39,0x34,0x61,0x31,0x31,0x20,0x31,
  0x31,0x20,0x30,0x20,0x30,0x20,0x31,0x2d,0x30,0x2e,0x30,0x37,0x38,0x31,0x32,0x35,
  0x2d,0x31,0x20,0x31,0x31,0x20,0x31,0x31,0x20,0x30,0x20,0x30,0x20,0x31,0x20,0x31,
  0x31,0x2d,0x31,0x31,0x20,0x31,0x31,0x20,0x31,0x31,0x20,0x30,0x20,0x30,0x20,0x31,
  0x20,0x39,0x2e,0x31,0x38,0x33,0x35,0x39,0x34,0x20,0x35,0x68,0x2d,0x34,0x2e,0x31,
  0x38,0x33,0x35,0x39,0x34,0x76,0x31,0x68,0x34,0x2e,0x37,0x39,0x36,0x38,0x37,0x35,
  0x20,0x30,0x2e,0x32,0x30,0x33,0x31,0x32,0x35,0x20,0x30,0x2e,0x39,0x30,0x36,0x32,
  0x35,0x20,0x30,0x2e,0x30,0x39,0x33,0x37,0x35,0x76,0x2d,0x36,0x68,0x2d,0x31,0x76,
  0x34,0x2e,0x33,0x38,0x38,0x36,0x37,0x31,0x39,0x61,0x31,0x32,0x20,0x31,0x32,0x20,
  0x30,0x20,0x30,0x20,0x30,0x2d,0x31,0x30,0x2d,0x35,0x2e,0x33,0x38,0x38,0x36,0x37,
  0x31,0x39,0x7a,0x6d,0x31,0x30,0x2e,0x39,0x35,0x31,0x31,0x37,0x32,0x20,0x31,0x31,
  0x61,0x31,0x31,0x20,0x31,0x31,0x20,0x30,0x20,0x30,0x20,0x31,0x20,0x30,0x2e,0x30,
  0x34,0x38,0x38,0x32,0x38,0x20,0x31,0x20,0x31,0x31,0x20,0x31,0x31,0x20,0x30,0x20,
  0x30,0x20,0x31,0x2d,0x31,0x31,0x20,0x31,0x31,0x20,0x31,0x31,0x20,0x31,0x31,0x20,
  0x30,0x20,0x30,0x20,0x31,0x2d,0x39,0x2e,0x31,0x38,0x33,0x35,0x39,0x33,0x38,0x2d,
  0x35,0x68,0x34,0x2e,0x31,0x38,0x33,0x35,0x39,0x33,0x38,0x76,0x2d,0x31,0x68,0x2d,
  0x34,0x2e,0x37,0x39,0x36,0x38,0x37,0x35,0x2d,0x31,0x2e,0x31,0x31,0x31,0x33,0x32,
  0x38,0x31,0x2d,0x30,0x2e,0x30,0x39,0x31,0x37,0x39,0x36,0x39,0x76,0x31,0x20,0x35,
  0x68,0x31,0x76,0x2d,0x34,0x2e,0x33,0x38,0x34,0x37,0x36,0x36,0x61,0x31,0x32,0x20,
  0x31,0x32,0x20,0x30,0x20,0x30,0x20,0x30,0x20,0x31,0x30,0x20,0x35,0x2e,0x33,0x38,
  0x34,0x37,0x36,0x36,0x20,0x31,0x32,0x20,0x31,0x32,0x20,0x30,0x20,0x30,0x20,0x30,
  0x20,0x31,0x32,0x2d,0x31,0x32,0x20,0x31,0x32,0x20,0x31,0x32,0x20,0x30,0x20,0x30,
  0x20,0x30,0x2d,0x30,0x2e,0x30,0x34,0x34,0x39,0x32,0x32,0x2d,0x31,0x68,0x2d,0x31,
  0x2e,0x30,0x30,0x33,0x39,0x30,0x36,0x7a,0x22,0x20,0x63,0x6c,0x61,0x73,0x73,0x3d,
  0x22,0x43,0x6f,0x6c,0x6f,0x72,0x53,0x63,0x68,0x65,0x6d,0x65,0x2d,0x54,0x65,0x78,
  0x74,0x22,0x20,0x66,0x69,0x6c,0x6c,0x3d,0x22,0x63,0x75,0x72,0x72,0x65,0x6e,0x74,
  0x43,0x6f,0x6c,0x6f,0x72,0x22,0x20,0x2f,0x3e,0xa,0x3c,0x2f,0x73,0x76,0x67,0x3e,
  0xa,
    // system-search.svg
  0x0,0x0,0x3,0xe5,
  0x3c,
  0x3f,0x78,0x6d,0x6c,0x20,0x76,0x65,0x72,0x73,0x69,0x6f,0x6e,0x3d,0x22,0x31,0x2e,
  0x30,0x22,0x20,0x65,0x6e,0x63,0x6f,0x64,0x69,0x6e,0x67,0x3d,0x22,0x55,0x54,0x46,
  0x2d,0x38,0x22,0x3f,0x3e,0xa,0x3c,0x73,0x76,0x67,0x20,0x78,0x6d,0x6c,0x6e,0x73,
  0x3d,0x22,0x68,0x74,0x74,0x70,0x3a,0x2f,0x2f,0x77,0x77,0x77,0x2e,0x77,0x33,0x2e,
  0x6f,0x72,0x67,0x2f,0x32,0x30,0x30,0x30,0x2f,0x73,0x76,0x67,0x22,0x20,0x78,0x6d,
  0x6c,0x6e,0x73,0x3a,0x78,0x6c,0x69,0x6e,0x6b,0x3d,0x22,0x68,0x74,0x74,0x70,0x3a,
  0x2f,0x2f,0x77,0x77,0x77,0x2e,0x77,0x33,0x2e,0x6f,0x72,0x67,0x2f,0x31,0x39,0x39,
  0x39,0x2f,0x78,0x6c,0x69,0x6e,0x6b,0x22,0x20,0x78,0x6d,0x6c,0x6e,0x73,0x3a,0x63,
  0x63,0x3d,0x22,0x68,0x74,0x74,0x70,0x3a,0x2f,0x2f,0x63,0x72,0x65,0x61,0x74,0x69,
  0x76,0x65,0x63,0x6f,0x6d,0x6d,0x6f,0x6e,0x73,0x2e,0x6f,0x72,0x67,0x2f,0x6e,0x73,
  0x23,0x22,0x20,0x78,0x6d,0x6c,0x6e,0x73,0x3a,0x64,0x63,0x3d,0x22,0x68,0x74,0x74,
  0x70,0x3a,0x2f,0x2f,0x70,0x75,0x72,0x6c,0x2e,0x6f,0x72,0x67,0x2f,0x64,0x63,0x2f,
  0x65,0x6c,0x65,0x6d,0x65,0x6e,0x74,0x73,0x2f,0x31,0x2e,0x31,0x2f,0x22,0x20,0x78,
  0x6d,0x6c,0x6e,0x73,0x3a,0x72,0x64,0x66,0x3d,0x22,0x68,0x74,0x74,0x70,0x3a,0x2f,
  0x2f,0x77,0x77,0x77,0x2e,0x77,0x33,0x2e,0x6f,0x72,0x67,0x2f,0x31,0x39,0x39,0x39,
  0x2f,0x30,0x32,0x2f,0x32,0x32,0x2d,0x72,0x64,0x66,0x2d,0x73,0x79,0x6e,0x74,0x61,
  0x78,0x2d,0x6e,0x73,0x23,0x22,0x20,0x78,0x6d,0x6c,0x6e,0x73,0x3a,0x69,0x6e,0x6b,
  0x73,0x63,0x61,0x70,0x65,0x3d,0x22,0x68,0x74,0x74,0x70,0x3a,0x2f,0x2f,0x77,0x77,
  0x77,0x2e,0x69,0x6e,0x6b,0x73,0x63,0x61,0x70,0x65,0x2e,0x6f,0x72,0x67,0x2f,0x6e,
  0x61,0x6d,0x65,0x73,0x70,0x61,0x63,0x65,0x73,0x2f,0x69,0x6e,0x6b,0x73,0x63,0x61,
  0x70,0x65,0x22,0x20,0x78,0x6d,0x6c,0x6e,0x73,0x3a,0x73,0x6f,0x64,0x69,0x70,0x6f,
  0x64,0x69,0x3d,0x22,0x68,0x74,0x74,0x70,0x3a,0x2f,0x2f,0x73,0x6f,0x64,0x69,0x70,
  0x6f,0x64,0x69,0x2e,0x73,0x6f,0x75,0x72,0x63,0x65,0x66,0x6f,0x72,0x67,0x65,0x2e,
  0x6e,0x65,0x74,0x2f,0x44,0x54,0x44,0x2f,0x73,0x6f,0x64,0x69,0x70,0x6f,0x64,0x69,
  0x2d,0x30,0x2e,0x64,0x74,0x64,0x22,0x20,0x77,0x69,0x64,0x74,0x68,0x3d,0x22,0x33,
  0x32,0x22,0x20,0x68,0x65,0x69,0x67,0x68,0x74,0x3d,0x22,0x33,0x32,0x22,0x3e,0xa,
  0x20,0x20,0x20,0x20,0x3c,0x73,0x74,0x79,0x6c,0x65,0x20,0x74,0x79,0x70,0x65,0x3d,
  0x22,0x74,0x65,0x78,0x74,0x2f,0x63,0x73,0x73,0x22,0x20,0x69,0x64,0x3d,0x22,0x63,
  0x75,0x72,0x72,0x65,0x6e,0x74,0x2d,0x63,0x6f,0x6c,0x6f,0x72,0x2d,0x73,0x63,0x68,
  0x65,0x6d,0x65,0x22,0x3e,0xa,0x20,0x20,0x20,0x20,0x20,0x20,0x20,0x20,0x2e,0x43,
  0x6f,0x6c,0x6f,0x72,0x53,0x63,0x68,0x65,0x6d,0x65,0x2d,0x54,0x65,0x78,0x74,0x20,
  0x7b,0xa,0x20,0x20,0x20,0x20,0x20,0x20,0x20,0x20,0x20,0x20,0x20,0x20,0x63,0x6f,
  0x6c,0x6f,0x72,0x3a,0x23,0x32,0x33,0x32,0x36,0x32,0x39,0x3b,0xa,0x20,0x20,0x20,
  0x20,0x20,0x20,0x20,0x20,0x7d,0xa,0x20,0x20,0x20,0x20,0x3c,0x2f,0x73,0x74,0x79,
  0x6c,0x65,0x3e,0xa,0x20,0x20,0x20,0x20,0x3c,0x67,0x20,0x69,0x64,0x3d,0x22,0x73,
  0x79,0x73,0x74,0x65,0x6d,0x2d,0x73,0x65,0x61,0x72,0x63,0x68,0x22,0x20,0x74,0x72,
  0x61,0x6e,0x73,0x66,0x6f,0x72,0x6d,0x3d,0x22,0x74,0x72,0x61,0x6e,0x73,0x6c,0x61,
  0x74,0x65,0x28,0x30,0x20,0x2d,0x33,0x32,0x29,0x20,0x74,0x72,0x61,0x6e,0x73,0x6c,
  0x61,0x74,0x65,0x28,0x2d,0x32,0x32,0x2c,0x33,0x32,0x29,0x22,0x3e,0xa,0x20,0x20,
  0x20,0x20,0x20,0x20,0x20,0x20,0x3c,0x70,0x61,0x74,0x68,0x20,0x69,0x64,0x3d,0x22,
  0x70,0x61,0x74,0x68,0x36,0x36,0x22,0x20,0x63,0x6c,0x61,0x73,0x73,0x3d,0x22,0x43,
  0x6f,0x6c,0x6f,0x72,0x53,0x63,0x68,0x65,0x6d,0x65,0x2d,0x54,0x65,0x78,0x74,0x22,
  0x20,0x64,0x3d,0x22,0x6d,0x33,0x35,0x20,0x34,0x61,0x39,0x20,0x39,0x20,0x30,0x20,
  0x30,0x20,0x30,0x2d,0x39,0x20,0x39,0x20,0x39,0x20,0x39,0x20,0x30,0x20,0x30,0x20,
  0x30,0x20,0x39,0x20,0x39,0x20,0x39,0x20,0x39,0x20,0x30,0x20,0x30,0x20,0x30,0x20,
  0x35,0x2e,0x39,0x39,0x34,0x31,0x34,0x31,0x2d,0x32,0x2e,0x32,0x39,0x38,0x38,0x32,
  0x38,0x6c,0x38,0x2e,0x32,0x39,0x38,0x38,0x32,0x38,0x20,0x38,0x2e,0x32,0x39,0x38,
  0x38,0x32,0x38,0x20,0x30,0x2e,0x37,0x30,0x37,0x30,0x33,0x31,0x2d,0x30,0x2e,0x37,
  0x30,0x37,0x30,0x33,0x31,0x2d,0x38,0x2e,0x33,0x30,0x30,0x37,0x38,0x31,0x2d,0x38,
  0x2e,0x33,0x30,0x30,0x37,0x38,0x32,0x61,0x39,0x20,0x39,0x20,0x30,0x20,0x30,0x20,
  0x30,0x20,0x32,0x2e,0x33,0x30,0x30,0x37,0x38,0x31,0x2d,0x35,0x2e,0x39,0x39,0x32,
  0x31,0x38,0x37,0x20,0x39,0x20,0x39,0x20,0x30,0x20,0x30,0x20,0x30,0x2d,0x39,0x2d,
  0x39,0x7a,0x6d,0x30,0x20,0x31,0x61,0x38,0x20,0x38,0x20,0x30,0x20,0x30,0x20,0x31,
  0x20,0x38,0x20,0x38,0x20,0x38,0x20,0x38,0x20,0x30,0x20,0x30,0x20,0x31,0x2d,0x38,
  0x20,0x38,0x20,0x38,0x20,0x38,0x20,0x30,0x20,0x30,0x20,0x31,0x2d,0x38,0x2d,0x38,
  0x20,0x38,0x20,0x38,0x20,0x30,0x20,0x30,0x20,0x31,0x20,0x38,0x2d,0x38,0x7a,0x22,
  0x20,0x66,0x69,0x6c,0x6c,0x3d,0x22,0x63,0x75,0x72,0x72,0x65,0x6e,0x74,0x43,0x6f,
  0x6c,0x6f,0x72,0x22,0x2f,0x3e,0xa,0x20,0x20,0x20,0x20,0x20,0x20,0x20,0x20,0x3c,
  0x70,0x61,0x74,0x68,0x20,0x69,0x64,0x3d,0x22,0x70,0x61,0x74,0x68,0x36,0x38,0x22,
  0x20,0x64,0x3d,0x22,0x6d,0x32,0x32,0x20,0x30,0x76,0x33,0x32,0x68,0x33,0x32,0x76,
  0x2d,0x33,0x32,0x7a,0x22,0x20,0x66,0x69,0x6c,0x6c,0x3d,0x22,0x6e,0x6f,0x6e,0x65,
  0x22,0x2f,0x3e,0xa,0x20,0x20,0x20,0x20,0x3c,0x2f,0x67,0x3e,0xa,0x3c,0x2f,0x73,
  0x76,0x67,0x3e,0xa,
    // application-exit.svg
  0x0,0x0,0x1,0xa5,
  0x3c,
  0x73,0x76,0x67,0x20,0x78,0x6d,0x6c,0x6e,0x73,0x3d,0x22,0x68,0x74,0x74,0x70,0x3a,
  0x2f,0x2f,0x77,0x77,0x77,0x2e,0x77,0x33,0x2e,0x6f,0x72,0x67,0x2f,0x32,0x30,0x30,
  0x30,0x2f,0x73,0x76,0x67,0x22,0x20,0x76,0x69,0x65,0x77,0x42,0x6f,0x78,0x3d,0x22,
  0x30,0x20,0x30,0x20,0x33,0x32,0x20,0x33,0x32,0x22,0x3e,0x3c,0x64,0x65,0x66,0x73,
  0x20,0x69,0x64,0x3d,0x22,0x64,0x65,0x66,0x73,0x33,0x30,0x35,0x31,0x22,0x3e,0xa,
  0x20,0x20,0x20,0x20,0x20,0x20,0x20,0x20,0x3c,0x73,0x74,0x79,0x6c,0x65,0x20,0x74,
  0x79,0x70,0x65,0x3d,0x22,0x74,0x65,0x78,0x74,0x2f,0x63,0x73,0x73,0x22,0x20,0x69,
  0x64,0x3d,0x22,0x63,0x75,0x72,0x72,0x65,0x6e,0x74,0x2d,0x63,0x6f,0x6c,0x6f,0x72,
  0x2d,0x73,0x63,0x68,0x65,0x6d,0x65,0x22,0x3e,0xa,0x20,0x20,0x20,0x20,0x20,0x20,
  0x20,0x20,0x20,0x20,0x20,0x20,0x2e,0x43,0x6f,0x6c,0x6f,0x72,0x53,0x63,0x68,0x65,
  0x6d,0x65,0x2d,0x4e,0x65,0x67,0x61,0x74,0x69,0x76,0x65,0x54,0x65,0x78,0x74,0x20,
  0x7b,0xa,0x20,0x20,0x20,0x20,0x20,0x20,0x20,0x20,0x20,0x20,0x20,0x20,0x20,0x20,
  0x20,0x20,0x63,0x6f,0x6c,0x6f,0x72,0x3a,0x23,0x64,0x61,0x34,0x34,0x35,0x33,0x3b,
  0xa,0x20,0x20,0x20,0x20,0x20,0x20,0x20,0x20,0x20,0x20,0x20,0x20,0x7d,0xa,0x20,
  0x20,0x20,0x20,0x20,0x20,0x20,0x20,0x3c,0x2f,0x73,0x74,0x79,0x6c,0x65,0x3e,0xa,
  0x20,0x20,0x20,0x20,0x3c,0x2f,0x64,0x65,0x66,0x73,0x3e,0xa,0x20,0x20,0x20,0x20,
  0x3c,0x67,0x20,0x73,0x74,0x79,0x6c,0x65,0x3d,0x22,0x66,0x69,0x6c,0x6c,0x3a,0x63,
  0x75,0x72,0x72,0x65,0x6e,0x74,0x43,0x6f,0x6c,0x6f,0x72,0x3b,0x66,0x69,0x6c,0x6c,
  0x2d,0x6f,0x70,0x61,0x63,0x69,0x74,0x79,0x3a,0x31,0x3b,0x73,0x74,0x72,0x6f,0x6b,
  0x65,0x3a,0x6e,0x6f,0x6e,0x65,0x22,0x20,0x63,0x6c,0x61,0x73,0x73,0x3d,0x22,0x43,
  0x6f,0x6c,0x6f,0x72,0x53,0x63,0x68,0x65,0x6d,0x65,0x2d,0x4e,0x65,0x67,0x61,0x74,
  0x69,0x76,0x65,0x54,0x65,0x78,0x74,0x22,0x3e,0x3c,0x70,0x61,0x74,0x68,0x20,0x64,
  0x3d,0x22,0x4d,0x34,0x20,0x34,0x76,0x32,0x34,0x68,0x32,0x34,0x56,0x34,0x7a,0x6d,
  0x31,0x20,0x36,0x68,0x32,0x32,0x76,0x31,0x37,0x48,0x35,0x7a,0x22,0x2f,0x3e,0x3c,
  0x70,0x61,0x74,0x68,0x20,0x64,0x3d,0x22,0x4d,0x31,0x32,0x20,0x31,0x37,0x68,0x38,
  0x76,0x33,0x68,0x2d,0x38,0x7a,0x22,0x2f,0x3e,0x3c,0x2f,0x67,0x3e,0x3c,0x2f,0x73,
  0x76,0x67,0x3e,0xa,
    // document-save-as.svg
  0x0,0x0,0x4,0x5e,
  0x3c,
  0x73,0x76,0x67,0x20,0x78,0x6d,0x6c,0x6e,0x73,0x3d,0x22,0x68,0x74,0x74,0x70,0x3a,
  0x2f,0x2f,0x77,0x77,0x77,0x2e,0x77,0x33,0x2e,0x6f,0x72,0x67,0x2f,0x32,0x30,0x30,
  0x30,0x2f,0x73,0x76,0x67,0x22,0x20,0x76,0x69,0x65,0x77,0x42,0x6f,0x78,0x3d,0x22,
  0x30,0x20,0x30,0x20,0x33,0x32,0x20,0x33,0x32,0x22,0x3e,0xa,0x20,0x20,0x3c,0x64,
  0x65,0x66,0x73,0xa,0x20,0x20,0x20,0x20,0x20,0x69,0x64,0x3d,0x22,0x64,0x65,0x66,
  0x73,0x33,0x30,0x35,0x31,0x22,0x3e,0xa,0x20,0x20,0x20,0x20,0x3c,0x73,0x74,0x79,
  0x6c,0x65,0xa,0x20,0x20,0x20,0x20,0x20,0x20,0x20,0x74,0x79,0x70,0x65,0x3d,0x22,
  0x74,0x65,0x78,0x74,0x2f,0x63,0x73,0x73,0x22,0xa,0x20,0x20,0x20,0x20,0x20,0x20,
  0x20,0x69,0x64,0x3d,0x22,0x63,0x75,0x72,0x72,0x65,0x6e,0x74,0x2d,0x63,0x6f,0x6c,
  0x6f,0x72,0x2d,0x73,0x63,0x68,0x65,0x6d,0x65,0x22,0x3e,0xa,0x20,0x20,0x20,0x20,
  0x20,0x20,0x2e,0x43,0x6f,0x6c,0x6f,0x72,0x53,0x63,0x68,0x65,0x6d,0x65,0x2d,0x54,
  0x65,0x78,0x74,0x20,0x7b,0xa,0x20,0x20,0x20,0x20,0x20,0x20,0x20,0x20,0x63,0x6f,
  0x6c,0x6f,0x72,0x3a,0x23,0x32,0x33,0x32,0x36,0x32,0x39,0x3b,0xa,0x20,0x20,0x20,
  0x20,0x20,0x20,0x7d,0xa,0x20,0x20,0x20,0x20,0x20,0x20,0x3c,0x2f,0x73,0x74,0x79,
  0x6c,0x65,0x3e,0xa,0x20,0x20,0x3c,0x2f,0x64,0x65,0x66,0x73,0x3e,0xa,0x20,0x20,
  0x3c,0x70,0x61,0x74,0x68,0xa,0x20,0x20,0x20,0x20,0x20,0x73,0x74,0x79,0x6c,0x65,
  0x3d,0x22,0x66,0x69,0x6c,0x6c,0x3a,0x63,0x75,0x72,0x72,0x65,0x6e,0x74,0x43,0x6f,
  0x6c,0x6f,0x72,0x3b,0x66,0x69,0x6c,0x6c,0x2d,0x6f,0x70,0x61,0x63,0x69,0x74,0x79,
  0x3a,0x31,0x3b,0x73,0x74,0x72,0x6f,0x6b,0x65,0x3a,0x6e,0x6f,0x6e,0x65,0x22,0x20,
  0xa,0x20,0x20,0x20,0x20,0x20,0x64,0x3d,0x22,0x4d,0x20,0x34,0x20,0x34,0x20,0x4c,
  0x20,0x34,0x20,0x32,0x38,0x20,0x4c,0x20,0x31,0x35,0x20,0x32,0x38,0x20,0x4c,0x20,
  0x31,0x35,0x20,0x32,0x37,0x20,0x4c,0x20,0x31,0x30,0x20,0x32,0x37,0x20,0x4c,0x20,
  0x31,0x30,0x20,0x32,0x30,0x20,0x4c,0x20,0x31,0x38,0x20,0x32,0x30,0x20,0x4c,0x20,
  0x31,0x38,0x20,0x31,0x39,0x20,0x4c,0x20,0x39,0x20,0x31,0x39,0x20,0x4c,0x20,0x39,
  0x20,0x32,0x37,0x20,0x4c,0x20,0x35,0x20,0x32,0x37,0x20,0x4c,0x20,0x35,0x20,0x35,
  0x20,0x4c,0x20,0x31,0x30,0x20,0x35,0x20,0x4c,0x20,0x31,0x30,0x20,0x31,0x33,0x20,
  0x4c,0x20,0x32,0x31,0x20,0x31,0x33,0x20,0x4c,0x20,0x32,0x31,0x20,0x35,0x20,0x4c,
  0x20,0x32,0x31,0x2e,0x35,0x38,0x35,0x39,0x33,0x38,0x20,0x35,0x20,0x4c,0x20,0x32,
  0x37,0x20,0x31,0x30,0x2e,0x34,0x31,0x34,0x30,0x36,0x32,0x20,0x4c,0x20,0x32,0x37,
  0x20,0x31,0x36,0x20,0x4c,0x20,0x32,0x38,0x20,0x31,0x36,0x20,0x4c,0x20,0x32,0x38,
  0x20,0x31,0x30,0x20,0x4c,0x20,0x32,0x32,0x20,0x34,0x20,0x4c,0x20,0x31,0x30,0x20,
  0x34,0x20,0x4c,0x20,0x34,0x20,0x34,0x20,0x7a,0x20,0x4d,0x20,0x31,0x31,0x20,0x35,
  0x20,0x4c,0x20,0x31,0x37,0x20,0x35,0x20,0x4c,0x20,0x31,0x37,0x20,0x31,0x32,0x20,
  0x4c,0x20,0x31,0x31,0x20,0x31,0x32,0x20,0x4c,0x20,0x31,0x31,0x20,0x35,0x20,0x7a,
  0x20,0x4d,0x20,0x32,0x34,0x2e,0x33,0x39,0x38,0x34,0x33,0x38,0x20,0x31,0x36,0x20,
  0x4c,0x20,0x31,0x39,0x2e,0x32,0x38,0x37,0x31,0x30,0x39,0x20,0x32,0x31,0x2e,0x31,
  0x31,0x31,0x33,0x32,0x38,0x20,0x4c,0x20,0x31,0x36,0x20,0x32,0x34,0x2e,0x33,0x39,
  0x38,0x34,0x33,0x38,0x20,0x4c,0x20,0x31,0x36,0x20,0x32,0x38,0x20,0x4c,0x20,0x31,
  0x39,0x2e,0x36,0x30,0x31,0x35,0x36,0x32,0x20,0x32,0x38,0x20,0x4c,0x20,0x32,0x38,
  0x20,0x31,0x39,0x2e,0x36,0x30,0x31,0x35,0x36,0x32,0x20,0x4c,0x20,0x32,0x34,0x2e,
  0x33,0x39,0x38,0x34,0x33,0x38,0x20,0x31,0x36,0x20,0x7a,0x20,0x4d,0x20,0x32,0x32,
  0x2e,0x33,0x34,0x39,0x36,0x30,0x39,0x20,0x31,0x39,0x2e,0x34,0x39,0x30,0x32,0x33,
  0x34,0x20,0x4c,0x20,0x32,0x34,0x2e,0x35,0x30,0x39,0x37,0x36,0x36,0x20,0x32,0x31,
  0x2e,0x36,0x35,0x30,0x33,0x39,0x31,0x20,0x4c,0x20,0x32,0x31,0x2e,0x33,0x33,0x35,
  0x39,0x33,0x38,0x20,0x32,0x34,0x2e,0x38,0x32,0x34,0x32,0x31,0x39,0x20,0x4c,0x20,
  0x32,0x31,0x2e,0x33,0x33,0x35,0x39,0x33,0x38,0x20,0x32,0x34,0x2e,0x31,0x35,0x30,
  0x33,0x39,0x31,0x20,0x4c,0x20,0x32,0x30,0x2e,0x33,0x32,0x32,0x32,0x36,0x36,0x20,
  0x32,0x34,0x2e,0x31,0x37,0x33,0x38,0x32,0x38,0x20,0x4c,0x20,0x31,0x39,0x2e,0x32,
  0x38,0x37,0x31,0x30,0x39,0x20,0x32,0x34,0x2e,0x31,0x37,0x33,0x38,0x32,0x38,0x20,
  0x4c,0x20,0x31,0x39,0x2e,0x32,0x38,0x37,0x31,0x30,0x39,0x20,0x32,0x33,0x2e,0x31,
  0x33,0x36,0x37,0x31,0x39,0x20,0x4c,0x20,0x31,0x39,0x2e,0x32,0x38,0x37,0x31,0x30,
  0x39,0x20,0x32,0x32,0x2e,0x35,0x35,0x32,0x37,0x33,0x34,0x20,0x4c,0x20,0x32,0x32,
  0x2e,0x33,0x34,0x39,0x36,0x30,0x39,0x20,0x31,0x39,0x2e,0x34,0x39,0x30,0x32,0x33,
  0x34,0x20,0x7a,0x20,0x4d,0x20,0x31,0x38,0x2e,0x32,0x37,0x33,0x34,0x33,0x38,0x20,
  0x32,0x33,0x2e,0x35,0x36,0x34,0x34,0x35,0x33,0x20,0x4c,0x20,0x31,0x38,0x2e,0x32,
  0x37,0x33,0x34,0x33,0x38,0x20,0x32,0x35,0x2e,0x31,0x38,0x35,0x35,0x34,0x37,0x20,
  0x4c,0x20,0x32,0x30,0x2e,0x33,0x30,0x30,0x37,0x38,0x31,0x20,0x32,0x35,0x2e,0x31,
  0x38,0x35,0x35,0x34,0x37,0x20,0x4c,0x20,0x32,0x30,0x2e,0x33,0x32,0x32,0x32,0x36,
  0x36,0x20,0x32,0x35,0x2e,0x38,0x33,0x39,0x38,0x34,0x34,0x20,0x4c,0x20,0x31,0x39,
  0x2e,0x32,0x34,0x30,0x32,0x33,0x34,0x20,0x32,0x36,0x2e,0x39,0x31,0x39,0x39,0x32,
  0x32,0x20,0x4c,0x20,0x31,0x37,0x2e,0x38,0x30,0x30,0x37,0x38,0x31,0x20,0x32,0x36,
  0x2e,0x39,0x31,0x39,0x39,0x32,0x32,0x20,0x4c,0x20,0x31,0x37,0x2e,0x30,0x38,0x30,
  0x30,0x37,0x38,0x20,0x32,0x36,0x2e,0x31,0x39,0x39,0x32,0x31,0x39,0x20,0x4c,0x20,
  0x31,0x37,0x2e,0x30,0x38,0x30,0x30,0x37,0x38,0x20,0x32,0x34,0x2e,0x37,0x35,0x37,
  0x38,0x31,0x32,0x20,0x4c,0x20,0x31,0x38,0x2e,0x32,0x37,0x33,0x34,0x33,0x38,0x20,
  0x32,0x33,0x2e,0x35,0x36,0x34,0x34,0x35,0x33,0x20,0x7a,0x20,0x22,0xa,0x20,0x20,
  0x20,0x20,0x20,0x69,0x64,0x3d,0x22,0x70,0x61,0x74,0x68,0x37,0x36,0x22,0x20,0xa,
  0x20,0x20,0x20,0x20,0x20,0x63,0x6c,0x61,0x73,0x73,0x3d,0x22,0x43,0x6f,0x6c,0x6f,
  0x72,0x53,0x63,0x68,0x65,0x6d,0x65,0x2d,0x54,0x65,0x78,0x74,0x22,0xa,0x20,0x20,
  0x20,0x20,0x20,0x2f,0x3e,0xa,0x3c,0x2f,0x73,0x76,0x67,0x3e,0xa,
    // dialog-ok.svg
  0x0,0x0,0x0,0x13,
  0x64,
  0x69,0x61,0x6c,0x6f,0x67,0x2d,0x6f,0x6b,0x2d,0x61,0x70,0x70,0x6c,0x79,0x2e,0x73,
  0x76,0x67,
    // document-open.svg
  0x0,0x0,0x2,0xc1,
  0x3c,
  0x73,0x76,0x67,0x20,0x78,0x6d,0x6c,0x6e,0x73,0x3d,0x22,0x68,0x74,0x74,0x70,0x3a,
  0x2f,0x2f,0x77,0x77,0x77,0x2e,0x77,0x33,0x2e,0x6f,0x72,0x67,0x2f,0x32,0x30,0x30,
  0x30,0x2f,0x73,0x76,0x67,0x22,0x20,0x76,0x69,0x65,0x77,0x42,0x6f,0x78,0x3d,0x22,
  0x30,0x20,0x30,0x20,0x33,0x32,0x20,0x33,0x32,0x22,0x3e,0xa,0x20,0x20,0x3c,0x64,
  0x65,0x66,0x73,0x20,0x69,0x64,0x3d,0x22,0x64,0x65,0x66,0x73,0x33,0x30,0x35,0x31,
  0x22,0x3e,0xa,0x20,0x20,0x20,0x20,0x3c,0x73,0x74,0x79,0x6c,0x65,0x20,0x74,0x79,
  0x70,0x65,0x3d,0x22,0x74,0x65,0x78,0x74,0x2f,0x63,0x73,0x73,0x22,0x20,0x69,0x64,
  0x3d,0x22,0x63,0x75,0x72,0x72,0x65,0x6e,0x74,0x2d,0x63,0x6f,0x6c,0x6f,0x72,0x2d,
  0x73,0x63,0x68,0x65,0x6d,0x65,0x22,0x3e,0xa,0x20,0x20,0x20,0x20,0x20,0x20,0x2e,
  0x43,0x6f,0x6c,0x6f,0x72,0x53,0x63,0x68,0x65,0x6d,0x65,0x2d,0x54,0x65,0x78,0x74,
  0x20,0x7b,0xa,0x20,0x20,0x20,0x20,0x20,0x20,0x20,0x20,0x63,0x6f,0x6c,0x6f,0x72,
  0x3a,0x23,0x32,0x33,0x32,0x36,0x32,0x39,0x3b,0xa,0x20,0x20,0x20,0x20,0x20,0x20,
  0x7d,0xa,0x20,0x20,0x20,0x20,0x20,0x20,0x3c,0x2f,0x73,0x74,0x79,0x6c,0x65,0x3e,
  0xa,0x20,0x20,0x3c,0x2f,0x64,0x65,0x66,0x73,0x3e,0xa,0x20,0x3c,0x70,0x61,0x74,
  0x68,0x20,0x73,0x74,0x79,0x6c,0x65,0x3d,0x22,0x66,0x69,0x6c,0x6c,0x3a,0x63,0x75,
  0x72,0x72,0x65,0x6e,0x74,0x43,0x6f,0x6c,0x6f,0x72,0x3b,0x66,0x69,0x6c,0x6c,0x2d,
  0x6f,0x70,0x61,0x63,0x69,0x74,0x79,0x3a,0x31,0x3b,0x73,0x74,0x72,0x6f,0x6b,0x65,
  0x3a,0x6e,0x6f,0x6e,0x65,0x22,0x20,0xa,0x20,0x20,0x20,0x20,0x20,0x64,0x3d,0x22,
  0x4d,0x20,0x36,0x20,0x34,0x20,0x4c,0x20,0x36,0x20,0x32,0x38,0x20,0x4c,0x20,0x31,
  0x33,0x20,0x32,0x38,0x20,0x4c,0x20,0x31,0x33,0x20,0x32,0x37,0x20,0x4c,0x20,0x37,
  0x20,0x32,0x37,0x20,0x4c,0x20,0x37,0x20,0x35,0x20,0x4c,0x20,0x31,0x38,0x20,0x35,
  0x20,0x4c,0x20,0x31,0x38,0x20,0x31,0x32,0x20,0x4c,0x20,0x32,0x35,0x20,0x31,0x32,
  0x20,0x4c,0x20,0x32,0x35,0x20,0x31,0x36,0x20,0x4c,0x20,0x32,0x36,0x20,0x31,0x36,
  0x20,0x4c,0x20,0x32,0x36,0x20,0x31,0x31,0x20,0x4c,0x20,0x31,0x39,0x20,0x34,0x20,
  0x4c,0x20,0x31,0x38,0x20,0x34,0x20,0x4c,0x20,0x36,0x20,0x34,0x20,0x7a,0x20,0x4d,
  0x20,0x31,0x34,0x20,0x31,0x36,0x20,0x4c,0x20,0x31,0x34,0x20,0x31,0x37,0x20,0x4c,
  0x20,0x31,0x34,0x20,0x32,0x30,0x20,0x4c,0x20,0x31,0x34,0x20,0x32,0x31,0x20,0x4c,
  0x20,0x31,0x34,0x20,0x32,0x37,0x20,0x4c,0x20,0x31,0x34,0x20,0x32,0x38,0x20,0x4c,
  0x20,0x32,0x36,0x20,0x32,0x38,0x20,0x4c,0x20,0x32,0x36,0x20,0x32,0x37,0x20,0x4c,
  0x20,0x32,0x36,0x20,0x32,0x30,0x20,0x4c,0x20,0x32,0x36,0x20,0x31,0x39,0x20,0x4c,
  0x20,0x32,0x36,0x20,0x31,0x38,0x20,0x4c,0x20,0x32,0x31,0x20,0x31,0x38,0x20,0x4c,
  0x20,0x31,0x39,0x20,0x31,0x36,0x20,0x4c,0x20,0x31,0x39,0x20,0x31,0x36,0x20,0x4c,
  0x20,0x31,0x39,0x20,0x31,0x36,0x20,0x4c,0x20,0x31,0x35,0x20,0x31,0x36,0x20,0x4c,
  0x20,0x31,0x34,0x20,0x31,0x36,0x20,0x7a,0x20,0x4d,0x20,0x31,0x35,0x20,0x31,0x37,
  0x20,0x4c,0x20,0x31,0x38,0x2e,0x36,0x20,0x31,0x37,0x20,0x4c,0x20,0x31,0x39,0x2e,
  0x36,0x20,0x31,0x38,0x20,0x4c,0x20,0x31,0x39,0x20,0x31,0x38,0x20,0x4c,0x20,0x31,
  0x39,0x20,0x31,0x38,0x20,0x4c,0x20,0x31,0x39,0x20,0x31,0x38,0x20,0x4c,0x20,0x31,
  0x37,0x20,0x32,0x30,0x20,0x4c,0x20,0x31,0x35,0x20,0x32,0x30,0x20,0x4c,0x20,0x31,
  0x35,0x20,0x31,0x37,0x20,0x7a,0x20,0x4d,0x20,0x31,0x35,0x20,0x32,0x31,0x20,0x4c,
  0x20,0x32,0x35,0x20,0x32,0x31,0x20,0x4c,0x20,0x32,0x35,0x20,0x32,0x37,0x20,0x4c,
  0x20,0x31,0x35,0x20,0x32,0x37,0x20,0x4c,0x20,0x31,0x35,0x20,0x32,0x31,0x20,0x7a,
  0x20,0x22,0xa,0x20,0x20,0x20,0x20,0x20,0x63,0x6c,0x61,0x73,0x73,0x3d,0x22,0x43,
  0x6f,0x6c,0x6f,0x72,0x53,0x63,0x68,0x65,0x6d,0x65,0x2d,0x54,0x65,0x78,0x74,0x22,
  0xa,0x20,0x20,0x20,0x20,0x20,0x2f,0x3e,0xa,0x3c,0x2f,0x73,0x76,0x67,0x3e,0xa,
  
    // dialog-cancel.svg
  0x0,0x0,0x2,0xdd,
  0x3c,
  0x73,0x76,0x67,0x20,0x78,0x6d,0x6c,0x6e,0x73,0x3d,0x22,0x68,0x74,0x74,0x70,0x3a,
  0x2f,0x2f,0x77,0x77,0x77,0x2e,0x77,0x33,0x2e,0x6f,0x72,0x67,0x2f,0x32,0x30,0x30,
  0x30,0x2f,0x73,0x76,0x67,0x22,0x20,0x76,0x69,0x65,0x77,0x42,0x6f,0x78,0x3d,0x22,
  0x30,0x20,0x30,0x20,0x33,0x32,0x20,0x33,0x32,0x22,0x3e,0xa,0x20,0x20,0x3c,0x64,
  0x65,0x66,0x73,0x20,0x69,0x64,0x3d,0x22,0x64,0x65,0x66,0x73,0x33,0x30,0x35,0x31,
  0x22,0x3e,0xa,0x20,0x20,0x20,0x20,0x3c,0x73,0x74,0x79,0x6c,0x65,0x20,0x74,0x79,
  0x70,0x65,0x3d,0x22,0x74,0x65,0x78,0x74,0x2f,0x63,0x73,0x73,0x22,0x20,0x69,0x64,
  0x3d,0x22,0x63,0x75,0x72,0x72,0x65,0x6e,0x74,0x2d,0x63,0x6f,0x6c,0x6f,0x72,0x2d,
  0x73,0x63,0x68,0x65,0x6d,0x65,0x22,0x3e,0xa,0x20,0x20,0x20,0x20,0x20,0x20,0x2e,
  0x43,0x6f,0x6c,0x6f,0x72,0x53,0x63,0x68,0x65,0x6d,0x65,0x2d,0x54,0x65,0x78,0x74,
  0x20,0x7b,0xa,0x20,0x20,0x20,0x20,0x20,0x20,0x20,0x20,0x63,0x6f,0x6c,0x6f,0x72,
  0x3a,0x23,0x32,0x33,0x32,0x36,0x32,0x39,0x3b,0xa,0x20,0x20,0x20,0x20,0x20,0x20,
  0x7d,0xa,0x20,0x20,0x20,0x20,0x20,0x20,0x3c,0x2f,0x73,0x74,0x79,0x6c,0x65,0x3e,
  0xa,0x20,0x20,0x3c,0x2f,0x64,0x65,0x66,0x73,0x3e,0xa,0x20,0x3c,0x70,0x61,0x74,
  0x68,0x20,0x73,0x74,0x79,0x6c,0x65,0x3d,0x22,0x66,0x69,0x6c,0x6c,0x3a,0x63,0x75,
  0x72,0x72,0x65,0x6e,0x74,0x43,0x6f,0x6c,0x6f,0x72,0x3b,0x66,0x69,0x6c,0x6c,0x2d,
  0x6f,0x70,0x61,0x63,0x69,0x74,0x79,0x3a,0x31,0x3b,0x73,0x74,0x72,0x6f,0x6b,0x65,
  0x3a,0x6e,0x6f,0x6e,0x65,0x22,0x20,0xa,0x20,0x20,0x20,0x20,0x20,0x20,0x20,0x64,
  0x3d,0x22,0x4d,0x31,0x36,0x20,0x34,0x41,0x31,0x32,0x20,0x31,0x32,0x20,0x30,0x20,
  0x30,0x20,0x30,0x20,0x37,0x2e,0x38,0x38,0x36,0x37,0x31,0x39,0x20,0x37,0x2e,0x31,
  0x37,0x39,0x36,0x38,0x38,0x4c,0x37,0x2e,0x38,0x38,0x35,0x20,0x37,0x2e,0x31,0x37,
  0x38,0x41,0x31,0x32,0x20,0x31,0x32,0x20,0x30,0x20,0x30,0x20,0x30,0x20,0x37,0x2e,
  0x38,0x34,0x37,0x36,0x35,0x36,0x20,0x37,0x2e,0x32,0x31,0x34,0x38,0x34,0x34,0x20,
  0x31,0x32,0x20,0x31,0x32,0x20,0x30,0x20,0x30,0x20,0x30,0x20,0x34,0x20,0x31,0x36,
  0x20,0x31,0x32,0x20,0x31,0x32,0x20,0x30,0x20,0x30,0x20,0x30,0x20,0x31,0x36,0x20,
  0x32,0x38,0x20,0x31,0x32,0x20,0x31,0x32,0x20,0x30,0x20,0x30,0x20,0x30,0x20,0x32,
  0x34,0x2e,0x31,0x31,0x33,0x32,0x38,0x20,0x32,0x34,0x2e,0x38,0x32,0x30,0x33,0x31,
  0x32,0x4c,0x32,0x34,0x2e,0x31,0x32,0x20,0x32,0x34,0x2e,0x38,0x32,0x32,0x41,0x31,
  0x32,0x20,0x31,0x32,0x20,0x30,0x20,0x30,0x20,0x30,0x20,0x32,0x34,0x2e,0x31,0x35,
  0x32,0x33,0x34,0x20,0x32,0x34,0x2e,0x37,0x38,0x35,0x31,0x35,0x36,0x20,0x31,0x32,
  0x20,0x31,0x32,0x20,0x30,0x20,0x30,0x20,0x30,0x20,0x32,0x38,0x20,0x31,0x36,0x20,
  0x31,0x32,0x20,0x31,0x32,0x20,0x30,0x20,0x30,0x20,0x30,0x20,0x31,0x36,0x20,0x34,
  0x4d,0x31,0x36,0x20,0x35,0x41,0x31,0x31,0x20,0x31,0x31,0x20,0x30,0x20,0x30,0x20,
  0x31,0x20,0x32,0x37,0x20,0x31,0x36,0x20,0x31,0x31,0x20,0x31,0x31,0x20,0x30,0x20,
  0x30,0x20,0x31,0x20,0x32,0x34,0x2e,0x31,0x31,0x35,0x32,0x33,0x20,0x32,0x33,0x2e,
  0x34,0x30,0x38,0x32,0x30,0x33,0x4c,0x38,0x2e,0x35,0x39,0x32,0x20,0x37,0x2e,0x38,
  0x38,0x35,0x41,0x31,0x31,0x20,0x31,0x31,0x20,0x30,0x20,0x30,0x20,0x31,0x20,0x31,
  0x36,0x20,0x35,0x4d,0x37,0x2e,0x38,0x38,0x35,0x20,0x38,0x2e,0x35,0x39,0x32,0x4c,
  0x32,0x33,0x2e,0x34,0x30,0x38,0x20,0x32,0x34,0x2e,0x31,0x32,0x41,0x31,0x31,0x20,
  0x31,0x31,0x20,0x30,0x20,0x30,0x20,0x31,0x20,0x31,0x36,0x20,0x32,0x37,0x20,0x31,
  0x31,0x20,0x31,0x31,0x20,0x30,0x20,0x30,0x20,0x31,0x20,0x35,0x20,0x31,0x36,0x20,
  0x31,0x31,0x20,0x31,0x31,0x20,0x30,0x20,0x30,0x20,0x31,0x20,0x37,0x2e,0x38,0x38,
  0x34,0x37,0x36,0x36,0x20,0x38,0x2e,0x35,0x39,0x31,0x37,0x39,0x37,0x22,0xa,0x20,
  0x20,0x20,0x20,0x20,0x63,0x6c,0x61,0x73,0x73,0x3d,0x22,0x43,0x6f,0x6c,0x6f,0x72,
  0x53,0x63,0x68,0x65,0x6d,0x65,0x2d,0x54,0x65,0x78,0x74,0x22,0xa,0x20,0x20,0x20,
  0x20,0x20,0x2f,0x3e,0xa,0x3c,0x2f,0x73,0x76,0x67,0x3e,0xa,
    // go-down.svg
  0x0,0x0,0x1,0x4c,
  0x3c,
  0x73,0x76,0x67,0x20,0x76,0x69,0x65,0x77,0x42,0x6f,0x78,0x3d,0x22,0x30,0x20,0x30,
  0x20,0x33,0x32,0x20,0x33,0x32,0x22,0x20,0x78,0x6d,0x6c,0x6e,0x73,0x3d,0x22,0x68,
  0x74,0x74,0x70,0x3a,0x2f,0x2f,0x77,0x77,0x77,0x2e,0x77,0x33,0x2e,0x6f,0x72,0x67,
  0x2f,0x32,0x30,0x30,0x30,0x2f,0x73,0x76,0x67,0x22,0x3e,0xa,0x20,0x20,0x20,0x20,
  0x3c,0x73,0x74,0x79,0x6c,0x65,0xa,0x20,0x20,0x20,0x20,0x20,0x20,0x20,0x20,0x74,
  0x79,0x70,0x65,0x3d,0x22,0x74,0x65,0x78,0x74,0x2f,0x63,0x73,0x73,0x22,0xa,0x20,
  0x20,0x20,0x20,0x20,0x20,0x20,0x20,0x69,0x64,0x3d,0x22,0x63,0x75,0x72,0x72,0x65,
  0x6e,0x74,0x2d,0x63,0x6f,0x6c,0x6f,0x72,0x2d,0x73,0x63,0x68,0x65,0x6d,0x65,0x22,
  0x3e,0xa,0x20,0x20,0x20,0x20,0x20,0x20,0x20,0x20,0x2e,0x43,0x6f,0x6c,0x6f,0x72,
  0x53,0x63,0x68,0x65,0x6d,0x65,0x2d,0x54,0x65,0x78,0x74,0x20,0x7b,0xa,0x20,0x20,
  0x20,0x20,0x20,0x20,0x20,0x20,0x20,0x20,0x20,0x20,0x63,0x6f,0x6c,0x6f,0x72,0x3a,
  0x23,0x32,0x33,0x32,0x36,0x32,0x39,0x3b,0xa,0x20,0x20,0x20,0x20,0x20,0x20,0x20,
  0x20,0x7d,0xa,0x20,0x20,0x20,0x20,0x3c,0x2f,0x73,0x74,0x79,0x6c,0x65,0x3e,0xa,
  0x20,0x20,0x20,0x20,0x3c,0x70,0x61,0x74,0x68,0x20,0x64,0x3d,0x22,0x4d,0x31,0x36,
  0x20,0x32,0x33,0x2e,0x37,0x30,0x37,0x6c,0x2d,0x31,0x34,0x2d,0x31,0x34,0x4c,0x32,
  0x2e,0x37,0x30,0x37,0x20,0x39,0x20,0x31,0x36,0x20,0x32,0x32,0x2e,0x32,0x39,0x33,
  0x20,0x32,0x39,0x2e,0x32,0x39,0x33,0x20,0x39,0x6c,0x2e,0x37,0x30,0x37,0x2e,0x37,
  0x30,0x37,0x7a,0x22,0x20,0x63,0x6c,0x61,0x73,0x73,0x3d,0x22,0x43,0x6f,0x6c,0x6f,
  0x72,0x53,0x63,0x68,0x65,0x6d,0x65,0x2d,0x54,0x65,0x78,0x74,0x22,0x20,0x66,0x69,
  0x6c,0x6c,0x3d,0x22,0x63,0x75,0x72,0x72,0x65,0x6e,0x74,0x43,0x6f,0x6c,0x6f,0x72,
  0x22,0x2f,0x3e,0xa,0x3c,0x2f,0x73,0x76,0x67,0x3e,0xa,
    // dialog-ok-apply.svg
  0x0,0x0,0x1,0x63,
  0x3c,
  0x73,0x76,0x67,0x20,0x76,0x69,0x65,0x77,0x42,0x6f,0x78,0x3d,0x22,0x30,0x20,0x30,
  0x20,0x33,0x32,0x20,0x33,0x32,0x22,0x20,0x78,0x6d,0x6c,0x6e,0x73,0x3d,0x22,0x68,
  0x74,0x74,0x70,0x3a,0x2f,0x2f,0x77,0x77,0x77,0x2e,0x77,0x33,0x2e,0x6f,0x72,0x67,
  0x2f,0x32,0x30,0x30,0x30,0x2f,0x73,0x76,0x67,0x22,0x3e,0x3c,0x73,0x74,0x79,0x6c,
  0x65,0x20,0x74,0x79,0x70,0x65,0x3d,0x22,0x74,0x65,0x78,0x74,0x2f,0x63,0x73,0x73,
  0x22,0x20,0x69,0x64,0x3d,0x22,0x63,0x75,0x72,0x72,0x65,0x6e,0x74,0x2d,0x63,0x6f,
  0x6c,0x6f,0x72,0x2d,0x73,0x63,0x68,0x65,0x6d,0x65,0x22,0x3e,0x2e,0x43,0x6f,0x6c,
  0x6f,0x72,0x53,0x63,0x68,0x65,0x6d,0x65,0x2d,0x54,0x65,0x78,0x74,0x7b,0x63,0x6f,
  0x6c,0x6f,0x72,0x3a,0x23,0x32,0x33,0x32,0x36,0x32,0x39,0x3b,0x7d,0x3c,0x2f,0x73,
  0x74,0x79,0x6c,0x65,0x3e,0x3c,0x70,0x61,0x74,0x68,0x20,0x64,0x3d,0x22,0x6d,0x33,
  0x30,0x20,0x36,0x2e,0x35,0x39,0x36,0x31,0x39,0x34,0x38,0x2d,0x31,0x39,0x2e,0x33,
  0x30,0x33,0x33,0x30,0x31,0x20,0x31,0x39,0x2e,0x33,0x30,0x33,0x32,0x39,0x39,0x32,
  0x2d,0x38,0x2e,0x36,0x39,0x36,0x36,0x39,0x39,0x2d,0x38,0x2e,0x36,0x39,0x36,0x36,
  0x39,0x37,0x2e,0x37,0x30,0x37,0x31,0x30,0x37,0x36,0x2d,0x2e,0x37,0x30,0x37,0x31,
  0x30,0x36,0x20,0x37,0x2e,0x39,0x38,0x39,0x35,0x39,0x31,0x34,0x20,0x37,0x2e,0x39,
  0x38,0x39,0x35,0x39,0x32,0x20,0x31,0x38,0x2e,0x35,0x39,0x36,0x31,0x39,0x35,0x2d,
  0x31,0x38,0x2e,0x35,0x39,0x36,0x31,0x39,0x34,0x37,0x7a,0x22,0x20,0x73,0x74,0x79,
  0x6c,0x65,0x3d,0x22,0x66,0x69,0x6c,0x6c,0x3a,0x63,0x75,0x72,0x72,0x65,0x6e,0x74,
  0x43,0x6f,0x6c,0x6f,0x72,0x3b,0x66,0x69,0x6c,0x6c,0x2d,0x6f,0x70,0x61,0x63,0x69,
  0x74,0x79,0x3a,0x31,0x3b,0x73,0x74,0x72,0x6f,0x6b,0x65,0x3a,0x6e,0x6f,0x6e,0x65,
  0x22,0x20,0x63,0x6c,0x61,0x73,0x73,0x3d,0x22,0x43,0x6f,0x6c,0x6f,0x72,0x53,0x63,
  0x68,0x65,0x6d,0x65,0x2d,0x54,0x65,0x78,0x74,0x22,0x2f,0x3e,0x3c,0x2f,0x73,0x76,
  0x67,0x3e,
    // process-stop.svg
  0x0,0x0,0x3,0x3b,
  0x3c,
  0x73,0x76,0x67,0x20,0x78,0x6d,0x6c,0x6e,0x73,0x3d,0x22,0x68,0x74,0x74,0x70,0x3a,
  0x2f,0x2f,0x77,0x77,0x77,0x2e,0x77,0x33,0x2e,0x6f,0x72,0x67,0x2f,0x32,0x30,0x30,
  0x30,0x2f,0x73,0x76,0x67,0x22,0x20,0x76,0x69,0x65,0x77,0x42,0x6f,0x78,0x3d,0x22,
  0x30,0x20,0x30,0x20,0x32,0x34,0x20,0x32,0x34,0x22,0x20,0x77,0x69,0x64,0x74,0x68,
  0x3d,0x22,0x32,0x34,0x22,0x20,0x68,0x65,0x69,0x67,0x68,0x74,0x3d,0x22,0x32,0x34,
  0x22,0x3e,0xa,0x20,0x20,0x3c,0x64,0x65,0x66,0x73,0x20,0x69,0x64,0x3d,0x22,0x64,
  0x65,0x66,0x73,0x33,0x30,0x35,0x31,0x22,0x3e,0xa,0x20,0x20,0x20,0x20,0x3c,0x73,
  0x74,0x79,0x6c,0x65,0x20,0x74,0x79,0x70,0x65,0x3d,0x22,0x74,0x65,0x78,0x74,0x2f,
  0x63,0x73,0x73,0x22,0x20,0x69,0x64,0x3d,0x22,0x63,0x75,0x72,0x72,0x65,0x6e,0x74,
  0x2d,0x63,0x6f,0x6c,0x6f,0x72,0x2d,0x73,0x63,0x68,0x65,0x6d,0x65,0x22,0x3e,0xa,
  0x20,0x20,0x20,0x20,0x20,0x20,0x20,0x20,0x20,0x20,0x20,0x20,0x2e,0x43,0x6f,0x6c,
  0x6f,0x72,0x53,0x63,0x68,0x65,0x6d,0x65,0x2d,0x4e,0x65,0x67,0x61,0x74,0x69,0x76,
  0x65,0x54,0x65,0x78,0x74,0x20,0x7b,0xa,0x20,0x20,0x20,0x20,0x20,0x20,0x20,0x20,
  0x20,0x20,0x20,0x20,0x20,0x20,0x20,0x20,0x63,0x6f,0x6c,0x6f,0x72,0x3a,0x23,0x64,
  0x61,0x34,0x34,0x35,0x33,0x3b,0xa,0x20,0x20,0x20,0x20,0x20,0x20,0x20,0x20,0x20,
  0x20,0x20,0x20,0x7d,0xa,0x20,0x20,0x20,0x20,0x20,0x20,0x20,0x20,0x3c,0x2f,0x73,
  0x74,0x79,0x6c,0x65,0x3e,0xa,0x20,0x20,0x3c,0x2f,0x64,0x65,0x66,0x73,0x3e,0xa,
  0x20,0x20,0x3c,0x67,0x20,0x74,0x72,0x61,0x6e,0x73,0x66,0x6f,0x72,0x6d,0x3d,0x22,
  0x74,0x72,0x61,0x6e,0x73,0x6c,0x61,0x74,0x65,0x28,0x31,0x2c,0x31,0x29,0x22,0x3e,
  0xa,0x20,0x20,0x20,0x20,0x3c,0x67,0x20,0x73,0x74,0x79,0x6c,0x65,0x3d,0x22,0x66,
  0x69,0x6c,0x6c,0x3a,0x63,0x75,0x72,0x72,0x65,0x6e,0x74,0x43,0x6f,0x6c,0x6f,0x72,
  0x3b,0x66,0x69,0x6c,0x6c,0x2d,0x6f,0x70,0x61,0x63,0x69,0x74,0x79,0x3a,0x31,0x3b,
  0x73,0x74,0x72,0x6f,0x6b,0x65,0x3a,0x6e,0x6f,0x6e,0x65,0x22,0x20,0x63,0x6c,0x61,
  0x73,0x73,0x3d,0x22,0x43,0x6f,0x6c,0x6f,0x72,0x53,0x63,0x68,0x65,0x6d,0x65,0x2d,
  0x4e,0x65,0x67,0x61,0x74,0x69,0x76,0x65,0x54,0x65,0x78,0x74,0x22,0x3e,0xa,0x20,
  0x20,0x20,0x20,0x20,0x20,0x3c,0x70,0x61,0x74,0x68,0x20,0x64,0x3d,0x22,0x4d,0x31,
  0x31,0x20,0x33,0x63,0x34,0x2e,0x34,0x33,0x32,0x20,0x30,0x20,0x38,0x20,0x33,0x2e,
  0x35,0x36,0x38,0x20,0x38,0x20,0x38,0x20,0x30,0x20,0x31,0x2e,0x34,0x34,0x32,0x2d,
  0x2e,0x33,0x38,0x33,0x20,0x32,0x2e,0x37,0x39,0x2d,0x31,0x2e,0x30,0x34,0x35,0x20,
  0x33,0x2e,0x39,0x35,0x35,0x6c,0x2d,0x2e,0x37,0x33,0x38,0x2d,0x2e,0x37,0x33,0x38,
  0x41,0x36,0x2e,0x39,0x38,0x35,0x20,0x36,0x2e,0x39,0x38,0x35,0x20,0x30,0x20,0x30,
  0x20,0x30,0x20,0x31,0x38,0x20,0x31,0x31,0x63,0x30,0x2d,0x33,0x2e,0x38,0x37,0x38,
  0x2d,0x33,0x2e,0x31,0x32,0x32,0x2d,0x37,0x2d,0x37,0x2d,0x37,0x61,0x36,0x2e,0x39,
  0x38,0x35,0x20,0x36,0x2e,0x39,0x38,0x35,0x20,0x30,0x20,0x30,0x20,0x30,0x2d,0x33,
  0x2e,0x32,0x31,0x37,0x2e,0x37,0x38,0x33,0x6c,0x2d,0x2e,0x37,0x33,0x38,0x2d,0x2e,
  0x37,0x33,0x38,0x41,0x37,0x2e,0x39,0x38,0x32,0x20,0x37,0x2e,0x39,0x38,0x32,0x20,
  0x30,0x20,0x30,0x20,0x31,0x20,0x31,0x31,0x20,0x33,0x4d,0x34,0x2e,0x30,0x34,0x35,
  0x20,0x37,0x2e,0x30,0x34,0x35,0x6c,0x2e,0x37,0x33,0x38,0x2e,0x37,0x33,0x38,0x41,
  0x36,0x2e,0x39,0x38,0x35,0x20,0x36,0x2e,0x39,0x38,0x35,0x20,0x30,0x20,0x30,0x20,
  0x30,0x20,0x34,0x20,0x31,0x31,0x63,0x30,0x20,0x33,0x2e,0x38,0x37,0x38,0x20,0x33,
  0x2e,0x31,0x32,0x32,0x20,0x37,0x20,0x37,0x20,0x37,0x61,0x36,0x2e,0x39,0x38,0x35,
  0x20,0x36,0x2e,0x39,0x38,0x35,0x20,0x30,0x20,0x30,0x20,0x30,0x20,0x33,0x2e,0x32,
  0x31,0x37,0x2d,0x2e,0x37,0x38,0x33,0x6c,0x2e,0x37,0x33,0x38,0x2e,0x37,0x33,0x38,
  0x41,0x37,0x2e,0x39,0x38,0x32,0x20,0x37,0x2e,0x39,0x38,0x32,0x20,0x30,0x20,0x30,
  0x20,0x31,0x20,0x31,0x31,0x20,0x31,0x39,0x63,0x2d,0x34,0x2e,0x34,0x33,0x32,0x20,
  0x30,0x2d,0x38,0x2d,0x33,0x2e,0x35,0x36,0x38,0x2d,0x38,0x2d,0x38,0x20,0x30,0x2d,
  0x31,0x2e,0x34,0x34,0x32,0x2e,0x33,0x38,0x33,0x2d,0x32,0x2e,0x37,0x39,0x20,0x31,
  0x2e,0x30,0x34,0x35,0x2d,0x33,0x2e,0x39,0x35,0x35,0x22,0x2f,0x3e,0xa,0x20,0x20,
  0x20,0x20,0x20,0x20,0x3c,0x70,0x61,0x74,0x68,0x20,0x64,0x3d,0x22,0x4d,0x37,0x2e,
  0x35,0x20,0x39,0x2e,0x39,0x39,0x38,0x68,0x37,0x76,0x32,0x68,0x2d,0x37,0x7a,0x22,
  0x2f,0x3e,0xa,0x20,0x20,0x20,0x20,0x3c,0x2f,0x67,0x3e,0xa,0x20,0x20,0x3c,0x2f,
  0x67,0x3e,0xa,0x3c,0x2f,0x73,0x76,0x67,0x3e,0xa,
    // help-about.svg
  0x0,0x0,0x2,0xab,
  0x3c,
  0x73,0x76,0x67,0x20,0x78,0x6d,0x6c,0x6e,0x73,0x3d,0x22,0x68,0x74,0x74,0x70,0x3a,
  0x2f,0x2f,0x77,0x77,0x77,0x2e,0x77,0x33,0x2e,0x6f,0x72,0x67,0x2f,0x32,0x30,0x30,
  0x30,0x2f,0x73,0x76,0x67,0x22,0x20,0x76,0x69,0x65,0x77,0x42,0x6f,0x78,0x3d,0x22,
  0x30,0x20,0x30,0x20,0x32,0x34,0x20,0x32,0x34,0x22,0x20,0x77,0x69,0x64,0x74,0x68,
  0x3d,0x22,0x32,0x34,0x22,0x20,0x68,0x65,0x69,0x67,0x68,0x74,0x3d,0x22,0x32,0x34,
  0x22,0x3e,0xa,0x20,0x20,0x3c,0x64,0x65,0x66,0x73,0x20,0x69,0x64,0x3d,0x22,0x64,
  0x65,0x66,0x73,0x33,0x30,0x35,0x31,0x22,0x3e,0xa,0x20,0x20,0x20,0x20,0x3c,0x73,
  0x74,0x79,0x6c,0x65,0x20,0x74,0x79,0x70,0x65,0x3d,0x22,0x74,0x65,0x78,0x74,0x2f,
  0x63,0x73,0x73,0x22,0x20,0x69,0x64,0x3d,0x22,0x63,0x75,0x72,0x72,0x65,0x6e,0x74,
  0x2d,0x63,0x6f,0x6c,0x6f,0x72,0x2d,0x73,0x63,0x68,0x65,0x6d,0x65,0x22,0x3e,0xa,
  0x20,0x20,0x20,0x20,0x20,0x20,0x2e,0x43,0x6f,0x6c,0x6f,0x72,0x53,0x63,0x68,0x65,
  0x6d,0x65,0x2d,0x54,0x65,0x78,0x74,0x20,0x7b,0xa,0x20,0x20,0x20,0x20,0x20,0x20,
  0x20,0x20,0x63,0x6f,0x6c,0x6f,0x72,0x3a,0x23,0x32,0x33,0x32,0x36,0x32,0x39,0x3b,
  0xa,0x20,0x20,0x20,0x20,0x20,0x20,0x7d,0xa,0x20,0x20,0x20,0x20,0x20,0x20,0x3c,
  0x2f,0x73,0x74,0x79,0x6c,0x65,0x3e,0xa,0x20,0x20,0x3c,0x2f,0x64,0x65,0x66,0x73,
  0x3e,0xa,0x20,0x20,0x3c,0x67,0x20,0x74,0x72,0x61,0x6e,0x73,0x66,0x6f,0x72,0x6d,
  0x3d,0x22,0x74,0x72,0x61,0x6e,0x73,0x6c,0x61,0x74,0x65,0x28,0x31,0x2c,0x31,0x29,
  0x22,0x3e,0xa,0x20,0x20,0x20,0x20,0x3c,0x70,0x61,0x74,0x68,0x20,0x73,0x74,0x79,
  0x6c,0x65,0x3d,0x22,0x66,0x69,0x6c,0x6c,0x3a,0x63,0x75,0x72,0x72,0x65,0x6e,0x74,
  0x43,0x6f,0x6c,0x6f,0x72,0x3b,0x66,0x69,0x6c,0x6c,0x2d,0x6f,0x70,0x61,0x63,0x69,
  0x74,0x79,0x3a,0x31,0x3b,0x73,0x74,0x72,0x6f,0x6b,0x65,0x3a,0x6e,0x6f,0x6e,0x65,
  0x22,0x20,0x64,0x3d,0x22,0x4d,0x20,0x31,0x31,0x20,0x33,0x20,0x43,0x20,0x36,0x2e,
  0x35,0x36,0x38,0x20,0x33,0x20,0x33,0x20,0x36,0x2e,0x35,0x36,0x38,0x20,0x33,0x20,
  0x31,0x31,0x20,0x43,0x20,0x33,0x20,0x31,0x35,0x2e,0x34,0x33,0x32,0x20,0x36,0x2e,
  0x35,0x36,0x38,0x20,0x31,0x39,0x20,0x31,0x31,0x20,0x31,0x39,0x20,0x43,0x20,0x31,
  0x35,0x2e,0x34,0x33,0x32,0x20,0x31,0x39,0x20,0x31,0x39,0x20,0x31,0x35,0x2e,0x34,
  0x33,0x32,0x20,0x31,0x39,0x20,0x31,0x31,0x20,0x43,0x20,0x31,0x39,0x20,0x36,0x2e,
  0x35,0x36,0x38,0x20,0x31,0x35,0x2e,0x34,0x33,0x32,0x20,0x33,0x20,0x31,0x31,0x20,
  0x33,0x20,0x7a,0x20,0x4d,0x20,0x31,0x31,0x20,0x34,0x20,0x43,0x20,0x31,0x34,0x2e,
  0x38,0x37,0x38,0x20,0x34,0x20,0x31,0x38,0x20,0x37,0x2e,0x31,0x32,0x32,0x20,0x31,
  0x38,0x20,0x31,0x31,0x20,0x43,0x20,0x31,0x38,0x20,0x31,0x34,0x2e,0x38,0x37,0x38,
  0x20,0x31,0x34,0x2e,0x38,0x37,0x38,0x20,0x31,0x38,0x20,0x31,0x31,0x20,0x31,0x38,
  0x20,0x43,0x20,0x37,0x2e,0x31,0x32,0x32,0x20,0x31,0x38,0x20,0x34,0x20,0x31,0x34,
  0x2e,0x38,0x37,0x38,0x20,0x34,0x20,0x31,0x31,0x20,0x43,0x20,0x34,0x20,0x37,0x2e,
  0x31,0x32,0x32,0x20,0x37,0x2e,0x31,0x32,0x32,0x20,0x34,0x20,0x31,0x31,0x20,0x34,
  0x20,0x7a,0x20,0x4d,0x20,0x31,0x30,0x20,0x36,0x20,0x4c,0x20,0x31,0x30,0x20,0x38,
  0x20,0x4c,0x20,0x31,0x32,0x20,0x38,0x20,0x4c,0x20,0x31,0x32,0x20,0x36,0x20,0x4c,
  0x20,0x31,0x30,0x20,0x36,0x20,0x7a,0x20,0x4d,0x20,0x31,0x30,0x20,0x39,0x20,0x4c,
  0x20,0x31,0x30,0x20,0x31,0x36,0x20,0x4c,0x20,0x31,0x32,0x20,0x31,0x36,0x20,0x4c,
  0x20,0x31,0x32,0x20,0x39,0x20,0x4c,0x20,0x31,0x30,0x20,0x39,0x20,0x7a,0x20,0x22,
  0x20,0x63,0x6c,0x61,0x73,0x73,0x3d,0x22,0x43,0x6f,0x6c,0x6f,0x72,0x53,0x63,0x68,
  0x65,0x6d,0x65,0x2d,0x54,0x65,0x78,0x74,0x22,0x2f,0x3e,0xa,0x20,0x20,0x3c,0x2f,
  0x67,0x3e,0xa,0x3c,0x2f,0x73,0x76,0x67,0x3e,0xa,
    // go-up.svg
  0x0,0x0,0x1,0xb4,
  0x3c,
  0x73,0x76,0x67,0x20,0x78,0x6d,0x6c,0x6e,0x73,0x3d,0x22,0x68,0x74,0x74,0x70,0x3a,
  0x2f,0x2f,0x77,0x77,0x77,0x2e,0x77,0x33,0x2e,0x6f,0x72,0x67,0x2f,0x32,0x30,0x30,
  0x30,0x2f,0x73,0x76,0x67,0x22,0x20,0x76,0x69,0x65,0x77,0x42,0x6f,0x78,0x3d,0x22,
  0x30,0x20,0x30,0x20,0x32,0x34,0x20,0x32,0x34,0x22,0x20,0x77,0x69,0x64,0x74,0x68,
  0x3d,0x22,0x32,0x34,0x22,0x20,0x68,0x65,0x69,0x67,0x68,0x74,0x3d,0x22,0x32,0x34,
  0x22,0x3e,0xa,0x20,0x20,0x3c,0x73,0x74,0x79,0x6c,0x65,0x20,0x74,0x79,0x70,0x65,
  0x3d,0x22,0x74,0x65,0x78,0x74,0x2f,0x63,0x73,0x73,0x22,0x20,0x69,0x64,0x3d,0x22,
  0x63,0x75,0x72,0x72,0x65,0x6e,0x74,0x2d,0x63,0x6f,0x6c,0x6f,0x72,0x2d,0x73,0x63,
  0x68,0x65,0x6d,0x65,0x22,0x3e,0xa,0x20,0x20,0x20,0x20,0x20,0x20,0x20,0x20,0x2e,
  0x43,0x6f,0x6c,0x6f,0x72,0x53,0x63,0x68,0x65,0x6d,0x65,0x2d,0x54,0x65,0x78,0x74,
  0x20,0x7b,0xa,0x20,0x20,0x20,0x20,0x20,0x20,0x20,0x20,0x20,0x20,0x20,0x20,0x63,
  0x6f,0x6c,0x6f,0x72,0x3a,0x23,0x32,0x33,0x32,0x36,0x32,0x39,0x3b,0xa,0x20,0x20,
  0x20,0x20,0x20,0x20,0x20,0x20,0x7d,0xa,0x20,0x20,0x20,0x20,0x3c,0x2f,0x73,0x74,
  0x79,0x6c,0x65,0x3e,0xa,0x20,0x20,0x3c,0x67,0x20,0x74,0x72,0x61,0x6e,0x73,0x66,
  0x6f,0x72,0x6d,0x3d,0x22,0x74,0x72,0x61,0x6e,0x73,0x6c,0x61,0x74,0x65,0x28,0x31,
  0x2c,0x31,0x29,0x22,0x3e,0xa,0x20,0x20,0x20,0x20,0x3c,0x70,0x61,0x74,0x68,0x20,
  0x64,0x3d,0x22,0x4d,0x33,0x2e,0x37,0x30,0x37,0x20,0x31,0x35,0x4c,0x33,0x20,0x31,
  0x34,0x2e,0x32,0x39,0x33,0x6c,0x36,0x2e,0x31,0x32,0x35,0x2d,0x36,0x2e,0x31,0x32,
  0x35,0x4c,0x31,0x31,0x20,0x36,0x2e,0x32,0x39,0x33,0x6c,0x31,0x2e,0x38,0x37,0x35,
  0x20,0x31,0x2e,0x38,0x37,0x35,0x4c,0x31,0x39,0x20,0x31,0x34,0x2e,0x32,0x39,0x33,
  0x6c,0x2d,0x2e,0x37,0x30,0x37,0x2e,0x37,0x30,0x37,0x2d,0x36,0x2e,0x31,0x32,0x35,
  0x2d,0x36,0x2e,0x31,0x32,0x35,0x4c,0x31,0x31,0x20,0x37,0x2e,0x37,0x30,0x37,0x20,
  0x39,0x2e,0x38,0x33,0x32,0x20,0x38,0x2e,0x38,0x37,0x35,0x20,0x33,0x2e,0x37,0x30,
  0x37,0x20,0x31,0x35,0x22,0x20,0x63,0x6c,0x61,0x73,0x73,0x3d,0x22,0x43,0x6f,0x6c,
  0x6f,0x72,0x53,0x63,0x68,0x65,0x6d,0x65,0x2d,0x54,0x65,0x78,0x74,0x22,0x20,0x66,
  0x69,0x6c,0x6c,0x3d,0x22,0x63,0x75,0x72,0x72,0x65,0x6e,0x74,0x43,0x6f,0x6c,0x6f,
  0x72,0x22,0x2f,0x3e,0xa,0x20,0x20,0x3c,0x2f,0x67,0x3e,0xa,0x3c,0x2f,0x73,0x76,
  0x67,0x3e,0xa,
    // document-edit.svg
  0x0,0x0,0x2,0xd8,
  0x3c,
  0x73,0x76,0x67,0x20,0x78,0x6d,0x6c,0x6e,0x73,0x3d,0x22,0x68,0x74,0x74,0x70,0x3a,
  0x2f,0x2f,0x77,0x77,0x77,0x2e,0x77,0x33,0x2e,0x6f,0x72,0x67,0x2f,0x32,0x30,0x30,
  0x30,0x2f,0x73,0x76,0x67,0x22,0x20,0x76,0x69,0x65,0x77,0x42,0x6f,0x78,0x3d,0x22,
  0x30,0x20,0x30,0x20,0x32,0x34,0x20,0x32,0x34,0x22,0x20,0x77,0x69,0x64,0x74,0x68,
  0x3d,0x22,0x32,0x34,0x22,0x20,0x68,0x65,0x69,0x67,0x68,0x74,0x3d,0x22,0x32,0x34,
  0x22,0x3e,0xa,0x20,0x20,0x3c,0x64,0x65,0x66,0x73,0x20,0x69,0x64,0x3d,0x22,0x64,
  0x65,0x66,0x73,0x33,0x30,0x35,0x31,0x22,0x3e,0xa,0x20,0x20,0x20,0x20,0x3c,0x73,
  0x74,0x79,0x6c,0x65,0x20,0x74,0x79,0x70,0x65,0x3d,0x22,0x74,0x65,0x78,0x74,0x2f,
  0x63,0x73,0x73,0x22,0x20,0x69,0x64,0x3d,0x22,0x63,0x75,0x72,0x72,0x65,0x6e,0x74,
  0x2d,0x63,0x6f,0x6c,0x6f,0x72,0x2d,0x73,0x63,0x68,0x65,0x6d,0x65,0x22,0x3e,0xa,
  0x20,0x20,0x20,0x20,0x20,0x20,0x2e,0x43,0x6f,0x6c,0x6f,0x72,0x53,0x63,0x68,0x65,
  0x6d,0x65,0x2d,0x54,0x65,0x78,0x74,0x20,0x7b,0xa,0x20,0x20,0x20,0x20,0x20,0x20,
  0x20,0x20,0x63,0x6f,0x6c,0x6f,0x72,0x3a,0x23,0x32,0x33,0x32,0x36,0x32,0x39,0x3b,
  0xa,0x20,0x20,0x20,0x20,0x20,0x20,0x7d,0xa,0x20,0x20,0x20,0x20,0x20,0x20,0x3c,
  0x2f,0x73,0x74,0x79,0x6c,0x65,0x3e,0xa,0x20,0x20,0x3c,0x2f,0x64,0x65,0x66,0x73,
  0x3e,0xa,0x20,0x20,0x3c,0x67,0x20,0x74,0x72,0x61,0x6e,0x73,0x66,0x6f,0x72,0x6d,
  0x3d,0x22,0x74,0x72,0x61,0x6e,0x73,0x6c,0x61,0x74,0x65,0x28,0x31,0x2c,0x31,0x29,
  0x22,0x3e,0xa,0x20,0x20,0x20,0x20,0x3c,0x70,0x61,0x74,0x68,0x20,0x73,0x74,0x79,
  0x6c,0x65,0x3d,0x22,0x66,0x69,0x6c,0x6c,0x3a,0x63,0x75,0x72,0x72,0x65,0x6e,0x74,
  0x43,0x6f,0x6c,0x6f,0x72,0x3b,0x66,0x69,0x6c,0x6c,0x2d,0x6f,0x70,0x61,0x63,0x69,
  0x74,0x79,0x3a,0x31,0x3b,0x73,0x74,0x72,0x6f,0x6b,0x65,0x3a,0x6e,0x6f,0x6e,0x65,
  0x22,0x20,0x64,0x3d,0x22,0x6d,0x31,0x34,0x2e,0x39,0x39,0x36,0x30,0x39,0x34,0x20,
  0x33,0x6c,0x2d,0x31,0x31,0x2e,0x39,0x39,0x32,0x31,0x38,0x38,0x20,0x31,0x31,0x2e,
  0x39,0x39,0x32,0x31,0x38,0x38,0x68,0x2d,0x2e,0x30,0x30,0x33,0x39,0x30,0x36,0x76,
  0x34,0x2e,0x30,0x30,0x37,0x38,0x31,0x68,0x31,0x20,0x32,0x20,0x31,0x2e,0x30,0x30,
  0x37,0x38,0x31,0x76,0x2d,0x2e,0x30,0x30,0x33,0x39,0x30,0x36,0x6c,0x31,0x31,0x2e,
  0x39,0x39,0x32,0x31,0x38,0x38,0x2d,0x31,0x31,0x2e,0x39,0x39,0x32,0x31,0x38,0x38,
  0x2d,0x2e,0x30,0x30,0x31,0x39,0x35,0x33,0x2d,0x2e,0x30,0x30,0x31,0x39,0x35,0x33,
  0x2e,0x30,0x30,0x31,0x39,0x35,0x33,0x2d,0x2e,0x30,0x30,0x31,0x39,0x35,0x33,0x2d,
  0x34,0x2d,0x34,0x2d,0x2e,0x30,0x30,0x31,0x39,0x35,0x33,0x2e,0x30,0x30,0x31,0x39,
  0x35,0x33,0x2d,0x2e,0x30,0x30,0x31,0x39,0x35,0x33,0x2d,0x2e,0x30,0x30,0x31,0x39,
  0x35,0x33,0x6d,0x2d,0x31,0x2e,0x39,0x39,0x38,0x30,0x34,0x37,0x20,0x33,0x2e,0x34,
  0x31,0x32,0x31,0x30,0x39,0x6c,0x32,0x2e,0x35,0x38,0x39,0x38,0x34,0x34,0x20,0x32,
  0x2e,0x35,0x38,0x39,0x38,0x34,0x34,0x2d,0x37,0x2e,0x35,0x38,0x37,0x38,0x39,0x31,
  0x20,0x37,0x2e,0x35,0x38,0x37,0x38,0x39,0x31,0x76,0x2d,0x31,0x2e,0x35,0x38,0x39,
  0x38,0x34,0x34,0x68,0x2d,0x31,0x2d,0x31,0x76,0x2d,0x31,0x2d,0x2e,0x35,0x38,0x39,
  0x38,0x34,0x34,0x6c,0x36,0x2e,0x39,0x39,0x38,0x30,0x34,0x37,0x2d,0x36,0x2e,0x39,
  0x39,0x38,0x30,0x34,0x37,0x6d,0x2d,0x37,0x2e,0x39,0x39,0x38,0x30,0x34,0x37,0x20,
  0x37,0x2e,0x39,0x39,0x38,0x30,0x34,0x37,0x76,0x31,0x2e,0x35,0x38,0x39,0x38,0x34,
  0x34,0x68,0x31,0x20,0x31,0x76,0x31,0x20,0x2e,0x35,0x38,0x39,0x38,0x34,0x34,0x6c,
  0x2d,0x2e,0x34,0x31,0x30,0x31,0x35,0x36,0x2e,0x34,0x31,0x30,0x31,0x35,0x36,0x68,
  0x2d,0x31,0x2e,0x35,0x38,0x39,0x38,0x34,0x34,0x6c,0x2d,0x31,0x2d,0x31,0x76,0x2d,
  0x31,0x2e,0x35,0x38,0x39,0x38,0x34,0x34,0x6c,0x31,0x2d,0x31,0x22,0x20,0x63,0x6c,
  0x61,0x73,0x73,0x3d,0x22,0x43,0x6f,0x6c,0x6f,0x72,0x53,0x63,0x68,0x65,0x6d,0x65,
  0x2d,0x54,0x65,0x78,0x74,0x22,0x2f,0x3e,0xa,0x20,0x20,0x3c,0x2f,0x67,0x3e,0xa,
  0x3c,0x2f,0x73,0x76,0x67,0x3e,0xa,
    // fingerprint.svg
  0x0,0x0,0x12,0xd,
  0x3c,
  0x73,0x76,0x67,0x20,0x78,0x6d,0x6c,0x6e,0x73,0x3d,0x22,0x68,0x74,0x74,0x70,0x3a,
  0x2f,0x2f,0x77,0x77,0x77,0x2e,0x77,0x33,0x2e,0x6f,0x72,0x67,0x2f,0x32,0x30,0x30,
  0x30,0x2f,0x73,0x76,0x67,0x22,0x20,0x78,0x6d,0x6c,0x6e,0x73,0x3a,0x69,0x6e,0x6b,
  0x73,0x63,0x61,0x70,0x65,0x3d,0x22,0x68,0x74,0x74,0x70,0x3a,0x2f,0x2f,0x77,0x77,
  0x77,0x2e,0x69,0x6e,0x6b,0x73,0x63,0x61,0x70,0x65,0x2e,0x6f,0x72,0x67,0x2f,0x6e,
  0x61,0x6d,0x65,0x73,0x70,0x61,0x63,0x65,0x73,0x2f,0x69,0x6e,0x6b,0x73,0x63,0x61,
  0x70,0x65,0x22,0x20,0x78,0x6d,0x6c,0x6e,0x73,0x3a,0x73,0x6f,0x64,0x69,0x70,0x6f,
  0x64,0x69,0x3d,0x22,0x68,0x74,0x74,0x70,0x3a,0x2f,0x2f,0x73,0x6f,0x64,0x69,0x70,
  0x6f,0x64,0x69,0x2e,0x73,0x6f,0x75,0x72,0x63,0x65,0x66,0x6f,0x72,0x67,0x65,0x2e,
  0x6e,0x65,0x74,0x2f,0x44,0x54,0x44,0x2f,0x73,0x6f,0x64,0x69,0x70,0x6f,0x64,0x69,
  0x2d,0x30,0x2e,0x64,0x74,0x64,0x22,0x20,0x78,0x6d,0x6c,0x6e,0x73,0x3a,0x73,0x76,
  0x67,0x3d,0x22,0x68,0x74,0x74,0x70,0x3a,0x2f,0x2f,0x77,0x77,0x77,0x2e,0x77,0x33,
  0x2e,0x6f,0x72,0x67,0x2f,0x32,0x30,0x30,0x30,0x2f,0x73,0x76,0x67,0x22,0x20,0x69,
  0x64,0x3d,0x22,0x73,0x76,0x67,0x32,0x22,0x20,0x68,0x65,0x69,0x67,0x68,0x74,0x3d,
  0x22,0x32,0x34,0x22,0x20,0x73,0x74,0x79,0x6c,0x65,0x3d,0x22,0x22,0x20,0x76,0x69,
  0x65,0x77,0x42,0x6f,0x78,0x3d,0x22,0x30,0x20,0x30,0x20,0x32,0x34,0x20,0x32,0x34,
  0x22,0x20,0x77,0x69,0x64,0x74,0x68,0x3d,0x22,0x32,0x34,0x22,0x20,0x73,0x6f,0x64,
  0x69,0x70,0x6f,0x64,0x69,0x3a,0x64,0x6f,0x63,0x6e,0x61,0x6d,0x65,0x3d,0x22,0x66,
  0x69,0x6e,0x67,0x65,0x72,0x70,0x72,0x69,0x6e,0x74,0x2e,0x73,0x76,0x67,0x22,0x20,
  0x69,0x6e,0x6b,0x73,0x63,0x61,0x70,0x65,0x3a,0x76,0x65,0x72,0x73,0x69,0x6f,0x6e,
  0x3d,0x22,0x31,0x2e,0x33,0x2e,0x32,0x20,0x28,0x30,0x39,0x31,0x65,0x32,0x30,0x65,
  0x66,0x30,0x66,0x2c,0x20,0x32,0x30,0x32,0x33,0x2d,0x31,0x31,0x2d,0x32,0x35,0x29,
  0x22,0x3e,0xa,0x20,0x20,0x3c,0x64,0x65,0x66,0x73,0x20,0x69,0x64,0x3d,0x22,0x64,
  0x65,0x66,0x73,0x33,0x30,0x35,0x31,0x22,0x3e,0xa,0x20,0x20,0x20,0x20,0x3c,0x73,
  0x74,0x79,0x6c,0x65,0x20,0x74,0x79,0x70,0x65,0x3d,0x22,0x74,0x65,0x78,0x74,0x2f,
  0x63,0x73,0x73,0x22,0x20,0x69,0x64,0x3d,0x22,0x63,0x75,0x72,0x72,0x65,0x6e,0x74,
  0x2d,0x63,0x6f,0x6c,0x6f,0x72,0x2d,0x73,0x63,0x68,0x65,0x6d,0x65,0x22,0x3e,0xa,
  0x20,0x20,0x20,0x20,0x20,0x20,0x20,0x20,0x20,0x20,0x20,0x20,0x2e,0x43,0x6f,0x6c,
  0x6f,0x72,0x53,0x63,0x68,0x65,0x6d,0x65,0x2d,0x54,0x65,0x78,0x74,0x20,0x7b,0xa,
  0x20,0x20,0x20,0x20,0x20,0x20,0x20,0x20,0x20,0x20,0x20,0x20,0x20,0x20,0x20,0x20,
  0x63,0x6f,0x6c,0x6f,0x72,0x3a,0x23,0x32,0x33,0x32,0x36,0x32,0x39,0x3b,0xa,0x20,
  0x20,0x20,0x20,0x20,0x20,0x20,0x20,0x20,0x20,0x20,0x20,0x7d,0xa,0x20,0x20,0x20,
  0x20,0x20,0x20,0x20,0x20,0x3c,0x2f,0x73,0x74,0x79,0x6c,0x65,0x3e,0xa,0x20,0x20,
  0x3c,0x2f,0x64,0x65,0x66,0x73,0x3e,0xa,0x20,0x20,0x3c,0x67,0x20,0x74,0x72,0x61,
  0x6e,0x73,0x66,0x6f,0x72,0x6d,0x3d,0x22,0x74,0x72,0x61,0x6e,0x73,0x6c,0x61,0x74,
  0x65,0x28,0x31,0x2c,0x31,0x29,0x22,0x3e,0xa,0x20,0x20,0x20,0x20,0x3c,0x70,0x61,
  0x74,0x68,0x20,0x69,0x64,0x3d,0x22,0x70,0x61,0x74,0x68,0x31,0x22,0x20,0x64,0x3d,
  0x22,0x6d,0x20,0x31,0x30,0x2e,0x39,0x36,0x34,0x38,0x34,0x34,0x20,0x32,0x2e,0x39,
  0x39,0x38,0x30,0x34,0x36,0x39,0x20,0x63,0x20,0x2d,0x31,0x2e,0x35,0x38,0x34,0x35,
  0x32,0x33,0x36,0x20,0x2d,0x2e,0x30,0x30,0x37,0x32,0x33,0x35,0x33,0x20,0x2d,0x32,
  0x2e,0x39,0x34,0x32,0x32,0x37,0x34,0x34,0x20,0x2e,0x32,0x38,0x35,0x37,0x33,0x39,
  0x34,0x20,0x2d,0x34,0x2e,0x31,0x37,0x37,0x37,0x33,0x34,0x36,0x20,0x2e,0x39,0x30,
  0x34,0x32,0x39,0x36,0x39,0x20,0x63,0x20,0x2d,0x2e,0x34,0x31,0x31,0x32,0x38,0x39,
  0x39,0x20,0x2e,0x32,0x30,0x35,0x39,0x31,0x30,0x39,0x20,0x2d,0x2e,0x34,0x37,0x35,
  0x38,0x34,0x33,0x34,0x20,0x2e,0x32,0x37,0x37,0x36,0x39,0x35,0x35,0x20,0x2d,0x2e,
  0x34,0x34,0x39,0x32,0x31,0x38,0x38,0x20,0x2e,0x35,0x20,0x63,0x20,0x2e,0x30,0x35,
  0x34,0x33,0x37,0x33,0x35,0x20,0x2e,0x34,0x35,0x33,0x37,0x30,0x36,0x37,0x20,0x2e,
  0x32,0x38,0x38,0x35,0x35,0x39,0x33,0x20,0x2e,0x34,0x39,0x38,0x38,0x38,0x33,0x20,
  0x2e,0x39,0x38,0x32,0x34,0x32,0x31,0x39,0x20,0x2e,0x31,0x38,0x37,0x35,0x20,0x63,
  0x20,0x31,0x2e,0x32,0x38,0x39,0x39,0x32,0x39,0x34,0x20,0x2d,0x2e,0x35,0x37,0x38,
  0x38,0x35,0x36,0x20,0x31,0x2e,0x39,0x31,0x37,0x38,0x34,0x35,0x33,0x20,0x2d,0x2e,
  0x37,0x30,0x33,0x33,0x31,0x30,0x39,0x20,0x33,0x2e,0x35,0x34,0x34,0x39,0x32,0x31,
  0x35,0x20,0x2d,0x2e,0x37,0x30,0x35,0x30,0x37,0x38,0x32,0x20,0x63,0x20,0x31,0x2e,
  0x38,0x36,0x37,0x33,0x36,0x36,0x20,0x2d,0x2e,0x30,0x30,0x31,0x35,0x33,0x20,0x32,
  0x2e,0x35,0x35,0x34,0x34,0x38,0x32,0x20,0x2e,0x31,0x35,0x38,0x31,0x37,0x31,0x38,
  0x20,0x34,0x2e,0x30,0x38,0x35,0x39,0x33,0x38,0x20,0x2e,0x39,0x35,0x31,0x31,0x37,
  0x31,0x39,0x20,0x63,0x20,0x2e,0x32,0x36,0x33,0x31,0x32,0x32,0x20,0x2e,0x31,0x33,
  0x36,0x30,0x35,0x37,0x31,0x20,0x31,0x2e,0x30,0x39,0x37,0x32,0x39,0x32,0x20,0x2e,
  0x37,0x37,0x38,0x39,0x33,0x32,0x33,0x20,0x31,0x2e,0x34,0x30,0x38,0x32,0x30,0x33,
  0x20,0x2e,0x34,0x33,0x33,0x35,0x39,0x33,0x37,0x20,0x63,0x20,0x2e,0x33,0x30,0x37,
  0x39,0x32,0x34,0x20,0x2d,0x2e,0x33,0x30,0x37,0x38,0x39,0x34,0x35,0x20,0x2e,0x31,
  0x34,0x34,0x35,0x31,0x33,0x20,0x2d,0x2e,0x35,0x36,0x30,0x39,0x31,0x34,0x32,0x20,
  0x2d,0x2e,0x36,0x34,0x38,0x34,0x33,0x37,0x20,0x2d,0x31,0x2e,0x30,0x31,0x31,0x37,
  0x31,0x38,0x37,0x20,0x63,0x20,0x2d,0x31,0x2e,0x35,0x36,0x33,0x38,0x30,0x31,0x20,
  0x2d,0x2e,0x38,0x38,0x39,0x30,0x34,0x33,0x31,0x20,0x2d,0x32,0x2e,0x39,0x33,0x30,
  0x35,0x31,0x32,0x20,0x2d,0x31,0x2e,0x32,0x35,0x31,0x31,0x36,0x35,0x33,0x20,0x2d,
  0x34,0x2e,0x37,0x34,0x36,0x30,0x39,0x34,0x20,0x2d,0x31,0x2e,0x32,0x35,0x39,0x37,
  0x36,0x35,0x36,0x20,0x7a,0x20,0x6d,0x20,0x2d,0x2e,0x30,0x34,0x36,0x38,0x37,0x35,
  0x20,0x31,0x2e,0x38,0x33,0x32,0x30,0x33,0x31,0x32,0x20,0x63,0x20,0x2d,0x32,0x2e,
  0x30,0x39,0x30,0x36,0x35,0x37,0x37,0x20,0x2d,0x2e,0x30,0x30,0x31,0x35,0x39,0x30,
  0x34,0x20,0x2d,0x34,0x2e,0x31,0x38,0x30,0x37,0x36,0x36,0x34,0x20,0x2e,0x38,0x32,
  0x35,0x36,0x35,0x35,0x39,0x20,0x2d,0x35,0x2e,0x37,0x31,0x32,0x38,0x39,0x30,0x39,
  0x20,0x32,0x2e,0x34,0x38,0x30,0x34,0x36,0x38,0x38,0x20,0x63,0x20,0x2d,0x2e,0x35,
  0x39,0x32,0x36,0x39,0x38,0x37,0x20,0x2e,0x36,0x34,0x30,0x31,0x36,0x39,0x20,0x2d,
  0x31,0x2e,0x32,0x38,0x33,0x32,0x30,0x33,0x31,0x20,0x31,0x2e,0x36,0x38,0x39,0x37,
  0x39,0x35,0x20,0x2d,0x31,0x2e,0x32,0x38,0x33,0x32,0x30,0x33,0x31,0x20,0x31,0x2e,
  0x39,0x34,0x39,0x32,0x31,0x38,0x37,0x20,0x63,0x20,0x30,0x20,0x2e,0x33,0x30,0x32,
  0x34,0x38,0x35,0x38,0x20,0x2e,0x31,0x32,0x33,0x34,0x34,0x35,0x31,0x20,0x2e,0x34,
  0x36,0x38,0x37,0x35,0x20,0x2e,0x33,0x34,0x39,0x36,0x30,0x39,0x34,0x20,0x2e,0x34,
  0x36,0x38,0x37,0x35,0x20,0x63,0x20,0x2e,0x31,0x37,0x37,0x32,0x37,0x38,0x38,0x20,
  0x30,0x20,0x2e,0x33,0x35,0x37,0x38,0x34,0x38,0x39,0x20,0x2d,0x2e,0x31,0x39,0x30,
  0x38,0x32,0x31,0x20,0x2e,0x37,0x38,0x37,0x31,0x30,0x39,0x34,0x20,0x2d,0x2e,0x38,
  0x33,0x35,0x39,0x33,0x37,0x35,0x20,0x63,0x20,0x2e,0x39,0x36,0x30,0x30,0x34,0x35,
  0x38,0x20,0x2d,0x31,0x2e,0x34,0x34,0x32,0x37,0x39,0x30,0x38,0x20,0x32,0x2e,0x32,
  0x30,0x35,0x31,0x33,0x38,0x39,0x20,0x2d,0x32,0x2e,0x34,0x30,0x30,0x36,0x32,0x30,
  0x34,0x20,0x33,0x2e,0x38,0x30,0x38,0x35,0x39,0x33,0x37,0x20,0x2d,0x32,0x2e,0x39,
  0x32,0x39,0x36,0x38,0x37,0x35,0x20,0x63,0x20,0x31,0x2e,0x32,0x34,0x33,0x35,0x34,
  0x31,0x35,0x20,0x2d,0x2e,0x34,0x30,0x35,0x38,0x36,0x31,0x34,0x20,0x32,0x2e,0x37,
  0x30,0x30,0x31,0x39,0x39,0x35,0x20,0x2d,0x2e,0x33,0x35,0x38,0x38,0x37,0x35,0x34,
  0x20,0x34,0x2e,0x30,0x39,0x39,0x36,0x30,0x39,0x35,0x20,0x30,0x20,0x63,0x20,0x31,
  0x2e,0x38,0x30,0x36,0x38,0x38,0x38,0x20,0x2e,0x35,0x39,0x33,0x38,0x39,0x34,0x38,
  0x20,0x33,0x2e,0x33,0x35,0x35,0x39,0x31,0x35,0x20,0x31,0x2e,0x39,0x31,0x36,0x32,
  0x37,0x39,0x20,0x34,0x2e,0x32,0x30,0x35,0x30,0x37,0x38,0x20,0x33,0x2e,0x35,0x38,
  0x39,0x38,0x34,0x33,0x38,0x20,0x63,0x20,0x2e,0x31,0x38,0x34,0x37,0x38,0x32,0x20,
  0x2e,0x33,0x36,0x34,0x31,0x35,0x31,0x35,0x20,0x2e,0x32,0x39,0x35,0x35,0x37,0x32,
  0x20,0x2e,0x34,0x37,0x36,0x35,0x36,0x32,0x36,0x20,0x2e,0x34,0x37,0x36,0x35,0x36,
  0x33,0x20,0x2e,0x34,0x37,0x36,0x35,0x36,0x32,0x36,0x20,0x63,0x20,0x2e,0x33,0x31,
  0x31,0x37,0x30,0x34,0x20,0x30,0x20,0x2e,0x34,0x39,0x35,0x33,0x30,0x33,0x20,0x2d,
  0x2e,0x32,0x33,0x33,0x34,0x34,0x20,0x2e,0x34,0x31,0x30,0x31,0x35,0x36,0x20,0x2d,
  0x2e,0x35,0x32,0x31,0x34,0x38,0x34,0x35,0x20,0x63,0x20,0x2d,0x2e,0x31,0x33,0x37,
  0x32,0x39,0x33,0x20,0x2d,0x2e,0x34,0x36,0x34,0x35,0x39,0x38,0x38,0x20,0x2d,0x2e,
  0x38,0x36,0x39,0x32,0x37,0x31,0x20,0x2d,0x31,0x2e,0x35,0x39,0x30,0x34,0x39,0x31,
  0x39,0x20,0x2d,0x31,0x2e,0x34,0x32,0x33,0x38,0x32,0x38,0x20,0x2d,0x32,0x2e,0x31,
  0x38,0x39,0x34,0x35,0x33,0x31,0x20,0x63,0x20,0x2d,0x31,0x2e,0x35,0x33,0x34,0x32,
  0x35,0x38,0x20,0x2d,0x31,0x2e,0x36,0x35,0x37,0x31,0x34,0x36,0x20,0x2d,0x33,0x2e,
  0x36,0x32,0x36,0x31,0x34,0x31,0x20,0x2d,0x32,0x2e,0x34,0x38,0x36,0x36,0x39,0x39,
  0x36,0x20,0x2d,0x35,0x2e,0x37,0x31,0x36,0x37,0x39,0x37,0x20,0x2d,0x32,0x2e,0x34,
  0x38,0x38,0x32,0x38,0x31,0x33,0x20,0x7a,0x20,0x6d,0x20,0x2e,0x30,0x39,0x37,0x36,
  0x35,0x36,0x20,0x31,0x2e,0x38,0x32,0x32,0x32,0x36,0x35,0x37,0x20,0x63,0x20,0x2d,
  0x2e,0x34,0x34,0x35,0x36,0x30,0x34,0x20,0x2d,0x2e,0x30,0x30,0x37,0x37,0x35,0x20,
  0x2d,0x2e,0x38,0x39,0x37,0x38,0x32,0x35,0x20,0x2e,0x30,0x33,0x34,0x34,0x38,0x37,
  0x36,0x20,0x2d,0x31,0x2e,0x33,0x34,0x39,0x36,0x30,0x39,0x34,0x20,0x2e,0x31,0x32,
  0x38,0x39,0x30,0x36,0x32,0x20,0x63,0x20,0x2d,0x32,0x2e,0x31,0x34,0x36,0x38,0x34,
  0x35,0x20,0x2e,0x34,0x34,0x38,0x37,0x34,0x32,0x35,0x20,0x2d,0x33,0x2e,0x39,0x34,
  0x31,0x32,0x32,0x32,0x31,0x20,0x32,0x2e,0x31,0x38,0x37,0x32,0x32,0x38,0x39,0x20,
  0x2d,0x34,0x2e,0x35,0x31,0x35,0x36,0x32,0x35,0x20,0x34,0x2e,0x33,0x37,0x35,0x20,
  0x63,0x20,0x2d,0x2e,0x33,0x30,0x34,0x38,0x32,0x35,0x35,0x20,0x31,0x2e,0x31,0x36,
  0x30,0x39,0x38,0x34,0x20,0x2d,0x2e,0x31,0x36,0x35,0x30,0x35,0x30,0x36,0x20,0x33,
  0x2e,0x30,0x35,0x37,0x34,0x32,0x31,0x20,0x2e,0x33,0x33,0x37,0x38,0x39,0x30,0x36,
  0x20,0x34,0x2e,0x35,0x37,0x34,0x32,0x31,0x39,0x20,0x63,0x20,0x2e,0x31,0x35,0x30,
  0x33,0x30,0x37,0x36,0x20,0x2e,0x34,0x35,0x33,0x32,0x38,0x38,0x20,0x2e,0x32,0x32,
  0x33,0x39,0x39,0x32,0x20,0x2e,0x35,0x34,0x37,0x31,0x37,0x33,0x20,0x2e,0x34,0x33,
  0x39,0x34,0x35,0x33,0x32,0x20,0x2e,0x35,0x37,0x32,0x32,0x36,0x35,0x20,0x63,0x20,
  0x2e,0x34,0x39,0x35,0x33,0x37,0x30,0x37,0x20,0x2e,0x30,0x35,0x37,0x35,0x37,0x20,
  0x2e,0x35,0x34,0x32,0x35,0x31,0x39,0x34,0x20,0x2d,0x2e,0x31,0x37,0x37,0x39,0x35,
  0x38,0x20,0x2e,0x32,0x34,0x36,0x30,0x39,0x33,0x37,0x20,0x2d,0x31,0x2e,0x32,0x30,
  0x33,0x31,0x32,0x35,0x20,0x63,0x20,0x2d,0x2e,0x38,0x34,0x38,0x31,0x39,0x37,0x33,
  0x20,0x2d,0x32,0x2e,0x39,0x33,0x33,0x34,0x32,0x33,0x20,0x2d,0x2e,0x31,0x31,0x37,
  0x33,0x36,0x37,0x20,0x2d,0x35,0x2e,0x34,0x32,0x38,0x32,0x37,0x35,0x31,0x20,0x31,
  0x2e,0x39,0x38,0x36,0x33,0x32,0x38,0x31,0x20,0x2d,0x36,0x2e,0x37,0x38,0x39,0x30,
  0x36,0x32,0x31,0x20,0x63,0x20,0x32,0x2e,0x30,0x37,0x39,0x38,0x38,0x31,0x38,0x20,
  0x2d,0x31,0x2e,0x33,0x34,0x35,0x33,0x38,0x34,0x33,0x20,0x34,0x2e,0x39,0x34,0x30,
  0x36,0x32,0x39,0x38,0x20,0x2d,0x2e,0x39,0x34,0x38,0x35,0x35,0x39,0x20,0x36,0x2e,
  0x35,0x36,0x38,0x33,0x35,0x39,0x38,0x20,0x2e,0x39,0x31,0x32,0x31,0x30,0x39,0x33,
  0x20,0x63,0x20,0x31,0x2e,0x30,0x32,0x30,0x30,0x30,0x35,0x20,0x31,0x2e,0x31,0x36,
  0x35,0x39,0x38,0x34,0x38,0x20,0x31,0x2e,0x35,0x37,0x39,0x38,0x37,0x32,0x20,0x33,
  0x2e,0x31,0x33,0x39,0x33,0x30,0x35,0x38,0x20,0x31,0x2e,0x31,0x33,0x34,0x37,0x36,
  0x35,0x20,0x33,0x2e,0x39,0x39,0x39,0x39,0x39,0x39,0x38,0x20,0x63,0x20,0x2d,0x2e,
  0x32,0x39,0x34,0x30,0x33,0x34,0x20,0x2e,0x35,0x36,0x38,0x35,0x39,0x38,0x20,0x2d,
  0x31,0x2e,0x30,0x30,0x39,0x35,0x39,0x31,0x20,0x2e,0x39,0x30,0x39,0x33,0x30,0x34,
  0x20,0x2d,0x31,0x2e,0x35,0x39,0x37,0x36,0x35,0x36,0x20,0x2e,0x37,0x36,0x31,0x37,
  0x31,0x39,0x20,0x63,0x20,0x2d,0x2e,0x34,0x32,0x39,0x37,0x34,0x35,0x20,0x2d,0x2e,
  0x31,0x30,0x37,0x38,0x35,0x31,0x20,0x2d,0x2e,0x39,0x34,0x30,0x36,0x35,0x32,0x20,
  0x2d,0x2e,0x36,0x33,0x35,0x38,0x33,0x32,0x20,0x2d,0x31,0x2e,0x30,0x30,0x35,0x38,
  0x35,0x39,0x20,0x2d,0x31,0x2e,0x30,0x34,0x31,0x30,0x31,0x36,0x20,0x63,0x20,0x2d,
  0x2e,0x32,0x33,0x30,0x31,0x32,0x33,0x20,0x2d,0x31,0x2e,0x34,0x32,0x39,0x38,0x34,
  0x34,0x20,0x2d,0x2e,0x35,0x35,0x34,0x37,0x36,0x31,0x20,0x2d,0x31,0x2e,0x39,0x38,
  0x38,0x32,0x39,0x39,0x20,0x2d,0x31,0x2e,0x33,0x37,0x36,0x39,0x35,0x34,0x20,0x2d,
  0x32,0x2e,0x33,0x37,0x31,0x30,0x39,0x33,0x20,0x63,0x20,0x2d,0x2e,0x37,0x30,0x31,
  0x33,0x35,0x33,0x20,0x2d,0x2e,0x33,0x32,0x36,0x35,0x35,0x20,0x2d,0x31,0x2e,0x32,
  0x38,0x34,0x33,0x38,0x35,0x20,0x2d,0x2e,0x33,0x31,0x37,0x33,0x34,0x35,0x20,0x2d,
  0x31,0x2e,0x39,0x37,0x32,0x36,0x35,0x35,0x38,0x20,0x2e,0x30,0x33,0x31,0x32,0x35,
  0x20,0x63,0x20,0x2d,0x2e,0x36,0x34,0x31,0x33,0x31,0x32,0x34,0x20,0x2e,0x33,0x32,
  0x34,0x38,0x32,0x33,0x20,0x2d,0x31,0x2e,0x31,0x33,0x32,0x39,0x32,0x30,0x32,0x20,
  0x2e,0x39,0x37,0x39,0x30,0x32,0x34,0x20,0x2d,0x31,0x2e,0x32,0x33,0x32,0x34,0x32,
  0x31,0x38,0x20,0x31,0x2e,0x36,0x34,0x32,0x35,0x37,0x38,0x20,0x63,0x20,0x2d,0x2e,
  0x30,0x33,0x35,0x39,0x30,0x36,0x20,0x2e,0x32,0x33,0x39,0x31,0x31,0x35,0x20,0x2d,
  0x2e,0x30,0x32,0x30,0x36,0x33,0x30,0x37,0x20,0x2e,0x37,0x35,0x37,0x36,0x37,0x31,
  0x20,0x2e,0x30,0x33,0x35,0x31,0x35,0x36,0x32,0x20,0x31,0x2e,0x31,0x35,0x30,0x33,
  0x39,0x20,0x63,0x20,0x2e,0x33,0x34,0x36,0x39,0x36,0x30,0x36,0x20,0x32,0x2e,0x34,
  0x34,0x36,0x32,0x37,0x31,0x20,0x32,0x2e,0x30,0x39,0x36,0x35,0x35,0x34,0x34,0x20,
  0x34,0x2e,0x33,0x38,0x31,0x32,0x34,0x37,0x20,0x34,0x2e,0x35,0x30,0x30,0x30,0x30,
  0x30,0x34,0x20,0x34,0x2e,0x39,0x37,0x36,0x35,0x36,0x33,0x20,0x63,0x20,0x2e,0x33,
  0x30,0x32,0x32,0x36,0x32,0x20,0x2e,0x30,0x37,0x34,0x38,0x34,0x20,0x2e,0x37,0x39,
  0x37,0x33,0x34,0x36,0x20,0x2e,0x31,0x32,0x37,0x35,0x35,0x34,0x20,0x31,0x2e,0x30,
  0x39,0x39,0x36,0x30,0x39,0x20,0x2e,0x31,0x31,0x37,0x31,0x38,0x37,0x20,0x6c,0x20,
  0x2e,0x35,0x34,0x38,0x38,0x32,0x38,0x20,0x2d,0x2e,0x30,0x31,0x37,0x35,0x37,0x38,
  0x20,0x63,0x20,0x2e,0x33,0x31,0x30,0x36,0x33,0x32,0x20,0x2d,0x2e,0x31,0x35,0x37,
  0x36,0x37,0x36,0x20,0x2e,0x33,0x32,0x37,0x36,0x33,0x32,0x20,0x2d,0x2e,0x35,0x32,
  0x32,0x32,0x38,0x20,0x30,0x20,0x2d,0x2e,0x37,0x30,0x31,0x31,0x37,0x32,0x20,0x6c,
  0x20,0x2d,0x2e,0x37,0x37,0x37,0x33,0x34,0x34,0x20,0x2d,0x2e,0x31,0x31,0x37,0x31,
  0x38,0x37,0x20,0x63,0x20,0x2d,0x2e,0x39,0x37,0x38,0x38,0x36,0x36,0x20,0x2d,0x2e,
  0x31,0x34,0x39,0x31,0x35,0x38,0x20,0x2d,0x31,0x2e,0x33,0x38,0x33,0x38,0x30,0x33,
  0x20,0x2d,0x2e,0x32,0x37,0x39,0x34,0x33,0x37,0x20,0x2d,0x32,0x2e,0x30,0x35,0x36,
  0x36,0x34,0x20,0x2d,0x2e,0x36,0x35,0x38,0x32,0x30,0x33,0x20,0x63,0x20,0x2d,0x31,
  0x2e,0x34,0x36,0x33,0x31,0x38,0x20,0x2d,0x2e,0x38,0x32,0x33,0x36,0x37,0x34,0x20,
  0x2d,0x32,0x2e,0x35,0x31,0x31,0x37,0x31,0x39,0x20,0x2d,0x32,0x2e,0x36,0x30,0x39,
  0x32,0x33,0x39,0x20,0x2d,0x32,0x2e,0x35,0x31,0x31,0x37,0x31,0x39,0x20,0x2d,0x34,
  0x2e,0x32,0x37,0x37,0x33,0x34,0x34,0x20,0x63,0x20,0x30,0x20,0x2d,0x2e,0x37,0x33,
  0x35,0x31,0x31,0x33,0x20,0x2e,0x32,0x37,0x38,0x37,0x38,0x38,0x34,0x20,0x2d,0x31,
  0x2e,0x31,0x36,0x34,0x36,0x36,0x33,0x20,0x2e,0x39,0x32,0x37,0x37,0x33,0x34,0x20,
  0x2d,0x31,0x2e,0x34,0x33,0x33,0x35,0x39,0x34,0x20,0x63,0x20,0x2e,0x34,0x36,0x38,
  0x39,0x30,0x35,0x20,0x2d,0x2e,0x31,0x39,0x34,0x33,0x33,0x33,0x20,0x2e,0x34,0x37,
  0x34,0x34,0x35,0x35,0x20,0x2d,0x2e,0x31,0x39,0x34,0x33,0x33,0x33,0x20,0x2e,0x39,
  0x34,0x33,0x33,0x36,0x20,0x30,0x20,0x63,0x20,0x2e,0x35,0x39,0x33,0x34,0x32,0x38,
  0x20,0x2e,0x32,0x34,0x35,0x39,0x33,0x20,0x2e,0x38,0x37,0x39,0x36,0x31,0x32,0x20,
  0x2e,0x36,0x35,0x38,0x34,0x32,0x38,0x20,0x2e,0x39,0x35,0x33,0x31,0x32,0x35,0x20,
  0x31,0x2e,0x33,0x37,0x31,0x30,0x39,0x34,0x20,0x63,0x20,0x2e,0x31,0x33,0x34,0x39,
  0x39,0x36,0x20,0x31,0x2e,0x33,0x30,0x37,0x39,0x31,0x37,0x20,0x31,0x2e,0x30,0x34,
  0x32,0x36,0x30,0x31,0x20,0x32,0x2e,0x31,0x36,0x37,0x39,0x36,0x39,0x20,0x32,0x2e,
  0x32,0x38,0x37,0x31,0x30,0x39,0x20,0x32,0x2e,0x31,0x36,0x37,0x39,0x36,0x39,0x20,
  0x63,0x20,0x2e,0x39,0x39,0x38,0x37,0x37,0x36,0x20,0x30,0x20,0x31,0x2e,0x38,0x34,
  0x30,0x35,0x34,0x39,0x20,0x2d,0x2e,0x36,0x34,0x37,0x31,0x37,0x31,0x20,0x32,0x2e,
  0x31,0x33,0x38,0x36,0x37,0x32,0x20,0x2d,0x31,0x2e,0x36,0x34,0x36,0x34,0x38,0x35,
  0x20,0x63,0x20,0x2e,0x32,0x39,0x31,0x37,0x38,0x34,0x20,0x2d,0x2e,0x39,0x37,0x37,
  0x39,0x39,0x32,0x20,0x2d,0x2e,0x31,0x30,0x31,0x30,0x36,0x32,0x20,0x2d,0x32,0x2e,
  0x36,0x32,0x31,0x36,0x35,0x35,0x20,0x2d,0x2e,0x39,0x32,0x33,0x38,0x32,0x38,0x20,
  0x2d,0x33,0x2e,0x38,0x37,0x31,0x30,0x39,0x33,0x34,0x20,0x63,0x20,0x2d,0x31,0x2e,
  0x30,0x39,0x30,0x33,0x39,0x35,0x20,0x2d,0x31,0x2e,0x36,0x35,0x35,0x38,0x34,0x37,
  0x37,0x20,0x2d,0x32,0x2e,0x38,0x39,0x35,0x32,0x32,0x31,0x20,0x2d,0x32,0x2e,0x36,
  0x32,0x30,0x37,0x35,0x34,0x39,0x20,0x2d,0x34,0x2e,0x38,0x32,0x36,0x31,0x37,0x32,
  0x20,0x2d,0x32,0x2e,0x36,0x35,0x34,0x32,0x39,0x36,0x38,0x20,0x7a,0x20,0x6d,0x20,
  0x2d,0x2e,0x30,0x36,0x34,0x34,0x35,0x33,0x20,0x31,0x2e,0x38,0x39,0x34,0x35,0x33,
  0x31,0x32,0x20,0x63,0x20,0x2d,0x2e,0x36,0x32,0x31,0x38,0x39,0x31,0x20,0x2e,0x30,
  0x30,0x37,0x38,0x35,0x39,0x31,0x20,0x2d,0x31,0x2e,0x32,0x36,0x31,0x30,0x33,0x34,
  0x31,0x20,0x2e,0x31,0x32,0x32,0x30,0x36,0x34,0x38,0x20,0x2d,0x31,0x2e,0x37,0x38,
  0x35,0x31,0x35,0x36,0x34,0x20,0x2e,0x33,0x32,0x36,0x31,0x37,0x31,0x39,0x20,0x63,
  0x20,0x2d,0x2e,0x38,0x30,0x38,0x31,0x34,0x32,0x31,0x20,0x2e,0x33,0x39,0x35,0x37,
  0x37,0x37,0x34,0x20,0x2d,0x31,0x2e,0x35,0x37,0x38,0x32,0x34,0x33,0x34,0x20,0x31,
  0x2e,0x31,0x38,0x36,0x34,0x34,0x36,0x31,0x20,0x2d,0x31,0x2e,0x39,0x37,0x36,0x35,
  0x36,0x32,0x35,0x20,0x32,0x2e,0x30,0x32,0x37,0x33,0x34,0x34,0x31,0x20,0x63,0x20,
  0x2d,0x2e,0x33,0x30,0x33,0x30,0x39,0x33,0x37,0x20,0x2e,0x36,0x33,0x39,0x38,0x33,
  0x32,0x20,0x2d,0x2e,0x33,0x32,0x30,0x35,0x30,0x30,0x37,0x20,0x2e,0x37,0x33,0x39,
  0x39,0x30,0x35,0x20,0x2d,0x2e,0x33,0x32,0x30,0x33,0x31,0x32,0x35,0x20,0x31,0x2e,
  0x38,0x32,0x36,0x31,0x37,0x31,0x20,0x63,0x20,0x2e,0x30,0x30,0x30,0x32,0x32,0x34,
  0x32,0x20,0x31,0x2e,0x33,0x33,0x36,0x34,0x33,0x31,0x20,0x2e,0x31,0x36,0x30,0x38,
  0x32,0x39,0x33,0x20,0x32,0x2e,0x30,0x34,0x35,0x39,0x33,0x39,0x20,0x2e,0x37,0x33,
  0x36,0x33,0x32,0x38,0x32,0x20,0x33,0x2e,0x32,0x34,0x36,0x30,0x39,0x34,0x20,0x63,
  0x20,0x2e,0x34,0x39,0x35,0x38,0x39,0x34,0x36,0x20,0x31,0x2e,0x30,0x33,0x34,0x31,
  0x33,0x32,0x20,0x31,0x2e,0x31,0x38,0x33,0x35,0x38,0x34,0x34,0x20,0x31,0x2e,0x39,
  0x33,0x36,0x37,0x38,0x33,0x20,0x31,0x2e,0x39,0x34,0x37,0x32,0x36,0x35,0x36,0x20,
  0x32,0x2e,0x35,0x35,0x34,0x36,0x38,0x38,0x20,0x63,0x20,0x2e,0x36,0x36,0x31,0x39,
  0x34,0x30,0x36,0x20,0x2e,0x35,0x33,0x35,0x35,0x38,0x37,0x20,0x2e,0x37,0x33,0x32,
  0x32,0x35,0x31,0x36,0x20,0x2e,0x35,0x36,0x30,0x38,0x36,0x37,0x20,0x31,0x2e,0x30,
  0x30,0x37,0x38,0x31,0x32,0x36,0x20,0x2e,0x33,0x35,0x39,0x33,0x37,0x35,0x20,0x63,
  0x20,0x2e,0x32,0x38,0x32,0x31,0x30,0x37,0x20,0x2d,0x2e,0x32,0x30,0x36,0x32,0x36,
  0x20,0x2e,0x31,0x32,0x34,0x36,0x38,0x35,0x20,0x2d,0x2e,0x35,0x36,0x31,0x30,0x38,
  0x20,0x2d,0x2e,0x34,0x34,0x35,0x33,0x31,0x33,0x20,0x2d,0x2e,0x39,0x39,0x38,0x30,
  0x34,0x37,0x20,0x63,0x20,0x2d,0x2e,0x36,0x31,0x38,0x30,0x32,0x31,0x32,0x20,0x2d,
  0x2e,0x34,0x37,0x33,0x37,0x38,0x38,0x20,0x2d,0x31,0x2e,0x32,0x38,0x35,0x37,0x38,
  0x33,0x39,0x20,0x2d,0x31,0x2e,0x33,0x32,0x39,0x37,0x36,0x35,0x20,0x2d,0x31,0x2e,
  0x37,0x33,0x36,0x33,0x32,0x37,0x38,0x20,0x2d,0x32,0x2e,0x32,0x32,0x38,0x35,0x31,
  0x36,0x20,0x63,0x20,0x2d,0x2e,0x37,0x34,0x30,0x30,0x34,0x38,0x36,0x20,0x2d,0x31,
  0x2e,0x34,0x37,0x36,0x32,0x31,0x37,0x20,0x2d,0x2e,0x39,0x32,0x35,0x37,0x36,0x34,
  0x38,0x20,0x2d,0x33,0x2e,0x33,0x30,0x31,0x31,0x39,0x38,0x20,0x2d,0x2e,0x34,0x34,
  0x33,0x33,0x35,0x39,0x33,0x20,0x2d,0x34,0x2e,0x33,0x34,0x35,0x37,0x30,0x33,0x20,
  0x63,0x20,0x2e,0x33,0x35,0x30,0x31,0x30,0x39,0x34,0x20,0x2d,0x2e,0x37,0x35,0x38,
  0x30,0x36,0x31,0x20,0x2e,0x38,0x38,0x33,0x37,0x37,0x35,0x33,0x20,0x2d,0x31,0x2e,
  0x33,0x32,0x33,0x39,0x34,0x39,0x32,0x20,0x31,0x2e,0x35,0x36,0x34,0x34,0x35,0x33,
  0x31,0x20,0x2d,0x31,0x2e,0x36,0x35,0x38,0x32,0x30,0x33,0x20,0x63,0x20,0x2e,0x38,
  0x31,0x37,0x38,0x30,0x39,0x20,0x2d,0x2e,0x34,0x30,0x31,0x35,0x39,0x36,0x36,0x20,
  0x32,0x2e,0x30,0x31,0x32,0x32,0x36,0x39,0x20,0x2d,0x2e,0x34,0x30,0x31,0x35,0x39,
  0x36,0x36,0x20,0x32,0x2e,0x38,0x33,0x30,0x30,0x37,0x38,0x20,0x30,0x20,0x63,0x20,
  0x2e,0x39,0x37,0x36,0x31,0x30,0x39,0x20,0x2e,0x34,0x37,0x39,0x33,0x32,0x34,0x20,
  0x31,0x2e,0x35,0x39,0x39,0x33,0x33,0x33,0x20,0x31,0x2e,0x33,0x35,0x33,0x35,0x31,
  0x39,0x20,0x31,0x2e,0x38,0x32,0x30,0x33,0x31,0x33,0x20,0x32,0x2e,0x35,0x35,0x30,
  0x37,0x38,0x31,0x20,0x63,0x20,0x2e,0x31,0x33,0x31,0x39,0x20,0x2e,0x37,0x31,0x34,
  0x36,0x36,0x34,0x20,0x2e,0x33,0x33,0x32,0x30,0x36,0x38,0x20,0x2e,0x39,0x35,0x32,
  0x32,0x33,0x34,0x20,0x2e,0x36,0x33,0x36,0x37,0x31,0x38,0x20,0x2e,0x37,0x35,0x35,
  0x38,0x36,0x20,0x63,0x20,0x2e,0x31,0x34,0x31,0x31,0x36,0x34,0x20,0x2d,0x2e,0x30,
  0x39,0x30,0x39,0x39,0x20,0x2e,0x31,0x37,0x31,0x33,0x33,0x37,0x20,0x2d,0x2e,0x32,
  0x34,0x32,0x38,0x32,0x39,0x20,0x2e,0x31,0x35,0x38,0x32,0x30,0x33,0x20,0x2d,0x2e,
  0x37,0x38,0x37,0x31,0x31,0x20,0x63,0x20,0x2d,0x2e,0x30,0x33,0x31,0x39,0x31,0x34,
  0x20,0x2d,0x31,0x2e,0x33,0x32,0x33,0x30,0x38,0x39,0x20,0x2d,0x2e,0x39,0x35,0x37,
  0x38,0x33,0x34,0x20,0x2d,0x32,0x2e,0x36,0x35,0x31,0x31,0x39,0x37,0x32,0x20,0x2d,
  0x32,0x2e,0x33,0x31,0x32,0x35,0x20,0x2d,0x33,0x2e,0x33,0x31,0x36,0x34,0x30,0x36,
  0x20,0x63,0x20,0x2d,0x2e,0x34,0x35,0x34,0x37,0x34,0x33,0x20,0x2d,0x2e,0x32,0x32,
  0x31,0x32,0x36,0x30,0x39,0x20,0x2d,0x31,0x2e,0x30,0x35,0x39,0x37,0x34,0x39,0x20,
  0x2d,0x2e,0x33,0x32,0x30,0x33,0x36,0x36,0x32,0x20,0x2d,0x31,0x2e,0x36,0x38,0x31,
  0x36,0x34,0x20,0x2d,0x2e,0x33,0x31,0x32,0x35,0x20,0x7a,0x20,0x6d,0x20,0x2d,0x2e,
  0x30,0x30,0x33,0x39,0x30,0x36,0x20,0x33,0x2e,0x36,0x31,0x35,0x32,0x33,0x34,0x20,
  0x63,0x20,0x2d,0x2e,0x30,0x37,0x32,0x31,0x33,0x34,0x20,0x2d,0x2e,0x30,0x30,0x31,
  0x34,0x36,0x35,0x20,0x2d,0x2e,0x31,0x35,0x33,0x30,0x33,0x33,0x20,0x2e,0x30,0x32,
  0x33,0x35,0x30,0x39,0x20,0x2d,0x2e,0x32,0x34,0x34,0x31,0x34,0x31,0x20,0x2e,0x30,
  0x37,0x32,0x32,0x36,0x36,0x20,0x63,0x20,0x2d,0x2e,0x31,0x39,0x31,0x32,0x38,0x31,
  0x20,0x2e,0x31,0x30,0x32,0x34,0x30,0x32,0x20,0x2d,0x2e,0x32,0x30,0x38,0x38,0x32,
  0x39,0x20,0x2e,0x31,0x37,0x34,0x30,0x37,0x35,0x20,0x2d,0x2e,0x31,0x36,0x32,0x31,
  0x30,0x39,0x20,0x2e,0x37,0x32,0x36,0x35,0x36,0x33,0x20,0x63,0x20,0x2e,0x31,0x34,
  0x37,0x37,0x35,0x35,0x20,0x31,0x2e,0x37,0x34,0x38,0x30,0x38,0x38,0x20,0x31,0x2e,
  0x34,0x36,0x34,0x34,0x35,0x32,0x20,0x33,0x2e,0x32,0x35,0x32,0x35,0x36,0x20,0x33,
  0x2e,0x31,0x37,0x31,0x38,0x37,0x35,0x20,0x33,0x2e,0x36,0x32,0x35,0x20,0x63,0x20,
  0x2e,0x37,0x35,0x37,0x33,0x30,0x31,0x20,0x2e,0x31,0x36,0x35,0x31,0x32,0x34,0x20,
  0x2e,0x39,0x36,0x30,0x36,0x31,0x36,0x20,0x2e,0x31,0x36,0x32,0x34,0x32,0x33,0x20,
  0x31,0x2e,0x31,0x34,0x32,0x35,0x37,0x38,0x20,0x2d,0x2e,0x30,0x31,0x39,0x35,0x33,
  0x32,0x20,0x63,0x20,0x2e,0x33,0x36,0x33,0x34,0x32,0x39,0x20,0x2d,0x2e,0x33,0x36,
  0x33,0x34,0x31,0x36,0x20,0x2e,0x31,0x31,0x39,0x35,0x31,0x39,0x20,0x2d,0x2e,0x36,
  0x35,0x32,0x37,0x30,0x36,0x20,0x2d,0x2e,0x36,0x33,0x34,0x37,0x36,0x36,0x20,0x2d,
  0x2e,0x37,0x35,0x35,0x38,0x35,0x39,0x20,0x63,0x20,0x2d,0x31,0x2e,0x35,0x34,0x31,
  0x36,0x39,0x33,0x20,0x2d,0x2e,0x32,0x31,0x30,0x38,0x33,0x20,0x2d,0x32,0x2e,0x36,
  0x38,0x37,0x38,0x30,0x36,0x20,0x2d,0x31,0x2e,0x33,0x38,0x37,0x38,0x37,0x37,0x20,
  0x2d,0x32,0x2e,0x38,0x37,0x31,0x30,0x39,0x34,0x20,0x2d,0x32,0x2e,0x39,0x34,0x37,
  0x32,0x36,0x36,0x20,0x63,0x20,0x2d,0x2e,0x30,0x35,0x34,0x36,0x37,0x31,0x20,0x2d,
  0x2e,0x34,0x36,0x35,0x30,0x34,0x36,0x20,0x2d,0x2e,0x31,0x38,0x35,0x39,0x34,0x33,
  0x20,0x2d,0x2e,0x36,0x39,0x36,0x37,0x37,0x36,0x20,0x2d,0x2e,0x34,0x30,0x32,0x33,
  0x34,0x33,0x20,0x2d,0x2e,0x37,0x30,0x31,0x31,0x37,0x32,0x20,0x7a,0x22,0x20,0x63,
  0x6c,0x61,0x73,0x73,0x3d,0x22,0x43,0x6f,0x6c,0x6f,0x72,0x53,0x63,0x68,0x65,0x6d,
  0x65,0x2d,0x54,0x65,0x78,0x74,0x22,0x20,0x66,0x69,0x6c,0x6c,0x3d,0x22,0x63,0x75,
  0x72,0x72,0x65,0x6e,0x74,0x43,0x6f,0x6c,0x6f,0x72,0x22,0x2f,0x3e,0xa,0x20,0x20,
  0x3c,0x2f,0x67,0x3e,0xa,0x3c,0x2f,0x73,0x76,0x67,0x3e,0xa,
    // configure.svg
  0x0,0x0,0x3,0xb9,
  0x3c,
  0x73,0x76,0x67,0x20,0x78,0x6d,0x6c,0x6e,0x73,0x3d,0x22,0x68,0x74,0x74,0x70,0x3a,
  0x2f,0x2f,0x77,0x77,0x77,0x2e,0x77,0x33,0x2e,0x6f,0x72,0x67,0x2f,0x32,0x30,0x30,
  0x30,0x2f,0x73,0x76,0x67,0x22,0x20,0x76,0x69,0x65,0x77,0x42,0x6f,0x78,0x3d,0x22,
  0x30,0x20,0x30,0x20,0x32,0x34,0x20,0x32,0x34,0x22,0x20,0x77,0x69,0x64,0x74,0x68,
  0x3d,0x22,0x32,0x34,0x22,0x20,0x68,0x65,0x69,0x67,0x68,0x74,0x3d,0x22,0x32,0x34,
  0x22,0x3e,0xa,0x20,0x20,0x3c,0x64,0x65,0x66,0x73,0x20,0x69,0x64,0x3d,0x22,0x64,
  0x65,0x66,0x73,0x33,0x30,0x35,0x31,0x22,0x3e,0xa,0x20,0x20,0x20,0x20,0x3c,0x73,
  0x74,0x79,0x6c,0x65,0x20,0x74,0x79,0x70,0x65,0x3d,0x22,0x74,0x65,0x78,0x74,0x2f,
  0x63,0x73,0x73,0x22,0x20,0x69,0x64,0x3d,0x22,0x63,0x75,0x72,0x72,0x65,0x6e,0x74,
  0x2d,0x63,0x6f,0x6c,0x6f,0x72,0x2d,0x73,0x63,0x68,0x65,0x6d,0x65,0x22,0x3e,0xa,
  0x20,0x20,0x20,0x20,0x20,0x20,0x2e,0x43,0x6f,0x6c,0x6f,0x72,0x53,0x63,0x68,0x65,
  0x6d,0x65,0x2d,0x54,0x65,0x78,0x74,0x20,0x7b,0xa,0x20,0x20,0x20,0x20,0x20,0x20,
  0x20,0x20,0x63,0x6f,0x6c,0x6f,0x72,0x3a,0x23,0x32,0x33,0x32,0x36,0x32,0x39,0x3b,
  0xa,0x20,0x20,0x20,0x20,0x20,0x20,0x7d,0xa,0x20,0x20,0x20,0x20,0x20,0x20,0x3c,
  0x2f,0x73,0x74,0x79,0x6c,0x65,0x3e,0xa,0x20,0x20,0x3c,0x2f,0x64,0x65,0x66,0x73,
  0x3e,0xa,0x20,0x20,0x3c,0x67,0x20,0x74,0x72,0x61,0x6e,0x73,0x66,0x6f,0x72,0x6d,
  0x3d,0x22,0x74,0x72,0x61,0x6e,0x73,0x6c,0x61,0x74,0x65,0x28,0x31,0x2c,0x31,0x29,
  0x22,0x3e,0xa,0x20,0x20,0x20,0x20,0x3c,0x70,0x61,0x74,0x68,0x20,0x73,0x74,0x79,
  0x6c,0x65,0x3d,0x22,0x66,0x69,0x6c,0x6c,0x3a,0x63,0x75,0x72,0x72,0x65,0x6e,0x74,
  0x43,0x6f,0x6c,0x6f,0x72,0x3b,0x66,0x69,0x6c,0x6c,0x2d,0x6f,0x70,0x61,0x63,0x69,
  0x74,0x79,0x3a,0x31,0x3b,0x73,0x74,0x72,0x6f,0x6b,0x65,0x3a,0x6e,0x6f,0x6e,0x65,
  0x22,0x20,0x64,0x3d,0x22,0x4d,0x20,0x31,0x31,0x2e,0x35,0x20,0x33,0x20,0x43,0x20,
  0x31,0x30,0x2e,0x32,0x38,0x36,0x31,0x33,0x39,0x20,0x33,0x20,0x39,0x2e,0x32,0x38,
  0x30,0x39,0x37,0x37,0x38,0x20,0x33,0x2e,0x38,0x35,0x35,0x39,0x32,0x37,0x39,0x20,
  0x39,0x2e,0x30,0x35,0x30,0x37,0x38,0x31,0x32,0x20,0x35,0x20,0x4c,0x20,0x33,0x20,
  0x35,0x20,0x4c,0x20,0x33,0x20,0x36,0x20,0x4c,0x20,0x39,0x2e,0x30,0x35,0x30,0x37,
  0x38,0x31,0x32,0x20,0x36,0x20,0x43,0x20,0x39,0x2e,0x32,0x38,0x30,0x39,0x37,0x37,
  0x38,0x20,0x37,0x2e,0x31,0x34,0x34,0x30,0x37,0x32,0x31,0x20,0x31,0x30,0x2e,0x32,
  0x38,0x36,0x31,0x33,0x39,0x20,0x38,0x20,0x31,0x31,0x2e,0x35,0x20,0x38,0x20,0x43,
  0x20,0x31,0x32,0x2e,0x37,0x31,0x33,0x38,0x36,0x31,0x20,0x38,0x20,0x31,0x33,0x2e,
  0x37,0x31,0x39,0x30,0x32,0x32,0x20,0x37,0x2e,0x31,0x34,0x34,0x30,0x37,0x32,0x31,
  0x20,0x31,0x33,0x2e,0x39,0x34,0x39,0x32,0x31,0x39,0x20,0x36,0x20,0x4c,0x20,0x31,
  0x39,0x20,0x36,0x20,0x4c,0x20,0x31,0x39,0x20,0x35,0x20,0x4c,0x20,0x31,0x33,0x2e,
  0x39,0x34,0x39,0x32,0x31,0x39,0x20,0x35,0x20,0x43,0x20,0x31,0x33,0x2e,0x37,0x31,
  0x39,0x30,0x32,0x32,0x20,0x33,0x2e,0x38,0x35,0x35,0x39,0x32,0x37,0x39,0x20,0x31,
  0x32,0x2e,0x37,0x31,0x33,0x38,0x36,0x31,0x20,0x33,0x20,0x31,0x31,0x2e,0x35,0x20,
  0x33,0x20,0x7a,0x20,0x4d,0x20,0x35,0x2e,0x35,0x20,0x31,0x34,0x20,0x43,0x20,0x34,
  0x2e,0x31,0x31,0x34,0x39,0x39,0x39,0x39,0x20,0x31,0x34,0x20,0x33,0x20,0x31,0x35,
  0x2e,0x31,0x31,0x35,0x20,0x33,0x20,0x31,0x36,0x2e,0x35,0x20,0x43,0x20,0x33,0x20,
  0x31,0x37,0x2e,0x38,0x38,0x35,0x20,0x34,0x2e,0x31,0x31,0x34,0x39,0x39,0x39,0x39,
  0x20,0x31,0x39,0x20,0x35,0x2e,0x35,0x20,0x31,0x39,0x20,0x43,0x20,0x36,0x2e,0x37,
  0x31,0x33,0x38,0x36,0x30,0x34,0x20,0x31,0x39,0x20,0x37,0x2e,0x37,0x31,0x39,0x30,
  0x32,0x32,0x33,0x20,0x31,0x38,0x2e,0x31,0x34,0x34,0x30,0x37,0x32,0x20,0x37,0x2e,
  0x39,0x34,0x39,0x32,0x31,0x38,0x38,0x20,0x31,0x37,0x20,0x4c,0x20,0x31,0x39,0x20,
  0x31,0x37,0x20,0x4c,0x20,0x31,0x39,0x20,0x31,0x36,0x20,0x4c,0x20,0x37,0x2e,0x39,
  0x34,0x39,0x32,0x31,0x38,0x38,0x20,0x31,0x36,0x20,0x43,0x20,0x37,0x2e,0x37,0x31,
  0x39,0x30,0x32,0x32,0x33,0x20,0x31,0x34,0x2e,0x38,0x35,0x35,0x39,0x32,0x38,0x20,
  0x36,0x2e,0x37,0x31,0x33,0x38,0x36,0x30,0x34,0x20,0x31,0x34,0x20,0x35,0x2e,0x35,
  0x20,0x31,0x34,0x20,0x7a,0x20,0x4d,0x20,0x35,0x2e,0x35,0x20,0x31,0x35,0x20,0x43,
  0x20,0x36,0x2e,0x33,0x33,0x31,0x30,0x30,0x30,0x31,0x20,0x31,0x35,0x20,0x37,0x20,
  0x31,0x35,0x2e,0x36,0x36,0x39,0x20,0x37,0x20,0x31,0x36,0x2e,0x35,0x20,0x43,0x20,
  0x37,0x20,0x31,0x37,0x2e,0x33,0x33,0x31,0x20,0x36,0x2e,0x33,0x33,0x31,0x30,0x30,
  0x30,0x31,0x20,0x31,0x38,0x20,0x35,0x2e,0x35,0x20,0x31,0x38,0x20,0x43,0x20,0x34,
  0x2e,0x36,0x36,0x38,0x39,0x39,0x39,0x39,0x20,0x31,0x38,0x20,0x34,0x20,0x31,0x37,
  0x2e,0x33,0x33,0x31,0x20,0x34,0x20,0x31,0x36,0x2e,0x35,0x20,0x43,0x20,0x34,0x20,
  0x31,0x35,0x2e,0x36,0x36,0x39,0x20,0x34,0x2e,0x36,0x36,0x38,0x39,0x39,0x39,0x39,
  0x20,0x31,0x35,0x20,0x35,0x2e,0x35,0x20,0x31,0x35,0x20,0x7a,0x20,0x22,0x20,0x63,
  0x6c,0x61,0x73,0x73,0x3d,0x22,0x43,0x6f,0x6c,0x6f,0x72,0x53,0x63,0x68,0x65,0x6d,
  0x65,0x2d,0x54,0x65,0x78,0x74,0x22,0x2f,0x3e,0xa,0x20,0x20,0x3c,0x2f,0x67,0x3e,
  0xa,0x3c,0x2f,0x73,0x76,0x67,0x3e,0xa,
    // view-refresh.svg
  0x0,0x0,0x2,0x57,
  0x3c,
  0x73,0x76,0x67,0x20,0x78,0x6d,0x6c,0x6e,0x73,0x3d,0x22,0x68,0x74,0x74,0x70,0x3a,
  0x2f,0x2f,0x77,0x77,0x77,0x2e,0x77,0x33,0x2e,0x6f,0x72,0x67,0x2f,0x32,0x30,0x30,
  0x30,0x2f,0x73,0x76,0x67,0x22,0x20,0x76,0x65,0x72,0x73,0x69,0x6f,0x6e,0x3d,0x22,
  0x31,0x2e,0x31,0x22,0x20,0x76,0x69,0x65,0x77,0x42,0x6f,0x78,0x3d,0x22,0x30,0x20,
  0x30,0x20,0x32,0x34,0x20,0x32,0x34,0x22,0x20,0x77,0x69,0x64,0x74,0x68,0x3d,0x22,
  0x32,0x34,0x22,0x20,0x68,0x65,0x69,0x67,0x68,0x74,0x3d,0x22,0x32,0x34,0x22,0x3e,
  0xa,0x20,0x20,0x3c,0x64,0x65,0x66,0x73,0x3e,0xa,0x20,0x20,0x20,0x20,0x3c,0x73,
  0x74,0x79,0x6c,0x65,0x20,0x74,0x79,0x70,0x65,0x3d,0x22,0x74,0x65,0x78,0x74,0x2f,
  0x63,0x73,0x73,0x22,0x20,0x69,0x64,0x3d,0x22,0x63,0x75,0x72,0x72,0x65,0x6e,0x74,
  0x2d,0x63,0x6f,0x6c,0x6f,0x72,0x2d,0x73,0x63,0x68,0x65,0x6d,0x65,0x22,0x3e,0x20,
  0x2e,0x43,0x6f,0x6c,0x6f,0x72,0x53,0x63,0x68,0x65,0x6d,0x65,0x2d,0x54,0x65,0x78,
  0x74,0x20,0x7b,0x20,0x63,0x6f,0x6c,0x6f,0x72,0x3a,0x23,0x32,0x33,0x32,0x36,0x32,
  0x39,0x3b,0x20,0x7d,0x20,0x3c,0x2f,0x73,0x74,0x79,0x6c,0x65,0x3e,0xa,0x20,0x20,
  0x3c,0x2f,0x64,0x65,0x66,0x73,0x3e,0xa,0x20,0x20,0x3c,0x67,0x20,0x74,0x72,0x61,
  0x6e,0x73,0x66,0x6f,0x72,0x6d,0x3d,0x22,0x74,0x72,0x61,0x6e,0x73,0x6c,0x61,0x74,
  0x65,0x28,0x31,0x2c,0x31,0x29,0x22,0x3e,0xa,0x20,0x20,0x20,0x20,0x3c,0x70,0x61,
  0x74,0x68,0x20,0x64,0x3d,0x22,0x6d,0x31,0x31,0x20,0x33,0x61,0x38,0x20,0x38,0x20,
  0x30,0x20,0x30,0x20,0x30,0x2d,0x37,0x2e,0x39,0x32,0x37,0x37,0x33,0x34,0x34,0x20,
  0x37,0x68,0x31,0x2e,0x30,0x30,0x35,0x38,0x35,0x39,0x34,0x61,0x37,0x20,0x37,0x20,
  0x30,0x20,0x30,0x20,0x31,0x20,0x36,0x2e,0x39,0x32,0x31,0x38,0x37,0x35,0x2d,0x36,
  0x20,0x37,0x20,0x37,0x20,0x30,0x20,0x30,0x20,0x31,0x20,0x36,0x2e,0x33,0x32,0x30,
  0x33,0x31,0x32,0x20,0x34,0x68,0x2d,0x33,0x2e,0x33,0x32,0x30,0x33,0x31,0x32,0x76,
  0x31,0x68,0x35,0x76,0x2d,0x31,0x2d,0x34,0x68,0x2d,0x31,0x76,0x33,0x2e,0x31,0x36,
  0x37,0x39,0x36,0x38,0x38,0x61,0x38,0x20,0x38,0x20,0x30,0x20,0x30,0x20,0x30,0x2d,
  0x37,0x2d,0x34,0x2e,0x31,0x36,0x37,0x39,0x36,0x38,0x38,0x7a,0x6d,0x36,0x2e,0x39,
  0x32,0x31,0x38,0x37,0x35,0x20,0x39,0x61,0x37,0x20,0x37,0x20,0x30,0x20,0x30,0x20,
  0x31,0x2d,0x36,0x2e,0x39,0x32,0x31,0x38,0x37,0x35,0x20,0x36,0x20,0x37,0x20,0x37,
  0x20,0x30,0x20,0x30,0x20,0x31,0x2d,0x36,0x2e,0x33,0x31,0x30,0x35,0x34,0x36,0x39,
  0x2d,0x34,0x68,0x33,0x2e,0x33,0x31,0x30,0x35,0x34,0x36,0x39,0x76,0x2d,0x31,0x68,
  0x2d,0x35,0x76,0x31,0x20,0x34,0x68,0x31,0x76,0x2d,0x33,0x2e,0x31,0x39,0x35,0x33,
  0x31,0x32,0x61,0x38,0x20,0x38,0x20,0x30,0x20,0x30,0x20,0x30,0x20,0x37,0x20,0x34,
  0x2e,0x31,0x39,0x35,0x33,0x31,0x32,0x20,0x38,0x20,0x38,0x20,0x30,0x20,0x30,0x20,
  0x30,0x20,0x37,0x2e,0x39,0x32,0x37,0x37,0x33,0x34,0x2d,0x37,0x68,0x2d,0x31,0x2e,
  0x30,0x30,0x35,0x38,0x35,0x39,0x7a,0x22,0x20,0x63,0x6c,0x61,0x73,0x73,0x3d,0x22,
  0x43,0x6f,0x6c,0x6f,0x72,0x53,0x63,0x68,0x65,0x6d,0x65,0x2d,0x54,0x65,0x78,0x74,
  0x22,0x20,0x66,0x69,0x6c,0x6c,0x3d,0x22,0x63,0x75,0x72,0x72,0x65,0x6e,0x74,0x43,
  0x6f,0x6c,0x6f,0x72,0x22,0x2f,0x3e,0xa,0x20,0x20,0x3c,0x2f,0x67,0x3e,0xa,0x3c,
  0x2f,0x73,0x76,0x67,0x3e,0xa,
    // system-run.svg
  0x0,0x0,0x2,0x24,
  0x3c,
  0x73,0x76,0x67,0x20,0x78,0x6d,0x6c,0x6e,0x73,0x3d,0x22,0x68,0x74,0x74,0x70,0x3a,
  0x2f,0x2f,0x77,0x77,0x77,0x2e,0x77,0x33,0x2e,0x6f,0x72,0x67,0x2f,0x32,0x30,0x30,
  0x30,0x2f,0x73,0x76,0x67,0x22,0x20,0x76,0x69,0x65,0x77,0x42,0x6f,0x78,0x3d,0x22,
  0x30,0x20,0x30,0x20,0x32,0x34,0x20,0x32,0x34,0x22,0x20,0x77,0x69,0x64,0x74,0x68,
  0x3d,0x22,0x32,0x34,0x22,0x20,0x68,0x65,0x69,0x67,0x68,0x74,0x3d,0x22,0x32,0x34,
  0x22,0x3e,0xa,0x20,0x20,0x3c,0x64,0x65,0x66,0x73,0x20,0x69,0x64,0x3d,0x22,0x64,
  0x65,0x66,0x73,0x33,0x30,0x35,0x31,0x22,0x3e,0xa,0x20,0x20,0x20,0x20,0x3c,0x73,
  0x74,0x79,0x6c,0x65,0x20,0x74,0x79,0x70,0x65,0x3d,0x22,0x74,0x65,0x78,0x74,0x2f,
  0x63,0x73,0x73,0x22,0x20,0x69,0x64,0x3d,0x22,0x63,0x75,0x72,0x72,0x65,0x6e,0x74,
  0x2d,0x63,0x6f,0x6c,0x6f,0x72,0x2d,0x73,0x63,0x68,0x65,0x6d,0x65,0x22,0x3e,0xa,
  0x20,0x20,0x20,0x20,0x20,0x20,0x2e,0x43,0x6f,0x6c,0x6f,0x72,0x53,0x63,0x68,0x65,
  0x6d,0x65,0x2d,0x54,0x65,0x78,0x74,0x20,0x7b,0xa,0x20,0x20,0x20,0x20,0x20,0x20,
  0x20,0x20,0x63,0x6f,0x6c,0x6f,0x72,0x3a,0x23,0x32,0x33,0x32,0x36,0x32,0x39,0x3b,
  0xa,0x20,0x20,0x20,0x20,0x20,0x20,0x7d,0xa,0x20,0x20,0x20,0x20,0x20,0x20,0x3c,
  0x2f,0x73,0x74,0x79,0x6c,0x65,0x3e,0xa,0x20,0x20,0x3c,0x2f,0x64,0x65,0x66,0x73,
  0x3e,0xa,0x20,0x20,0x3c,0x67,0x20,0x74,0x72,0x61,0x6e,0x73,0x66,0x6f,0x72,0x6d,
  0x3d,0x22,0x74,0x72,0x61,0x6e,0x73,0x6c,0x61,0x74,0x65,0x28,0x31,0x2c,0x31,0x29,
  0x22,0x3e,0xa,0x20,0x20,0x20,0x20,0x3c,0x70,0x61,0x74,0x68,0x20,0x73,0x74,0x79,
  0x6c,0x65,0x3d,0x22,0x66,0x69,0x6c,0x6c,0x3a,0x63,0x75,0x72,0x72,0x65,0x6e,0x74,
  0x43,0x6f,0x6c,0x6f,0x72,0x3b,0x66,0x69,0x6c,0x6c,0x2d,0x6f,0x70,0x61,0x63,0x69,
  0x74,0x79,0x3a,0x31,0x3b,0x73,0x74,0x72,0x6f,0x6b,0x65,0x3a,0x6e,0x6f,0x6e,0x65,
  0x22,0x20,0x64,0x3d,0x22,0x4d,0x20,0x33,0x20,0x33,0x20,0x4c,0x20,0x33,0x20,0x37,
  0x20,0x4c,0x20,0x33,0x20,0x31,0x38,0x20,0x4c,0x20,0x33,0x20,0x31,0x39,0x20,0x4c,
  0x20,0x31,0x33,0x20,0x31,0x39,0x20,0x4c,0x20,0x31,0x39,0x20,0x31,0x39,0x20,0x4c,
  0x20,0x31,0x39,0x20,0x31,0x38,0x20,0x4c,0x20,0x31,0x39,0x20,0x31,0x33,0x20,0x4c,
  0x20,0x31,0x39,0x20,0x37,0x20,0x4c,0x20,0x31,0x39,0x20,0x33,0x20,0x4c,0x20,0x33,
  0x20,0x33,0x20,0x7a,0x20,0x4d,0x20,0x34,0x20,0x37,0x20,0x4c,0x20,0x31,0x38,0x20,
  0x37,0x20,0x4c,0x20,0x31,0x38,0x20,0x31,0x33,0x20,0x4c,0x20,0x31,0x38,0x20,0x31,
  0x38,0x20,0x4c,0x20,0x31,0x33,0x20,0x31,0x38,0x20,0x4c,0x20,0x34,0x20,0x31,0x38,
  0x20,0x4c,0x20,0x34,0x20,0x37,0x20,0x7a,0x20,0x4d,0x20,0x39,0x20,0x31,0x30,0x20,
  0x4c,0x20,0x39,0x20,0x31,0x36,0x20,0x4c,0x20,0x31,0x34,0x20,0x31,0x33,0x20,0x4c,
  0x20,0x39,0x20,0x31,0x30,0x20,0x7a,0x20,0x22,0x20,0x63,0x6c,0x61,0x73,0x73,0x3d,
  0x22,0x43,0x6f,0x6c,0x6f,0x72,0x53,0x63,0x68,0x65,0x6d,0x65,0x2d,0x54,0x65,0x78,
  0x74,0x22,0x2f,0x3e,0xa,0x20,0x20,0x3c,0x2f,0x67,0x3e,0xa,0x3c,0x2f,0x73,0x76,
  0x67,0x3e,0xa,
    // system-search.svg
  0x0,0x0,0x2,0xf9,
  0x3c,
  0x73,0x76,0x67,0x20,0x78,0x6d,0x6c,0x6e,0x73,0x3d,0x22,0x68,0x74,0x74,0x70,0x3a,
  0x2f,0x2f,0x77,0x77,0x77,0x2e,0x77,0x33,0x2e,0x6f,0x72,0x67,0x2f,0x32,0x30,0x30,
  0x30,0x2f,0x73,0x76,0x67,0x22,0x20,0x76,0x69,0x65,0x77,0x42,0x6f,0x78,0x3d,0x22,
  0x30,0x20,0x30,0x20,0x32,0x34,0x20,0x32,0x34,0x22,0x20,0x77,0x69,0x64,0x74,0x68,
  0x3d,0x22,0x32,0x34,0x22,0x20,0x68,0x65,0x69,0x67,0x68,0x74,0x3d,0x22,0x32,0x34,
  0x22,0x3e,0xa,0x20,0x20,0x3c,0x64,0x65,0x66,0x73,0x20,0x69,0x64,0x3d,0x22,0x64,
  0x65,0x66,0x73,0x33,0x30,0x35,0x31,0x22,0x3e,0xa,0x20,0x20,0x20,0x20,0x3c,0x73,
  0x74,0x79,0x6c,0x65,0x20,0x74,0x79,0x70,0x65,0x3d,0x22,0x74,0x65,0x78,0x74,0x2f,
  0x63,0x73,0x73,0x22,0x20,0x69,0x64,0x3d,0x22,0x63,0x75,0x72,0x72,0x65,0x6e,0x74,
  0x2d,0x63,0x6f,0x6c,0x6f,0x72,0x2d,0x73,0x63,0x68,0x65,0x6d,0x65,0x22,0x3e,0xa,
  0x20,0x20,0x20,0x20,0x20,0x20,0x2e,0x43,0x6f,0x6c,0x6f,0x72,0x53,0x63,0x68,0x65,
  0x6d,0x65,0x2d,0x54,0x65,0x78,0x74,0x20,0x7b,0xa,0x20,0x20,0x20,0x20,0x20,0x20,
  0x20,0x20,0x63,0x6f,0x6c,0x6f,0x72,0x3a,0x23,0x32,0x33,0x32,0x36,0x32,0x39,0x3b,
  0xa,0x20,0x20,0x20,0x20,0x20,0x20,0x7d,0xa,0x20,0x20,0x20,0x20,0x20,0x20,0x3c,
  0x2f,0x73,0x74,0x79,0x6c,0x65,0x3e,0xa,0x20,0x20,0x3c,0x2f,0x64,0x65,0x66,0x73,
  0x3e,0xa,0x20,0x20,0x3c,0x67,0x20,0x74,0x72,0x61,0x6e,0x73,0x66,0x6f,0x72,0x6d,
  0x3d,0x22,0x74,0x72,0x61,0x6e,0x73,0x6c,0x61,0x74,0x65,0x28,0x31,0x2c,0x31,0x29,
  0x22,0x3e,0xa,0x20,0x20,0x20,0x20,0x3c,0x70,0x61,0x74,0x68,0x20,0x73,0x74,0x79,
  0x6c,0x65,0x3d,0x22,0x66,0x69,0x6c,0x6c,0x3a,0x63,0x75,0x72,0x72,0x65,0x6e,0x74,
  0x43,0x6f,0x6c,0x6f,0x72,0x3b,0x66,0x69,0x6c,0x6c,0x2d,0x6f,0x70,0x61,0x63,0x69,
  0x74,0x79,0x3a,0x31,0x3b,0x73,0x74,0x72,0x6f,0x6b,0x65,0x3a,0x6e,0x6f,0x6e,0x65,
  0x22,0x20,0x64,0x3d,0x22,0x4d,0x20,0x39,0x20,0x33,0x20,0x43,0x20,0x35,0x2e,0x36,
  0x37,0x35,0x39,0x39,0x35,0x32,0x20,0x33,0x20,0x33,0x20,0x35,0x2e,0x36,0x37,0x35,
  0x39,0x39,0x35,0x32,0x20,0x33,0x20,0x39,0x20,0x43,0x20,0x33,0x20,0x31,0x32,0x2e,
  0x33,0x32,0x34,0x30,0x30,0x35,0x20,0x35,0x2e,0x36,0x37,0x35,0x39,0x39,0x35,0x32,
  0x20,0x31,0x35,0x20,0x39,0x20,0x31,0x35,0x20,0x43,0x20,0x31,0x30,0x2e,0x34,0x38,
  0x31,0x32,0x30,0x35,0x20,0x31,0x35,0x20,0x31,0x31,0x2e,0x38,0x33,0x30,0x35,0x38,
  0x34,0x20,0x31,0x34,0x2e,0x34,0x36,0x35,0x33,0x31,0x38,0x20,0x31,0x32,0x2e,0x38,
  0x37,0x35,0x20,0x31,0x33,0x2e,0x35,0x38,0x32,0x30,0x33,0x31,0x20,0x4c,0x20,0x31,
  0x38,0x2e,0x32,0x39,0x32,0x39,0x36,0x39,0x20,0x31,0x39,0x20,0x4c,0x20,0x31,0x39,
  0x20,0x31,0x38,0x2e,0x32,0x39,0x32,0x39,0x36,0x39,0x20,0x4c,0x20,0x31,0x33,0x2e,
  0x35,0x38,0x32,0x30,0x33,0x31,0x20,0x31,0x32,0x2e,0x38,0x37,0x35,0x20,0x43,0x20,
  0x31,0x34,0x2e,0x34,0x36,0x35,0x33,0x31,0x38,0x20,0x31,0x31,0x2e,0x38,0x33,0x30,
  0x35,0x38,0x34,0x20,0x31,0x35,0x20,0x31,0x30,0x2e,0x34,0x38,0x31,0x32,0x30,0x35,
  0x20,0x31,0x35,0x20,0x39,0x20,0x43,0x20,0x31,0x35,0x20,0x35,0x2e,0x36,0x37,0x35,
  0x39,0x39,0x35,0x32,0x20,0x31,0x32,0x2e,0x33,0x32,0x34,0x30,0x30,0x35,0x20,0x33,
  0x20,0x39,0x20,0x33,0x20,0x7a,0x20,0x4d,0x20,0x39,0x20,0x34,0x20,0x43,0x20,0x31,
  0x31,0x2e,0x37,0x37,0x30,0x30,0x30,0x35,0x20,0x34,0x20,0x31,0x34,0x20,0x36,0x2e,
  0x32,0x32,0x39,0x39,0x39,0x35,0x32,0x20,0x31,0x34,0x20,0x39,0x20,0x43,0x20,0x31,
  0x34,0x20,0x31,0x31,0x2e,0x37,0x37,0x30,0x30,0x30,0x35,0x20,0x31,0x31,0x2e,0x37,
  0x37,0x30,0x30,0x30,0x35,0x20,0x31,0x34,0x20,0x39,0x20,0x31,0x34,0x20,0x43,0x20,
  0x36,0x2e,0x32,0x32,0x39,0x39,0x39,0x35,0x32,0x20,0x31,0x34,0x20,0x34,0x20,0x31,
  0x31,0x2e,0x37,0x37,0x30,0x30,0x30,0x35,0x20,0x34,0x20,0x39,0x20,0x43,0x20,0x34,
  0x20,0x36,0x2e,0x32,0x32,0x39,0x39,0x39,0x35,0x32,0x20,0x36,0x2e,0x32,0x32,0x39,
  0x39,0x39,0x35,0x32,0x20,0x34,0x20,0x39,0x20,0x34,0x20,0x7a,0x20,0x22,0x20,0x63,
  0x6c,0x61,0x73,0x73,0x3d,0x22,0x43,0x6f,0x6c,0x6f,0x72,0x53,0x63,0x68,0x65,0x6d,
  0x65,0x2d,0x54,0x65,0x78,0x74,0x22,0x2f,0x3e,0xa,0x20,0x20,0x3c,0x2f,0x67,0x3e,
  0xa,0x3c,0x2f,0x73,0x76,0x67,0x3e,0xa,
    // document-save-as.svg
  0x0,0x0,0x4,0xc8,
  0x3c,
  0x73,0x76,0x67,0x20,0x78,0x6d,0x6c,0x6e,0x73,0x3d,0x22,0x68,0x74,0x74,0x70,0x3a,
  0x2f,0x2f,0x77,0x77,0x77,0x2e,0x77,0x33,0x2e,0x6f,0x72,0x67,0x2f,0x32,0x30,0x30,
  0x30,0x2f,0x73,0x76,0x67,0x22,0x20,0x76,0x69,0x65,0x77,0x42,0x6f,0x78,0x3d,0x22,
  0x30,0x20,0x30,0x20,0x32,0x34,0x20,0x32,0x34,0x22,0x20,0x77,0x69,0x64,0x74,0x68,
  0x3d,0x22,0x32,0x34,0x22,0x20,0x68,0x65,0x69,0x67,0x68,0x74,0x3d,0x22,0x32,0x34,
  0x22,0x3e,0xa,0x20,0x20,0x3c,0x64,0x65,0x66,0x73,0x20,0x69,0x64,0x3d,0x22,0x64,
  0x65,0x66,0x73,0x33,0x30,0x35,0x31,0x22,0x3e,0xa,0x20,0x20,0x20,0x20,0x3c,0x73,
  0x74,0x79,0x6c,0x65,0x20,0x74,0x79,0x70,0x65,0x3d,0x22,0x74,0x65,0x78,0x74,0x2f,
  0x63,0x73,0x73,0x22,0x20,0x69,0x64,0x3d,0x22,0x63,0x75,0x72,0x72,0x65,0x6e,0x74,
  0x2d,0x63,0x6f,0x6c,0x6f,0x72,0x2d,0x73,0x63,0x68,0x65,0x6d,0x65,0x22,0x3e,0xa,
  0x20,0x20,0x20,0x20,0x20,0x20,0x2e,0x43,0x6f,0x6c,0x6f,0x72,0x53,0x63,0x68,0x65,
  0x6d,0x65,0x2d,0x54,0x65,0x78,0x74,0x20,0x7b,0xa,0x20,0x20,0x20,0x20,0x20,0x20,
  0x20,0x20,0x63,0x6f,0x6c,0x6f,0x72,0x3a,0x23,0x32,0x33,0x32,0x36,0x32,0x39,0x3b,
  0xa,0x20,0x20,0x20,0x20,0x20,0x20,0x7d,0xa,0x20,0x20,0x20,0x20,0x20,0x20,0x3c,
  0x2f,0x73,0x74,0x79,0x6c,0x65,0x3e,0xa,0x20,0x20,0x3c,0x2f,0x64,0x65,0x66,0x73,
  0x3e,0xa,0x20,0x20,0x3c,0x67,0x20,0x74,0x72,0x61,0x6e,0x73,0x66,0x6f,0x72,0x6d,
  0x3d,0x22,0x74,0x72,0x61,0x6e,0x73,0x6c,0x61,0x74,0x65,0x28,0x31,0x2c,0x31,0x29,
  0x22,0x3e,0xa,0x20,0x20,0x20,0x20,0x3c,0x70,0x61,0x74,0x68,0x20,0x73,0x74,0x79,
  0x6c,0x65,0x3d,0x22,0x66,0x69,0x6c,0x6c,0x3a,0x63,0x75,0x72,0x72,0x65,0x6e,0x74,
  0x43,0x6f,0x6c,0x6f,0x72,0x3b,0x66,0x69,0x6c,0x6c,0x2d,0x6f,0x70,0x61,0x63,0x69,
  0x74,0x79,0x3a,0x31,0x3b,0x73,0x74,0x72,0x6f,0x6b,0x65,0x3a,0x6e,0x6f,0x6e,0x65,
  0x22,0x20,0x64,0x3d,0x22,0x4d,0x20,0x32,0x20,0x32,0x2e,0x39,0x39,0x38,0x30,0x34,
  0x36,0x39,0x20,0x4c,0x20,0x32,0x20,0x33,0x20,0x4c,0x20,0x32,0x20,0x34,0x20,0x4c,
  0x20,0x32,0x20,0x31,0x39,0x20,0x4c,0x20,0x33,0x20,0x31,0x39,0x20,0x4c,0x20,0x31,
  0x31,0x20,0x31,0x39,0x20,0x4c,0x20,0x31,0x31,0x20,0x31,0x38,0x20,0x4c,0x20,0x36,
  0x20,0x31,0x38,0x20,0x4c,0x20,0x36,0x20,0x31,0x32,0x20,0x4c,0x20,0x31,0x31,0x20,
  0x31,0x32,0x20,0x4c,0x20,0x31,0x31,0x20,0x31,0x31,0x20,0x4c,0x20,0x36,0x20,0x31,
  0x31,0x20,0x4c,0x20,0x35,0x20,0x31,0x31,0x20,0x4c,0x20,0x35,0x20,0x31,0x38,0x20,
  0x4c,0x20,0x33,0x20,0x31,0x38,0x20,0x4c,0x20,0x33,0x20,0x34,0x20,0x4c,0x20,0x36,
  0x20,0x34,0x20,0x4c,0x20,0x36,0x20,0x38,0x20,0x4c,0x20,0x36,0x20,0x39,0x20,0x4c,
  0x20,0x31,0x34,0x20,0x39,0x20,0x4c,0x20,0x31,0x34,0x20,0x38,0x20,0x4c,0x20,0x31,
  0x34,0x20,0x34,0x20,0x4c,0x20,0x31,0x34,0x2e,0x32,0x39,0x32,0x39,0x36,0x39,0x20,
  0x34,0x20,0x4c,0x20,0x31,0x37,0x20,0x36,0x2e,0x37,0x30,0x37,0x30,0x33,0x31,0x32,
  0x20,0x4c,0x20,0x31,0x37,0x20,0x37,0x20,0x4c,0x20,0x31,0x37,0x20,0x31,0x30,0x20,
  0x4c,0x20,0x31,0x38,0x20,0x31,0x30,0x20,0x4c,0x20,0x31,0x38,0x20,0x37,0x20,0x4c,
  0x20,0x31,0x38,0x20,0x36,0x2e,0x33,0x30,0x30,0x37,0x38,0x31,0x32,0x20,0x4c,0x20,
  0x31,0x37,0x2e,0x39,0x39,0x32,0x31,0x38,0x38,0x20,0x36,0x2e,0x33,0x30,0x30,0x37,
  0x38,0x31,0x32,0x20,0x4c,0x20,0x31,0x38,0x20,0x36,0x2e,0x32,0x39,0x31,0x30,0x31,
  0x35,0x36,0x20,0x4c,0x20,0x31,0x34,0x2e,0x37,0x30,0x37,0x30,0x33,0x31,0x20,0x32,
  0x2e,0x39,0x39,0x38,0x30,0x34,0x36,0x39,0x20,0x4c,0x20,0x31,0x34,0x2e,0x36,0x39,
  0x39,0x32,0x31,0x39,0x20,0x33,0x2e,0x30,0x30,0x37,0x38,0x31,0x32,0x35,0x20,0x4c,
  0x20,0x31,0x34,0x2e,0x36,0x39,0x39,0x32,0x31,0x39,0x20,0x32,0x2e,0x39,0x39,0x38,
  0x30,0x34,0x36,0x39,0x20,0x4c,0x20,0x31,0x34,0x20,0x32,0x2e,0x39,0x39,0x38,0x30,
  0x34,0x36,0x39,0x20,0x4c,0x20,0x32,0x20,0x32,0x2e,0x39,0x39,0x38,0x30,0x34,0x36,
  0x39,0x20,0x7a,0x20,0x4d,0x20,0x37,0x20,0x34,0x20,0x4c,0x20,0x31,0x30,0x2e,0x39,
  0x30,0x30,0x33,0x39,0x31,0x20,0x34,0x20,0x4c,0x20,0x31,0x30,0x2e,0x39,0x30,0x30,
  0x33,0x39,0x31,0x20,0x38,0x20,0x4c,0x20,0x37,0x20,0x38,0x20,0x4c,0x20,0x37,0x20,
  0x34,0x20,0x7a,0x20,0x4d,0x20,0x31,0x38,0x20,0x31,0x31,0x20,0x4c,0x20,0x31,0x37,
  0x2e,0x30,0x30,0x33,0x39,0x30,0x36,0x20,0x31,0x31,0x2e,0x39,0x39,0x34,0x31,0x34,
  0x31,0x20,0x4c,0x20,0x31,0x37,0x20,0x31,0x31,0x2e,0x39,0x39,0x34,0x31,0x34,0x31,
  0x20,0x4c,0x20,0x31,0x32,0x20,0x31,0x36,0x2e,0x39,0x39,0x32,0x31,0x38,0x38,0x20,
  0x4c,0x20,0x31,0x32,0x2e,0x30,0x30,0x37,0x38,0x31,0x32,0x20,0x31,0x37,0x2e,0x30,
  0x30,0x31,0x39,0x35,0x33,0x20,0x4c,0x20,0x31,0x32,0x2e,0x30,0x30,0x33,0x39,0x30,
  0x36,0x20,0x31,0x38,0x2e,0x30,0x30,0x35,0x38,0x35,0x39,0x20,0x4c,0x20,0x31,0x32,
  0x20,0x31,0x38,0x2e,0x30,0x30,0x35,0x38,0x35,0x39,0x20,0x4c,0x20,0x31,0x32,0x20,
  0x31,0x38,0x2e,0x39,0x39,0x36,0x30,0x39,0x34,0x20,0x4c,0x20,0x31,0x32,0x20,0x31,
  0x39,0x2e,0x30,0x30,0x35,0x38,0x35,0x39,0x20,0x4c,0x20,0x31,0x34,0x20,0x31,0x39,
  0x2e,0x30,0x30,0x35,0x38,0x35,0x39,0x20,0x4c,0x20,0x31,0x34,0x2e,0x30,0x30,0x35,
  0x38,0x35,0x39,0x20,0x31,0x38,0x2e,0x39,0x39,0x36,0x30,0x39,0x34,0x20,0x4c,0x20,
  0x31,0x34,0x2e,0x30,0x30,0x39,0x37,0x36,0x36,0x20,0x31,0x38,0x2e,0x39,0x39,0x36,
  0x30,0x39,0x34,0x20,0x4c,0x20,0x31,0x34,0x2e,0x30,0x31,0x39,0x35,0x33,0x31,0x20,
  0x31,0x38,0x2e,0x39,0x39,0x36,0x30,0x39,0x34,0x20,0x4c,0x20,0x31,0x34,0x2e,0x30,
  0x31,0x33,0x36,0x37,0x32,0x20,0x31,0x38,0x2e,0x39,0x38,0x36,0x33,0x32,0x38,0x20,
  0x4c,0x20,0x31,0x35,0x20,0x31,0x38,0x20,0x4c,0x20,0x31,0x39,0x20,0x31,0x34,0x2e,
  0x30,0x30,0x33,0x39,0x30,0x36,0x20,0x4c,0x20,0x31,0x38,0x2e,0x32,0x39,0x34,0x39,
  0x32,0x32,0x20,0x31,0x33,0x2e,0x32,0x39,0x34,0x39,0x32,0x32,0x20,0x4c,0x20,0x31,
  0x33,0x2e,0x33,0x30,0x34,0x36,0x38,0x38,0x20,0x31,0x38,0x2e,0x32,0x38,0x31,0x32,
  0x35,0x20,0x4c,0x20,0x31,0x32,0x2e,0x37,0x31,0x30,0x39,0x33,0x38,0x20,0x31,0x37,
  0x2e,0x36,0x38,0x39,0x34,0x35,0x33,0x20,0x4c,0x20,0x31,0x37,0x2e,0x37,0x30,0x33,
  0x31,0x32,0x35,0x20,0x31,0x32,0x2e,0x37,0x30,0x31,0x31,0x37,0x32,0x20,0x4c,0x20,
  0x31,0x38,0x2e,0x32,0x39,0x34,0x39,0x32,0x32,0x20,0x31,0x33,0x2e,0x32,0x39,0x34,
  0x39,0x32,0x32,0x20,0x4c,0x20,0x31,0x39,0x20,0x31,0x33,0x2e,0x39,0x39,0x38,0x30,
  0x34,0x37,0x20,0x4c,0x20,0x32,0x30,0x20,0x31,0x32,0x2e,0x39,0x39,0x38,0x30,0x34,
  0x37,0x20,0x4c,0x20,0x31,0x38,0x20,0x31,0x31,0x20,0x7a,0x20,0x22,0x20,0x63,0x6c,
  0x61,0x73,0x73,0x3d,0x22,0x43,0x6f,0x6c,0x6f,0x72,0x53,0x63,0x68,0x65,0x6d,0x65,
  0x2d,0x54,0x65,0x78,0x74,0x22,0x2f,0x3e,0xa,0x20,0x20,0x3c,0x2f,0x67,0x3e,0xa,
  0x3c,0x2f,0x73,0x76,0x67,0x3e,0xa,
    // view-close.svg
  0x0,0x0,0x3,0x5,
  0x3c,
  0x73,0x76,0x67,0x20,0x78,0x6d,0x6c,0x6e,0x73,0x3d,0x22,0x68,0x74,0x74,0x70,0x3a,
  0x2f,0x2f,0x77,0x77,0x77,0x2e,0x77,0x33,0x2e,0x6f,0x72,0x67,0x2f,0x32,0x30,0x30,
  0x30,0x2f,0x73,0x76,0x67,0x22,0x20,0x76,0x69,0x65,0x77,0x42,0x6f,0x78,0x3d,0x22,
  0x30,0x20,0x30,0x20,0x32,0x34,0x20,0x32,0x34,0x22,0x20,0x77,0x69,0x64,0x74,0x68,
  0x3d,0x22,0x32,0x34,0x22,0x20,0x68,0x65,0x69,0x67,0x68,0x74,0x3d,0x22,0x32,0x34,
  0x22,0x3e,0xa,0x20,0x20,0x3c,0x64,0x65,0x66,0x73,0x20,0x69,0x64,0x3d,0x22,0x64,
  0x65,0x66,0x73,0x33,0x30,0x35,0x31,0x22,0x3e,0xa,0x20,0x20,0x20,0x20,0x3c,0x73,
  0x74,0x79,0x6c,0x65,0x20,0x74,0x79,0x70,0x65,0x3d,0x22,0x74,0x65,0x78,0x74,0x2f,
  0x63,0x73,0x73,0x22,0x20,0x69,0x64,0x3d,0x22,0x63,0x75,0x72,0x72,0x65,0x6e,0x74,
  0x2d,0x63,0x6f,0x6c,0x6f,0x72,0x2d,0x73,0x63,0x68,0x65,0x6d,0x65,0x22,0x3e,0xa,
  0x20,0x20,0x20,0x20,0x20,0x20,0x2e,0x43,0x6f,0x6c,0x6f,0x72,0x53,0x63,0x68,0x65,
  0x6d,0x65,0x2d,0x54,0x65,0x78,0x74,0x20,0x7b,0xa,0x20,0x20,0x20,0x20,0x20,0x20,
  0x20,0x20,0x63,0x6f,0x6c,0x6f,0x72,0x3a,0x23,0x32,0x33,0x32,0x36,0x32,0x39,0x3b,
  0xa,0x20,0x20,0x20,0x20,0x20,0x20,0x7d,0xa,0x20,0x20,0x20,0x20,0x20,0x20,0x2e,
  0x43,0x6f,0x6c,0x6f,0x72,0x53,0x63,0x68,0x65,0x6d,0x65,0x2d,0x41,0x63,0x63,0x65,
  0x6e,0x74,0x20,0x7b,0xa,0x20,0x20,0x20,0x20,0x20,0x20,0x20,0x20,0x63,0x6f,0x6c,
  0x6f,0x72,0x3a,0x23,0x33,0x64,0x61,0x65,0x65,0x39,0x3b,0xa,0x20,0x20,0x20,0x20,
  0x20,0x20,0x7d,0xa,0x20,0x20,0x20,0x20,0x20,0x20,0x3c,0x2f,0x73,0x74,0x79,0x6c,
  0x65,0x3e,0xa,0x20,0x20,0x3c,0x2f,0x64,0x65,0x66,0x73,0x3e,0xa,0x20,0x20,0x3c,
  0x67,0x20,0x74,0x72,0x61,0x6e,0x73,0x66,0x6f,0x72,0x6d,0x3d,0x22,0x74,0x72,0x61,
  0x6e,0x73,0x6c,0x61,0x74,0x65,0x28,0x31,0x2c,0x31,0x29,0x22,0x3e,0xa,0x20,0x20,
  0x20,0x20,0x3c,0x70,0x61,0x74,0x68,0x20,0x73,0x74,0x79,0x6c,0x65,0x3d,0x22,0x66,
  0x69,0x6c,0x6c,0x3a,0x63,0x75,0x72,0x72,0x65,0x6e,0x74,0x43,0x6f,0x6c,0x6f,0x72,
  0x3b,0x66,0x69,0x6c,0x6c,0x2d,0x6f,0x70,0x61,0x63,0x69,0x74,0x79,0x3a,0x31,0x3b,
  0x73,0x74,0x72,0x6f,0x6b,0x65,0x3a,0x6e,0x6f,0x6e,0x65,0x22,0x20,0x64,0x3d,0x22,
  0x4d,0x20,0x33,0x20,0x33,0x20,0x4c,0x20,0x33,0x20,0x31,0x39,0x20,0x4c,0x20,0x31,
  0x39,0x20,0x31,0x39,0x20,0x4c,0x20,0x31,0x39,0x20,0x33,0x20,0x4c,0x20,0x33,0x20,
  0x33,0x20,0x7a,0x20,0x4d,0x20,0x34,0x20,0x37,0x20,0x4c,0x20,0x31,0x38,0x20,0x37,
  0x20,0x4c,0x20,0x31,0x38,0x20,0x31,0x38,0x20,0x4c,0x20,0x34,0x20,0x31,0x38,0x20,
  0x4c,0x20,0x34,0x20,0x37,0x20,0x7a,0x20,0x22,0x20,0x63,0x6c,0x61,0x73,0x73,0x3d,
  0x22,0x43,0x6f,0x6c,0x6f,0x72,0x53,0x63,0x68,0x65,0x6d,0x65,0x2d,0x54,0x65,0x78,
  0x74,0x22,0x2f,0x3e,0xa,0x20,0x20,0x20,0x20,0x3c,0x70,0x61,0x74,0x68,0x20,0x73,
  0x74,0x79,0x6c,0x65,0x3d,0x22,0x66,0x69,0x6c,0x6c,0x3a,0x23,0x64,0x61,0x34,0x34,
  0x35,0x33,0x3b,0x66,0x69,0x6c,0x6c,0x2d,0x6f,0x70,0x61,0x63,0x69,0x74,0x79,0x3a,
  0x31,0x3b,0x73,0x74,0x72,0x6f,0x6b,0x65,0x3a,0x6e,0x6f,0x6e,0x65,0x22,0x20,0x64,
  0x3d,0x22,0x4d,0x20,0x38,0x2e,0x37,0x30,0x37,0x30,0x33,0x31,0x32,0x20,0x39,0x20,
  0x4c,0x20,0x38,0x20,0x39,0x2e,0x37,0x30,0x37,0x30,0x33,0x31,0x32,0x20,0x4c,0x20,
  0x31,0x30,0x2e,0x32,0x39,0x32,0x39,0x36,0x39,0x20,0x31,0x32,0x20,0x4c,0x20,0x38,
  0x20,0x31,0x34,0x2e,0x32,0x39,0x32,0x39,0x36,0x39,0x20,0x4c,0x20,0x38,0x2e,0x37,
  0x30,0x37,0x30,0x33,0x31,0x32,0x20,0x31,0x35,0x20,0x4c,0x20,0x31,0x31,0x20,0x31,
  0x32,0x2e,0x37,0x30,0x37,0x30,0x33,0x31,0x20,0x4c,0x20,0x31,0x33,0x2e,0x32,0x39,
  0x32,0x39,0x36,0x39,0x20,0x31,0x35,0x20,0x4c,0x20,0x31,0x34,0x20,0x31,0x34,0x2e,
  0x32,0x39,0x32,0x39,0x36,0x39,0x20,0x4c,0x20,0x31,0x31,0x2e,0x37,0x30,0x37,0x30,
  0x33,0x31,0x20,0x31,0x32,0x20,0x4c,0x20,0x31,0x34,0x20,0x39,0x2e,0x37,0x30,0x37,
  0x30,0x33,0x31,0x32,0x20,0x4c,0x20,0x31,0x33,0x2e,0x32,0x39,0x32,0x39,0x36,0x39,
  0x20,0x39,0x20,0x4c,0x20,0x31,0x31,0x20,0x31,0x31,0x2e,0x32,0x39,0x32,0x39,0x36,
  0x39,0x20,0x4c,0x20,0x38,0x2e,0x37,0x30,0x37,0x30,0x33,0x31,0x32,0x20,0x39,0x20,
  0x7a,0x20,0x22,0x2f,0x3e,0xa,0x20,0x20,0x3c,0x2f,0x67,0x3e,0xa,0x3c,0x2f,0x73,
  0x76,0x67,0x3e,0xa,
    // edit-copy.svg
  0x0,0x0,0x2,0x50,
  0x3c,
  0x21,0x44,0x4f,0x43,0x54,0x59,0x50,0x45,0x20,0x73,0x76,0x67,0x3e,0xa,0x3c,0x73,
  0x76,0x67,0x20,0x78,0x6d,0x6c,0x6e,0x73,0x3d,0x22,0x68,0x74,0x74,0x70,0x3a,0x2f,
  0x2f,0x77,0x77,0x77,0x2e,0x77,0x33,0x2e,0x6f,0x72,0x67,0x2f,0x32,0x30,0x30,0x30,
  0x2f,0x73,0x76,0x67,0x22,0x20,0x76,0x69,0x65,0x77,0x42,0x6f,0x78,0x3d,0x22,0x30,
  0x20,0x30,0x20,0x32,0x34,0x20,0x32,0x34,0x22,0x20,0x76,0x65,0x72,0x73,0x69,0x6f,
  0x6e,0x3d,0x22,0x31,0x2e,0x31,0x22,0x20,0x77,0x69,0x64,0x74,0x68,0x3d,0x22,0x32,
  0x34,0x22,0x20,0x68,0x65,0x69,0x67,0x68,0x74,0x3d,0x22,0x32,0x34,0x22,0x3e,0xa,
  0x20,0x20,0x3c,0x64,0x65,0x66,0x73,0x3e,0xa,0x20,0x20,0x20,0x20,0x3c,0x73,0x74,
  0x79,0x6c,0x65,0x20,0x74,0x79,0x70,0x65,0x3d,0x22,0x74,0x65,0x78,0x74,0x2f,0x63,
  0x73,0x73,0x22,0x20,0x69,0x64,0x3d,0x22,0x63,0x75,0x72,0x72,0x65,0x6e,0x74,0x2d,
  0x63,0x6f,0x6c,0x6f,0x72,0x2d,0x73,0x63,0x68,0x65,0x6d,0x65,0x22,0x3e,0xa,0x20,
  0x20,0x20,0x20,0x20,0x20,0x20,0x20,0x20,0x20,0x20,0x20,0x2e,0x43,0x6f,0x6c,0x6f,
  0x72,0x53,0x63,0x68,0x65,0x6d,0x65,0x2d,0x54,0x65,0x78,0x74,0x20,0x7b,0xa,0x20,
  0x20,0x20,0x20,0x20,0x20,0x20,0x20,0x20,0x20,0x20,0x20,0x20,0x20,0x20,0x20,0x63,
  0x6f,0x6c,0x6f,0x72,0x3a,0x23,0x32,0x33,0x32,0x36,0x32,0x39,0x3b,0xa,0x20,0x20,
  0x20,0x20,0x20,0x20,0x20,0x20,0x20,0x20,0x20,0x20,0x7d,0xa,0x20,0x20,0x20,0x20,
  0x20,0x20,0x20,0x20,0x3c,0x2f,0x73,0x74,0x79,0x6c,0x65,0x3e,0xa,0x20,0x20,0x3c,
  0x2f,0x64,0x65,0x66,0x73,0x3e,0xa,0x20,0x20,0x3c,0x67,0x20,0x74,0x72,0x61,0x6e,
  0x73,0x66,0x6f,0x72,0x6d,0x3d,0x22,0x74,0x72,0x61,0x6e,0x73,0x6c,0x61,0x74,0x65,
  0x28,0x31,0x2c,0x31,0x29,0x22,0x3e,0xa,0x20,0x20,0x20,0x20,0x3c,0x70,0x61,0x74,
  0x68,0x20,0x63,0x6c,0x61,0x73,0x73,0x3d,0x22,0x43,0x6f,0x6c,0x6f,0x72,0x53,0x63,
  0x68,0x65,0x6d,0x65,0x2d,0x54,0x65,0x78,0x74,0x22,0x20,0x73,0x74,0x79,0x6c,0x65,
  0x3d,0x22,0x66,0x69,0x6c,0x6c,0x3a,0x63,0x75,0x72,0x72,0x65,0x6e,0x74,0x43,0x6f,
  0x6c,0x6f,0x72,0x3b,0x20,0x66,0x69,0x6c,0x6c,0x2d,0x6f,0x70,0x61,0x63,0x69,0x74,
  0x79,0x3a,0x31,0x3b,0x20,0x73,0x74,0x72,0x6f,0x6b,0x65,0x3a,0x6e,0x6f,0x6e,0x65,
  0x22,0x20,0x64,0x3d,0x22,0x4d,0x20,0x33,0x20,0x33,0x20,0x4c,0x20,0x33,0x20,0x31,
  0x37,0x20,0x4c,0x20,0x37,0x20,0x31,0x37,0x20,0x4c,0x20,0x37,0x20,0x31,0x39,0x20,
  0x4c,0x20,0x31,0x37,0x20,0x31,0x39,0x20,0x4c,0x20,0x31,0x37,0x20,0x31,0x30,0x20,
  0x4c,0x20,0x31,0x33,0x20,0x36,0x20,0x4c,0x20,0x31,0x32,0x20,0x36,0x20,0x4c,0x20,
  0x39,0x20,0x33,0x20,0x4c,0x20,0x33,0x20,0x33,0x20,0x5a,0x20,0x4d,0x20,0x34,0x20,
  0x34,0x20,0x4c,0x20,0x38,0x20,0x34,0x20,0x4c,0x20,0x38,0x20,0x36,0x20,0x4c,0x20,
  0x37,0x20,0x36,0x20,0x4c,0x20,0x37,0x20,0x31,0x36,0x20,0x4c,0x20,0x34,0x20,0x31,
  0x36,0x20,0x4c,0x20,0x34,0x20,0x34,0x20,0x5a,0x20,0x4d,0x20,0x38,0x20,0x37,0x20,
  0x4c,0x20,0x31,0x32,0x20,0x37,0x20,0x4c,0x20,0x31,0x32,0x20,0x31,0x31,0x20,0x4c,
  0x20,0x31,0x36,0x20,0x31,0x31,0x20,0x4c,0x20,0x31,0x36,0x20,0x31,0x38,0x20,0x4c,
  0x20,0x38,0x20,0x31,0x38,0x20,0x4c,0x20,0x38,0x20,0x37,0x20,0x5a,0x22,0x2f,0x3e,
  0xa,0x20,0x20,0x3c,0x2f,0x67,0x3e,0xa,0x3c,0x2f,0x73,0x76,0x67,0x3e,0xa,
    // document-open.svg
  0x0,0x0,0x2,0x80,
  0x3c,
  0x73,0x76,0x67,0x20,0x78,0x6d,0x6c,0x6e,0x73,0x3d,0x22,0x68,0x74,0x74,0x70,0x3a,
  0x2f,0x2f,0x77,0x77,0x77,0x2e,0x77,0x33,0x2e,0x6f,0x72,0x67,0x2f,0x32,0x30,0x30,
  0x30,0x2f,0x73,0x76,0x67,0x22,0x20,0x76,0x69,0x65,0x77,0x42,0x6f,0x78,0x3d,0x22,
  0x30,0x20,0x30,0x20,0x32,0x34,0x20,0x32,0x34,0x22,0x20,0x77,0x69,0x64,0x74,0x68,
  0x3d,0x22,0x32,0x34,0x22,0x20,0x68,0x65,0x69,0x67,0x68,0x74,0x3d,0x22,0x32,0x34,
  0x22,0x3e,0xa,0x20,0x20,0x3c,0x64,0x65,0x66,0x73,0x20,0x69,0x64,0x3d,0x22,0x64,
  0x65,0x66,0x73,0x33,0x30,0x35,0x31,0x22,0x3e,0xa,0x20,0x20,0x20,0x20,0x3c,0x73,
  0x74,0x79,0x6c,0x65,0x20,0x74,0x79,0x70,0x65,0x3d,0x22,0x74,0x65,0x78,0x74,0x2f,
  0x63,0x73,0x73,0x22,0x20,0x69,0x64,0x3d,0x22,0x63,0x75,0x72,0x72,0x65,0x6e,0x74,
  0x2d,0x63,0x6f,0x6c,0x6f,0x72,0x2d,0x73,0x63,0x68,0x65,0x6d,0x65,0x22,0x3e,0xa,
  0x20,0x20,0x20,0x20,0x20,0x20,0x2e,0x43,0x6f,0x6c,0x6f,0x72,0x53,0x63,0x68,0x65,
  0x6d,0x65,0x2d,0x54,0x65,0x78,0x74,0x20,0x7b,0xa,0x20,0x20,0x20,0x20,0x20,0x20,
  0x20,0x20,0x63,0x6f,0x6c,0x6f,0x72,0x3a,0x23,0x32,0x33,0x32,0x36,0x32,0x39,0x3b,
  0xa,0x20,0x20,0x20,0x20,0x20,0x20,0x7d,0xa,0x20,0x20,0x20,0x20,0x20,0x20,0x3c,
  0x2f,0x73,0x74,0x79,0x6c,0x65,0x3e,0xa,0x20,0x20,0x3c,0x2f,0x64,0x65,0x66,0x73,
  0x3e,0xa,0x20,0x20,0x3c,0x67,0x20,0x74,0x72,0x61,0x6e,0x73,0x66,0x6f,0x72,0x6d,
  0x3d,0x22,0x74,0x72,0x61,0x6e,0x73,0x6c,0x61,0x74,0x65,0x28,0x31,0x2c,0x31,0x29,
  0x22,0x3e,0xa,0x20,0x20,0x20,0x20,0x3c,0x70,0x61,0x74,0x68,0x20,0x73,0x74,0x79,
  0x6c,0x65,0x3d,0x22,0x66,0x69,0x6c,0x6c,0x3a,0x63,0x75,0x72,0x72,0x65,0x6e,0x74,
  0x43,0x6f,0x6c,0x6f,0x72,0x3b,0x66,0x69,0x6c,0x6c,0x2d,0x6f,0x70,0x61,0x63,0x69,
  0x74,0x79,0x3a,0x31,0x3b,0x73,0x74,0x72,0x6f,0x6b,0x65,0x3a,0x6e,0x6f,0x6e,0x65,
  0x22,0x20,0x64,0x3d,0x22,0x4d,0x20,0x34,0x20,0x33,0x20,0x4c,0x20,0x34,0x20,0x31,
  0x39,0x20,0x4c,0x20,0x39,0x20,0x31,0x39,0x20,0x4c,0x20,0x39,0x20,0x31,0x38,0x20,
  0x4c,0x20,0x35,0x20,0x31,0x38,0x20,0x4c,0x20,0x35,0x20,0x34,0x20,0x4c,0x20,0x31,
  0x33,0x20,0x34,0x20,0x4c,0x20,0x31,0x33,0x20,0x38,0x20,0x4c,0x20,0x31,0x37,0x20,
  0x38,0x20,0x4c,0x20,0x31,0x37,0x20,0x31,0x31,0x20,0x4c,0x20,0x31,0x38,0x20,0x31,
  0x31,0x20,0x4c,0x20,0x31,0x38,0x20,0x37,0x20,0x4c,0x20,0x31,0x34,0x20,0x33,0x20,
  0x4c,0x20,0x31,0x34,0x20,0x33,0x20,0x4c,0x20,0x31,0x34,0x20,0x33,0x20,0x4c,0x20,
  0x35,0x20,0x33,0x20,0x4c,0x20,0x34,0x20,0x33,0x20,0x7a,0x20,0x4d,0x20,0x31,0x30,
  0x20,0x31,0x32,0x20,0x4c,0x20,0x31,0x30,0x20,0x31,0x39,0x20,0x4c,0x20,0x31,0x38,
  0x20,0x31,0x39,0x20,0x4c,0x20,0x31,0x38,0x20,0x31,0x33,0x20,0x4c,0x20,0x31,0x35,
  0x20,0x31,0x33,0x20,0x4c,0x20,0x31,0x34,0x20,0x31,0x32,0x20,0x4c,0x20,0x31,0x34,
  0x20,0x31,0x32,0x20,0x4c,0x20,0x31,0x34,0x20,0x31,0x32,0x20,0x4c,0x20,0x31,0x30,
  0x20,0x31,0x32,0x20,0x7a,0x20,0x4d,0x20,0x31,0x33,0x2e,0x31,0x20,0x31,0x34,0x20,
  0x4c,0x20,0x31,0x37,0x20,0x31,0x34,0x20,0x4c,0x20,0x31,0x37,0x20,0x31,0x38,0x20,
  0x4c,0x20,0x31,0x31,0x20,0x31,0x38,0x20,0x4c,0x20,0x31,0x31,0x20,0x31,0x35,0x20,
  0x4c,0x20,0x31,0x32,0x20,0x31,0x35,0x20,0x4c,0x20,0x31,0x33,0x2e,0x31,0x20,0x31,
  0x34,0x20,0x7a,0x20,0x22,0x20,0x63,0x6c,0x61,0x73,0x73,0x3d,0x22,0x43,0x6f,0x6c,
  0x6f,0x72,0x53,0x63,0x68,0x65,0x6d,0x65,0x2d,0x54,0x65,0x78,0x74,0x22,0x2f,0x3e,
  0xa,0x20,0x20,0x3c,0x2f,0x67,0x3e,0xa,0x3c,0x2f,0x73,0x76,0x67,0x3e,0xa,
    // network-connect.svg
  0x0,0x0,0x2,0x81,
  0x3c,
  0x73,0x76,0x67,0x20,0x78,0x6d,0x6c,0x6e,0x73,0x3d,0x22,0x68,0x74,0x74,0x70,0x3a,
  0x2f,0x2f,0x77,0x77,0x77,0x2e,0x77,0x33,0x2e,0x6f,0x72,0x67,0x2f,0x32,0x30,0x30,
  0x30,0x2f,0x73,0x76,0x67,0x22,0x20,0x76,0x69,0x65,0x77,0x42,0x6f,0x78,0x3d,0x22,
  0x30,0x20,0x30,0x20,0x32,0x34,0x20,0x32,0x34,0x22,0x20,0x77,0x69,0x64,0x74,0x68,
  0x3d,0x22,0x32,0x34,0x22,0x20,0x68,0x65,0x69,0x67,0x68,0x74,0x3d,0x22,0x32,0x34,
  0x22,0x3e,0xa,0x20,0x20,0x3c,0x64,0x65,0x66,0x73,0x20,0x69,0x64,0x3d,0x22,0x64,
  0x65,0x66,0x73,0x33,0x30,0x35,0x31,0x22,0x3e,0xa,0x20,0x20,0x20,0x20,0x3c,0x73,
  0x74,0x79,0x6c,0x65,0x20,0x74,0x79,0x70,0x65,0x3d,0x22,0x74,0x65,0x78,0x74,0x2f,
  0x63,0x73,0x73,0x22,0x20,0x69,0x64,0x3d,0x22,0x63,0x75,0x72,0x72,0x65,0x6e,0x74,
  0x2d,0x63,0x6f,0x6c,0x6f,0x72,0x2d,0x73,0x63,0x68,0x65,0x6d,0x65,0x22,0x3e,0xa,
  0x20,0x20,0x20,0x20,0x20,0x20,0x2e,0x43,0x6f,0x6c,0x6f,0x72,0x53,0x63,0x68,0x65,
  0x6d,0x65,0x2d,0x54,0x65,0x78,0x74,0x20,0x7b,0xa,0x20,0x20,0x20,0x20,0x20,0x20,
  0x20,0x20,0x63,0x6f,0x6c,0x6f,0x72,0x3a,0x23,0x32,0x33,0x32,0x36,0x32,0x39,0x3b,
  0xa,0x20,0x20,0x20,0x20,0x20,0x20,0x7d,0xa,0x20,0x20,0x20,0x20,0x20,0x20,0x3c,
  0x2f,0x73,0x74,0x79,0x6c,0x65,0x3e,0xa,0x20,0x20,0x3c,0x2f,0x64,0x65,0x66,0x73,
  0x3e,0xa,0x20,0x20,0x3c,0x67,0x20,0x74,0x72,0x61,0x6e,0x73,0x66,0x6f,0x72,0x6d,
  0x3d,0x22,0x74,0x72,0x61,0x6e,0x73,0x6c,0x61,0x74,0x65,0x28,0x31,0x2c,0x31,0x29,
  0x22,0x3e,0xa,0x20,0x20,0x20,0x20,0x3c,0x70,0x61,0x74,0x68,0x20,0x73,0x74,0x79,
  0x6c,0x65,0x3d,0x22,0x66,0x69,0x6c,0x6c,0x3a,0x63,0x75,0x72,0x72,0x65,0x6e,0x74,
  0x43,0x6f,0x6c,0x6f,0x72,0x3b,0x66,0x69,0x6c,0x6c,0x2d,0x6f,0x70,0x61,0x63,0x69,
  0x74,0x79,0x3a,0x31,0x3b,0x73,0x74,0x72,0x6f,0x6b,0x65,0x3a,0x6e,0x6f,0x6e,0x65,
  0x22,0x20,0x64,0x3d,0x22,0x4d,0x20,0x31,0x38,0x2e,0x32,0x39,0x32,0x39,0x36,0x39,
  0x20,0x33,0x20,0x4c,0x20,0x31,0x34,0x2e,0x37,0x39,0x32,0x39,0x36,0x39,0x20,0x36,
  0x2e,0x35,0x20,0x4c,0x20,0x31,0x33,0x2e,0x32,0x39,0x32,0x39,0x36,0x39,0x20,0x35,
  0x20,0x4c,0x20,0x31,0x31,0x2e,0x32,0x39,0x32,0x39,0x36,0x39,0x20,0x37,0x20,0x4c,
  0x20,0x38,0x20,0x31,0x30,0x2e,0x32,0x39,0x32,0x39,0x36,0x39,0x20,0x4c,0x20,0x36,
  0x20,0x31,0x32,0x2e,0x32,0x39,0x32,0x39,0x36,0x39,0x20,0x4c,0x20,0x37,0x2e,0x35,
  0x20,0x31,0x33,0x2e,0x37,0x39,0x32,0x39,0x36,0x39,0x20,0x4c,0x20,0x33,0x20,0x31,
  0x38,0x2e,0x32,0x39,0x32,0x39,0x36,0x39,0x20,0x4c,0x20,0x33,0x2e,0x37,0x30,0x37,
  0x30,0x33,0x31,0x32,0x20,0x31,0x39,0x20,0x4c,0x20,0x38,0x2e,0x32,0x30,0x37,0x30,
  0x33,0x31,0x32,0x20,0x31,0x34,0x2e,0x35,0x20,0x4c,0x20,0x39,0x2e,0x37,0x30,0x37,
  0x30,0x33,0x31,0x32,0x20,0x31,0x36,0x20,0x4c,0x20,0x31,0x31,0x2e,0x37,0x30,0x37,
  0x30,0x33,0x31,0x20,0x31,0x34,0x20,0x4c,0x20,0x31,0x35,0x20,0x31,0x30,0x2e,0x37,
  0x30,0x37,0x30,0x33,0x31,0x20,0x4c,0x20,0x31,0x37,0x20,0x38,0x2e,0x37,0x30,0x37,
  0x30,0x33,0x31,0x32,0x20,0x4c,0x20,0x31,0x35,0x2e,0x35,0x20,0x37,0x2e,0x32,0x30,
  0x37,0x30,0x33,0x31,0x32,0x20,0x4c,0x20,0x31,0x39,0x20,0x33,0x2e,0x37,0x30,0x37,
  0x30,0x33,0x31,0x32,0x20,0x4c,0x20,0x31,0x38,0x2e,0x32,0x39,0x32,0x39,0x36,0x39,
  0x20,0x33,0x20,0x7a,0x20,0x22,0x20,0x63,0x6c,0x61,0x73,0x73,0x3d,0x22,0x43,0x6f,
  0x6c,0x6f,0x72,0x53,0x63,0x68,0x65,0x6d,0x65,0x2d,0x54,0x65,0x78,0x74,0x22,0x2f,
  0x3e,0xa,0x20,0x20,0x3c,0x2f,0x67,0x3e,0xa,0x3c,0x2f,0x73,0x76,0x67,0x3e,0xa,
  
    // window-restore-pip.svg
  0x0,0x0,0x2,0x4d,
  0x3c,
  0x73,0x76,0x67,0x20,0x78,0x6d,0x6c,0x6e,0x73,0x3d,0x22,0x68,0x74,0x74,0x70,0x3a,
  0x2f,0x2f,0x77,0x77,0x77,0x2e,0x77,0x33,0x2e,0x6f,0x72,0x67,0x2f,0x32,0x30,0x30,
  0x30,0x2f,0x73,0x76,0x67,0x22,0x20,0x76,0x65,0x72,0x73,0x69,0x6f,0x6e,0x3d,0x22,
  0x31,0x2e,0x31,0x22,0x20,0x76,0x69,0x65,0x77,0x42,0x6f,0x78,0x3d,0x22,0x30,0x20,
  0x30,0x20,0x32,0x34,0x20,0x32,0x34,0x22,0x20,0x77,0x69,0x64,0x74,0x68,0x3d,0x22,
  0x32,0x34,0x22,0x20,0x68,0x65,0x69,0x67,0x68,0x74,0x3d,0x22,0x32,0x34,0x22,0x3e,
  0xa,0x20,0x20,0x3c,0x64,0x65,0x66,0x73,0x3e,0xa,0x20,0x20,0x20,0x20,0x3c,0x73,
  0x74,0x79,0x6c,0x65,0x20,0x69,0x64,0x3d,0x22,0x63,0x75,0x72,0x72,0x65,0x6e,0x74,
  0x2d,0x63,0x6f,0x6c,0x6f,0x72,0x2d,0x73,0x63,0x68,0x65,0x6d,0x65,0x22,0x20,0x74,
  0x79,0x70,0x65,0x3d,0x22,0x74,0x65,0x78,0x74,0x2f,0x63,0x73,0x73,0x22,0x3e,0x2e,
  0x43,0x6f,0x6c,0x6f,0x72,0x53,0x63,0x68,0x65,0x6d,0x65,0x2d,0x54,0x65,0x78,0x74,
  0x20,0x7b,0xa,0x20,0x20,0x20,0x20,0x20,0x20,0x20,0x20,0x63,0x6f,0x6c,0x6f,0x72,
  0x3a,0x23,0x32,0x33,0x32,0x36,0x32,0x39,0x3b,0xa,0x20,0x20,0x20,0x20,0x20,0x20,
  0x7d,0x3c,0x2f,0x73,0x74,0x79,0x6c,0x65,0x3e,0xa,0x20,0x20,0x3c,0x2f,0x64,0x65,
  0x66,0x73,0x3e,0xa,0x20,0x20,0x3c,0x67,0x20,0x74,0x72,0x61,0x6e,0x73,0x66,0x6f,
  0x72,0x6d,0x3d,0x22,0x74,0x72,0x61,0x6e,0x73,0x6c,0x61,0x74,0x65,0x28,0x31,0x2c,
  0x31,0x29,0x22,0x3e,0xa,0x20,0x20,0x20,0x20,0x3c,0x70,0x61,0x74,0x68,0x20,0x63,
  0x6c,0x61,0x73,0x73,0x3d,0x22,0x43,0x6f,0x6c,0x6f,0x72,0x53,0x63,0x68,0x65,0x6d,
  0x65,0x2d,0x54,0x65,0x78,0x74,0x22,0x20,0x64,0x3d,0x22,0x4d,0x20,0x35,0x2c,0x31,
  0x32,0x2e,0x39,0x34,0x39,0x37,0x34,0x37,0x20,0x48,0x20,0x35,0x2e,0x39,0x39,0x39,
  0x38,0x39,0x32,0x20,0x56,0x20,0x39,0x2e,0x37,0x30,0x37,0x20,0x4c,0x20,0x39,0x2e,
  0x30,0x33,0x35,0x34,0x38,0x2c,0x31,0x32,0x2e,0x37,0x34,0x32,0x35,0x38,0x37,0x20,
  0x39,0x2e,0x37,0x34,0x32,0x35,0x38,0x36,0x39,0x2c,0x31,0x32,0x2e,0x30,0x33,0x35,
  0x34,0x38,0x20,0x36,0x2e,0x37,0x30,0x36,0x39,0x39,0x39,0x2c,0x38,0x2e,0x39,0x39,
  0x39,0x38,0x39,0x33,0x20,0x48,0x20,0x39,0x2e,0x39,0x34,0x39,0x37,0x34,0x36,0x39,
  0x20,0x56,0x20,0x38,0x20,0x48,0x20,0x35,0x20,0x76,0x20,0x30,0x2e,0x32,0x39,0x32,
  0x37,0x38,0x37,0x20,0x7a,0x22,0x20,0x66,0x69,0x6c,0x6c,0x3d,0x22,0x63,0x75,0x72,
  0x72,0x65,0x6e,0x74,0x43,0x6f,0x6c,0x6f,0x72,0x22,0x2f,0x3e,0xa,0x20,0x20,0x20,
  0x20,0x3c,0x70,0x61,0x74,0x68,0x20,0x63,0x6c,0x61,0x73,0x73,0x3d,0x22,0x43,0x6f,
  0x6c,0x6f,0x72,0x53,0x63,0x68,0x65,0x6d,0x65,0x2d,0x54,0x65,0x78,0x74,0x22,0x20,
  0x64,0x3d,0x22,0x6d,0x33,0x20,0x33,0x76,0x31,0x36,0x68,0x38,0x76,0x2d,0x31,0x68,
  0x2d,0x37,0x76,0x2d,0x31,0x31,0x68,0x31,0x34,0x76,0x34,0x68,0x31,0x76,0x2d,0x38,
  0x68,0x2d,0x31,0x7a,0x6d,0x39,0x20,0x39,0x76,0x34,0x2d,0x31,0x20,0x35,0x68,0x38,
  0x76,0x2d,0x38,0x68,0x2d,0x33,0x7a,0x6d,0x31,0x20,0x33,0x68,0x36,0x76,0x34,0x68,
  0x2d,0x36,0x76,0x2d,0x35,0x7a,0x22,0x20,0x66,0x69,0x6c,0x6c,0x3d,0x22,0x63,0x75,
  0x72,0x72,0x65,0x6e,0x74,0x43,0x6f,0x6c,0x6f,0x72,0x22,0x2f,0x3e,0xa,0x20,0x20,
  0x3c,0x2f,0x67,0x3e,0xa,0x3c,0x2f,0x73,0x76,0x67,0x3e,0xa,
    // network-disconnect.svg
  0x0,0x0,0x4,0x86,
  0x3c,
  0x73,0x76,0x67,0x20,0x78,0x6d,0x6c,0x6e,0x73,0x3d,0x22,0x68,0x74,0x74,0x70,0x3a,
  0x2f,0x2f,0x77,0x77,0x77,0x2e,0x77,0x33,0x2e,0x6f,0x72,0x67,0x2f,0x32,0x30,0x30,
  0x30,0x2f,0x73,0x76,0x67,0x22,0x20,0x76,0x69,0x65,0x77,0x42,0x6f,0x78,0x3d,0x22,
  0x30,0x20,0x30,0x20,0x32,0x34,0x20,0x32,0x34,0x22,0x20,0x77,0x69,0x64,0x74,0x68,
  0x3d,0x22,0x32,0x34,0x22,0x20,0x68,0x65,0x69,0x67,0x68,0x74,0x3d,0x22,0x32,0x34,
  0x22,0x3e,0xa,0x20,0x20,0x3c,0x64,0x65,0x66,0x73,0x20,0x69,0x64,0x3d,0x22,0x64,
  0x65,0x66,0x73,0x33,0x30,0x35,0x31,0x22,0x3e,0xa,0x20,0x20,0x20,0x20,0x3c,0x73,
  0x74,0x79,0x6c,0x65,0x20,0x74,0x79,0x70,0x65,0x3d,0x22,0x74,0x65,0x78,0x74,0x2f,
  0x63,0x73,0x73,0x22,0x20,0x69,0x64,0x3d,0x22,0x63,0x75,0x72,0x72,0x65,0x6e,0x74,
  0x2d,0x63,0x6f,0x6c,0x6f,0x72,0x2d,0x73,0x63,0x68,0x65,0x6d,0x65,0x22,0x3e,0xa,
  0x20,0x20,0x20,0x20,0x20,0x20,0x2e,0x43,0x6f,0x6c,0x6f,0x72,0x53,0x63,0x68,0x65,
  0x6d,0x65,0x2d,0x54,0x65,0x78,0x74,0x20,0x7b,0xa,0x20,0x20,0x20,0x20,0x20,0x20,
  0x20,0x20,0x63,0x6f,0x6c,0x6f,0x72,0x3a,0x23,0x32,0x33,0x32,0x36,0x32,0x39,0x3b,
  0xa,0x20,0x20,0x20,0x20,0x20,0x20,0x7d,0xa,0x20,0x20,0x20,0x20,0x20,0x20,0x2e,
  0x43,0x6f,0x6c,0x6f,0x72,0x53,0x63,0x68,0x65,0x6d,0x65,0x2d,0x4e,0x65,0x67,0x61,
  0x74,0x69,0x76,0x65,0x54,0x65,0x78,0x74,0x20,0x7b,0xa,0x20,0x20,0x20,0x20,0x20,
  0x20,0x20,0x20,0x63,0x6f,0x6c,0x6f,0x72,0x3a,0x23,0x64,0x61,0x34,0x34,0x35,0x33,
  0x3b,0xa,0x20,0x20,0x20,0x20,0x20,0x20,0x7d,0xa,0x20,0x20,0x20,0x20,0x20,0x20,
  0x3c,0x2f,0x73,0x74,0x79,0x6c,0x65,0x3e,0xa,0x20,0x20,0x3c,0x2f,0x64,0x65,0x66,
  0x73,0x3e,0xa,0x20,0x20,0x3c,0x67,0x20,0x74,0x72,0x61,0x6e,0x73,0x66,0x6f,0x72,
  0x6d,0x3d,0x22,0x74,0x72,0x61,0x6e,0x73,0x6c,0x61,0x74,0x65,0x28,0x31,0x2c,0x31,
  0x29,0x22,0x3e,0xa,0x20,0x20,0x20,0x20,0x3c,0x70,0x61,0x74,0x68,0x20,0x73,0x74,
  0x79,0x6c,0x65,0x3d,0x22,0x66,0x69,0x6c,0x6c,0x3a,0x63,0x75,0x72,0x72,0x65,0x6e,
  0x74,0x43,0x6f,0x6c,0x6f,0x72,0x3b,0x66,0x69,0x6c,0x6c,0x2d,0x6f,0x70,0x61,0x63,
  0x69,0x74,0x79,0x3a,0x31,0x3b,0x73,0x74,0x72,0x6f,0x6b,0x65,0x3a,0x6e,0x6f,0x6e,
  0x65,0x22,0x20,0x64,0x3d,0x22,0x4d,0x20,0x31,0x38,0x2e,0x32,0x39,0x32,0x39,0x36,
  0x39,0x20,0x33,0x20,0x4c,0x20,0x31,0x34,0x2e,0x37,0x39,0x32,0x39,0x36,0x39,0x20,
  0x36,0x2e,0x35,0x20,0x4c,0x20,0x31,0x33,0x2e,0x32,0x39,0x32,0x39,0x36,0x39,0x20,
  0x35,0x20,0x4c,0x20,0x31,0x31,0x2e,0x32,0x39,0x32,0x39,0x36,0x39,0x20,0x37,0x20,
  0x4c,0x20,0x39,0x2e,0x35,0x20,0x38,0x2e,0x37,0x39,0x32,0x39,0x36,0x38,0x38,0x20,
  0x4c,0x20,0x31,0x31,0x20,0x31,0x30,0x2e,0x32,0x39,0x32,0x39,0x36,0x39,0x20,0x4c,
  0x20,0x31,0x31,0x2e,0x37,0x30,0x37,0x30,0x33,0x31,0x20,0x31,0x31,0x20,0x4c,0x20,
  0x31,0x33,0x2e,0x32,0x30,0x37,0x30,0x33,0x31,0x20,0x31,0x32,0x2e,0x35,0x20,0x4c,
  0x20,0x31,0x35,0x20,0x31,0x30,0x2e,0x37,0x30,0x37,0x30,0x33,0x31,0x20,0x4c,0x20,
  0x31,0x37,0x20,0x38,0x2e,0x37,0x30,0x37,0x30,0x33,0x31,0x32,0x20,0x4c,0x20,0x31,
  0x35,0x2e,0x35,0x20,0x37,0x2e,0x32,0x30,0x37,0x30,0x33,0x31,0x32,0x20,0x4c,0x20,
  0x31,0x39,0x20,0x33,0x2e,0x37,0x30,0x37,0x30,0x33,0x31,0x32,0x20,0x4c,0x20,0x31,
  0x38,0x2e,0x32,0x39,0x32,0x39,0x36,0x39,0x20,0x33,0x20,0x7a,0x20,0x4d,0x20,0x38,
  0x2e,0x37,0x39,0x32,0x39,0x36,0x38,0x38,0x20,0x39,0x2e,0x35,0x20,0x4c,0x20,0x38,
  0x20,0x31,0x30,0x2e,0x32,0x39,0x32,0x39,0x36,0x39,0x20,0x4c,0x20,0x36,0x20,0x31,
  0x32,0x2e,0x32,0x39,0x32,0x39,0x36,0x39,0x20,0x4c,0x20,0x37,0x2e,0x35,0x20,0x31,
  0x33,0x2e,0x37,0x39,0x32,0x39,0x36,0x39,0x20,0x4c,0x20,0x33,0x20,0x31,0x38,0x2e,
  0x32,0x39,0x32,0x39,0x36,0x39,0x20,0x4c,0x20,0x33,0x2e,0x37,0x30,0x37,0x30,0x33,
  0x31,0x32,0x20,0x31,0x39,0x20,0x4c,0x20,0x38,0x2e,0x32,0x30,0x37,0x30,0x33,0x31,
  0x32,0x20,0x31,0x34,0x2e,0x35,0x20,0x4c,0x20,0x39,0x2e,0x37,0x30,0x37,0x30,0x33,
  0x31,0x32,0x20,0x31,0x36,0x20,0x4c,0x20,0x31,0x31,0x2e,0x37,0x30,0x37,0x30,0x33,
  0x31,0x20,0x31,0x34,0x20,0x4c,0x20,0x31,0x32,0x2e,0x35,0x20,0x31,0x33,0x2e,0x32,
  0x30,0x37,0x30,0x33,0x31,0x20,0x4c,0x20,0x31,0x31,0x20,0x31,0x31,0x2e,0x37,0x30,
  0x37,0x30,0x33,0x31,0x20,0x4c,0x20,0x31,0x30,0x2e,0x32,0x39,0x32,0x39,0x36,0x39,
  0x20,0x31,0x31,0x20,0x4c,0x20,0x38,0x2e,0x37,0x39,0x32,0x39,0x36,0x38,0x38,0x20,
  0x39,0x2e,0x35,0x20,0x7a,0x20,0x22,0x20,0x63,0x6c,0x61,0x73,0x73,0x3d,0x22,0x43,
  0x6f,0x6c,0x6f,0x72,0x53,0x63,0x68,0x65,0x6d,0x65,0x2d,0x54,0x65,0x78,0x74,0x22,
  0x2f,0x3e,0xa,0x20,0x20,0x20,0x20,0x3c,0x70,0x61,0x74,0x68,0x20,0x73,0x74,0x79,
  0x6c,0x65,0x3d,0x22,0x66,0x69,0x6c,0x6c,0x3a,0x63,0x75,0x72,0x72,0x65,0x6e,0x74,
  0x43,0x6f,0x6c,0x6f,0x72,0x3b,0x66,0x69,0x6c,0x6c,0x2d,0x6f,0x70,0x61,0x63,0x69,
  0x74,0x79,0x3a,0x31,0x3b,0x73,0x74,0x72,0x6f,0x6b,0x65,0x3a,0x6e,0x6f,0x6e,0x65,
  0x22,0x20,0x64,0x3d,0x22,0x4d,0x20,0x31,0x34,0x2e,0x38,0x33,0x33,0x39,0x38,0x34,
  0x20,0x31,0x34,0x20,0x4c,0x20,0x31,0x34,0x20,0x31,0x34,0x2e,0x38,0x33,0x33,0x39,
  0x38,0x34,0x20,0x4c,0x20,0x31,0x35,0x2e,0x36,0x36,0x36,0x30,0x31,0x36,0x20,0x31,
  0x36,0x2e,0x35,0x20,0x4c,0x20,0x31,0x34,0x20,0x31,0x38,0x2e,0x31,0x36,0x36,0x30,
  0x31,0x36,0x20,0x4c,0x20,0x31,0x34,0x2e,0x38,0x33,0x33,0x39,0x38,0x34,0x20,0x31,
  0x39,0x20,0x4c,0x20,0x31,0x36,0x2e,0x35,0x20,0x31,0x37,0x2e,0x33,0x33,0x33,0x39,
  0x38,0x34,0x20,0x4c,0x20,0x31,0x38,0x2e,0x31,0x36,0x36,0x30,0x31,0x36,0x20,0x31,
  0x39,0x20,0x4c,0x20,0x31,0x39,0x20,0x31,0x38,0x2e,0x31,0x36,0x36,0x30,0x31,0x36,
  0x20,0x4c,0x20,0x31,0x37,0x2e,0x33,0x33,0x33,0x39,0x38,0x34,0x20,0x31,0x36,0x2e,
  0x35,0x20,0x4c,0x20,0x31,0x39,0x20,0x31,0x34,0x2e,0x38,0x33,0x33,0x39,0x38,0x34,
  0x20,0x4c,0x20,0x31,0x38,0x2e,0x31,0x36,0x36,0x30,0x31,0x36,0x20,0x31,0x34,0x20,
  0x4c,0x20,0x31,0x36,0x2e,0x35,0x20,0x31,0x35,0x2e,0x36,0x36,0x36,0x30,0x31,0x36,
  0x20,0x4c,0x20,0x31,0x34,0x2e,0x38,0x33,0x33,0x39,0x38,0x34,0x20,0x31,0x34,0x20,
  0x7a,0x20,0x22,0x20,0x63,0x6c,0x61,0x73,0x73,0x3d,0x22,0x43,0x6f,0x6c,0x6f,0x72,
  0x53,0x63,0x68,0x65,0x6d,0x65,0x2d,0x4e,0x65,0x67,0x61,0x74,0x69,0x76,0x65,0x54,
  0x65,0x78,0x74,0x22,0x2f,0x3e,0xa,0x20,0x20,0x3c,0x2f,0x67,0x3e,0xa,0x3c,0x2f,
  0x73,0x76,0x67,0x3e,0xa,
    // tools-report-bug.svg
  0x0,0x0,0x4,0x3,
  0x3c,
  0x73,0x76,0x67,0x20,0x78,0x6d,0x6c,0x6e,0x73,0x3d,0x22,0x68,0x74,0x74,0x70,0x3a,
  0x2f,0x2f,0x77,0x77,0x77,0x2e,0x77,0x33,0x2e,0x6f,0x72,0x67,0x2f,0x32,0x30,0x30,
  0x30,0x2f,0x73,0x76,0x67,0x22,0x20,0x76,0x69,0x65,0x77,0x42,0x6f,0x78,0x3d,0x22,
  0x30,0x20,0x30,0x20,0x32,0x34,0x20,0x32,0x34,0x22,0x20,0x77,0x69,0x64,0x74,0x68,
  0x3d,0x22,0x32,0x34,0x22,0x20,0x68,0x65,0x69,0x67,0x68,0x74,0x3d,0x22,0x32,0x34,
  0x22,0x3e,0xa,0x20,0x20,0x3c,0x64,0x65,0x66,0x73,0x20,0x69,0x64,0x3d,0x22,0x64,
  0x65,0x66,0x73,0x33,0x30,0x35,0x31,0x22,0x3e,0xa,0x20,0x20,0x20,0x20,0x3c,0x73,
  0x74,0x79,0x6c,0x65,0x20,0x74,0x79,0x70,0x65,0x3d,0x22,0x74,0x65,0x78,0x74,0x2f,
  0x63,0x73,0x73,0x22,0x20,0x69,0x64,0x3d,0x22,0x63,0x75,0x72,0x72,0x65,0x6e,0x74,
  0x2d,0x63,0x6f,0x6c,0x6f,0x72,0x2d,0x73,0x63,0x68,0x65,0x6d,0x65,0x22,0x3e,0xa,
  0x20,0x20,0x20,0x20,0x20,0x20,0x2e,0x43,0x6f,0x6c,0x6f,0x72,0x53,0x63,0x68,0x65,
  0x6d,0x65,0x2d,0x54,0x65,0x78,0x74,0x20,0x7b,0xa,0x20,0x20,0x20,0x20,0x20,0x20,
  0x20,0x20,0x63,0x6f,0x6c,0x6f,0x72,0x3a,0x23,0x32,0x33,0x32,0x36,0x32,0x39,0x3b,
  0xa,0x20,0x20,0x20,0x20,0x20,0x20,0x7d,0xa,0x20,0x20,0x20,0x20,0x20,0x20,0x3c,
  0x2f,0x73,0x74,0x79,0x6c,0x65,0x3e,0xa,0x20,0x20,0x3c,0x2f,0x64,0x65,0x66,0x73,
  0x3e,0xa,0x20,0x20,0x3c,0x67,0x20,0x74,0x72,0x61,0x6e,0x73,0x66,0x6f,0x72,0x6d,
  0x3d,0x22,0x74,0x72,0x61,0x6e,0x73,0x6c,0x61,0x74,0x65,0x28,0x31,0x2c,0x31,0x29,
  0x22,0x3e,0xa,0x20,0x20,0x20,0x20,0x3c,0x70,0x61,0x74,0x68,0x20,0x73,0x74,0x79,
  0x6c,0x65,0x3d,0x22,0x66,0x69,0x6c,0x6c,0x3a,0x63,0x75,0x72,0x72,0x65,0x6e,0x74,
  0x43,0x6f,0x6c,0x6f,0x72,0x3b,0x66,0x69,0x6c,0x6c,0x2d,0x6f,0x70,0x61,0x63,0x69,
  0x74,0x79,0x3a,0x31,0x3b,0x73,0x74,0x72,0x6f,0x6b,0x65,0x3a,0x6e,0x6f,0x6e,0x65,
  0x22,0x20,0x64,0x3d,0x22,0x4d,0x20,0x33,0x20,0x33,0x20,0x4c,0x20,0x33,0x20,0x31,
  0x39,0x20,0x4c,0x20,0x34,0x20,0x31,0x39,0x20,0x4c,0x20,0x31,0x39,0x20,0x31,0x39,
  0x20,0x4c,0x20,0x31,0x39,0x20,0x31,0x38,0x20,0x4c,0x20,0x31,0x39,0x20,0x33,0x20,
  0x4c,0x20,0x31,0x38,0x20,0x33,0x20,0x4c,0x20,0x34,0x20,0x33,0x20,0x4c,0x20,0x33,
  0x20,0x33,0x20,0x7a,0x20,0x4d,0x20,0x34,0x20,0x34,0x20,0x4c,0x20,0x31,0x38,0x20,
  0x34,0x20,0x4c,0x20,0x31,0x38,0x20,0x31,0x38,0x20,0x4c,0x20,0x34,0x20,0x31,0x38,
  0x20,0x4c,0x20,0x34,0x20,0x34,0x20,0x7a,0x20,0x4d,0x20,0x35,0x20,0x35,0x20,0x4c,
  0x20,0x35,0x20,0x36,0x20,0x4c,0x20,0x36,0x20,0x36,0x20,0x4c,0x20,0x36,0x20,0x35,
  0x20,0x4c,0x20,0x35,0x20,0x35,0x20,0x7a,0x20,0x4d,0x20,0x36,0x20,0x36,0x20,0x4c,
  0x20,0x36,0x20,0x38,0x20,0x4c,0x20,0x38,0x20,0x38,0x20,0x4c,0x20,0x38,0x20,0x36,
  0x20,0x4c,0x20,0x36,0x20,0x36,0x20,0x7a,0x20,0x4d,0x20,0x38,0x20,0x36,0x20,0x4c,
  0x20,0x39,0x20,0x36,0x20,0x4c,0x20,0x39,0x20,0x35,0x20,0x4c,0x20,0x38,0x20,0x35,
  0x20,0x4c,0x20,0x38,0x20,0x36,0x20,0x7a,0x20,0x4d,0x20,0x38,0x20,0x38,0x20,0x4c,
  0x20,0x38,0x20,0x39,0x20,0x4c,0x20,0x39,0x20,0x39,0x20,0x4c,0x20,0x39,0x20,0x38,
  0x20,0x4c,0x20,0x38,0x20,0x38,0x20,0x7a,0x20,0x4d,0x20,0x36,0x20,0x38,0x20,0x4c,
  0x20,0x35,0x20,0x38,0x20,0x4c,0x20,0x35,0x20,0x39,0x20,0x4c,0x20,0x36,0x20,0x39,
  0x20,0x4c,0x20,0x36,0x20,0x38,0x20,0x7a,0x20,0x4d,0x20,0x31,0x33,0x20,0x35,0x20,
  0x4c,0x20,0x31,0x33,0x20,0x36,0x20,0x4c,0x20,0x31,0x34,0x20,0x36,0x20,0x4c,0x20,
  0x31,0x34,0x20,0x35,0x20,0x4c,0x20,0x31,0x33,0x20,0x35,0x20,0x7a,0x20,0x4d,0x20,
  0x31,0x34,0x20,0x36,0x20,0x4c,0x20,0x31,0x34,0x20,0x38,0x20,0x4c,0x20,0x31,0x36,
  0x20,0x38,0x20,0x4c,0x20,0x31,0x36,0x20,0x36,0x20,0x4c,0x20,0x31,0x34,0x20,0x36,
  0x20,0x7a,0x20,0x4d,0x20,0x31,0x36,0x20,0x36,0x20,0x4c,0x20,0x31,0x37,0x20,0x36,
  0x20,0x4c,0x20,0x31,0x37,0x20,0x35,0x20,0x4c,0x20,0x31,0x36,0x20,0x35,0x20,0x4c,
  0x20,0x31,0x36,0x20,0x36,0x20,0x7a,0x20,0x4d,0x20,0x31,0x36,0x20,0x38,0x20,0x4c,
  0x20,0x31,0x36,0x20,0x39,0x20,0x4c,0x20,0x31,0x37,0x20,0x39,0x20,0x4c,0x20,0x31,
  0x37,0x20,0x38,0x20,0x4c,0x20,0x31,0x36,0x20,0x38,0x20,0x7a,0x20,0x4d,0x20,0x31,
  0x34,0x20,0x38,0x20,0x4c,0x20,0x31,0x33,0x20,0x38,0x20,0x4c,0x20,0x31,0x33,0x20,
  0x39,0x20,0x4c,0x20,0x31,0x34,0x20,0x39,0x20,0x4c,0x20,0x31,0x34,0x20,0x38,0x20,
  0x7a,0x20,0x4d,0x20,0x39,0x20,0x31,0x31,0x20,0x4c,0x20,0x39,0x20,0x31,0x33,0x20,
  0x4c,0x20,0x31,0x33,0x20,0x31,0x33,0x20,0x4c,0x20,0x31,0x33,0x20,0x31,0x31,0x20,
  0x4c,0x20,0x39,0x20,0x31,0x31,0x20,0x7a,0x20,0x4d,0x20,0x31,0x33,0x20,0x31,0x33,
  0x20,0x4c,0x20,0x31,0x33,0x20,0x31,0x35,0x20,0x4c,0x20,0x31,0x35,0x20,0x31,0x35,
  0x20,0x4c,0x20,0x31,0x35,0x20,0x31,0x33,0x20,0x4c,0x20,0x31,0x33,0x20,0x31,0x33,
  0x20,0x7a,0x20,0x4d,0x20,0x31,0x35,0x20,0x31,0x35,0x20,0x4c,0x20,0x31,0x35,0x20,
  0x31,0x37,0x20,0x4c,0x20,0x31,0x37,0x20,0x31,0x37,0x20,0x4c,0x20,0x31,0x37,0x20,
  0x31,0x35,0x20,0x4c,0x20,0x31,0x35,0x20,0x31,0x35,0x20,0x7a,0x20,0x4d,0x20,0x39,
  0x20,0x31,0x33,0x20,0x4c,0x20,0x37,0x20,0x31,0x33,0x20,0x4c,0x20,0x37,0x20,0x31,
  0x35,0x20,0x4c,0x20,0x39,0x20,0x31,0x35,0x20,0x4c,0x20,0x39,0x20,0x31,0x33,0x20,
  0x7a,0x20,0x4d,0x20,0x37,0x20,0x31,0x35,0x20,0x4c,0x20,0x35,0x20,0x31,0x35,0x20,
  0x4c,0x20,0x35,0x20,0x31,0x37,0x20,0x4c,0x20,0x37,0x20,0x31,0x37,0x20,0x4c,0x20,
  0x37,0x20,0x31,0x35,0x20,0x7a,0x20,0x22,0x20,0x63,0x6c,0x61,0x73,0x73,0x3d,0x22,
  0x43,0x6f,0x6c,0x6f,0x72,0x53,0x63,0x68,0x65,0x6d,0x65,0x2d,0x54,0x65,0x78,0x74,
  0x22,0x2f,0x3e,0xa,0x20,0x20,0x3c,0x2f,0x67,0x3e,0xa,0x3c,0x2f,0x73,0x76,0x67,
  0x3e,0xa,
    // go-down.svg
  0x0,0x0,0x2,0x18,
  0x3c,
  0x73,0x76,0x67,0x20,0x78,0x6d,0x6c,0x6e,0x73,0x3d,0x22,0x68,0x74,0x74,0x70,0x3a,
  0x2f,0x2f,0x77,0x77,0x77,0x2e,0x77,0x33,0x2e,0x6f,0x72,0x67,0x2f,0x32,0x30,0x30,
  0x30,0x2f,0x73,0x76,0x67,0x22,0x20,0x76,0x69,0x65,0x77,0x42,0x6f,0x78,0x3d,0x22,
  0x30,0x20,0x30,0x20,0x32,0x34,0x20,0x32,0x34,0x22,0x20,0x77,0x69,0x64,0x74,0x68,
  0x3d,0x22,0x32,0x34,0x22,0x20,0x68,0x65,0x69,0x67,0x68,0x74,0x3d,0x22,0x32,0x34,
  0x22,0x3e,0xa,0x20,0x20,0x3c,0x64,0x65,0x66,0x73,0x20,0x69,0x64,0x3d,0x22,0x64,
  0x65,0x66,0x73,0x33,0x30,0x35,0x31,0x22,0x3e,0xa,0x20,0x20,0x20,0x20,0x3c,0x73,
  0x74,0x79,0x6c,0x65,0x20,0x74,0x79,0x70,0x65,0x3d,0x22,0x74,0x65,0x78,0x74,0x2f,
  0x63,0x73,0x73,0x22,0x20,0x69,0x64,0x3d,0x22,0x63,0x75,0x72,0x72,0x65,0x6e,0x74,
  0x2d,0x63,0x6f,0x6c,0x6f,0x72,0x2d,0x73,0x63,0x68,0x65,0x6d,0x65,0x22,0x3e,0xa,
  0x20,0x20,0x20,0x20,0x20,0x20,0x2e,0x43,0x6f,0x6c,0x6f,0x72,0x53,0x63,0x68,0x65,
  0x6d,0x65,0x2d,0x54,0x65,0x78,0x74,0x20,0x7b,0xa,0x20,0x20,0x20,0x20,0x20,0x20,
  0x20,0x20,0x63,0x6f,0x6c,0x6f,0x72,0x3a,0x23,0x32,0x33,0x32,0x36,0x32,0x39,0x3b,
  0xa,0x20,0x20,0x20,0x20,0x20,0x20,0x7d,0xa,0x20,0x20,0x20,0x20,0x20,0x20,0x3c,
  0x2f,0x73,0x74,0x79,0x6c,0x65,0x3e,0xa,0x20,0x20,0x3c,0x2f,0x64,0x65,0x66,0x73,
  0x3e,0xa,0x20,0x20,0x3c,0x67,0x20,0x74,0x72,0x61,0x6e,0x73,0x66,0x6f,0x72,0x6d,
  0x3d,0x22,0x74,0x72,0x61,0x6e,0x73,0x6c,0x61,0x74,0x65,0x28,0x31,0x2c,0x31,0x29,
  0x22,0x3e,0xa,0x20,0x20,0x20,0x20,0x3c,0x70,0x61,0x74,0x68,0x20,0x73,0x74,0x79,
  0x6c,0x65,0x3d,0x22,0x66,0x69,0x6c,0x6c,0x3a,0x63,0x75,0x72,0x72,0x65,0x6e,0x74,
  0x43,0x6f,0x6c,0x6f,0x72,0x3b,0x66,0x69,0x6c,0x6c,0x2d,0x6f,0x70,0x61,0x63,0x69,
  0x74,0x79,0x3a,0x31,0x3b,0x73,0x74,0x72,0x6f,0x6b,0x65,0x3a,0x6e,0x6f,0x6e,0x65,
  0x22,0x20,0x64,0x3d,0x22,0x6d,0x33,0x2e,0x37,0x30,0x37,0x30,0x33,0x31,0x20,0x37,
  0x6c,0x2d,0x2e,0x37,0x30,0x37,0x30,0x33,0x31,0x2e,0x37,0x30,0x37,0x30,0x33,0x31,
  0x20,0x36,0x2e,0x31,0x32,0x35,0x20,0x36,0x2e,0x31,0x32,0x35,0x20,0x31,0x2e,0x38,
  0x37,0x35,0x20,0x31,0x2e,0x38,0x37,0x35,0x20,0x31,0x2e,0x38,0x37,0x35,0x2d,0x31,
  0x2e,0x38,0x37,0x35,0x20,0x36,0x2e,0x31,0x32,0x35,0x2d,0x36,0x2e,0x31,0x32,0x35,
  0x2d,0x2e,0x37,0x30,0x37,0x30,0x33,0x31,0x2d,0x2e,0x37,0x30,0x37,0x30,0x33,0x31,
  0x2d,0x36,0x2e,0x31,0x32,0x35,0x20,0x36,0x2e,0x31,0x32,0x35,0x2d,0x31,0x2e,0x31,
  0x36,0x37,0x39,0x36,0x39,0x20,0x31,0x2e,0x31,0x36,0x37,0x39,0x36,0x39,0x2d,0x31,
  0x2e,0x31,0x36,0x37,0x39,0x36,0x39,0x2d,0x31,0x2e,0x31,0x36,0x37,0x39,0x36,0x39,
  0x2d,0x36,0x2e,0x31,0x32,0x35,0x2d,0x36,0x2e,0x31,0x32,0x35,0x22,0x20,0x63,0x6c,
  0x61,0x73,0x73,0x3d,0x22,0x43,0x6f,0x6c,0x6f,0x72,0x53,0x63,0x68,0x65,0x6d,0x65,
  0x2d,0x54,0x65,0x78,0x74,0x22,0x2f,0x3e,0xa,0x20,0x20,0x3c,0x2f,0x67,0x3e,0xa,
  0x3c,0x2f,0x73,0x76,0x67,0x3e,0xa,
    // window-minimize-pip.svg
  0x0,0x0,0x2,0x61,
  0x3c,
  0x73,0x76,0x67,0x20,0x78,0x6d,0x6c,0x6e,0x73,0x3d,0x22,0x68,0x74,0x74,0x70,0x3a,
  0x2f,0x2f,0x77,0x77,0x77,0x2e,0x77,0x33,0x2e,0x6f,0x72,0x67,0x2f,0x32,0x30,0x30,
  0x30,0x2f,0x73,0x76,0x67,0x22,0x20,0x76,0x65,0x72,0x73,0x69,0x6f,0x6e,0x3d,0x22,
  0x31,0x2e,0x31,0x22,0x20,0x76,0x69,0x65,0x77,0x42,0x6f,0x78,0x3d,0x22,0x30,0x20,
  0x30,0x20,0x32,0x34,0x20,0x32,0x34,0x22,0x20,0x77,0x69,0x64,0x74,0x68,0x3d,0x22,
  0x32,0x34,0x22,0x20,0x68,0x65,0x69,0x67,0x68,0x74,0x3d,0x22,0x32,0x34,0x22,0x3e,
  0xa,0x20,0x20,0x3c,0x64,0x65,0x66,0x73,0x3e,0xa,0x20,0x20,0x20,0x20,0x3c,0x73,
  0x74,0x79,0x6c,0x65,0x20,0x69,0x64,0x3d,0x22,0x63,0x75,0x72,0x72,0x65,0x6e,0x74,
  0x2d,0x63,0x6f,0x6c,0x6f,0x72,0x2d,0x73,0x63,0x68,0x65,0x6d,0x65,0x22,0x20,0x74,
  0x79,0x70,0x65,0x3d,0x22,0x74,0x65,0x78,0x74,0x2f,0x63,0x73,0x73,0x22,0x3e,0x2e,
  0x43,0x6f,0x6c,0x6f,0x72,0x53,0x63,0x68,0x65,0x6d,0x65,0x2d,0x54,0x65,0x78,0x74,
  0x20,0x7b,0xa,0x20,0x20,0x20,0x20,0x20,0x20,0x20,0x20,0x63,0x6f,0x6c,0x6f,0x72,
  0x3a,0x23,0x32,0x33,0x32,0x36,0x32,0x39,0x3b,0xa,0x20,0x20,0x20,0x20,0x20,0x20,
  0x7d,0x3c,0x2f,0x73,0x74,0x79,0x6c,0x65,0x3e,0xa,0x20,0x20,0x3c,0x2f,0x64,0x65,
  0x66,0x73,0x3e,0xa,0x20,0x20,0x3c,0x67,0x20,0x74,0x72,0x61,0x6e,0x73,0x66,0x6f,
  0x72,0x6d,0x3d,0x22,0x74,0x72,0x61,0x6e,0x73,0x6c,0x61,0x74,0x65,0x28,0x31,0x2c,
  0x31,0x29,0x22,0x3e,0xa,0x20,0x20,0x20,0x20,0x3c,0x70,0x61,0x74,0x68,0x20,0x63,
  0x6c,0x61,0x73,0x73,0x3d,0x22,0x43,0x6f,0x6c,0x6f,0x72,0x53,0x63,0x68,0x65,0x6d,
  0x65,0x2d,0x54,0x65,0x78,0x74,0x22,0x20,0x64,0x3d,0x22,0x6d,0x39,0x2e,0x39,0x33,
  0x39,0x30,0x37,0x20,0x38,0x2e,0x30,0x37,0x31,0x38,0x30,0x32,0x36,0x2d,0x30,0x2e,
  0x39,0x39,0x39,0x38,0x39,0x32,0x20,0x32,0x65,0x2d,0x37,0x76,0x33,0x2e,0x32,0x34,
  0x32,0x37,0x34,0x37,0x32,0x6c,0x2d,0x33,0x2e,0x30,0x33,0x35,0x35,0x38,0x37,0x35,
  0x2d,0x33,0x2e,0x30,0x33,0x35,0x35,0x38,0x37,0x2d,0x30,0x2e,0x37,0x30,0x37,0x31,
  0x30,0x37,0x20,0x30,0x2e,0x37,0x30,0x37,0x31,0x30,0x36,0x38,0x20,0x33,0x2e,0x30,
  0x33,0x35,0x35,0x38,0x37,0x35,0x20,0x33,0x2e,0x30,0x33,0x35,0x35,0x38,0x37,0x32,
  0x68,0x2d,0x33,0x2e,0x32,0x34,0x32,0x37,0x34,0x37,0x35,0x76,0x30,0x2e,0x39,0x39,
  0x39,0x38,0x39,0x33,0x68,0x34,0x2e,0x39,0x34,0x39,0x37,0x34,0x36,0x35,0x76,0x2d,
  0x30,0x2e,0x32,0x39,0x32,0x37,0x38,0x37,0x7a,0x22,0x20,0x66,0x69,0x6c,0x6c,0x3d,
  0x22,0x63,0x75,0x72,0x72,0x65,0x6e,0x74,0x43,0x6f,0x6c,0x6f,0x72,0x22,0x2f,0x3e,
  0xa,0x20,0x20,0x20,0x20,0x3c,0x70,0x61,0x74,0x68,0x20,0x63,0x6c,0x61,0x73,0x73,
  0x3d,0x22,0x43,0x6f,0x6c,0x6f,0x72,0x53,0x63,0x68,0x65,0x6d,0x65,0x2d,0x54,0x65,
  0x78,0x74,0x22,0x20,0x64,0x3d,0x22,0x6d,0x33,0x20,0x33,0x76,0x31,0x36,0x68,0x38,
  0x76,0x2d,0x31,0x68,0x2d,0x37,0x76,0x2d,0x31,0x31,0x68,0x31,0x34,0x76,0x34,0x68,
  0x31,0x76,0x2d,0x38,0x68,0x2d,0x31,0x7a,0x6d,0x39,0x20,0x39,0x76,0x34,0x2d,0x31,
  0x20,0x35,0x68,0x38,0x76,0x2d,0x38,0x68,0x2d,0x33,0x7a,0x6d,0x31,0x20,0x33,0x68,
  0x36,0x76,0x34,0x68,0x2d,0x36,0x76,0x2d,0x35,0x7a,0x22,0x20,0x66,0x69,0x6c,0x6c,
  0x3d,0x22,0x63,0x75,0x72,0x72,0x65,0x6e,0x74,0x43,0x6f,0x6c,0x6f,0x72,0x22,0x2f,
  0x3e,0xa,0x20,0x20,0x3c,0x2f,0x67,0x3e,0xa,0x3c,0x2f,0x73,0x76,0x67,0x3e,0xa,
  
    // edit-clear-all.svg
  0x0,0x0,0x4,0xcc,
  0x3c,
  0x73,0x76,0x67,0x20,0x78,0x6d,0x6c,0x6e,0x73,0x3d,0x22,0x68,0x74,0x74,0x70,0x3a,
  0x2f,0x2f,0x77,0x77,0x77,0x2e,0x77,0x33,0x2e,0x6f,0x72,0x67,0x2f,0x32,0x30,0x30,
  0x30,0x2f,0x73,0x76,0x67,0x22,0x20,0x76,0x69,0x65,0x77,0x42,0x6f,0x78,0x3d,0x22,
  0x30,0x20,0x30,0x20,0x32,0x34,0x20,0x32,0x34,0x22,0x20,0x77,0x69,0x64,0x74,0x68,
  0x3d,0x22,0x32,0x34,0x22,0x20,0x68,0x65,0x69,0x67,0x68,0x74,0x3d,0x22,0x32,0x34,
  0x22,0x3e,0xa,0x20,0x20,0x3c,0x64,0x65,0x66,0x73,0x20,0x69,0x64,0x3d,0x22,0x64,
  0x65,0x66,0x73,0x33,0x30,0x35,0x31,0x22,0x3e,0xa,0x20,0x20,0x20,0x20,0x3c,0x73,
  0x74,0x79,0x6c,0x65,0x20,0x74,0x79,0x70,0x65,0x3d,0x22,0x74,0x65,0x78,0x74,0x2f,
  0x63,0x73,0x73,0x22,0x20,0x69,0x64,0x3d,0x22,0x63,0x75,0x72,0x72,0x65,0x6e,0x74,
  0x2d,0x63,0x6f,0x6c,0x6f,0x72,0x2d,0x73,0x63,0x68,0x65,0x6d,0x65,0x22,0x3e,0xa,
  0x20,0x20,0x20,0x20,0x20,0x20,0x2e,0x43,0x6f,0x6c,0x6f,0x72,0x53,0x63,0x68,0x65,
  0x6d,0x65,0x2d,0x54,0x65,0x78,0x74,0x20,0x7b,0xa,0x20,0x20,0x20,0x20,0x20,0x20,
  0x20,0x20,0x63,0x6f,0x6c,0x6f,0x72,0x3a,0x23,0x32,0x33,0x32,0x36,0x32,0x39,0x3b,
  0xa,0x20,0x20,0x20,0x20,0x20,0x20,0x7d,0xa,0x20,0x20,0x20,0x20,0x20,0x20,0x3c,
  0x2f,0x73,0x74,0x79,0x6c,0x65,0x3e,0xa,0x20,0x20,0x3c,0x2f,0x64,0x65,0x66,0x73,
  0x3e,0xa,0x20,0x20,0x3c,0x67,0x20,0x74,0x72,0x61,0x6e,0x73,0x66,0x6f,0x72,0x6d,
  0x3d,0x22,0x74,0x72,0x61,0x6e,0x73,0x6c,0x61,0x74,0x65,0x28,0x31,0x2c,0x31,0x29,
  0x22,0x3e,0xa,0x20,0x20,0x20,0x20,0x3c,0x70,0x61,0x74,0x68,0x20,0x73,0x74,0x79,
  0x6c,0x65,0x3d,0x22,0x66,0x69,0x6c,0x6c,0x3a,0x63,0x75,0x72,0x72,0x65,0x6e,0x74,
  0x43,0x6f,0x6c,0x6f,0x72,0x3b,0x66,0x69,0x6c,0x6c,0x2d,0x6f,0x70,0x61,0x63,0x69,
  0x74,0x79,0x3a,0x31,0x3b,0x73,0x74,0x72,0x6f,0x6b,0x65,0x3a,0x6e,0x6f,0x6e,0x65,
  0x22,0x20,0x64,0x3d,0x22,0x4d,0x20,0x31,0x37,0x2e,0x35,0x36,0x34,0x34,0x35,0x33,
  0x20,0x32,0x2e,0x37,0x35,0x35,0x38,0x35,0x39,0x34,0x20,0x4c,0x20,0x31,0x34,0x2e,
  0x32,0x39,0x38,0x38,0x32,0x38,0x20,0x38,0x2e,0x35,0x37,0x34,0x32,0x31,0x38,0x38,
  0x20,0x4c,0x20,0x31,0x31,0x2e,0x38,0x38,0x32,0x38,0x31,0x32,0x20,0x37,0x2e,0x31,
  0x33,0x38,0x36,0x37,0x31,0x39,0x20,0x4c,0x20,0x31,0x30,0x2e,0x38,0x36,0x31,0x33,
  0x32,0x38,0x20,0x38,0x2e,0x38,0x35,0x37,0x34,0x32,0x31,0x39,0x20,0x4c,0x20,0x31,
  0x36,0x2e,0x35,0x31,0x31,0x37,0x31,0x39,0x20,0x31,0x32,0x2e,0x32,0x31,0x36,0x37,
  0x39,0x37,0x20,0x4c,0x20,0x31,0x37,0x2e,0x35,0x33,0x33,0x32,0x30,0x33,0x20,0x31,
  0x30,0x2e,0x34,0x39,0x36,0x30,0x39,0x34,0x20,0x4c,0x20,0x31,0x35,0x2e,0x31,0x35,
  0x38,0x32,0x30,0x33,0x20,0x39,0x2e,0x30,0x38,0x33,0x39,0x38,0x34,0x34,0x20,0x4c,
  0x20,0x31,0x38,0x2e,0x34,0x33,0x35,0x35,0x34,0x37,0x20,0x33,0x2e,0x32,0x34,0x34,
  0x31,0x34,0x30,0x36,0x20,0x4c,0x20,0x31,0x37,0x2e,0x35,0x36,0x34,0x34,0x35,0x33,
  0x20,0x32,0x2e,0x37,0x35,0x35,0x38,0x35,0x39,0x34,0x20,0x7a,0x20,0x4d,0x20,0x37,
  0x20,0x36,0x20,0x41,0x20,0x31,0x20,0x31,0x20,0x30,0x20,0x30,0x20,0x30,0x20,0x36,
  0x20,0x37,0x20,0x41,0x20,0x31,0x20,0x31,0x20,0x30,0x20,0x30,0x20,0x30,0x20,0x37,
  0x20,0x38,0x20,0x41,0x20,0x31,0x20,0x31,0x20,0x30,0x20,0x30,0x20,0x30,0x20,0x38,
  0x20,0x37,0x20,0x41,0x20,0x31,0x20,0x31,0x20,0x30,0x20,0x30,0x20,0x30,0x20,0x37,
  0x20,0x36,0x20,0x7a,0x20,0x4d,0x20,0x33,0x2e,0x35,0x20,0x37,0x20,0x41,0x20,0x30,
  0x2e,0x35,0x20,0x30,0x2e,0x35,0x20,0x30,0x20,0x30,0x20,0x30,0x20,0x33,0x20,0x37,
  0x2e,0x35,0x20,0x41,0x20,0x30,0x2e,0x35,0x20,0x30,0x2e,0x35,0x20,0x30,0x20,0x30,
  0x20,0x30,0x20,0x33,0x2e,0x35,0x20,0x38,0x20,0x41,0x20,0x30,0x2e,0x35,0x20,0x30,
  0x2e,0x35,0x20,0x30,0x20,0x30,0x20,0x30,0x20,0x34,0x20,0x37,0x2e,0x35,0x20,0x41,
  0x20,0x30,0x2e,0x35,0x20,0x30,0x2e,0x35,0x20,0x30,0x20,0x30,0x20,0x30,0x20,0x33,
  0x2e,0x35,0x20,0x37,0x20,0x7a,0x20,0x4d,0x20,0x35,0x20,0x39,0x20,0x41,0x20,0x31,
  0x20,0x31,0x20,0x30,0x20,0x30,0x20,0x30,0x20,0x34,0x20,0x31,0x30,0x20,0x41,0x20,
  0x31,0x20,0x31,0x20,0x30,0x20,0x30,0x20,0x30,0x20,0x35,0x20,0x31,0x31,0x20,0x41,
  0x20,0x31,0x20,0x31,0x20,0x30,0x20,0x30,0x20,0x30,0x20,0x36,0x20,0x31,0x30,0x20,
  0x41,0x20,0x31,0x20,0x31,0x20,0x30,0x20,0x30,0x20,0x30,0x20,0x35,0x20,0x39,0x20,
  0x7a,0x20,0x4d,0x20,0x31,0x30,0x20,0x31,0x30,0x20,0x43,0x20,0x38,0x2e,0x38,0x38,
  0x31,0x35,0x31,0x32,0x35,0x20,0x31,0x31,0x2e,0x35,0x36,0x34,0x32,0x36,0x38,0x20,
  0x36,0x2e,0x38,0x33,0x35,0x35,0x30,0x35,0x35,0x20,0x31,0x32,0x2e,0x38,0x31,0x30,
  0x38,0x39,0x34,0x20,0x33,0x20,0x31,0x33,0x20,0x4c,0x20,0x33,0x20,0x31,0x34,0x20,
  0x43,0x20,0x35,0x2e,0x31,0x31,0x33,0x37,0x31,0x33,0x35,0x20,0x31,0x37,0x2e,0x33,
  0x37,0x31,0x36,0x39,0x32,0x20,0x38,0x20,0x31,0x39,0x20,0x31,0x32,0x20,0x31,0x39,
  0x20,0x4c,0x20,0x31,0x33,0x20,0x31,0x39,0x20,0x43,0x20,0x31,0x34,0x2e,0x33,0x31,
  0x31,0x32,0x34,0x39,0x20,0x31,0x37,0x2e,0x34,0x31,0x32,0x38,0x30,0x35,0x20,0x31,
  0x35,0x2e,0x33,0x35,0x37,0x35,0x31,0x33,0x20,0x31,0x35,0x2e,0x39,0x36,0x37,0x36,
  0x31,0x39,0x20,0x31,0x36,0x20,0x31,0x34,0x20,0x4c,0x20,0x31,0x36,0x20,0x31,0x33,
  0x20,0x4c,0x20,0x31,0x31,0x20,0x31,0x30,0x20,0x4c,0x20,0x31,0x30,0x20,0x31,0x30,
  0x20,0x7a,0x20,0x4d,0x20,0x31,0x30,0x2e,0x35,0x32,0x39,0x32,0x39,0x37,0x20,0x31,
  0x31,0x2e,0x31,0x30,0x31,0x35,0x36,0x32,0x20,0x4c,0x20,0x31,0x34,0x2e,0x38,0x35,
  0x37,0x34,0x32,0x32,0x20,0x31,0x33,0x2e,0x36,0x39,0x39,0x32,0x31,0x39,0x20,0x43,
  0x20,0x31,0x34,0x2e,0x32,0x38,0x34,0x35,0x39,0x34,0x20,0x31,0x35,0x2e,0x32,0x34,
  0x35,0x38,0x36,0x20,0x31,0x33,0x2e,0x33,0x38,0x35,0x34,0x30,0x34,0x20,0x31,0x36,
  0x2e,0x36,0x30,0x32,0x38,0x33,0x33,0x20,0x31,0x32,0x2e,0x32,0x37,0x33,0x34,0x33,
  0x38,0x20,0x31,0x37,0x2e,0x39,0x36,0x38,0x37,0x35,0x20,0x43,0x20,0x38,0x2e,0x39,
  0x39,0x39,0x39,0x39,0x39,0x35,0x20,0x31,0x38,0x20,0x36,0x2e,0x30,0x35,0x32,0x37,
  0x36,0x38,0x20,0x31,0x36,0x2e,0x35,0x34,0x30,0x35,0x33,0x38,0x20,0x34,0x2e,0x33,
  0x32,0x36,0x31,0x37,0x31,0x39,0x20,0x31,0x33,0x2e,0x38,0x33,0x30,0x30,0x37,0x38,
  0x20,0x43,0x20,0x37,0x2e,0x34,0x34,0x34,0x33,0x38,0x37,0x39,0x20,0x31,0x33,0x2e,
  0x35,0x31,0x39,0x34,0x36,0x20,0x39,0x2e,0x33,0x34,0x35,0x37,0x31,0x35,0x36,0x20,
  0x31,0x32,0x2e,0x35,0x34,0x35,0x33,0x30,0x36,0x20,0x31,0x30,0x2e,0x35,0x32,0x39,
  0x32,0x39,0x37,0x20,0x31,0x31,0x2e,0x31,0x30,0x31,0x35,0x36,0x32,0x20,0x7a,0x20,
  0x22,0x20,0x63,0x6c,0x61,0x73,0x73,0x3d,0x22,0x43,0x6f,0x6c,0x6f,0x72,0x53,0x63,
  0x68,0x65,0x6d,0x65,0x2d,0x54,0x65,0x78,0x74,0x22,0x2f,0x3e,0xa,0x20,0x20,0x3c,
  0x2f,0x67,0x3e,0xa,0x3c,0x2f,0x73,0x76,0x67,0x3e,0xa,
    // process-stop.svg
  0x0,0x0,0x3,0x8,
  0x3c,
  0x73,0x76,0x67,0x20,0x78,0x6d,0x6c,0x6e,0x73,0x3d,0x22,0x68,0x74,0x74,0x70,0x3a,
  0x2f,0x2f,0x77,0x77,0x77,0x2e,0x77,0x33,0x2e,0x6f,0x72,0x67,0x2f,0x32,0x30,0x30,
  0x30,0x2f,0x73,0x76,0x67,0x22,0x20,0x76,0x69,0x65,0x77,0x42,0x6f,0x78,0x3d,0x22,
  0x30,0x20,0x30,0x20,0x32,0x32,0x20,0x32,0x32,0x22,0x3e,0xa,0x20,0x20,0x20,0x20,
  0x3c,0x64,0x65,0x66,0x73,0x20,0x69,0x64,0x3d,0x22,0x64,0x65,0x66,0x73,0x33,0x30,
  0x35,0x31,0x22,0x3e,0xa,0x20,0x20,0x20,0x20,0x20,0x20,0x20,0x20,0x3c,0x73,0x74,
  0x79,0x6c,0x65,0x20,0x74,0x79,0x70,0x65,0x3d,0x22,0x74,0x65,0x78,0x74,0x2f,0x63,
  0x73,0x73,0x22,0x20,0x69,0x64,0x3d,0x22,0x63,0x75,0x72,0x72,0x65,0x6e,0x74,0x2d,
  0x63,0x6f,0x6c,0x6f,0x72,0x2d,0x73,0x63,0x68,0x65,0x6d,0x65,0x22,0x3e,0xa,0x20,
  0x20,0x20,0x20,0x20,0x20,0x20,0x20,0x20,0x20,0x20,0x20,0x2e,0x43,0x6f,0x6c,0x6f,
  0x72,0x53,0x63,0x68,0x65,0x6d,0x65,0x2d,0x4e,0x65,0x67,0x61,0x74,0x69,0x76,0x65,
  0x54,0x65,0x78,0x74,0x20,0x7b,0xa,0x20,0x20,0x20,0x20,0x20,0x20,0x20,0x20,0x20,
  0x20,0x20,0x20,0x20,0x20,0x20,0x20,0x63,0x6f,0x6c,0x6f,0x72,0x3a,0x23,0x64,0x61,
  0x34,0x34,0x35,0x33,0x3b,0xa,0x20,0x20,0x20,0x20,0x20,0x20,0x20,0x20,0x20,0x20,
  0x20,0x20,0x7d,0xa,0x20,0x20,0x20,0x20,0x20,0x20,0x20,0x20,0x3c,0x2f,0x73,0x74,
  0x79,0x6c,0x65,0x3e,0xa,0x20,0x20,0x20,0x20,0x3c,0x2f,0x64,0x65,0x66,0x73,0x3e,
  0xa,0x20,0x20,0x20,0x20,0x3c,0x67,0x20,0x73,0x74,0x79,0x6c,0x65,0x3d,0x22,0x66,
  0x69,0x6c,0x6c,0x3a,0x63,0x75,0x72,0x72,0x65,0x6e,0x74,0x43,0x6f,0x6c,0x6f,0x72,
  0x3b,0x66,0x69,0x6c,0x6c,0x2d,0x6f,0x70,0x61,0x63,0x69,0x74,0x79,0x3a,0x31,0x3b,
  0x73,0x74,0x72,0x6f,0x6b,0x65,0x3a,0x6e,0x6f,0x6e,0x65,0x22,0x20,0x63,0x6c,0x61,
  0x73,0x73,0x3d,0x22,0x43,0x6f,0x6c,0x6f,0x72,0x53,0x63,0x68,0x65,0x6d,0x65,0x2d,
  0x4e,0x65,0x67,0x61,0x74,0x69,0x76,0x65,0x54,0x65,0x78,0x74,0x22,0x3e,0xa,0x20,
  0x20,0x20,0x20,0x20,0x20,0x20,0x20,0x3c,0x70,0x61,0x74,0x68,0x20,0x64,0x3d,0x22,
  0x4d,0x31,0x31,0x20,0x33,0x63,0x34,0x2e,0x34,0x33,0x32,0x20,0x30,0x20,0x38,0x20,
  0x33,0x2e,0x35,0x36,0x38,0x20,0x38,0x20,0x38,0x20,0x30,0x20,0x31,0x2e,0x34,0x34,
  0x32,0x2d,0x2e,0x33,0x38,0x33,0x20,0x32,0x2e,0x37,0x39,0x2d,0x31,0x2e,0x30,0x34,
  0x35,0x20,0x33,0x2e,0x39,0x35,0x35,0x6c,0x2d,0x2e,0x37,0x33,0x38,0x2d,0x2e,0x37,
  0x33,0x38,0x41,0x36,0x2e,0x39,0x38,0x35,0x20,0x36,0x2e,0x39,0x38,0x35,0x20,0x30,
  0x20,0x30,0x20,0x30,0x20,0x31,0x38,0x20,0x31,0x31,0x63,0x30,0x2d,0x33,0x2e,0x38,
  0x37,0x38,0x2d,0x33,0x2e,0x31,0x32,0x32,0x2d,0x37,0x2d,0x37,0x2d,0x37,0x61,0x36,
  0x2e,0x39,0x38,0x35,0x20,0x36,0x2e,0x39,0x38,0x35,0x20,0x30,0x20,0x30,0x20,0x30,
  0x2d,0x33,0x2e,0x32,0x31,0x37,0x2e,0x37,0x38,0x33,0x6c,0x2d,0x2e,0x37,0x33,0x38,
  0x2d,0x2e,0x37,0x33,0x38,0x41,0x37,0x2e,0x39,0x38,0x32,0x20,0x37,0x2e,0x39,0x38,
  0x32,0x20,0x30,0x20,0x30,0x20,0x31,0x20,0x31,0x31,0x20,0x33,0x4d,0x34,0x2e,0x30,
  0x34,0x35,0x20,0x37,0x2e,0x30,0x34,0x35,0x6c,0x2e,0x37,0x33,0x38,0x2e,0x37,0x33,
  0x38,0x41,0x36,0x2e,0x39,0x38,0x35,0x20,0x36,0x2e,0x39,0x38,0x35,0x20,0x30,0x20,
  0x30,0x20,0x30,0x20,0x34,0x20,0x31,0x31,0x63,0x30,0x20,0x33,0x2e,0x38,0x37,0x38,
  0x20,0x33,0x2e,0x31,0x32,0x32,0x20,0x37,0x20,0x37,0x20,0x37,0x61,0x36,0x2e,0x39,
  0x38,0x35,0x20,0x36,0x2e,0x39,0x38,0x35,0x20,0x30,0x20,0x30,0x20,0x30,0x20,0x33,
  0x2e,0x32,0x31,0x37,0x2d,0x2e,0x37,0x38,0x33,0x6c,0x2e,0x37,0x33,0x38,0x2e,0x37,
  0x33,0x38,0x41,0x37,0x2e,0x39,0x38,0x32,0x20,0x37,0x2e,0x39,0x38,0x32,0x20,0x30,
  0x20,0x30,0x20,0x31,0x20,0x31,0x31,0x20,0x31,0x39,0x63,0x2d,0x34,0x2e,0x34,0x33,
  0x32,0x20,0x30,0x2d,0x38,0x2d,0x33,0x2e,0x35,0x36,0x38,0x2d,0x38,0x2d,0x38,0x20,
  0x30,0x2d,0x31,0x2e,0x34,0x34,0x32,0x2e,0x33,0x38,0x33,0x2d,0x32,0x2e,0x37,0x39,
  0x20,0x31,0x2e,0x30,0x34,0x35,0x2d,0x33,0x2e,0x39,0x35,0x35,0x22,0x2f,0x3e,0xa,
  0x20,0x20,0x20,0x20,0x20,0x20,0x20,0x20,0x3c,0x70,0x61,0x74,0x68,0x20,0x64,0x3d,
  0x22,0x4d,0x37,0x2e,0x35,0x20,0x39,0x2e,0x39,0x39,0x38,0x68,0x37,0x76,0x32,0x68,
  0x2d,0x37,0x7a,0x22,0x2f,0x3e,0xa,0x20,0x20,0x20,0x20,0x3c,0x2f,0x67,0x3e,0xa,
  0x3c,0x2f,0x73,0x76,0x67,0x3e,0xa,
    // help-about.svg
  0x0,0x0,0x2,0x80,
  0x3c,
  0x73,0x76,0x67,0x20,0x78,0x6d,0x6c,0x6e,0x73,0x3d,0x22,0x68,0x74,0x74,0x70,0x3a,
  0x2f,0x2f,0x77,0x77,0x77,0x2e,0x77,0x33,0x2e,0x6f,0x72,0x67,0x2f,0x32,0x30,0x30,
  0x30,0x2f,0x73,0x76,0x67,0x22,0x20,0x76,0x69,0x65,0x77,0x42,0x6f,0x78,0x3d,0x22,
  0x30,0x20,0x30,0x20,0x32,0x32,0x20,0x32,0x32,0x22,0x3e,0xa,0x20,0x20,0x3c,0x64,
  0x65,0x66,0x73,0x20,0x69,0x64,0x3d,0x22,0x64,0x65,0x66,0x73,0x33,0x30,0x35,0x31,
  0x22,0x3e,0xa,0x20,0x20,0x20,0x20,0x3c,0x73,0x74,0x79,0x6c,0x65,0x20,0x74,0x79,
  0x70,0x65,0x3d,0x22,0x74,0x65,0x78,0x74,0x2f,0x63,0x73,0x73,0x22,0x20,0x69,0x64,
  0x3d,0x22,0x63,0x75,0x72,0x72,0x65,0x6e,0x74,0x2d,0x63,0x6f,0x6c,0x6f,0x72,0x2d,
  0x73,0x63,0x68,0x65,0x6d,0x65,0x22,0x3e,0xa,0x20,0x20,0x20,0x20,0x20,0x20,0x2e,
  0x43,0x6f,0x6c,0x6f,0x72,0x53,0x63,0x68,0x65,0x6d,0x65,0x2d,0x54,0x65,0x78,0x74,
  0x20,0x7b,0xa,0x20,0x20,0x20,0x20,0x20,0x20,0x20,0x20,0x63,0x6f,0x6c,0x6f,0x72,
  0x3a,0x23,0x32,0x33,0x32,0x36,0x32,0x39,0x3b,0xa,0x20,0x20,0x20,0x20,0x20,0x20,
  0x7d,0xa,0x20,0x20,0x20,0x20,0x20,0x20,0x3c,0x2f,0x73,0x74,0x79,0x6c,0x65,0x3e,
  0xa,0x20,0x20,0x3c,0x2f,0x64,0x65,0x66,0x73,0x3e,0xa,0x20,0x3c,0x70,0x61,0x74,
  0x68,0x20,0xa,0x20,0x20,0x20,0x20,0x20,0x73,0x74,0x79,0x6c,0x65,0x3d,0x22,0x66,
  0x69,0x6c,0x6c,0x3a,0x63,0x75,0x72,0x72,0x65,0x6e,0x74,0x43,0x6f,0x6c,0x6f,0x72,
  0x3b,0x66,0x69,0x6c,0x6c,0x2d,0x6f,0x70,0x61,0x63,0x69,0x74,0x79,0x3a,0x31,0x3b,
  0x73,0x74,0x72,0x6f,0x6b,0x65,0x3a,0x6e,0x6f,0x6e,0x65,0x22,0x20,0xa,0x20,0x20,
  0x20,0x20,0x20,0x64,0x3d,0x22,0x4d,0x20,0x31,0x31,0x20,0x33,0x20,0x43,0x20,0x36,
  0x2e,0x35,0x36,0x38,0x20,0x33,0x20,0x33,0x20,0x36,0x2e,0x35,0x36,0x38,0x20,0x33,
  0x20,0x31,0x31,0x20,0x43,0x20,0x33,0x20,0x31,0x35,0x2e,0x34,0x33,0x32,0x20,0x36,
  0x2e,0x35,0x36,0x38,0x20,0x31,0x39,0x20,0x31,0x31,0x20,0x31,0x39,0x20,0x43,0x20,
  0x31,0x35,0x2e,0x34,0x33,0x32,0x20,0x31,0x39,0x20,0x31,0x39,0x20,0x31,0x35,0x2e,
  0x34,0x33,0x32,0x20,0x31,0x39,0x20,0x31,0x31,0x20,0x43,0x20,0x31,0x39,0x20,0x36,
  0x2e,0x35,0x36,0x38,0x20,0x31,0x35,0x2e,0x34,0x33,0x32,0x20,0x33,0x20,0x31,0x31,
  0x20,0x33,0x20,0x7a,0x20,0x4d,0x20,0x31,0x31,0x20,0x34,0x20,0x43,0x20,0x31,0x34,
  0x2e,0x38,0x37,0x38,0x20,0x34,0x20,0x31,0x38,0x20,0x37,0x2e,0x31,0x32,0x32,0x20,
  0x31,0x38,0x20,0x31,0x31,0x20,0x43,0x20,0x31,0x38,0x20,0x31,0x34,0x2e,0x38,0x37,
  0x38,0x20,0x31,0x34,0x2e,0x38,0x37,0x38,0x20,0x31,0x38,0x20,0x31,0x31,0x20,0x31,
  0x38,0x20,0x43,0x20,0x37,0x2e,0x31,0x32,0x32,0x20,0x31,0x38,0x20,0x34,0x20,0x31,
  0x34,0x2e,0x38,0x37,0x38,0x20,0x34,0x20,0x31,0x31,0x20,0x43,0x20,0x34,0x20,0x37,
  0x2e,0x31,0x32,0x32,0x20,0x37,0x2e,0x31,0x32,0x32,0x20,0x34,0x20,0x31,0x31,0x20,
  0x34,0x20,0x7a,0x20,0x4d,0x20,0x31,0x30,0x20,0x36,0x20,0x4c,0x20,0x31,0x30,0x20,
  0x38,0x20,0x4c,0x20,0x31,0x32,0x20,0x38,0x20,0x4c,0x20,0x31,0x32,0x20,0x36,0x20,
  0x4c,0x20,0x31,0x30,0x20,0x36,0x20,0x7a,0x20,0x4d,0x20,0x31,0x30,0x20,0x39,0x20,
  0x4c,0x20,0x31,0x30,0x20,0x31,0x36,0x20,0x4c,0x20,0x31,0x32,0x20,0x31,0x36,0x20,
  0x4c,0x20,0x31,0x32,0x20,0x39,0x20,0x4c,0x20,0x31,0x30,0x20,0x39,0x20,0x7a,0x20,
  0x22,0xa,0x20,0x20,0x20,0x20,0x20,0x63,0x6c,0x61,0x73,0x73,0x3d,0x22,0x43,0x6f,
  0x6c,0x6f,0x72,0x53,0x63,0x68,0x65,0x6d,0x65,0x2d,0x54,0x65,0x78,0x74,0x22,0xa,
  0x20,0x20,0x20,0x20,0x20,0x2f,0x3e,0xa,0x3c,0x2f,0x73,0x76,0x67,0x3e,0xa,
    // go-up.svg
  0x0,0x0,0x1,0x87,
  0x3c,
  0x73,0x76,0x67,0x20,0x76,0x69,0x65,0x77,0x42,0x6f,0x78,0x3d,0x22,0x30,0x20,0x30,
  0x20,0x32,0x32,0x20,0x32,0x32,0x22,0x20,0x78,0x6d,0x6c,0x6e,0x73,0x3d,0x22,0x68,
  0x74,0x74,0x70,0x3a,0x2f,0x2f,0x77,0x77,0x77,0x2e,0x77,0x33,0x2e,0x6f,0x72,0x67,
  0x2f,0x32,0x30,0x30,0x30,0x2f,0x73,0x76,0x67,0x22,0x3e,0xa,0x20,0x20,0x20,0x20,
  0x3c,0x73,0x74,0x79,0x6c,0x65,0xa,0x20,0x20,0x20,0x20,0x20,0x20,0x20,0x20,0x74,
  0x79,0x70,0x65,0x3d,0x22,0x74,0x65,0x78,0x74,0x2f,0x63,0x73,0x73,0x22,0xa,0x20,
  0x20,0x20,0x20,0x20,0x20,0x20,0x20,0x69,0x64,0x3d,0x22,0x63,0x75,0x72,0x72,0x65,
  0x6e,0x74,0x2d,0x63,0x6f,0x6c,0x6f,0x72,0x2d,0x73,0x63,0x68,0x65,0x6d,0x65,0x22,
  0x3e,0xa,0x20,0x20,0x20,0x20,0x20,0x20,0x20,0x20,0x2e,0x43,0x6f,0x6c,0x6f,0x72,
  0x53,0x63,0x68,0x65,0x6d,0x65,0x2d,0x54,0x65,0x78,0x74,0x20,0x7b,0xa,0x20,0x20,
  0x20,0x20,0x20,0x20,0x20,0x20,0x20,0x20,0x20,0x20,0x63,0x6f,0x6c,0x6f,0x72,0x3a,
  0x23,0x32,0x33,0x32,0x36,0x32,0x39,0x3b,0xa,0x20,0x20,0x20,0x20,0x20,0x20,0x20,
  0x20,0x7d,0xa,0x20,0x20,0x20,0x20,0x3c,0x2f,0x73,0x74,0x79,0x6c,0x65,0x3e,0xa,
  0x20,0x20,0x20,0x20,0x3c,0x70,0x61,0x74,0x68,0x20,0x64,0x3d,0x22,0x4d,0x33,0x2e,
  0x37,0x30,0x37,0x20,0x31,0x35,0x4c,0x33,0x20,0x31,0x34,0x2e,0x32,0x39,0x33,0x6c,
  0x36,0x2e,0x31,0x32,0x35,0x2d,0x36,0x2e,0x31,0x32,0x35,0x4c,0x31,0x31,0x20,0x36,
  0x2e,0x32,0x39,0x33,0x6c,0x31,0x2e,0x38,0x37,0x35,0x20,0x31,0x2e,0x38,0x37,0x35,
  0x4c,0x31,0x39,0x20,0x31,0x34,0x2e,0x32,0x39,0x33,0x6c,0x2d,0x2e,0x37,0x30,0x37,
  0x2e,0x37,0x30,0x37,0x2d,0x36,0x2e,0x31,0x32,0x35,0x2d,0x36,0x2e,0x31,0x32,0x35,
  0x4c,0x31,0x31,0x20,0x37,0x2e,0x37,0x30,0x37,0x20,0x39,0x2e,0x38,0x33,0x32,0x20,
  0x38,0x2e,0x38,0x37,0x35,0x20,0x33,0x2e,0x37,0x30,0x37,0x20,0x31,0x35,0x22,0x20,
  0x63,0x6c,0x61,0x73,0x73,0x3d,0x22,0x43,0x6f,0x6c,0x6f,0x72,0x53,0x63,0x68,0x65,
  0x6d,0x65,0x2d,0x54,0x65,0x78,0x74,0x22,0x20,0x66,0x69,0x6c,0x6c,0x3d,0x22,0x63,
  0x75,0x72,0x72,0x65,0x6e,0x74,0x43,0x6f,0x6c,0x6f,0x72,0x22,0x2f,0x3e,0xa,0x3c,
  0x2f,0x73,0x76,0x67,0x3e,0xa,
    // document-edit.svg
  0x0,0x0,0x2,0xa9,
  0x3c,
  0x73,0x76,0x67,0x20,0x78,0x6d,0x6c,0x6e,0x73,0x3d,0x22,0x68,0x74,0x74,0x70,0x3a,
  0x2f,0x2f,0x77,0x77,0x77,0x2e,0x77,0x33,0x2e,0x6f,0x72,0x67,0x2f,0x32,0x30,0x30,
  0x30,0x2f,0x73,0x76,0x67,0x22,0x20,0x76,0x69,0x65,0x77,0x42,0x6f,0x78,0x3d,0x22,
  0x30,0x20,0x30,0x20,0x32,0x32,0x20,0x32,0x32,0x22,0x3e,0xa,0x20,0x20,0x3c,0x64,
  0x65,0x66,0x73,0x20,0x69,0x64,0x3d,0x22,0x64,0x65,0x66,0x73,0x33,0x30,0x35,0x31,
  0x22,0x3e,0xa,0x20,0x20,0x20,0x20,0x3c,0x73,0x74,0x79,0x6c,0x65,0x20,0x74,0x79,
  0x70,0x65,0x3d,0x22,0x74,0x65,0x78,0x74,0x2f,0x63,0x73,0x73,0x22,0x20,0x69,0x64,
  0x3d,0x22,0x63,0x75,0x72,0x72,0x65,0x6e,0x74,0x2d,0x63,0x6f,0x6c,0x6f,0x72,0x2d,
  0x73,0x63,0x68,0x65,0x6d,0x65,0x22,0x3e,0xa,0x20,0x20,0x20,0x20,0x20,0x20,0x2e,
  0x43,0x6f,0x6c,0x6f,0x72,0x53,0x63,0x68,0x65,0x6d,0x65,0x2d,0x54,0x65,0x78,0x74,
  0x20,0x7b,0xa,0x20,0x20,0x20,0x20,0x20,0x20,0x20,0x20,0x63,0x6f,0x6c,0x6f,0x72,
  0x3a,0x23,0x32,0x33,0x32,0x36,0x32,0x39,0x3b,0xa,0x20,0x20,0x20,0x20,0x20,0x20,
  0x7d,0xa,0x20,0x20,0x20,0x20,0x20,0x20,0x3c,0x2f,0x73,0x74,0x79,0x6c,0x65,0x3e,
  0xa,0x20,0x20,0x3c,0x2f,0x64,0x65,0x66,0x73,0x3e,0xa,0x20,0x3c,0x70,0x61,0x74,
  0x68,0x20,0xa,0x20,0x20,0x20,0x20,0x73,0x74,0x79,0x6c,0x65,0x3d,0x22,0x66,0x69,
  0x6c,0x6c,0x3a,0x63,0x75,0x72,0x72,0x65,0x6e,0x74,0x43,0x6f,0x6c,0x6f,0x72,0x3b,
  0x66,0x69,0x6c,0x6c,0x2d,0x6f,0x70,0x61,0x63,0x69,0x74,0x79,0x3a,0x31,0x3b,0x73,
  0x74,0x72,0x6f,0x6b,0x65,0x3a,0x6e,0x6f,0x6e,0x65,0x22,0x20,0xa,0x20,0x20,0x20,
  0x64,0x3d,0x22,0x6d,0x31,0x34,0x2e,0x39,0x39,0x36,0x30,0x39,0x34,0x20,0x33,0x6c,
  0x2d,0x31,0x31,0x2e,0x39,0x39,0x32,0x31,0x38,0x38,0x20,0x31,0x31,0x2e,0x39,0x39,
  0x32,0x31,0x38,0x38,0x68,0x2d,0x2e,0x30,0x30,0x33,0x39,0x30,0x36,0x76,0x34,0x2e,
  0x30,0x30,0x37,0x38,0x31,0x68,0x31,0x20,0x32,0x20,0x31,0x2e,0x30,0x30,0x37,0x38,
  0x31,0x76,0x2d,0x2e,0x30,0x30,0x33,0x39,0x30,0x36,0x6c,0x31,0x31,0x2e,0x39,0x39,
  0x32,0x31,0x38,0x38,0x2d,0x31,0x31,0x2e,0x39,0x39,0x32,0x31,0x38,0x38,0x2d,0x2e,
  0x30,0x30,0x31,0x39,0x35,0x33,0x2d,0x2e,0x30,0x30,0x31,0x39,0x35,0x33,0x2e,0x30,
  0x30,0x31,0x39,0x35,0x33,0x2d,0x2e,0x30,0x30,0x31,0x39,0x35,0x33,0x2d,0x34,0x2d,
  0x34,0x2d,0x2e,0x30,0x30,0x31,0x39,0x35,0x33,0x2e,0x30,0x30,0x31,0x39,0x35,0x33,
  0x2d,0x2e,0x30,0x30,0x31,0x39,0x35,0x33,0x2d,0x2e,0x30,0x30,0x31,0x39,0x35,0x33,
  0x6d,0x2d,0x31,0x2e,0x39,0x39,0x38,0x30,0x34,0x37,0x20,0x33,0x2e,0x34,0x31,0x32,
  0x31,0x30,0x39,0x6c,0x32,0x2e,0x35,0x38,0x39,0x38,0x34,0x34,0x20,0x32,0x2e,0x35,
  0x38,0x39,0x38,0x34,0x34,0x2d,0x37,0x2e,0x35,0x38,0x37,0x38,0x39,0x31,0x20,0x37,
  0x2e,0x35,0x38,0x37,0x38,0x39,0x31,0x76,0x2d,0x31,0x2e,0x35,0x38,0x39,0x38,0x34,
  0x34,0x68,0x2d,0x31,0x2d,0x31,0x76,0x2d,0x31,0x2d,0x2e,0x35,0x38,0x39,0x38,0x34,
  0x34,0x6c,0x36,0x2e,0x39,0x39,0x38,0x30,0x34,0x37,0x2d,0x36,0x2e,0x39,0x39,0x38,
  0x30,0x34,0x37,0x6d,0x2d,0x37,0x2e,0x39,0x39,0x38,0x30,0x34,0x37,0x20,0x37,0x2e,
  0x39,0x39,0x38,0x30,0x34,0x37,0x76,0x31,0x2e,0x35,0x38,0x39,0x38,0x34,0x34,0x68,
  0x31,0x20,0x31,0x76,0x31,0x20,0x2e,0x35,0x38,0x39,0x38,0x34,0x34,0x6c,0x2d,0x2e,
  0x34,0x31,0x30,0x31,0x35,0x36,0x2e,0x34,0x31,0x30,0x31,0x35,0x36,0x68,0x2d,0x31,
  0x2e,0x35,0x38,0x39,0x38,0x34,0x34,0x6c,0x2d,0x31,0x2d,0x31,0x76,0x2d,0x31,0x2e,
  0x35,0x38,0x39,0x38,0x34,0x34,0x6c,0x31,0x2d,0x31,0x22,0x20,0xa,0x20,0x20,0x20,
  0x20,0x63,0x6c,0x61,0x73,0x73,0x3d,0x22,0x43,0x6f,0x6c,0x6f,0x72,0x53,0x63,0x68,
  0x65,0x6d,0x65,0x2d,0x54,0x65,0x78,0x74,0x22,0xa,0x20,0x20,0x20,0x20,0x2f,0x3e,
  0xa,0x3c,0x2f,0x73,0x76,0x67,0x3e,0xa,
    // fingerprint.svg
  0x0,0x0,0x11,0xed,
  0x3c,
  0x73,0x76,0x67,0x20,0x69,0x64,0x3d,0x22,0x73,0x76,0x67,0x32,0x22,0x20,0x68,0x65,
  0x69,0x67,0x68,0x74,0x3d,0x22,0x32,0x32,0x22,0x20,0x73,0x74,0x79,0x6c,0x65,0x3d,
  0x22,0x22,0x20,0x76,0x69,0x65,0x77,0x42,0x6f,0x78,0x3d,0x22,0x30,0x20,0x30,0x20,
  0x32,0x32,0x20,0x32,0x32,0x22,0x20,0x77,0x69,0x64,0x74,0x68,0x3d,0x22,0x32,0x32,
  0x22,0x20,0x78,0x6d,0x6c,0x6e,0x73,0x3d,0x22,0x68,0x74,0x74,0x70,0x3a,0x2f,0x2f,
  0x77,0x77,0x77,0x2e,0x77,0x33,0x2e,0x6f,0x72,0x67,0x2f,0x32,0x30,0x30,0x30,0x2f,
  0x73,0x76,0x67,0x22,0x20,0x73,0x6f,0x64,0x69,0x70,0x6f,0x64,0x69,0x3a,0x64,0x6f,
  0x63,0x6e,0x61,0x6d,0x65,0x3d,0x22,0x66,0x69,0x6e,0x67,0x65,0x72,0x70,0x72,0x69,
  0x6e,0x74,0x2e,0x73,0x76,0x67,0x22,0x20,0x69,0x6e,0x6b,0x73,0x63,0x61,0x70,0x65,
  0x3a,0x76,0x65,0x72,0x73,0x69,0x6f,0x6e,0x3d,0x22,0x31,0x2e,0x33,0x2e,0x32,0x20,
  0x28,0x30,0x39,0x31,0x65,0x32,0x30,0x65,0x66,0x30,0x66,0x2c,0x20,0x32,0x30,0x32,
  0x33,0x2d,0x31,0x31,0x2d,0x32,0x35,0x29,0x22,0x20,0x78,0x6d,0x6c,0x6e,0x73,0x3a,
  0x69,0x6e,0x6b,0x73,0x63,0x61,0x70,0x65,0x3d,0x22,0x68,0x74,0x74,0x70,0x3a,0x2f,
  0x2f,0x77,0x77,0x77,0x2e,0x69,0x6e,0x6b,0x73,0x63,0x61,0x70,0x65,0x2e,0x6f,0x72,
  0x67,0x2f,0x6e,0x61,0x6d,0x65,0x73,0x70,0x61,0x63,0x65,0x73,0x2f,0x69,0x6e,0x6b,
  0x73,0x63,0x61,0x70,0x65,0x22,0x20,0x78,0x6d,0x6c,0x6e,0x73,0x3a,0x73,0x6f,0x64,
  0x69,0x70,0x6f,0x64,0x69,0x3d,0x22,0x68,0x74,0x74,0x70,0x3a,0x2f,0x2f,0x73,0x6f,
  0x64,0x69,0x70,0x6f,0x64,0x69,0x2e,0x73,0x6f,0x75,0x72,0x63,0x65,0x66,0x6f,0x72,
  0x67,0x65,0x2e,0x6e,0x65,0x74,0x2f,0x44,0x54,0x44,0x2f,0x73,0x6f,0x64,0x69,0x70,
  0x6f,0x64,0x69,0x2d,0x30,0x2e,0x64,0x74,0x64,0x22,0x20,0x78,0x6d,0x6c,0x6e,0x73,
  0x3a,0x73,0x76,0x67,0x3d,0x22,0x68,0x74,0x74,0x70,0x3a,0x2f,0x2f,0x77,0x77,0x77,
  0x2e,0x77,0x33,0x2e,0x6f,0x72,0x67,0x2f,0x32,0x30,0x30,0x30,0x2f,0x73,0x76,0x67,
  0x22,0x3e,0xa,0x20,0x20,0x20,0x20,0x3c,0x64,0x65,0x66,0x73,0x20,0x69,0x64,0x3d,
  0x22,0x64,0x65,0x66,0x73,0x33,0x30,0x35,0x31,0x22,0x3e,0xa,0x20,0x20,0x20,0x20,
  0x20,0x20,0x20,0x20,0x3c,0x73,0x74,0x79,0x6c,0x65,0x20,0x74,0x79,0x70,0x65,0x3d,
  0x22,0x74,0x65,0x78,0x74,0x2f,0x63,0x73,0x73,0x22,0x20,0x69,0x64,0x3d,0x22,0x63,
  0x75,0x72,0x72,0x65,0x6e,0x74,0x2d,0x63,0x6f,0x6c,0x6f,0x72,0x2d,0x73,0x63,0x68,
  0x65,0x6d,0x65,0x22,0x3e,0xa,0x20,0x20,0x20,0x20,0x20,0x20,0x20,0x20,0x20,0x20,
  0x20,0x20,0x2e,0x43,0x6f,0x6c,0x6f,0x72,0x53,0x63,0x68,0x65,0x6d,0x65,0x2d,0x54,
  0x65,0x78,0x74,0x20,0x7b,0xa,0x20,0x20,0x20,0x20,0x20,0x20,0x20,0x20,0x20,0x20,
  0x20,0x20,0x20,0x20,0x20,0x20,0x63,0x6f,0x6c,0x6f,0x72,0x3a,0x23,0x32,0x33,0x32,
  0x36,0x32,0x39,0x3b,0xa,0x20,0x20,0x20,0x20,0x20,0x20,0x20,0x20,0x20,0x20,0x20,
  0x20,0x7d,0xa,0x20,0x20,0x20,0x20,0x20,0x20,0x20,0x20,0x3c,0x2f,0x73,0x74,0x79,
  0x6c,0x65,0x3e,0xa,0x20,0x20,0x20,0x20,0x3c,0x2f,0x64,0x65,0x66,0x73,0x3e,0xa,
  0x20,0x20,0x20,0x20,0x3c,0x70,0x61,0x74,0x68,0x20,0x69,0x64,0x3d,0x22,0x70,0x61,
  0x74,0x68,0x31,0x22,0x20,0x64,0x3d,0x22,0x6d,0x20,0x31,0x30,0x2e,0x39,0x36,0x34,
  0x38,0x34,0x34,0x20,0x32,0x2e,0x39,0x39,0x38,0x30,0x34,0x36,0x39,0x20,0x63,0x20,
  0x2d,0x31,0x2e,0x35,0x38,0x34,0x35,0x32,0x33,0x36,0x20,0x2d,0x2e,0x30,0x30,0x37,
  0x32,0x33,0x35,0x33,0x20,0x2d,0x32,0x2e,0x39,0x34,0x32,0x32,0x37,0x34,0x34,0x20,
  0x2e,0x32,0x38,0x35,0x37,0x33,0x39,0x34,0x20,0x2d,0x34,0x2e,0x31,0x37,0x37,0x37,
  0x33,0x34,0x36,0x20,0x2e,0x39,0x30,0x34,0x32,0x39,0x36,0x39,0x20,0x63,0x20,0x2d,
  0x2e,0x34,0x31,0x31,0x32,0x38,0x39,0x39,0x20,0x2e,0x32,0x30,0x35,0x39,0x31,0x30,
  0x39,0x20,0x2d,0x2e,0x34,0x37,0x35,0x38,0x34,0x33,0x34,0x20,0x2e,0x32,0x37,0x37,
  0x36,0x39,0x35,0x35,0x20,0x2d,0x2e,0x34,0x34,0x39,0x32,0x31,0x38,0x38,0x20,0x2e,
  0x35,0x20,0x63,0x20,0x2e,0x30,0x35,0x34,0x33,0x37,0x33,0x35,0x20,0x2e,0x34,0x35,
  0x33,0x37,0x30,0x36,0x37,0x20,0x2e,0x32,0x38,0x38,0x35,0x35,0x39,0x33,0x20,0x2e,
  0x34,0x39,0x38,0x38,0x38,0x33,0x20,0x2e,0x39,0x38,0x32,0x34,0x32,0x31,0x39,0x20,
  0x2e,0x31,0x38,0x37,0x35,0x20,0x63,0x20,0x31,0x2e,0x32,0x38,0x39,0x39,0x32,0x39,
  0x34,0x20,0x2d,0x2e,0x35,0x37,0x38,0x38,0x35,0x36,0x20,0x31,0x2e,0x39,0x31,0x37,
  0x38,0x34,0x35,0x33,0x20,0x2d,0x2e,0x37,0x30,0x33,0x33,0x31,0x30,0x39,0x20,0x33,
  0x2e,0x35,0x34,0x34,0x39,0x32,0x31,0x35,0x20,0x2d,0x2e,0x37,0x30,0x35,0x30,0x37,
  0x38,0x32,0x20,0x63,0x20,0x31,0x2e,0x38,0x36,0x37,0x33,0x36,0x36,0x20,0x2d,0x2e,
  0x30,0x30,0x31,0x35,0x33,0x20,0x32,0x2e,0x35,0x35,0x34,0x34,0x38,0x32,0x20,0x2e,
  0x31,0x35,0x38,0x31,0x37,0x31,0x38,0x20,0x34,0x2e,0x30,0x38,0x35,0x39,0x33,0x38,
  0x20,0x2e,0x39,0x35,0x31,0x31,0x37,0x31,0x39,0x20,0x63,0x20,0x2e,0x32,0x36,0x33,
  0x31,0x32,0x32,0x20,0x2e,0x31,0x33,0x36,0x30,0x35,0x37,0x31,0x20,0x31,0x2e,0x30,
  0x39,0x37,0x32,0x39,0x32,0x20,0x2e,0x37,0x37,0x38,0x39,0x33,0x32,0x33,0x20,0x31,
  0x2e,0x34,0x30,0x38,0x32,0x30,0x33,0x20,0x2e,0x34,0x33,0x33,0x35,0x39,0x33,0x37,
  0x20,0x63,0x20,0x2e,0x33,0x30,0x37,0x39,0x32,0x34,0x20,0x2d,0x2e,0x33,0x30,0x37,
  0x38,0x39,0x34,0x35,0x20,0x2e,0x31,0x34,0x34,0x35,0x31,0x33,0x20,0x2d,0x2e,0x35,
  0x36,0x30,0x39,0x31,0x34,0x32,0x20,0x2d,0x2e,0x36,0x34,0x38,0x34,0x33,0x37,0x20,
  0x2d,0x31,0x2e,0x30,0x31,0x31,0x37,0x31,0x38,0x37,0x20,0x63,0x20,0x2d,0x31,0x2e,
  0x35,0x36,0x33,0x38,0x30,0x31,0x20,0x2d,0x2e,0x38,0x38,0x39,0x30,0x34,0x33,0x31,
  0x20,0x2d,0x32,0x2e,0x39,0x33,0x30,0x35,0x31,0x32,0x20,0x2d,0x31,0x2e,0x32,0x35,
  0x31,0x31,0x36,0x35,0x33,0x20,0x2d,0x34,0x2e,0x37,0x34,0x36,0x30,0x39,0x34,0x20,
  0x2d,0x31,0x2e,0x32,0x35,0x39,0x37,0x36,0x35,0x36,0x20,0x7a,0x20,0x6d,0x20,0x2d,
  0x2e,0x30,0x34,0x36,0x38,0x37,0x35,0x20,0x31,0x2e,0x38,0x33,0x32,0x30,0x33,0x31,
  0x32,0x20,0x63,0x20,0x2d,0x32,0x2e,0x30,0x39,0x30,0x36,0x35,0x37,0x37,0x20,0x2d,
  0x2e,0x30,0x30,0x31,0x35,0x39,0x30,0x34,0x20,0x2d,0x34,0x2e,0x31,0x38,0x30,0x37,
  0x36,0x36,0x34,0x20,0x2e,0x38,0x32,0x35,0x36,0x35,0x35,0x39,0x20,0x2d,0x35,0x2e,
  0x37,0x31,0x32,0x38,0x39,0x30,0x39,0x20,0x32,0x2e,0x34,0x38,0x30,0x34,0x36,0x38,
  0x38,0x20,0x63,0x20,0x2d,0x2e,0x35,0x39,0x32,0x36,0x39,0x38,0x37,0x20,0x2e,0x36,
  0x34,0x30,0x31,0x36,0x39,0x20,0x2d,0x31,0x2e,0x32,0x38,0x33,0x32,0x30,0x33,0x31,
  0x20,0x31,0x2e,0x36,0x38,0x39,0x37,0x39,0x35,0x20,0x2d,0x31,0x2e,0x32,0x38,0x33,
  0x32,0x30,0x33,0x31,0x20,0x31,0x2e,0x39,0x34,0x39,0x32,0x31,0x38,0x37,0x20,0x63,
  0x20,0x30,0x20,0x2e,0x33,0x30,0x32,0x34,0x38,0x35,0x38,0x20,0x2e,0x31,0x32,0x33,
  0x34,0x34,0x35,0x31,0x20,0x2e,0x34,0x36,0x38,0x37,0x35,0x20,0x2e,0x33,0x34,0x39,
  0x36,0x30,0x39,0x34,0x20,0x2e,0x34,0x36,0x38,0x37,0x35,0x20,0x63,0x20,0x2e,0x31,
  0x37,0x37,0x32,0x37,0x38,0x38,0x20,0x30,0x20,0x2e,0x33,0x35,0x37,0x38,0x34,0x38,
  0x39,0x20,0x2d,0x2e,0x31,0x39,0x30,0x38,0x32,0x31,0x20,0x2e,0x37,0x38,0x37,0x31,
  0x30,0x39,0x34,0x20,0x2d,0x2e,0x38,0x33,0x35,0x39,0x33,0x37,0x35,0x20,0x63,0x20,
  0x2e,0x39,0x36,0x30,0x30,0x34,0x35,0x38,0x20,0x2d,0x31,0x2e,0x34,0x34,0x32,0x37,
  0x39,0x30,0x38,0x20,0x32,0x2e,0x32,0x30,0x35,0x31,0x33,0x38,0x39,0x20,0x2d,0x32,
  0x2e,0x34,0x30,0x30,0x36,0x32,0x30,0x34,0x20,0x33,0x2e,0x38,0x30,0x38,0x35,0x39,
  0x33,0x37,0x20,0x2d,0x32,0x2e,0x39,0x32,0x39,0x36,0x38,0x37,0x35,0x20,0x63,0x20,
  0x31,0x2e,0x32,0x34,0x33,0x35,0x34,0x31,0x35,0x20,0x2d,0x2e,0x34,0x30,0x35,0x38,
  0x36,0x31,0x34,0x20,0x32,0x2e,0x37,0x30,0x30,0x31,0x39,0x39,0x35,0x20,0x2d,0x2e,
  0x33,0x35,0x38,0x38,0x37,0x35,0x34,0x20,0x34,0x2e,0x30,0x39,0x39,0x36,0x30,0x39,
  0x35,0x20,0x30,0x20,0x63,0x20,0x31,0x2e,0x38,0x30,0x36,0x38,0x38,0x38,0x20,0x2e,
  0x35,0x39,0x33,0x38,0x39,0x34,0x38,0x20,0x33,0x2e,0x33,0x35,0x35,0x39,0x31,0x35,
  0x20,0x31,0x2e,0x39,0x31,0x36,0x32,0x37,0x39,0x20,0x34,0x2e,0x32,0x30,0x35,0x30,
  0x37,0x38,0x20,0x33,0x2e,0x35,0x38,0x39,0x38,0x34,0x33,0x38,0x20,0x63,0x20,0x2e,
  0x31,0x38,0x34,0x37,0x38,0x32,0x20,0x2e,0x33,0x36,0x34,0x31,0x35,0x31,0x35,0x20,
  0x2e,0x32,0x39,0x35,0x35,0x37,0x32,0x20,0x2e,0x34,0x37,0x36,0x35,0x36,0x32,0x36,
  0x20,0x2e,0x34,0x37,0x36,0x35,0x36,0x33,0x20,0x2e,0x34,0x37,0x36,0x35,0x36,0x32,
  0x36,0x20,0x63,0x20,0x2e,0x33,0x31,0x31,0x37,0x30,0x34,0x20,0x30,0x20,0x2e,0x34,
  0x39,0x35,0x33,0x30,0x33,0x20,0x2d,0x2e,0x32,0x33,0x33,0x34,0x34,0x20,0x2e,0x34,
  0x31,0x30,0x31,0x35,0x36,0x20,0x2d,0x2e,0x35,0x32,0x31,0x34,0x38,0x34,0x35,0x20,
  0x63,0x20,0x2d,0x2e,0x31,0x33,0x37,0x32,0x39,0x33,0x20,0x2d,0x2e,0x34,0x36,0x34,
  0x35,0x39,0x38,0x38,0x20,0x2d,0x2e,0x38,0x36,0x39,0x32,0x37,0x31,0x20,0x2d,0x31,
  0x2e,0x35,0x39,0x30,0x34,0x39,0x31,0x39,0x20,0x2d,0x31,0x2e,0x34,0x32,0x33,0x38,
  0x32,0x38,0x20,0x2d,0x32,0x2e,0x31,0x38,0x39,0x34,0x35,0x33,0x31,0x20,0x63,0x20,
  0x2d,0x31,0x2e,0x35,0x33,0x34,0x32,0x35,0x38,0x20,0x2d,0x31,0x2e,0x36,0x35,0x37,
  0x31,0x34,0x36,0x20,0x2d,0x33,0x2e,0x36,0x32,0x36,0x31,0x34,0x31,0x20,0x2d,0x32,
  0x2e,0x34,0x38,0x36,0x36,0x39,0x39,0x36,0x20,0x2d,0x35,0x2e,0x37,0x31,0x36,0x37,
  0x39,0x37,0x20,0x2d,0x32,0x2e,0x34,0x38,0x38,0x32,0x38,0x31,0x33,0x20,0x7a,0x20,
  0x6d,0x20,0x2e,0x30,0x39,0x37,0x36,0x35,0x36,0x20,0x31,0x2e,0x38,0x32,0x32,0x32,
  0x36,0x35,0x37,0x20,0x63,0x20,0x2d,0x2e,0x34,0x34,0x35,0x36,0x30,0x34,0x20,0x2d,
  0x2e,0x30,0x30,0x37,0x37,0x35,0x20,0x2d,0x2e,0x38,0x39,0x37,0x38,0x32,0x35,0x20,
  0x2e,0x30,0x33,0x34,0x34,0x38,0x37,0x36,0x20,0x2d,0x31,0x2e,0x33,0x34,0x39,0x36,
  0x30,0x39,0x34,0x20,0x2e,0x31,0x32,0x38,0x39,0x30,0x36,0x32,0x20,0x63,0x20,0x2d,
  0x32,0x2e,0x31,0x34,0x36,0x38,0x34,0x35,0x20,0x2e,0x34,0x34,0x38,0x37,0x34,0x32,
  0x35,0x20,0x2d,0x33,0x2e,0x39,0x34,0x31,0x32,0x32,0x32,0x31,0x20,0x32,0x2e,0x31,
  0x38,0x37,0x32,0x32,0x38,0x39,0x20,0x2d,0x34,0x2e,0x35,0x31,0x35,0x36,0x32,0x35,
  0x20,0x34,0x2e,0x33,0x37,0x35,0x20,0x63,0x20,0x2d,0x2e,0x33,0x30,0x34,0x38,0x32,
  0x35,0x35,0x20,0x31,0x2e,0x31,0x36,0x30,0x39,0x38,0x34,0x20,0x2d,0x2e,0x31,0x36,
  0x35,0x30,0x35,0x30,0x36,0x20,0x33,0x2e,0x30,0x35,0x37,0x34,0x32,0x31,0x20,0x2e,
  0x33,0x33,0x37,0x38,0x39,0x30,0x36,0x20,0x34,0x2e,0x35,0x37,0x34,0x32,0x31,0x39,
  0x20,0x63,0x20,0x2e,0x31,0x35,0x30,0x33,0x30,0x37,0x36,0x20,0x2e,0x34,0x35,0x33,
  0x32,0x38,0x38,0x20,0x2e,0x32,0x32,0x33,0x39,0x39,0x32,0x20,0x2e,0x35,0x34,0x37,
  0x31,0x37,0x33,0x20,0x2e,0x34,0x33,0x39,0x34,0x35,0x33,0x32,0x20,0x2e,0x35,0x37,
  0x32,0x32,0x36,0x35,0x20,0x63,0x20,0x2e,0x34,0x39,0x35,0x33,0x37,0x30,0x37,0x20,
  0x2e,0x30,0x35,0x37,0x35,0x37,0x20,0x2e,0x35,0x34,0x32,0x35,0x31,0x39,0x34,0x20,
  0x2d,0x2e,0x31,0x37,0x37,0x39,0x35,0x38,0x20,0x2e,0x32,0x34,0x36,0x30,0x39,0x33,
  0x37,0x20,0x2d,0x31,0x2e,0x32,0x30,0x33,0x31,0x32,0x35,0x20,0x63,0x20,0x2d,0x2e,
  0x38,0x34,0x38,0x31,0x39,0x37,0x33,0x20,0x2d,0x32,0x2e,0x39,0x33,0x33,0x34,0x32,
  0x33,0x20,0x2d,0x2e,0x31,0x31,0x37,0x33,0x36,0x37,0x20,0x2d,0x35,0x2e,0x34,0x32,
  0x38,0x32,0x37,0x35,0x31,0x20,0x31,0x2e,0x39,0x38,0x36,0x33,0x32,0x38,0x31,0x20,
  0x2d,0x36,0x2e,0x37,0x38,0x39,0x30,0x36,0x32,0x31,0x20,0x63,0x20,0x32,0x2e,0x30,
  0x37,0x39,0x38,0x38,0x31,0x38,0x20,0x2d,0x31,0x2e,0x33,0x34,0x35,0x33,0x38,0x34,
  0x33,0x20,0x34,0x2e,0x39,0x34,0x30,0x36,0x32,0x39,0x38,0x20,0x2d,0x2e,0x39,0x34,
  0x38,0x35,0x35,0x39,0x20,0x36,0x2e,0x35,0x36,0x38,0x33,0x35,0x39,0x38,0x20,0x2e,
  0x39,0x31,0x32,0x31,0x30,0x39,0x33,0x20,0x63,0x20,0x31,0x2e,0x30,0x32,0x30,0x30,
  0x30,0x35,0x20,0x31,0x2e,0x31,0x36,0x35,0x39,0x38,0x34,0x38,0x20,0x31,0x2e,0x35,
  0x37,0x39,0x38,0x37,0x32,0x20,0x33,0x2e,0x31,0x33,0x39,0x33,0x30,0x35,0x38,0x20,
  0x31,0x2e,0x31,0x33,0x34,0x37,0x36,0x35,0x20,0x33,0x2e,0x39,0x39,0x39,0x39,0x39,
  0x39,0x38,0x20,0x63,0x20,0x2d,0x2e,0x32,0x39,0x34,0x30,0x33,0x34,0x20,0x2e,0x35,
  0x36,0x38,0x35,0x39,0x38,0x20,0x2d,0x31,0x2e,0x30,0x30,0x39,0x35,0x39,0x31,0x20,
  0x2e,0x39,0x30,0x39,0x33,0x30,0x34,0x20,0x2d,0x31,0x2e,0x35,0x39,0x37,0x36,0x35,
  0x36,0x20,0x2e,0x37,0x36,0x31,0x37,0x31,0x39,0x20,0x63,0x20,0x2d,0x2e,0x34,0x32,
  0x39,0x37,0x34,0x35,0x20,0x2d,0x2e,0x31,0x30,0x37,0x38,0x35,0x31,0x20,0x2d,0x2e,
  0x39,0x34,0x30,0x36,0x35,0x32,0x20,0x2d,0x2e,0x36,0x33,0x35,0x38,0x33,0x32,0x20,
  0x2d,0x31,0x2e,0x30,0x30,0x35,0x38,0x35,0x39,0x20,0x2d,0x31,0x2e,0x30,0x34,0x31,
  0x30,0x31,0x36,0x20,0x63,0x20,0x2d,0x2e,0x32,0x33,0x30,0x31,0x32,0x33,0x20,0x2d,
  0x31,0x2e,0x34,0x32,0x39,0x38,0x34,0x34,0x20,0x2d,0x2e,0x35,0x35,0x34,0x37,0x36,
  0x31,0x20,0x2d,0x31,0x2e,0x39,0x38,0x38,0x32,0x39,0x39,0x20,0x2d,0x31,0x2e,0x33,
  0x37,0x36,0x39,0x35,0x34,0x20,0x2d,0x32,0x2e,0x33,0x37,0x31,0x30,0x39,0x33,0x20,
  0x63,0x20,0x2d,0x2e,0x37,0x30,0x31,0x33,0x35,0x33,0x20,0x2d,0x2e,0x33,0x32,0x36,
  0x35,0x35,0x20,0x2d,0x31,0x2e,0x32,0x38,0x34,0x33,0x38,0x35,0x20,0x2d,0x2e,0x33,
  0x31,0x37,0x33,0x34,0x35,0x20,0x2d,0x31,0x2e,0x39,0x37,0x32,0x36,0x35,0x35,0x38,
  0x20,0x2e,0x30,0x33,0x31,0x32,0x35,0x20,0x63,0x20,0x2d,0x2e,0x36,0x34,0x31,0x33,
  0x31,0x32,0x34,0x20,0x2e,0x33,0x32,0x34,0x38,0x32,0x33,0x20,0x2d,0x31,0x2e,0x31,
  0x33,0x32,0x39,0x32,0x30,0x32,0x20,0x2e,0x39,0x37,0x39,0x30,0x32,0x34,0x20,0x2d,
  0x31,0x2e,0x32,0x33,0x32,0x34,0x32,0x31,0x38,0x20,0x31,0x2e,0x36,0x34,0x32,0x35,
  0x37,0x38,0x20,0x63,0x20,0x2d,0x2e,0x30,0x33,0x35,0x39,0x30,0x36,0x20,0x2e,0x32,
  0x33,0x39,0x31,0x31,0x35,0x20,0x2d,0x2e,0x30,0x32,0x30,0x36,0x33,0x30,0x37,0x20,
  0x2e,0x37,0x35,0x37,0x36,0x37,0x31,0x20,0x2e,0x30,0x33,0x35,0x31,0x35,0x36,0x32,
  0x20,0x31,0x2e,0x31,0x35,0x30,0x33,0x39,0x20,0x63,0x20,0x2e,0x33,0x34,0x36,0x39,
  0x36,0x30,0x36,0x20,0x32,0x2e,0x34,0x34,0x36,0x32,0x37,0x31,0x20,0x32,0x2e,0x30,
  0x39,0x36,0x35,0x35,0x34,0x34,0x20,0x34,0x2e,0x33,0x38,0x31,0x32,0x34,0x37,0x20,
  0x34,0x2e,0x35,0x30,0x30,0x30,0x30,0x30,0x34,0x20,0x34,0x2e,0x39,0x37,0x36,0x35,
  0x36,0x33,0x20,0x63,0x20,0x2e,0x33,0x30,0x32,0x32,0x36,0x32,0x20,0x2e,0x30,0x37,
  0x34,0x38,0x34,0x20,0x2e,0x37,0x39,0x37,0x33,0x34,0x36,0x20,0x2e,0x31,0x32,0x37,
  0x35,0x35,0x34,0x20,0x31,0x2e,0x30,0x39,0x39,0x36,0x30,0x39,0x20,0x2e,0x31,0x31,
  0x37,0x31,0x38,0x37,0x20,0x6c,0x20,0x2e,0x35,0x34,0x38,0x38,0x32,0x38,0x20,0x2d,
  0x2e,0x30,0x31,0x37,0x35,0x37,0x38,0x20,0x63,0x20,0x2e,0x33,0x31,0x30,0x36,0x33,
  0x32,0x20,0x2d,0x2e,0x31,0x35,0x37,0x36,0x37,0x36,0x20,0x2e,0x33,0x32,0x37,0x36,
  0x33,0x32,0x20,0x2d,0x2e,0x35,0x32,0x32,0x32,0x38,0x20,0x30,0x20,0x2d,0x2e,0x37,
  0x30,0x31,0x31,0x37,0x32,0x20,0x6c,0x20,0x2d,0x2e,0x37,0x37,0x37,0x33,0x34,0x34,
  0x20,0x2d,0x2e,0x31,0x31,0x37,0x31,0x38,0x37,0x20,0x63,0x20,0x2d,0x2e,0x39,0x37,
  0x38,0x38,0x36,0x36,0x20,0x2d,0x2e,0x31,0x34,0x39,0x31,0x35,0x38,0x20,0x2d,0x31,
  0x2e,0x33,0x38,0x33,0x38,0x30,0x33,0x20,0x2d,0x2e,0x32,0x37,0x39,0x34,0x33,0x37,
  0x20,0x2d,0x32,0x2e,0x30,0x35,0x36,0x36,0x34,0x20,0x2d,0x2e,0x36,0x35,0x38,0x32,
  0x30,0x33,0x20,0x63,0x20,0x2d,0x31,0x2e,0x34,0x36,0x33,0x31,0x38,0x20,0x2d,0x2e,
  0x38,0x32,0x33,0x36,0x37,0x34,0x20,0x2d,0x32,0x2e,0x35,0x31,0x31,0x37,0x31,0x39,
  0x20,0x2d,0x32,0x2e,0x36,0x30,0x39,0x32,0x33,0x39,0x20,0x2d,0x32,0x2e,0x35,0x31,
  0x31,0x37,0x31,0x39,0x20,0x2d,0x34,0x2e,0x32,0x37,0x37,0x33,0x34,0x34,0x20,0x63,
  0x20,0x30,0x20,0x2d,0x2e,0x37,0x33,0x35,0x31,0x31,0x33,0x20,0x2e,0x32,0x37,0x38,
  0x37,0x38,0x38,0x34,0x20,0x2d,0x31,0x2e,0x31,0x36,0x34,0x36,0x36,0x33,0x20,0x2e,
  0x39,0x32,0x37,0x37,0x33,0x34,0x20,0x2d,0x31,0x2e,0x34,0x33,0x33,0x35,0x39,0x34,
  0x20,0x63,0x20,0x2e,0x34,0x36,0x38,0x39,0x30,0x35,0x20,0x2d,0x2e,0x31,0x39,0x34,
  0x33,0x33,0x33,0x20,0x2e,0x34,0x37,0x34,0x34,0x35,0x35,0x20,0x2d,0x2e,0x31,0x39,
  0x34,0x33,0x33,0x33,0x20,0x2e,0x39,0x34,0x33,0x33,0x36,0x20,0x30,0x20,0x63,0x20,
  0x2e,0x35,0x39,0x33,0x34,0x32,0x38,0x20,0x2e,0x32,0x34,0x35,0x39,0x33,0x20,0x2e,
  0x38,0x37,0x39,0x36,0x31,0x32,0x20,0x2e,0x36,0x35,0x38,0x34,0x32,0x38,0x20,0x2e,
  0x39,0x35,0x33,0x31,0x32,0x35,0x20,0x31,0x2e,0x33,0x37,0x31,0x30,0x39,0x34,0x20,
  0x63,0x20,0x2e,0x31,0x33,0x34,0x39,0x39,0x36,0x20,0x31,0x2e,0x33,0x30,0x37,0x39,
  0x31,0x37,0x20,0x31,0x2e,0x30,0x34,0x32,0x36,0x30,0x31,0x20,0x32,0x2e,0x31,0x36,
  0x37,0x39,0x36,0x39,0x20,0x32,0x2e,0x32,0x38,0x37,0x31,0x30,0x39,0x20,0x32,0x2e,
  0x31,0x36,0x37,0x39,0x36,0x39,0x20,0x63,0x20,0x2e,0x39,0x39,0x38,0x37,0x37,0x36,
  0x20,0x30,0x20,0x31,0x2e,0x38,0x34,0x30,0x35,0x34,0x39,0x20,0x2d,0x2e,0x36,0x34,
  0x37,0x31,0x37,0x31,0x20,0x32,0x2e,0x31,0x33,0x38,0x36,0x37,0x32,0x20,0x2d,0x31,
  0x2e,0x36,0x34,0x36,0x34,0x38,0x35,0x20,0x63,0x20,0x2e,0x32,0x39,0x31,0x37,0x38,
  0x34,0x20,0x2d,0x2e,0x39,0x37,0x37,0x39,0x39,0x32,0x20,0x2d,0x2e,0x31,0x30,0x31,
  0x30,0x36,0x32,0x20,0x2d,0x32,0x2e,0x36,0x32,0x31,0x36,0x35,0x35,0x20,0x2d,0x2e,
  0x39,0x32,0x33,0x38,0x32,0x38,0x20,0x2d,0x33,0x2e,0x38,0x37,0x31,0x30,0x39,0x33,
  0x34,0x20,0x63,0x20,0x2d,0x31,0x2e,0x30,0x39,0x30,0x33,0x39,0x35,0x20,0x2d,0x31,
  0x2e,0x36,0x35,0x35,0x38,0x34,0x37,0x37,0x20,0x2d,0x32,0x2e,0x38,0x39,0x35,0x32,
  0x32,0x31,0x20,0x2d,0x32,0x2e,0x36,0x32,0x30,0x37,0x35,0x34,0x39,0x20,0x2d,0x34,
  0x2e,0x38,0x32,0x36,0x31,0x37,0x32,0x20,0x2d,0x32,0x2e,0x36,0x35,0x34,0x32,0x39,
  0x36,0x38,0x20,0x7a,0x20,0x6d,0x20,0x2d,0x2e,0x30,0x36,0x34,0x34,0x35,0x33,0x20,
  0x31,0x2e,0x38,0x39,0x34,0x35,0x33,0x31,0x32,0x20,0x63,0x20,0x2d,0x2e,0x36,0x32,
  0x31,0x38,0x39,0x31,0x20,0x2e,0x30,0x30,0x37,0x38,0x35,0x39,0x31,0x20,0x2d,0x31,
  0x2e,0x32,0x36,0x31,0x30,0x33,0x34,0x31,0x20,0x2e,0x31,0x32,0x32,0x30,0x36,0x34,
  0x38,0x20,0x2d,0x31,0x2e,0x37,0x38,0x35,0x31,0x35,0x36,0x34,0x20,0x2e,0x33,0x32,
  0x36,0x31,0x37,0x31,0x39,0x20,0x63,0x20,0x2d,0x2e,0x38,0x30,0x38,0x31,0x34,0x32,
  0x31,0x20,0x2e,0x33,0x39,0x35,0x37,0x37,0x37,0x34,0x20,0x2d,0x31,0x2e,0x35,0x37,
  0x38,0x32,0x34,0x33,0x34,0x20,0x31,0x2e,0x31,0x38,0x36,0x34,0x34,0x36,0x31,0x20,
  0x2d,0x31,0x2e,0x39,0x37,0x36,0x35,0x36,0x32,0x35,0x20,0x32,0x2e,0x30,0x32,0x37,
  0x33,0x34,0x34,0x31,0x20,0x63,0x20,0x2d,0x2e,0x33,0x30,0x33,0x30,0x39,0x33,0x37,
  0x20,0x2e,0x36,0x33,0x39,0x38,0x33,0x32,0x20,0x2d,0x2e,0x33,0x32,0x30,0x35,0x30,
  0x30,0x37,0x20,0x2e,0x37,0x33,0x39,0x39,0x30,0x35,0x20,0x2d,0x2e,0x33,0x32,0x30,
  0x33,0x31,0x32,0x35,0x20,0x31,0x2e,0x38,0x32,0x36,0x31,0x37,0x31,0x20,0x63,0x20,
  0x2e,0x30,0x30,0x30,0x32,0x32,0x34,0x32,0x20,0x31,0x2e,0x33,0x33,0x36,0x34,0x33,
  0x31,0x20,0x2e,0x31,0x36,0x30,0x38,0x32,0x39,0x33,0x20,0x32,0x2e,0x30,0x34,0x35,
  0x39,0x33,0x39,0x20,0x2e,0x37,0x33,0x36,0x33,0x32,0x38,0x32,0x20,0x33,0x2e,0x32,
  0x34,0x36,0x30,0x39,0x34,0x20,0x63,0x20,0x2e,0x34,0x39,0x35,0x38,0x39,0x34,0x36,
  0x20,0x31,0x2e,0x30,0x33,0x34,0x31,0x33,0x32,0x20,0x31,0x2e,0x31,0x38,0x33,0x35,
  0x38,0x34,0x34,0x20,0x31,0x2e,0x39,0x33,0x36,0x37,0x38,0x33,0x20,0x31,0x2e,0x39,
  0x34,0x37,0x32,0x36,0x35,0x36,0x20,0x32,0x2e,0x35,0x35,0x34,0x36,0x38,0x38,0x20,
  0x63,0x20,0x2e,0x36,0x36,0x31,0x39,0x34,0x30,0x36,0x20,0x2e,0x35,0x33,0x35,0x35,
  0x38,0x37,0x20,0x2e,0x37,0x33,0x32,0x32,0x35,0x31,0x36,0x20,0x2e,0x35,0x36,0x30,
  0x38,0x36,0x37,0x20,0x31,0x2e,0x30,0x30,0x37,0x38,0x31,0x32,0x36,0x20,0x2e,0x33,
  0x35,0x39,0x33,0x37,0x35,0x20,0x63,0x20,0x2e,0x32,0x38,0x32,0x31,0x30,0x37,0x20,
  0x2d,0x2e,0x32,0x30,0x36,0x32,0x36,0x20,0x2e,0x31,0x32,0x34,0x36,0x38,0x35,0x20,
  0x2d,0x2e,0x35,0x36,0x31,0x30,0x38,0x20,0x2d,0x2e,0x34,0x34,0x35,0x33,0x31,0x33,
  0x20,0x2d,0x2e,0x39,0x39,0x38,0x30,0x34,0x37,0x20,0x63,0x20,0x2d,0x2e,0x36,0x31,
  0x38,0x30,0x32,0x31,0x32,0x20,0x2d,0x2e,0x34,0x37,0x33,0x37,0x38,0x38,0x20,0x2d,
  0x31,0x2e,0x32,0x38,0x35,0x37,0x38,0x33,0x39,0x20,0x2d,0x31,0x2e,0x33,0x32,0x39,
  0x37,0x36,0x35,0x20,0x2d,0x31,0x2e,0x37,0x33,0x36,0x33,0x32,0x37,0x38,0x20,0x2d,
  0x32,0x2e,0x32,0x32,0x38,0x35,0x31,0x36,0x20,0x63,0x20,0x2d,0x2e,0x37,0x34,0x30,
  0x30,0x34,0x38,0x36,0x20,0x2d,0x31,0x2e,0x34,0x37,0x36,0x32,0x31,0x37,0x20,0x2d,
  0x2e,0x39,0x32,0x35,0x37,0x36,0x34,0x38,0x20,0x2d,0x33,0x2e,0x33,0x30,0x31,0x31,
  0x39,0x38,0x20,0x2d,0x2e,0x34,0x34,0x33,0x33,0x35,0x39,0x33,0x20,0x2d,0x34,0x2e,
  0x33,0x34,0x35,0x37,0x30,0x33,0x20,0x63,0x20,0x2e,0x33,0x35,0x30,0x31,0x30,0x39,
  0x34,0x20,0x2d,0x2e,0x37,0x35,0x38,0x30,0x36,0x31,0x20,0x2e,0x38,0x38,0x33,0x37,
  0x37,0x35,0x33,0x20,0x2d,0x31,0x2e,0x33,0x32,0x33,0x39,0x34,0x39,0x32,0x20,0x31,
  0x2e,0x35,0x36,0x34,0x34,0x35,0x33,0x31,0x20,0x2d,0x31,0x2e,0x36,0x35,0x38,0x32,
  0x30,0x33,0x20,0x63,0x20,0x2e,0x38,0x31,0x37,0x38,0x30,0x39,0x20,0x2d,0x2e,0x34,
  0x30,0x31,0x35,0x39,0x36,0x36,0x20,0x32,0x2e,0x30,0x31,0x32,0x32,0x36,0x39,0x20,
  0x2d,0x2e,0x34,0x30,0x31,0x35,0x39,0x36,0x36,0x20,0x32,0x2e,0x38,0x33,0x30,0x30,
  0x37,0x38,0x20,0x30,0x20,0x63,0x20,0x2e,0x39,0x37,0x36,0x31,0x30,0x39,0x20,0x2e,
  0x34,0x37,0x39,0x33,0x32,0x34,0x20,0x31,0x2e,0x35,0x39,0x39,0x33,0x33,0x33,0x20,
  0x31,0x2e,0x33,0x35,0x33,0x35,0x31,0x39,0x20,0x31,0x2e,0x38,0x32,0x30,0x33,0x31,
  0x33,0x20,0x32,0x2e,0x35,0x35,0x30,0x37,0x38,0x31,0x20,0x63,0x20,0x2e,0x31,0x33,
  0x31,0x39,0x20,0x2e,0x37,0x31,0x34,0x36,0x36,0x34,0x20,0x2e,0x33,0x33,0x32,0x30,
  0x36,0x38,0x20,0x2e,0x39,0x35,0x32,0x32,0x33,0x34,0x20,0x2e,0x36,0x33,0x36,0x37,
  0x31,0x38,0x20,0x2e,0x37,0x35,0x35,0x38,0x36,0x20,0x63,0x20,0x2e,0x31,0x34,0x31,
  0x31,0x36,0x34,0x20,0x2d,0x2e,0x30,0x39,0x30,0x39,0x39,0x20,0x2e,0x31,0x37,0x31,
  0x33,0x33,0x37,0x20,0x2d,0x2e,0x32,0x34,0x32,0x38,0x32,0x39,0x20,0x2e,0x31,0x35,
  0x38,0x32,0x30,0x33,0x20,0x2d,0x2e,0x37,0x38,0x37,0x31,0x31,0x20,0x63,0x20,0x2d,
  0x2e,0x30,0x33,0x31,0x39,0x31,0x34,0x20,0x2d,0x31,0x2e,0x33,0x32,0x33,0x30,0x38,
  0x39,0x20,0x2d,0x2e,0x39,0x35,0x37,0x38,0x33,0x34,0x20,0x2d,0x32,0x2e,0x36,0x35,
  0x31,0x31,0x39,0x37,0x32,0x20,0x2d,0x32,0x2e,0x33,0x31,0x32,0x35,0x20,0x2d,0x33,
  0x2e,0x33,0x31,0x36,0x34,0x30,0x36,0x20,0x63,0x20,0x2d,0x2e,0x34,0x35,0x34,0x37,
  0x34,0x33,0x20,0x2d,0x2e,0x32,0x32,0x31,0x32,0x36,0x30,0x39,0x20,0x2d,0x31,0x2e,
  0x30,0x35,0x39,0x37,0x34,0x39,0x20,0x2d,0x2e,0x33,0x32,0x30,0x33,0x36,0x36,0x32,
  0x20,0x2d,0x31,0x2e,0x36,0x38,0x31,0x36,0x34,0x20,0x2d,0x2e,0x33,0x31,0x32,0x35,
  0x20,0x7a,0x20,0x6d,0x20,0x2d,0x2e,0x30,0x30,0x33,0x39,0x30,0x36,0x20,0x33,0x2e,
  0x36,0x31,0x35,0x32,0x33,0x34,0x20,0x63,0x20,0x2d,0x2e,0x30,0x37,0x32,0x31,0x33,
  0x34,0x20,0x2d,0x2e,0x30,0x30,0x31,0x34,0x36,0x35,0x20,0x2d,0x2e,0x31,0x35,0x33,
  0x30,0x33,0x33,0x20,0x2e,0x30,0x32,0x33,0x35,0x30,0x39,0x20,0x2d,0x2e,0x32,0x34,
  0x34,0x31,0x34,0x31,0x20,0x2e,0x30,0x37,0x32,0x32,0x36,0x36,0x20,0x63,0x20,0x2d,
  0x2e,0x31,0x39,0x31,0x32,0x38,0x31,0x20,0x2e,0x31,0x30,0x32,0x34,0x30,0x32,0x20,
  0x2d,0x2e,0x32,0x30,0x38,0x38,0x32,0x39,0x20,0x2e,0x31,0x37,0x34,0x30,0x37,0x35,
  0x20,0x2d,0x2e,0x31,0x36,0x32,0x31,0x30,0x39,0x20,0x2e,0x37,0x32,0x36,0x35,0x36,
  0x33,0x20,0x63,0x20,0x2e,0x31,0x34,0x37,0x37,0x35,0x35,0x20,0x31,0x2e,0x37,0x34,
  0x38,0x30,0x38,0x38,0x20,0x31,0x2e,0x34,0x36,0x34,0x34,0x35,0x32,0x20,0x33,0x2e,
  0x32,0x35,0x32,0x35,0x36,0x20,0x33,0x2e,0x31,0x37,0x31,0x38,0x37,0x35,0x20,0x33,
  0x2e,0x36,0x32,0x35,0x20,0x63,0x20,0x2e,0x37,0x35,0x37,0x33,0x30,0x31,0x20,0x2e,
  0x31,0x36,0x35,0x31,0x32,0x34,0x20,0x2e,0x39,0x36,0x30,0x36,0x31,0x36,0x20,0x2e,
  0x31,0x36,0x32,0x34,0x32,0x33,0x20,0x31,0x2e,0x31,0x34,0x32,0x35,0x37,0x38,0x20,
  0x2d,0x2e,0x30,0x31,0x39,0x35,0x33,0x32,0x20,0x63,0x20,0x2e,0x33,0x36,0x33,0x34,
  0x32,0x39,0x20,0x2d,0x2e,0x33,0x36,0x33,0x34,0x31,0x36,0x20,0x2e,0x31,0x31,0x39,
  0x35,0x31,0x39,0x20,0x2d,0x2e,0x36,0x35,0x32,0x37,0x30,0x36,0x20,0x2d,0x2e,0x36,
  0x33,0x34,0x37,0x36,0x36,0x20,0x2d,0x2e,0x37,0x35,0x35,0x38,0x35,0x39,0x20,0x63,
  0x20,0x2d,0x31,0x2e,0x35,0x34,0x31,0x36,0x39,0x33,0x20,0x2d,0x2e,0x32,0x31,0x30,
  0x38,0x33,0x20,0x2d,0x32,0x2e,0x36,0x38,0x37,0x38,0x30,0x36,0x20,0x2d,0x31,0x2e,
  0x33,0x38,0x37,0x38,0x37,0x37,0x20,0x2d,0x32,0x2e,0x38,0x37,0x31,0x30,0x39,0x34,
  0x20,0x2d,0x32,0x2e,0x39,0x34,0x37,0x32,0x36,0x36,0x20,0x63,0x20,0x2d,0x2e,0x30,
  0x35,0x34,0x36,0x37,0x31,0x20,0x2d,0x2e,0x34,0x36,0x35,0x30,0x34,0x36,0x20,0x2d,
  0x2e,0x31,0x38,0x35,0x39,0x34,0x33,0x20,0x2d,0x2e,0x36,0x39,0x36,0x37,0x37,0x36,
  0x20,0x2d,0x2e,0x34,0x30,0x32,0x33,0x34,0x33,0x20,0x2d,0x2e,0x37,0x30,0x31,0x31,
  0x37,0x32,0x20,0x7a,0x22,0x20,0x63,0x6c,0x61,0x73,0x73,0x3d,0x22,0x43,0x6f,0x6c,
  0x6f,0x72,0x53,0x63,0x68,0x65,0x6d,0x65,0x2d,0x54,0x65,0x78,0x74,0x22,0x20,0x66,
  0x69,0x6c,0x6c,0x3d,0x22,0x63,0x75,0x72,0x72,0x65,0x6e,0x74,0x43,0x6f,0x6c,0x6f,
  0x72,0x22,0x2f,0x3e,0xa,0x3c,0x2f,0x73,0x76,0x67,0x3e,0xa,
    // configure.svg
  0x0,0x0,0x3,0x88,
  0x3c,
  0x73,0x76,0x67,0x20,0x78,0x6d,0x6c,0x6e,0x73,0x3d,0x22,0x68,0x74,0x74,0x70,0x3a,
  0x2f,0x2f,0x77,0x77,0x77,0x2e,0x77,0x33,0x2e,0x6f,0x72,0x67,0x2f,0x32,0x30,0x30,
  0x30,0x2f,0x73,0x76,0x67,0x22,0x20,0x76,0x69,0x65,0x77,0x42,0x6f,0x78,0x3d,0x22,
  0x30,0x20,0x30,0x20,0x32,0x32,0x20,0x32,0x32,0x22,0x3e,0xa,0x20,0x20,0x3c,0x64,
  0x65,0x66,0x73,0x20,0x69,0x64,0x3d,0x22,0x64,0x65,0x66,0x73,0x33,0x30,0x35,0x31,
  0x22,0x3e,0xa,0x20,0x20,0x20,0x20,0x3c,0x73,0x74,0x79,0x6c,0x65,0x20,0x74,0x79,
  0x70,0x65,0x3d,0x22,0x74,0x65,0x78,0x74,0x2f,0x63,0x73,0x73,0x22,0x20,0x69,0x64,
  0x3d,0x22,0x63,0x75,0x72,0x72,0x65,0x6e,0x74,0x2d,0x63,0x6f,0x6c,0x6f,0x72,0x2d,
  0x73,0x63,0x68,0x65,0x6d,0x65,0x22,0x3e,0xa,0x20,0x20,0x20,0x20,0x20,0x20,0x2e,
  0x43,0x6f,0x6c,0x6f,0x72,0x53,0x63,0x68,0x65,0x6d,0x65,0x2d,0x54,0x65,0x78,0x74,
  0x20,0x7b,0xa,0x20,0x20,0x20,0x20,0x20,0x20,0x20,0x20,0x63,0x6f,0x6c,0x6f,0x72,
  0x3a,0x23,0x32,0x33,0x32,0x36,0x32,0x39,0x3b,0xa,0x20,0x20,0x20,0x20,0x20,0x20,
  0x7d,0xa,0x20,0x20,0x20,0x20,0x20,0x20,0x3c,0x2f,0x73,0x74,0x79,0x6c,0x65,0x3e,
  0xa,0x20,0x20,0x3c,0x2f,0x64,0x65,0x66,0x73,0x3e,0xa,0x20,0x3c,0x70,0x61,0x74,
  0x68,0x20,0x73,0x74,0x79,0x6c,0x65,0x3d,0x22,0x66,0x69,0x6c,0x6c,0x3a,0x63,0x75,
  0x72,0x72,0x65,0x6e,0x74,0x43,0x6f,0x6c,0x6f,0x72,0x3b,0x66,0x69,0x6c,0x6c,0x2d,
  0x6f,0x70,0x61,0x63,0x69,0x74,0x79,0x3a,0x31,0x3b,0x73,0x74,0x72,0x6f,0x6b,0x65,
  0x3a,0x6e,0x6f,0x6e,0x65,0x22,0x20,0xa,0x20,0x20,0x20,0x20,0x20,0x64,0x3d,0x22,
  0x4d,0x20,0x31,0x31,0x2e,0x35,0x20,0x33,0x20,0x43,0x20,0x31,0x30,0x2e,0x32,0x38,
  0x36,0x31,0x33,0x39,0x20,0x33,0x20,0x39,0x2e,0x32,0x38,0x30,0x39,0x37,0x37,0x38,
  0x20,0x33,0x2e,0x38,0x35,0x35,0x39,0x32,0x37,0x39,0x20,0x39,0x2e,0x30,0x35,0x30,
  0x37,0x38,0x31,0x32,0x20,0x35,0x20,0x4c,0x20,0x33,0x20,0x35,0x20,0x4c,0x20,0x33,
  0x20,0x36,0x20,0x4c,0x20,0x39,0x2e,0x30,0x35,0x30,0x37,0x38,0x31,0x32,0x20,0x36,
  0x20,0x43,0x20,0x39,0x2e,0x32,0x38,0x30,0x39,0x37,0x37,0x38,0x20,0x37,0x2e,0x31,
  0x34,0x34,0x30,0x37,0x32,0x31,0x20,0x31,0x30,0x2e,0x32,0x38,0x36,0x31,0x33,0x39,
  0x20,0x38,0x20,0x31,0x31,0x2e,0x35,0x20,0x38,0x20,0x43,0x20,0x31,0x32,0x2e,0x37,
  0x31,0x33,0x38,0x36,0x31,0x20,0x38,0x20,0x31,0x33,0x2e,0x37,0x31,0x39,0x30,0x32,
  0x32,0x20,0x37,0x2e,0x31,0x34,0x34,0x30,0x37,0x32,0x31,0x20,0x31,0x33,0x2e,0x39,
  0x34,0x39,0x32,0x31,0x39,0x20,0x36,0x20,0x4c,0x20,0x31,0x39,0x20,0x36,0x20,0x4c,
  0x20,0x31,0x39,0x20,0x35,0x20,0x4c,0x20,0x31,0x33,0x2e,0x39,0x34,0x39,0x32,0x31,
  0x39,0x20,0x35,0x20,0x43,0x20,0x31,0x33,0x2e,0x37,0x31,0x39,0x30,0x32,0x32,0x20,
  0x33,0x2e,0x38,0x35,0x35,0x39,0x32,0x37,0x39,0x20,0x31,0x32,0x2e,0x37,0x31,0x33,
  0x38,0x36,0x31,0x20,0x33,0x20,0x31,0x31,0x2e,0x35,0x20,0x33,0x20,0x7a,0x20,0x4d,
  0x20,0x35,0x2e,0x35,0x20,0x31,0x34,0x20,0x43,0x20,0x34,0x2e,0x31,0x31,0x34,0x39,
  0x39,0x39,0x39,0x20,0x31,0x34,0x20,0x33,0x20,0x31,0x35,0x2e,0x31,0x31,0x35,0x20,
  0x33,0x20,0x31,0x36,0x2e,0x35,0x20,0x43,0x20,0x33,0x20,0x31,0x37,0x2e,0x38,0x38,
  0x35,0x20,0x34,0x2e,0x31,0x31,0x34,0x39,0x39,0x39,0x39,0x20,0x31,0x39,0x20,0x35,
  0x2e,0x35,0x20,0x31,0x39,0x20,0x43,0x20,0x36,0x2e,0x37,0x31,0x33,0x38,0x36,0x30,
  0x34,0x20,0x31,0x39,0x20,0x37,0x2e,0x37,0x31,0x39,0x30,0x32,0x32,0x33,0x20,0x31,
  0x38,0x2e,0x31,0x34,0x34,0x30,0x37,0x32,0x20,0x37,0x2e,0x39,0x34,0x39,0x32,0x31,
  0x38,0x38,0x20,0x31,0x37,0x20,0x4c,0x20,0x31,0x39,0x20,0x31,0x37,0x20,0x4c,0x20,
  0x31,0x39,0x20,0x31,0x36,0x20,0x4c,0x20,0x37,0x2e,0x39,0x34,0x39,0x32,0x31,0x38,
  0x38,0x20,0x31,0x36,0x20,0x43,0x20,0x37,0x2e,0x37,0x31,0x39,0x30,0x32,0x32,0x33,
  0x20,0x31,0x34,0x2e,0x38,0x35,0x35,0x39,0x32,0x38,0x20,0x36,0x2e,0x37,0x31,0x33,
  0x38,0x36,0x30,0x34,0x20,0x31,0x34,0x20,0x35,0x2e,0x35,0x20,0x31,0x34,0x20,0x7a,
  0x20,0x4d,0x20,0x35,0x2e,0x35,0x20,0x31,0x35,0x20,0x43,0x20,0x36,0x2e,0x33,0x33,
  0x31,0x30,0x30,0x30,0x31,0x20,0x31,0x35,0x20,0x37,0x20,0x31,0x35,0x2e,0x36,0x36,
  0x39,0x20,0x37,0x20,0x31,0x36,0x2e,0x35,0x20,0x43,0x20,0x37,0x20,0x31,0x37,0x2e,
  0x33,0x33,0x31,0x20,0x36,0x2e,0x33,0x33,0x31,0x30,0x30,0x30,0x31,0x20,0x31,0x38,
  0x20,0x35,0x2e,0x35,0x20,0x31,0x38,0x20,0x43,0x20,0x34,0x2e,0x36,0x36,0x38,0x39,
  0x39,0x39,0x39,0x20,0x31,0x38,0x20,0x34,0x20,0x31,0x37,0x2e,0x33,0x33,0x31,0x20,
  0x34,0x20,0x31,0x36,0x2e,0x35,0x20,0x43,0x20,0x34,0x20,0x31,0x35,0x2e,0x36,0x36,
  0x39,0x20,0x34,0x2e,0x36,0x36,0x38,0x39,0x39,0x39,0x39,0x20,0x31,0x35,0x20,0x35,
  0x2e,0x35,0x20,0x31,0x35,0x20,0x7a,0x20,0x22,0xa,0x20,0x20,0x20,0x20,0x20,0x63,
  0x6c,0x61,0x73,0x73,0x3d,0x22,0x43,0x6f,0x6c,0x6f,0x72,0x53,0x63,0x68,0x65,0x6d,
  0x65,0x2d,0x54,0x65,0x78,0x74,0x22,0xa,0x20,0x20,0x20,0x20,0x20,0x2f,0x3e,0xa,
  0x3c,0x2f,0x73,0x76,0x67,0x3e,0xa,
    // view-refresh.svg
  0x0,0x0,0x2,0xc,
  0x3c,
  0x73,0x76,0x67,0x20,0x76,0x65,0x72,0x73,0x69,0x6f,0x6e,0x3d,0x22,0x31,0x2e,0x31,
  0x22,0x20,0x76,0x69,0x65,0x77,0x42,0x6f,0x78,0x3d,0x22,0x30,0x20,0x30,0x20,0x32,
  0x32,0x20,0x32,0x32,0x22,0x20,0x78,0x6d,0x6c,0x6e,0x73,0x3d,0x22,0x68,0x74,0x74,
  0x70,0x3a,0x2f,0x2f,0x77,0x77,0x77,0x2e,0x77,0x33,0x2e,0x6f,0x72,0x67,0x2f,0x32,
  0x30,0x30,0x30,0x2f,0x73,0x76,0x67,0x22,0x3e,0xa,0x3c,0x64,0x65,0x66,0x73,0x3e,
  0xa,0x3c,0x73,0x74,0x79,0x6c,0x65,0x20,0x74,0x79,0x70,0x65,0x3d,0x22,0x74,0x65,
  0x78,0x74,0x2f,0x63,0x73,0x73,0x22,0x20,0x69,0x64,0x3d,0x22,0x63,0x75,0x72,0x72,
  0x65,0x6e,0x74,0x2d,0x63,0x6f,0x6c,0x6f,0x72,0x2d,0x73,0x63,0x68,0x65,0x6d,0x65,
  0x22,0x3e,0x20,0x2e,0x43,0x6f,0x6c,0x6f,0x72,0x53,0x63,0x68,0x65,0x6d,0x65,0x2d,
  0x54,0x65,0x78,0x74,0x20,0x7b,0x20,0x63,0x6f,0x6c,0x6f,0x72,0x3a,0x23,0x32,0x33,
  0x32,0x36,0x32,0x39,0x3b,0x20,0x7d,0x20,0x3c,0x2f,0x73,0x74,0x79,0x6c,0x65,0x3e,
  0xa,0x3c,0x2f,0x64,0x65,0x66,0x73,0x3e,0xa,0x3c,0x70,0x61,0x74,0x68,0x20,0x64,
  0x3d,0x22,0x6d,0x31,0x31,0x20,0x33,0x61,0x38,0x20,0x38,0x20,0x30,0x20,0x30,0x20,
  0x30,0x2d,0x37,0x2e,0x39,0x32,0x37,0x37,0x33,0x34,0x34,0x20,0x37,0x68,0x31,0x2e,
  0x30,0x30,0x35,0x38,0x35,0x39,0x34,0x61,0x37,0x20,0x37,0x20,0x30,0x20,0x30,0x20,
  0x31,0x20,0x36,0x2e,0x39,0x32,0x31,0x38,0x37,0x35,0x2d,0x36,0x20,0x37,0x20,0x37,
  0x20,0x30,0x20,0x30,0x20,0x31,0x20,0x36,0x2e,0x33,0x32,0x30,0x33,0x31,0x32,0x20,
  0x34,0x68,0x2d,0x33,0x2e,0x33,0x32,0x30,0x33,0x31,0x32,0x76,0x31,0x68,0x35,0x76,
  0x2d,0x31,0x2d,0x34,0x68,0x2d,0x31,0x76,0x33,0x2e,0x31,0x36,0x37,0x39,0x36,0x38,
  0x38,0x61,0x38,0x20,0x38,0x20,0x30,0x20,0x30,0x20,0x30,0x2d,0x37,0x2d,0x34,0x2e,
  0x31,0x36,0x37,0x39,0x36,0x38,0x38,0x7a,0x6d,0x36,0x2e,0x39,0x32,0x31,0x38,0x37,
  0x35,0x20,0x39,0x61,0x37,0x20,0x37,0x20,0x30,0x20,0x30,0x20,0x31,0x2d,0x36,0x2e,
  0x39,0x32,0x31,0x38,0x37,0x35,0x20,0x36,0x20,0x37,0x20,0x37,0x20,0x30,0x20,0x30,
  0x20,0x31,0x2d,0x36,0x2e,0x33,0x31,0x30,0x35,0x34,0x36,0x39,0x2d,0x34,0x68,0x33,
  0x2e,0x33,0x31,0x30,0x35,0x34,0x36,0x39,0x76,0x2d,0x31,0x68,0x2d,0x35,0x76,0x31,
  0x20,0x34,0x68,0x31,0x76,0x2d,0x33,0x2e,0x31,0x39,0x35,0x33,0x31,0x32,0x61,0x38,
  0x20,0x38,0x20,0x30,0x20,0x30,0x20,0x30,0x20,0x37,0x20,0x34,0x2e,0x31,0x39,0x35,
  0x33,0x31,0x32,0x20,0x38,0x20,0x38,0x20,0x30,0x20,0x30,0x20,0x30,0x20,0x37,0x2e,
  0x39,0x32,0x37,0x37,0x33,0x34,0x2d,0x37,0x68,0x2d,0x31,0x2e,0x30,0x30,0x35,0x38,
  0x35,0x39,0x7a,0x22,0x20,0x63,0x6c,0x61,0x73,0x73,0x3d,0x22,0x43,0x6f,0x6c,0x6f,
  0x72,0x53,0x63,0x68,0x65,0x6d,0x65,0x2d,0x54,0x65,0x78,0x74,0x22,0x20,0x66,0x69,
  0x6c,0x6c,0x3d,0x22,0x63,0x75,0x72,0x72,0x65,0x6e,0x74,0x43,0x6f,0x6c,0x6f,0x72,
  0x22,0x2f,0x3e,0xa,0x3c,0x2f,0x73,0x76,0x67,0x3e,0xa,
    // system-run.svg
  0x0,0x0,0x1,0xf6,
  0x3c,
  0x73,0x76,0x67,0x20,0x78,0x6d,0x6c,0x6e,0x73,0x3d,0x22,0x68,0x74,0x74,0x70,0x3a,
  0x2f,0x2f,0x77,0x77,0x77,0x2e,0x77,0x33,0x2e,0x6f,0x72,0x67,0x2f,0x32,0x30,0x30,
  0x30,0x2f,0x73,0x76,0x67,0x22,0x20,0x76,0x69,0x65,0x77,0x42,0x6f,0x78,0x3d,0x22,
  0x30,0x20,0x30,0x20,0x32,0x32,0x20,0x32,0x32,0x22,0x3e,0xa,0x20,0x20,0x3c,0x64,
  0x65,0x66,0x73,0x20,0x69,0x64,0x3d,0x22,0x64,0x65,0x66,0x73,0x33,0x30,0x35,0x31,
  0x22,0x3e,0xa,0x20,0x20,0x20,0x20,0x3c,0x73,0x74,0x79,0x6c,0x65,0x20,0x74,0x79,
  0x70,0x65,0x3d,0x22,0x74,0x65,0x78,0x74,0x2f,0x63,0x73,0x73,0x22,0x20,0x69,0x64,
  0x3d,0x22,0x63,0x75,0x72,0x72,0x65,0x6e,0x74,0x2d,0x63,0x6f,0x6c,0x6f,0x72,0x2d,
  0x73,0x63,0x68,0x65,0x6d,0x65,0x22,0x3e,0xa,0x20,0x20,0x20,0x20,0x20,0x20,0x2e,
  0x43,0x6f,0x6c,0x6f,0x72,0x53,0x63,0x68,0x65,0x6d,0x65,0x2d,0x54,0x65,0x78,0x74,
  0x20,0x7b,0xa,0x20,0x20,0x20,0x20,0x20,0x20,0x20,0x20,0x63,0x6f,0x6c,0x6f,0x72,
  0x3a,0x23,0x32,0x33,0x32,0x36,0x32,0x39,0x3b,0xa,0x20,0x20,0x20,0x20,0x20,0x20,
  0x7d,0xa,0x20,0x20,0x20,0x20,0x20,0x20,0x3c,0x2f,0x73,0x74,0x79,0x6c,0x65,0x3e,
  0xa,0x20,0x20,0x3c,0x2f,0x64,0x65,0x66,0x73,0x3e,0xa,0x20,0x3c,0x70,0x61,0x74,
  0x68,0x20,0xa,0x20,0x20,0x20,0x20,0x20,0x73,0x74,0x79,0x6c,0x65,0x3d,0x22,0x66,
  0x69,0x6c,0x6c,0x3a,0x63,0x75,0x72,0x72,0x65,0x6e,0x74,0x43,0x6f,0x6c,0x6f,0x72,
  0x3b,0x66,0x69,0x6c,0x6c,0x2d,0x6f,0x70,0x61,0x63,0x69,0x74,0x79,0x3a,0x31,0x3b,
  0x73,0x74,0x72,0x6f,0x6b,0x65,0x3a,0x6e,0x6f,0x6e,0x65,0x22,0x20,0xa,0x20,0x20,
  0x20,0x20,0x20,0x64,0x3d,0x22,0x4d,0x20,0x33,0x20,0x33,0x20,0x4c,0x20,0x33,0x20,
  0x37,0x20,0x4c,0x20,0x33,0x20,0x31,0x38,0x20,0x4c,0x20,0x33,0x20,0x31,0x39,0x20,
  0x4c,0x20,0x31,0x33,0x20,0x31,0x39,0x20,0x4c,0x20,0x31,0x39,0x20,0x31,0x39,0x20,
  0x4c,0x20,0x31,0x39,0x20,0x31,0x38,0x20,0x4c,0x20,0x31,0x39,0x20,0x31,0x33,0x20,
  0x4c,0x20,0x31,0x39,0x20,0x37,0x20,0x4c,0x20,0x31,0x39,0x20,0x33,0x20,0x4c,0x20,
  0x33,0x20,0x33,0x20,0x7a,0x20,0x4d,0x20,0x34,0x20,0x37,0x20,0x4c,0x20,0x31,0x38,
  0x20,0x37,0x20,0x4c,0x20,0x31,0x38,0x20,0x31,0x33,0x20,0x4c,0x20,0x31,0x38,0x20,
  0x31,0x38,0x20,0x4c,0x20,0x31,0x33,0x20,0x31,0x38,0x20,0x4c,0x20,0x34,0x20,0x31,
  0x38,0x20,0x4c,0x20,0x34,0x20,0x37,0x20,0x7a,0x20,0x4d,0x20,0x39,0x20,0x31,0x30,
  0x20,0x4c,0x20,0x39,0x20,0x31,0x36,0x20,0x4c,0x20,0x31,0x34,0x20,0x31,0x33,0x20,
  0x4c,0x20,0x39,0x20,0x31,0x30,0x20,0x7a,0x20,0x22,0xa,0x9,0x20,0x63,0x6c,0x61,
  0x73,0x73,0x3d,0x22,0x43,0x6f,0x6c,0x6f,0x72,0x53,0x63,0x68,0x65,0x6d,0x65,0x2d,
  0x54,0x65,0x78,0x74,0x22,0xa,0x20,0x20,0x20,0x20,0x20,0x2f,0x3e,0xa,0x3c,0x2f,
  0x73,0x76,0x67,0x3e,0xa,
    // system-search.svg
  0x0,0x0,0x2,0xcc,
  0x3c,
  0x73,0x76,0x67,0x20,0x78,0x6d,0x6c,0x6e,0x73,0x3d,0x22,0x68,0x74,0x74,0x70,0x3a,
  0x2f,0x2f,0x77,0x77,0x77,0x2e,0x77,0x33,0x2e,0x6f,0x72,0x67,0x2f,0x32,0x30,0x30,
  0x30,0x2f,0x73,0x76,0x67,0x22,0x20,0x76,0x69,0x65,0x77,0x42,0x6f,0x78,0x3d,0x22,
  0x30,0x20,0x30,0x20,0x32,0x32,0x20,0x32,0x32,0x22,0x3e,0xa,0x20,0x20,0x3c,0x64,
  0x65,0x66,0x73,0x20,0x69,0x64,0x3d,0x22,0x64,0x65,0x66,0x73,0x33,0x30,0x35,0x31,
  0x22,0x3e,0xa,0x20,0x20,0x20,0x20,0x3c,0x73,0x74,0x79,0x6c,0x65,0x20,0x74,0x79,
  0x70,0x65,0x3d,0x22,0x74,0x65,0x78,0x74,0x2f,0x63,0x73,0x73,0x22,0x20,0x69,0x64,
  0x3d,0x22,0x63,0x75,0x72,0x72,0x65,0x6e,0x74,0x2d,0x63,0x6f,0x6c,0x6f,0x72,0x2d,
  0x73,0x63,0x68,0x65,0x6d,0x65,0x22,0x3e,0xa,0x20,0x20,0x20,0x20,0x20,0x20,0x2e,
  0x43,0x6f,0x6c,0x6f,0x72,0x53,0x63,0x68,0x65,0x6d,0x65,0x2d,0x54,0x65,0x78,0x74,
  0x20,0x7b,0xa,0x20,0x20,0x20,0x20,0x20,0x20,0x20,0x20,0x63,0x6f,0x6c,0x6f,0x72,
  0x3a,0x23,0x32,0x33,0x32,0x36,0x32,0x39,0x3b,0xa,0x20,0x20,0x20,0x20,0x20,0x20,
  0x7d,0xa,0x20,0x20,0x20,0x20,0x20,0x20,0x3c,0x2f,0x73,0x74,0x79,0x6c,0x65,0x3e,
  0xa,0x20,0x20,0x3c,0x2f,0x64,0x65,0x66,0x73,0x3e,0xa,0x20,0x3c,0x70,0x61,0x74,
  0x68,0x20,0xa,0x20,0x20,0x20,0x20,0x73,0x74,0x79,0x6c,0x65,0x3d,0x22,0x66,0x69,
  0x6c,0x6c,0x3a,0x63,0x75,0x72,0x72,0x65,0x6e,0x74,0x43,0x6f,0x6c,0x6f,0x72,0x3b,
  0x66,0x69,0x6c,0x6c,0x2d,0x6f,0x70,0x61,0x63,0x69,0x74,0x79,0x3a,0x31,0x3b,0x73,
  0x74,0x72,0x6f,0x6b,0x65,0x3a,0x6e,0x6f,0x6e,0x65,0x22,0x20,0xa,0x20,0x20,0x20,
  0x20,0x64,0x3d,0x22,0x4d,0x20,0x39,0x20,0x33,0x20,0x43,0x20,0x35,0x2e,0x36,0x37,
  0x35,0x39,0x39,0x35,0x32,0x20,0x33,0x20,0x33,0x20,0x35,0x2e,0x36,0x37,0x35,0x39,
  0x39,0x35,0x32,0x20,0x33,0x20,0x39,0x20,0x43,0x20,0x33,0x20,0x31,0x32,0x2e,0x33,
  0x32,0x34,0x30,0x30,0x35,0x20,0x35,0x2e,0x36,0x37,0x35,0x39,0x39,0x35,0x32,0x20,
  0x31,0x35,0x20,0x39,0x20,0x31,0x35,0x20,0x43,0x20,0x31,0x30,0x2e,0x34,0x38,0x31,
  0x32,0x30,0x35,0x20,0x31,0x35,0x20,0x31,0x31,0x2e,0x38,0x33,0x30,0x35,0x38,0x34,
  0x20,0x31,0x34,0x2e,0x34,0x36,0x35,0x33,0x31,0x38,0x20,0x31,0x32,0x2e,0x38,0x37,
  0x35,0x20,0x31,0x33,0x2e,0x35,0x38,0x32,0x30,0x33,0x31,0x20,0x4c,0x20,0x31,0x38,
  0x2e,0x32,0x39,0x32,0x39,0x36,0x39,0x20,0x31,0x39,0x20,0x4c,0x20,0x31,0x39,0x20,
  0x31,0x38,0x2e,0x32,0x39,0x32,0x39,0x36,0x39,0x20,0x4c,0x20,0x31,0x33,0x2e,0x35,
  0x38,0x32,0x30,0x33,0x31,0x20,0x31,0x32,0x2e,0x38,0x37,0x35,0x20,0x43,0x20,0x31,
  0x34,0x2e,0x34,0x36,0x35,0x33,0x31,0x38,0x20,0x31,0x31,0x2e,0x38,0x33,0x30,0x35,
  0x38,0x34,0x20,0x31,0x35,0x20,0x31,0x30,0x2e,0x34,0x38,0x31,0x32,0x30,0x35,0x20,
  0x31,0x35,0x20,0x39,0x20,0x43,0x20,0x31,0x35,0x20,0x35,0x2e,0x36,0x37,0x35,0x39,
  0x39,0x35,0x32,0x20,0x31,0x32,0x2e,0x33,0x32,0x34,0x30,0x30,0x35,0x20,0x33,0x20,
  0x39,0x20,0x33,0x20,0x7a,0x20,0x4d,0x20,0x39,0x20,0x34,0x20,0x43,0x20,0x31,0x31,
  0x2e,0x37,0x37,0x30,0x30,0x30,0x35,0x20,0x34,0x20,0x31,0x34,0x20,0x36,0x2e,0x32,
  0x32,0x39,0x39,0x39,0x35,0x32,0x20,0x31,0x34,0x20,0x39,0x20,0x43,0x20,0x31,0x34,
  0x20,0x31,0x31,0x2e,0x37,0x37,0x30,0x30,0x30,0x35,0x20,0x31,0x31,0x2e,0x37,0x37,
  0x30,0x30,0x30,0x35,0x20,0x31,0x34,0x20,0x39,0x20,0x31,0x34,0x20,0x43,0x20,0x36,
  0x2e,0x32,0x32,0x39,0x39,0x39,0x35,0x32,0x20,0x31,0x34,0x20,0x34,0x20,0x31,0x31,
  0x2e,0x37,0x37,0x30,0x30,0x30,0x35,0x20,0x34,0x20,0x39,0x20,0x43,0x20,0x34,0x20,
  0x36,0x2e,0x32,0x32,0x39,0x39,0x39,0x35,0x32,0x20,0x36,0x2e,0x32,0x32,0x39,0x39,
  0x39,0x35,0x32,0x20,0x34,0x20,0x39,0x20,0x34,0x20,0x7a,0x20,0x22,0xa,0x20,0x20,
  0x20,0x20,0x63,0x6c,0x61,0x73,0x73,0x3d,0x22,0x43,0x6f,0x6c,0x6f,0x72,0x53,0x63,
  0x68,0x65,0x6d,0x65,0x2d,0x54,0x65,0x78,0x74,0x22,0xa,0x20,0x20,0x20,0x20,0x2f,
  0x3e,0x20,0x20,0xa,0x3c,0x2f,0x73,0x76,0x67,0x3e,0xa,
    // document-save-as.svg
  0x0,0x0,0x4,0x9b,
  0x3c,
  0x73,0x76,0x67,0x20,0x78,0x6d,0x6c,0x6e,0x73,0x3d,0x22,0x68,0x74,0x74,0x70,0x3a,
  0x2f,0x2f,0x77,0x77,0x77,0x2e,0x77,0x33,0x2e,0x6f,0x72,0x67,0x2f,0x32,0x30,0x30,
  0x30,0x2f,0x73,0x76,0x67,0x22,0x20,0x76,0x69,0x65,0x77,0x42,0x6f,0x78,0x3d,0x22,
  0x30,0x20,0x30,0x20,0x32,0x32,0x20,0x32,0x32,0x22,0x3e,0xa,0x20,0x20,0x3c,0x64,
  0x65,0x66,0x73,0x20,0x69,0x64,0x3d,0x22,0x64,0x65,0x66,0x73,0x33,0x30,0x35,0x31,
  0x22,0x3e,0xa,0x20,0x20,0x20,0x20,0x3c,0x73,0x74,0x79,0x6c,0x65,0x20,0x74,0x79,
  0x70,0x65,0x3d,0x22,0x74,0x65,0x78,0x74,0x2f,0x63,0x73,0x73,0x22,0x20,0x69,0x64,
  0x3d,0x22,0x63,0x75,0x72,0x72,0x65,0x6e,0x74,0x2d,0x63,0x6f,0x6c,0x6f,0x72,0x2d,
  0x73,0x63,0x68,0x65,0x6d,0x65,0x22,0x3e,0xa,0x20,0x20,0x20,0x20,0x20,0x20,0x2e,
  0x43,0x6f,0x6c,0x6f,0x72,0x53,0x63,0x68,0x65,0x6d,0x65,0x2d,0x54,0x65,0x78,0x74,
  0x20,0x7b,0xa,0x20,0x20,0x20,0x20,0x20,0x20,0x20,0x20,0x63,0x6f,0x6c,0x6f,0x72,
  0x3a,0x23,0x32,0x33,0x32,0x36,0x32,0x39,0x3b,0xa,0x20,0x20,0x20,0x20,0x20,0x20,
  0x7d,0xa,0x20,0x20,0x20,0x20,0x20,0x20,0x3c,0x2f,0x73,0x74,0x79,0x6c,0x65,0x3e,
  0xa,0x20,0x20,0x3c,0x2f,0x64,0x65,0x66,0x73,0x3e,0xa,0x20,0x3c,0x70,0x61,0x74,
  0x68,0x20,0xa,0x20,0x20,0x20,0x20,0x73,0x74,0x79,0x6c,0x65,0x3d,0x22,0x66,0x69,
  0x6c,0x6c,0x3a,0x63,0x75,0x72,0x72,0x65,0x6e,0x74,0x43,0x6f,0x6c,0x6f,0x72,0x3b,
  0x66,0x69,0x6c,0x6c,0x2d,0x6f,0x70,0x61,0x63,0x69,0x74,0x79,0x3a,0x31,0x3b,0x73,
  0x74,0x72,0x6f,0x6b,0x65,0x3a,0x6e,0x6f,0x6e,0x65,0x22,0x20,0xa,0x20,0x20,0x20,
  0x20,0x64,0x3d,0x22,0x4d,0x20,0x32,0x20,0x32,0x2e,0x39,0x39,0x38,0x30,0x34,0x36,
  0x39,0x20,0x4c,0x20,0x32,0x20,0x33,0x20,0x4c,0x20,0x32,0x20,0x34,0x20,0x4c,0x20,
  0x32,0x20,0x31,0x39,0x20,0x4c,0x20,0x33,0x20,0x31,0x39,0x20,0x4c,0x20,0x31,0x31,
  0x20,0x31,0x39,0x20,0x4c,0x20,0x31,0x31,0x20,0x31,0x38,0x20,0x4c,0x20,0x36,0x20,
  0x31,0x38,0x20,0x4c,0x20,0x36,0x20,0x31,0x32,0x20,0x4c,0x20,0x31,0x31,0x20,0x31,
  0x32,0x20,0x4c,0x20,0x31,0x31,0x20,0x31,0x31,0x20,0x4c,0x20,0x36,0x20,0x31,0x31,
  0x20,0x4c,0x20,0x35,0x20,0x31,0x31,0x20,0x4c,0x20,0x35,0x20,0x31,0x38,0x20,0x4c,
  0x20,0x33,0x20,0x31,0x38,0x20,0x4c,0x20,0x33,0x20,0x34,0x20,0x4c,0x20,0x36,0x20,
  0x34,0x20,0x4c,0x20,0x36,0x20,0x38,0x20,0x4c,0x20,0x36,0x20,0x39,0x20,0x4c,0x20,
  0x31,0x34,0x20,0x39,0x20,0x4c,0x20,0x31,0x34,0x20,0x38,0x20,0x4c,0x20,0x31,0x34,
  0x20,0x34,0x20,0x4c,0x20,0x31,0x34,0x2e,0x32,0x39,0x32,0x39,0x36,0x39,0x20,0x34,
  0x20,0x4c,0x20,0x31,0x37,0x20,0x36,0x2e,0x37,0x30,0x37,0x30,0x33,0x31,0x32,0x20,
  0x4c,0x20,0x31,0x37,0x20,0x37,0x20,0x4c,0x20,0x31,0x37,0x20,0x31,0x30,0x20,0x4c,
  0x20,0x31,0x38,0x20,0x31,0x30,0x20,0x4c,0x20,0x31,0x38,0x20,0x37,0x20,0x4c,0x20,
  0x31,0x38,0x20,0x36,0x2e,0x33,0x30,0x30,0x37,0x38,0x31,0x32,0x20,0x4c,0x20,0x31,
  0x37,0x2e,0x39,0x39,0x32,0x31,0x38,0x38,0x20,0x36,0x2e,0x33,0x30,0x30,0x37,0x38,
  0x31,0x32,0x20,0x4c,0x20,0x31,0x38,0x20,0x36,0x2e,0x32,0x39,0x31,0x30,0x31,0x35,
  0x36,0x20,0x4c,0x20,0x31,0x34,0x2e,0x37,0x30,0x37,0x30,0x33,0x31,0x20,0x32,0x2e,
  0x39,0x39,0x38,0x30,0x34,0x36,0x39,0x20,0x4c,0x20,0x31,0x34,0x2e,0x36,0x39,0x39,
  0x32,0x31,0x39,0x20,0x33,0x2e,0x30,0x30,0x37,0x38,0x31,0x32,0x35,0x20,0x4c,0x20,
  0x31,0x34,0x2e,0x36,0x39,0x39,0x32,0x31,0x39,0x20,0x32,0x2e,0x39,0x39,0x38,0x30,
  0x34,0x36,0x39,0x20,0x4c,0x20,0x31,0x34,0x20,0x32,0x2e,0x39,0x39,0x38,0x30,0x34,
  0x36,0x39,0x20,0x4c,0x20,0x32,0x20,0x32,0x2e,0x39,0x39,0x38,0x30,0x34,0x36,0x39,
  0x20,0x7a,0x20,0x4d,0x20,0x37,0x20,0x34,0x20,0x4c,0x20,0x31,0x30,0x2e,0x39,0x30,
  0x30,0x33,0x39,0x31,0x20,0x34,0x20,0x4c,0x20,0x31,0x30,0x2e,0x39,0x30,0x30,0x33,
  0x39,0x31,0x20,0x38,0x20,0x4c,0x20,0x37,0x20,0x38,0x20,0x4c,0x20,0x37,0x20,0x34,
  0x20,0x7a,0x20,0x4d,0x20,0x31,0x38,0x20,0x31,0x31,0x20,0x4c,0x20,0x31,0x37,0x2e,
  0x30,0x30,0x33,0x39,0x30,0x36,0x20,0x31,0x31,0x2e,0x39,0x39,0x34,0x31,0x34,0x31,
  0x20,0x4c,0x20,0x31,0x37,0x20,0x31,0x31,0x2e,0x39,0x39,0x34,0x31,0x34,0x31,0x20,
  0x4c,0x20,0x31,0x32,0x20,0x31,0x36,0x2e,0x39,0x39,0x32,0x31,0x38,0x38,0x20,0x4c,
  0x20,0x31,0x32,0x2e,0x30,0x30,0x37,0x38,0x31,0x32,0x20,0x31,0x37,0x2e,0x30,0x30,
  0x31,0x39,0x35,0x33,0x20,0x4c,0x20,0x31,0x32,0x2e,0x30,0x30,0x33,0x39,0x30,0x36,
  0x20,0x31,0x38,0x2e,0x30,0x30,0x35,0x38,0x35,0x39,0x20,0x4c,0x20,0x31,0x32,0x20,
  0x31,0x38,0x2e,0x30,0x30,0x35,0x38,0x35,0x39,0x20,0x4c,0x20,0x31,0x32,0x20,0x31,
  0x38,0x2e,0x39,0x39,0x36,0x30,0x39,0x34,0x20,0x4c,0x20,0x31,0x32,0x20,0x31,0x39,
  0x2e,0x30,0x30,0x35,0x38,0x35,0x39,0x20,0x4c,0x20,0x31,0x34,0x20,0x31,0x39,0x2e,
  0x30,0x30,0x35,0x38,0x35,0x39,0x20,0x4c,0x20,0x31,0x34,0x2e,0x30,0x30,0x35,0x38,
  0x35,0x39,0x20,0x31,0x38,0x2e,0x39,0x39,0x36,0x30,0x39,0x34,0x20,0x4c,0x20,0x31,
  0x34,0x2e,0x30,0x30,0x39,0x37,0x36,0x36,0x20,0x31,0x38,0x2e,0x39,0x39,0x36,0x30,
  0x39,0x34,0x20,0x4c,0x20,0x31,0x34,0x2e,0x30,0x31,0x39,0x35,0x33,0x31,0x20,0x31,
  0x38,0x2e,0x39,0x39,0x36,0x30,0x39,0x34,0x20,0x4c,0x20,0x31,0x34,0x2e,0x30,0x31,
  0x33,0x36,0x37,0x32,0x20,0x31,0x38,0x2e,0x39,0x38,0x36,0x33,0x32,0x38,0x20,0x4c,
  0x20,0x31,0x35,0x20,0x31,0x38,0x20,0x4c,0x20,0x31,0x39,0x20,0x31,0x34,0x2e,0x30,
  0x30,0x33,0x39,0x30,0x36,0x20,0x4c,0x20,0x31,0x38,0x2e,0x32,0x39,0x34,0x39,0x32,
  0x32,0x20,0x31,0x33,0x2e,0x32,0x39,0x34,0x39,0x32,0x32,0x20,0x4c,0x20,0x31,0x33,
  0x2e,0x33,0x30,0x34,0x36,0x38,0x38,0x20,0x31,0x38,0x2e,0x32,0x38,0x31,0x32,0x35,
  0x20,0x4c,0x20,0x31,0x32,0x2e,0x37,0x31,0x30,0x39,0x33,0x38,0x20,0x31,0x37,0x2e,
  0x36,0x38,0x39,0x34,0x35,0x33,0x20,0x4c,0x20,0x31,0x37,0x2e,0x37,0x30,0x33,0x31,
  0x32,0x35,0x20,0x31,0x32,0x2e,0x37,0x30,0x31,0x31,0x37,0x32,0x20,0x4c,0x20,0x31,
  0x38,0x2e,0x32,0x39,0x34,0x39,0x32,0x32,0x20,0x31,0x33,0x2e,0x32,0x39,0x34,0x39,
  0x32,0x32,0x20,0x4c,0x20,0x31,0x39,0x20,0x31,0x33,0x2e,0x39,0x39,0x38,0x30,0x34,
  0x37,0x20,0x4c,0x20,0x32,0x30,0x20,0x31,0x32,0x2e,0x39,0x39,0x38,0x30,0x34,0x37,
  0x20,0x4c,0x20,0x31,0x38,0x20,0x31,0x31,0x20,0x7a,0x20,0x22,0xa,0x20,0x20,0x20,
  0x20,0x63,0x6c,0x61,0x73,0x73,0x3d,0x22,0x43,0x6f,0x6c,0x6f,0x72,0x53,0x63,0x68,
  0x65,0x6d,0x65,0x2d,0x54,0x65,0x78,0x74,0x22,0xa,0x20,0x20,0x20,0x20,0x2f,0x3e,
  0x20,0x20,0xa,0x3c,0x2f,0x73,0x76,0x67,0x3e,0xa,
    // view-close.svg
  0x0,0x0,0x2,0xe9,
  0x3c,
  0x73,0x76,0x67,0x20,0x78,0x6d,0x6c,0x6e,0x73,0x3d,0x22,0x68,0x74,0x74,0x70,0x3a,
  0x2f,0x2f,0x77,0x77,0x77,0x2e,0x77,0x33,0x2e,0x6f,0x72,0x67,0x2f,0x32,0x30,0x30,
  0x30,0x2f,0x73,0x76,0x67,0x22,0x20,0x76,0x69,0x65,0x77,0x42,0x6f,0x78,0x3d,0x22,
  0x30,0x20,0x30,0x20,0x32,0x32,0x20,0x32,0x32,0x22,0x3e,0xa,0x20,0x20,0x3c,0x64,
  0x65,0x66,0x73,0x20,0x69,0x64,0x3d,0x22,0x64,0x65,0x66,0x73,0x33,0x30,0x35,0x31,
  0x22,0x3e,0xa,0x20,0x20,0x20,0x20,0x3c,0x73,0x74,0x79,0x6c,0x65,0x20,0x74,0x79,
  0x70,0x65,0x3d,0x22,0x74,0x65,0x78,0x74,0x2f,0x63,0x73,0x73,0x22,0x20,0x69,0x64,
  0x3d,0x22,0x63,0x75,0x72,0x72,0x65,0x6e,0x74,0x2d,0x63,0x6f,0x6c,0x6f,0x72,0x2d,
  0x73,0x63,0x68,0x65,0x6d,0x65,0x22,0x3e,0xa,0x20,0x20,0x20,0x20,0x20,0x20,0x2e,
  0x43,0x6f,0x6c,0x6f,0x72,0x53,0x63,0x68,0x65,0x6d,0x65,0x2d,0x54,0x65,0x78,0x74,
  0x20,0x7b,0xa,0x20,0x20,0x20,0x20,0x20,0x20,0x20,0x20,0x63,0x6f,0x6c,0x6f,0x72,
  0x3a,0x23,0x32,0x33,0x32,0x36,0x32,0x39,0x3b,0xa,0x20,0x20,0x20,0x20,0x20,0x20,
  0x7d,0xa,0x20,0x20,0x20,0x20,0x20,0x20,0x2e,0x43,0x6f,0x6c,0x6f,0x72,0x53,0x63,
  0x68,0x65,0x6d,0x65,0x2d,0x41,0x63,0x63,0x65,0x6e,0x74,0x20,0x7b,0xa,0x20,0x20,
  0x20,0x20,0x20,0x20,0x20,0x20,0x63,0x6f,0x6c,0x6f,0x72,0x3a,0x23,0x33,0x64,0x61,
  0x65,0x65,0x39,0x3b,0xa,0x20,0x20,0x20,0x20,0x20,0x20,0x7d,0xa,0x20,0x20,0x20,
  0x20,0x20,0x20,0x3c,0x2f,0x73,0x74,0x79,0x6c,0x65,0x3e,0xa,0x20,0x20,0x3c,0x2f,
  0x64,0x65,0x66,0x73,0x3e,0xa,0x20,0x3c,0x70,0x61,0x74,0x68,0x20,0xa,0x20,0x20,
  0x20,0x20,0x20,0x73,0x74,0x79,0x6c,0x65,0x3d,0x22,0x66,0x69,0x6c,0x6c,0x3a,0x63,
  0x75,0x72,0x72,0x65,0x6e,0x74,0x43,0x6f,0x6c,0x6f,0x72,0x3b,0x66,0x69,0x6c,0x6c,
  0x2d,0x6f,0x70,0x61,0x63,0x69,0x74,0x79,0x3a,0x31,0x3b,0x73,0x74,0x72,0x6f,0x6b,
  0x65,0x3a,0x6e,0x6f,0x6e,0x65,0x22,0x20,0xa,0x20,0x20,0x20,0x20,0x20,0x64,0x3d,
  0x22,0x4d,0x20,0x33,0x20,0x33,0x20,0x4c,0x20,0x33,0x20,0x31,0x39,0x20,0x4c,0x20,
  0x31,0x39,0x20,0x31,0x39,0x20,0x4c,0x20,0x31,0x39,0x20,0x33,0x20,0x4c,0x20,0x33,
  0x20,0x33,0x20,0x7a,0x20,0x4d,0x20,0x34,0x20,0x37,0x20,0x4c,0x20,0x31,0x38,0x20,
  0x37,0x20,0x4c,0x20,0x31,0x38,0x20,0x31,0x38,0x20,0x4c,0x20,0x34,0x20,0x31,0x38,
  0x20,0x4c,0x20,0x34,0x20,0x37,0x20,0x7a,0x20,0x22,0xa,0x20,0x20,0x20,0x20,0x20,
  0x63,0x6c,0x61,0x73,0x73,0x3d,0x22,0x43,0x6f,0x6c,0x6f,0x72,0x53,0x63,0x68,0x65,
  0x6d,0x65,0x2d,0x54,0x65,0x78,0x74,0x22,0xa,0x20,0x20,0x20,0x20,0x20,0x2f,0x3e,
  0xa,0x20,0x3c,0x70,0x61,0x74,0x68,0x20,0xa,0x20,0x20,0x20,0x20,0x20,0x73,0x74,
  0x79,0x6c,0x65,0x3d,0x22,0x66,0x69,0x6c,0x6c,0x3a,0x23,0x64,0x61,0x34,0x34,0x35,
  0x33,0x3b,0x66,0x69,0x6c,0x6c,0x2d,0x6f,0x70,0x61,0x63,0x69,0x74,0x79,0x3a,0x31,
  0x3b,0x73,0x74,0x72,0x6f,0x6b,0x65,0x3a,0x6e,0x6f,0x6e,0x65,0x22,0x20,0xa,0x20,
  0x20,0x20,0x20,0x20,0x64,0x3d,0x22,0x4d,0x20,0x38,0x2e,0x37,0x30,0x37,0x30,0x33,
  0x31,0x32,0x20,0x39,0x20,0x4c,0x20,0x38,0x20,0x39,0x2e,0x37,0x30,0x37,0x30,0x33,
  0x31,0x32,0x20,0x4c,0x20,0x31,0x30,0x2e,0x32,0x39,0x32,0x39,0x36,0x39,0x20,0x31,
  0x32,0x20,0x4c,0x20,0x38,0x20,0x31,0x34,0x2e,0x32,0x39,0x32,0x39,0x36,0x39,0x20,
  0x4c,0x20,0x38,0x2e,0x37,0x30,0x37,0x30,0x33,0x31,0x32,0x20,0x31,0x35,0x20,0x4c,
  0x20,0x31,0x31,0x20,0x31,0x32,0x2e,0x37,0x30,0x37,0x30,0x33,0x31,0x20,0x4c,0x20,
  0x31,0x33,0x2e,0x32,0x39,0x32,0x39,0x36,0x39,0x20,0x31,0x35,0x20,0x4c,0x20,0x31,
  0x34,0x20,0x31,0x34,0x2e,0x32,0x39,0x32,0x39,0x36,0x39,0x20,0x4c,0x20,0x31,0x31,
  0x2e,0x37,0x30,0x37,0x30,0x33,0x31,0x20,0x31,0x32,0x20,0x4c,0x20,0x31,0x34,0x20,
  0x39,0x2e,0x37,0x30,0x37,0x30,0x33,0x31,0x32,0x20,0x4c,0x20,0x31,0x33,0x2e,0x32,
  0x39,0x32,0x39,0x36,0x39,0x20,0x39,0x20,0x4c,0x20,0x31,0x31,0x20,0x31,0x31,0x2e,
  0x32,0x39,0x32,0x39,0x36,0x39,0x20,0x4c,0x20,0x38,0x2e,0x37,0x30,0x37,0x30,0x33,
  0x31,0x32,0x20,0x39,0x20,0x7a,0x20,0x22,0xa,0x20,0x20,0x20,0x20,0x20,0x2f,0x3e,
  0xa,0x3c,0x2f,0x73,0x76,0x67,0x3e,0xa,
    // edit-copy.svg
  0x0,0x0,0x2,0x19,
  0x3c,
  0x21,0x44,0x4f,0x43,0x54,0x59,0x50,0x45,0x20,0x73,0x76,0x67,0x3e,0xa,0x3c,0x73,
  0x76,0x67,0x20,0x76,0x69,0x65,0x77,0x42,0x6f,0x78,0x3d,0x22,0x30,0x20,0x30,0x20,
  0x32,0x32,0x20,0x32,0x32,0x22,0x20,0x76,0x65,0x72,0x73,0x69,0x6f,0x6e,0x3d,0x22,
  0x31,0x2e,0x31,0x22,0x20,0x78,0x6d,0x6c,0x6e,0x73,0x3d,0x22,0x68,0x74,0x74,0x70,
  0x3a,0x2f,0x2f,0x77,0x77,0x77,0x2e,0x77,0x33,0x2e,0x6f,0x72,0x67,0x2f,0x32,0x30,
  0x30,0x30,0x2f,0x73,0x76,0x67,0x22,0x3e,0xa,0x20,0x20,0x20,0x20,0x3c,0x64,0x65,
  0x66,0x73,0x3e,0xa,0x20,0x20,0x20,0x20,0x20,0x20,0x20,0x20,0x3c,0x73,0x74,0x79,
  0x6c,0x65,0x20,0x74,0x79,0x70,0x65,0x3d,0x22,0x74,0x65,0x78,0x74,0x2f,0x63,0x73,
  0x73,0x22,0x20,0x69,0x64,0x3d,0x22,0x63,0x75,0x72,0x72,0x65,0x6e,0x74,0x2d,0x63,
  0x6f,0x6c,0x6f,0x72,0x2d,0x73,0x63,0x68,0x65,0x6d,0x65,0x22,0x3e,0xa,0x20,0x20,
  0x20,0x20,0x20,0x20,0x20,0x20,0x20,0x20,0x20,0x20,0x2e,0x43,0x6f,0x6c,0x6f,0x72,
  0x53,0x63,0x68,0x65,0x6d,0x65,0x2d,0x54,0x65,0x78,0x74,0x20,0x7b,0xa,0x20,0x20,
  0x20,0x20,0x20,0x20,0x20,0x20,0x20,0x20,0x20,0x20,0x20,0x20,0x20,0x20,0x63,0x6f,
  0x6c,0x6f,0x72,0x3a,0x23,0x32,0x33,0x32,0x36,0x32,0x39,0x3b,0xa,0x20,0x20,0x20,
  0x20,0x20,0x20,0x20,0x20,0x20,0x20,0x20,0x20,0x7d,0xa,0x20,0x20,0x20,0x20,0x20,
  0x20,0x20,0x20,0x3c,0x2f,0x73,0x74,0x79,0x6c,0x65,0x3e,0xa,0x20,0x20,0x20,0x20,
  0x3c,0x2f,0x64,0x65,0x66,0x73,0x3e,0xa,0x20,0x20,0x20,0x20,0x3c,0x70,0x61,0x74,
  0x68,0x20,0x63,0x6c,0x61,0x73,0x73,0x3d,0x22,0x43,0x6f,0x6c,0x6f,0x72,0x53,0x63,
  0x68,0x65,0x6d,0x65,0x2d,0x54,0x65,0x78,0x74,0x22,0x20,0x73,0x74,0x79,0x6c,0x65,
  0x3d,0x22,0x66,0x69,0x6c,0x6c,0x3a,0x63,0x75,0x72,0x72,0x65,0x6e,0x74,0x43,0x6f,
  0x6c,0x6f,0x72,0x3b,0x20,0x66,0x69,0x6c,0x6c,0x2d,0x6f,0x70,0x61,0x63,0x69,0x74,
  0x79,0x3a,0x31,0x3b,0x20,0x73,0x74,0x72,0x6f,0x6b,0x65,0x3a,0x6e,0x6f,0x6e,0x65,
  0x22,0x20,0x64,0x3d,0x22,0x4d,0x20,0x33,0x20,0x33,0x20,0x4c,0x20,0x33,0x20,0x31,
  0x37,0x20,0x4c,0x20,0x37,0x20,0x31,0x37,0x20,0x4c,0x20,0x37,0x20,0x31,0x39,0x20,
  0x4c,0x20,0x31,0x37,0x20,0x31,0x39,0x20,0x4c,0x20,0x31,0x37,0x20,0x31,0x30,0x20,
  0x4c,0x20,0x31,0x33,0x20,0x36,0x20,0x4c,0x20,0x31,0x32,0x20,0x36,0x20,0x4c,0x20,
  0x39,0x20,0x33,0x20,0x4c,0x20,0x33,0x20,0x33,0x20,0x5a,0x20,0x4d,0x20,0x34,0x20,
  0x34,0x20,0x4c,0x20,0x38,0x20,0x34,0x20,0x4c,0x20,0x38,0x20,0x36,0x20,0x4c,0x20,
  0x37,0x20,0x36,0x20,0x4c,0x20,0x37,0x20,0x31,0x36,0x20,0x4c,0x20,0x34,0x20,0x31,
  0x36,0x20,0x4c,0x20,0x34,0x20,0x34,0x20,0x5a,0x20,0x4d,0x20,0x38,0x20,0x37,0x20,
  0x4c,0x20,0x31,0x32,0x20,0x37,0x20,0x4c,0x20,0x31,0x32,0x20,0x31,0x31,0x20,0x4c,
  0x20,0x31,0x36,0x20,0x31,0x31,0x20,0x4c,0x20,0x31,0x36,0x20,0x31,0x38,0x20,0x4c,
  0x20,0x38,0x20,0x31,0x38,0x20,0x4c,0x20,0x38,0x20,0x37,0x20,0x5a,0x22,0x2f,0x3e,
  0xa,0x3c,0x2f,0x73,0x76,0x67,0x3e,0xa,
    // document-open.svg
  0x0,0x0,0x2,0x53,
  0x3c,
  0x73,0x76,0x67,0x20,0x78,0x6d,0x6c,0x6e,0x73,0x3d,0x22,0x68,0x74,0x74,0x70,0x3a,
  0x2f,0x2f,0x77,0x77,0x77,0x2e,0x77,0x33,0x2e,0x6f,0x72,0x67,0x2f,0x32,0x30,0x30,
  0x30,0x2f,0x73,0x76,0x67,0x22,0x20,0x76,0x69,0x65,0x77,0x42,0x6f,0x78,0x3d,0x22,
  0x30,0x20,0x30,0x20,0x32,0x32,0x20,0x32,0x32,0x22,0x3e,0xa,0x20,0x20,0x3c,0x64,
  0x65,0x66,0x73,0x20,0x69,0x64,0x3d,0x22,0x64,0x65,0x66,0x73,0x33,0x30,0x35,0x31,
  0x22,0x3e,0xa,0x20,0x20,0x20,0x20,0x3c,0x73,0x74,0x79,0x6c,0x65,0x20,0x74,0x79,
  0x70,0x65,0x3d,0x22,0x74,0x65,0x78,0x74,0x2f,0x63,0x73,0x73,0x22,0x20,0x69,0x64,
  0x3d,0x22,0x63,0x75,0x72,0x72,0x65,0x6e,0x74,0x2d,0x63,0x6f,0x6c,0x6f,0x72,0x2d,
  0x73,0x63,0x68,0x65,0x6d,0x65,0x22,0x3e,0xa,0x20,0x20,0x20,0x20,0x20,0x20,0x2e,
  0x43,0x6f,0x6c,0x6f,0x72,0x53,0x63,0x68,0x65,0x6d,0x65,0x2d,0x54,0x65,0x78,0x74,
  0x20,0x7b,0xa,0x20,0x20,0x20,0x20,0x20,0x20,0x20,0x20,0x63,0x6f,0x6c,0x6f,0x72,
  0x3a,0x23,0x32,0x33,0x32,0x36,0x32,0x39,0x3b,0xa,0x20,0x20,0x20,0x20,0x20,0x20,
  0x7d,0xa,0x20,0x20,0x20,0x20,0x20,0x20,0x3c,0x2f,0x73,0x74,0x79,0x6c,0x65,0x3e,
  0xa,0x20,0x20,0x3c,0x2f,0x64,0x65,0x66,0x73,0x3e,0xa,0x20,0x3c,0x70,0x61,0x74,
  0x68,0x20,0xa,0x20,0x20,0x20,0x20,0x73,0x74,0x79,0x6c,0x65,0x3d,0x22,0x66,0x69,
  0x6c,0x6c,0x3a,0x63,0x75,0x72,0x72,0x65,0x6e,0x74,0x43,0x6f,0x6c,0x6f,0x72,0x3b,
  0x66,0x69,0x6c,0x6c,0x2d,0x6f,0x70,0x61,0x63,0x69,0x74,0x79,0x3a,0x31,0x3b,0x73,
  0x74,0x72,0x6f,0x6b,0x65,0x3a,0x6e,0x6f,0x6e,0x65,0x22,0x20,0xa,0x20,0x20,0x20,
  0x20,0x64,0x3d,0x22,0x4d,0x20,0x34,0x20,0x33,0x20,0x4c,0x20,0x34,0x20,0x31,0x39,
  0x20,0x4c,0x20,0x39,0x20,0x31,0x39,0x20,0x4c,0x20,0x39,0x20,0x31,0x38,0x20,0x4c,
  0x20,0x35,0x20,0x31,0x38,0x20,0x4c,0x20,0x35,0x20,0x34,0x20,0x4c,0x20,0x31,0x33,
  0x20,0x34,0x20,0x4c,0x20,0x31,0x33,0x20,0x38,0x20,0x4c,0x20,0x31,0x37,0x20,0x38,
  0x20,0x4c,0x20,0x31,0x37,0x20,0x31,0x31,0x20,0x4c,0x20,0x31,0x38,0x20,0x31,0x31,
  0x20,0x4c,0x20,0x31,0x38,0x20,0x37,0x20,0x4c,0x20,0x31,0x34,0x20,0x33,0x20,0x4c,
  0x20,0x31,0x34,0x20,0x33,0x20,0x4c,0x20,0x31,0x34,0x20,0x33,0x20,0x4c,0x20,0x35,
  0x20,0x33,0x20,0x4c,0x20,0x34,0x20,0x33,0x20,0x7a,0x20,0x4d,0x20,0x31,0x30,0x20,
  0x31,0x32,0x20,0x4c,0x20,0x31,0x30,0x20,0x31,0x39,0x20,0x4c,0x20,0x31,0x38,0x20,
  0x31,0x39,0x20,0x4c,0x20,0x31,0x38,0x20,0x31,0x33,0x20,0x4c,0x20,0x31,0x35,0x20,
  0x31,0x33,0x20,0x4c,0x20,0x31,0x34,0x20,0x31,0x32,0x20,0x4c,0x20,0x31,0x34,0x20,
  0x31,0x32,0x20,0x4c,0x20,0x31,0x34,0x20,0x31,0x32,0x20,0x4c,0x20,0x31,0x30,0x20,
  0x31,0x32,0x20,0x7a,0x20,0x4d,0x20,0x31,0x33,0x2e,0x31,0x20,0x31,0x34,0x20,0x4c,
  0x20,0x31,0x37,0x20,0x31,0x34,0x20,0x4c,0x20,0x31,0x37,0x20,0x31,0x38,0x20,0x4c,
  0x20,0x31,0x31,0x20,0x31,0x38,0x20,0x4c,0x20,0x31,0x31,0x20,0x31,0x35,0x20,0x4c,
  0x20,0x31,0x32,0x20,0x31,0x35,0x20,0x4c,0x20,0x31,0x33,0x2e,0x31,0x20,0x31,0x34,
  0x20,0x7a,0x20,0x22,0xa,0x20,0x20,0x20,0x20,0x63,0x6c,0x61,0x73,0x73,0x3d,0x22,
  0x43,0x6f,0x6c,0x6f,0x72,0x53,0x63,0x68,0x65,0x6d,0x65,0x2d,0x54,0x65,0x78,0x74,
  0x22,0xa,0x20,0x20,0x20,0x20,0x2f,0x3e,0x20,0x20,0xa,0x3c,0x2f,0x73,0x76,0x67,
  0x3e,0xa,
    // network-connect.svg
  0x0,0x0,0x2,0x56,
  0x3c,
  0x73,0x76,0x67,0x20,0x78,0x6d,0x6c,0x6e,0x73,0x3d,0x22,0x68,0x74,0x74,0x70,0x3a,
  0x2f,0x2f,0x77,0x77,0x77,0x2e,0x77,0x33,0x2e,0x6f,0x72,0x67,0x2f,0x32,0x30,0x30,
  0x30,0x2f,0x73,0x76,0x67,0x22,0x20,0x76,0x69,0x65,0x77,0x42,0x6f,0x78,0x3d,0x22,
  0x30,0x20,0x30,0x20,0x32,0x32,0x20,0x32,0x32,0x22,0x3e,0xa,0x20,0x20,0x3c,0x64,
  0x65,0x66,0x73,0x20,0x69,0x64,0x3d,0x22,0x64,0x65,0x66,0x73,0x33,0x30,0x35,0x31,
  0x22,0x3e,0xa,0x20,0x20,0x20,0x20,0x3c,0x73,0x74,0x79,0x6c,0x65,0x20,0x74,0x79,
  0x70,0x65,0x3d,0x22,0x74,0x65,0x78,0x74,0x2f,0x63,0x73,0x73,0x22,0x20,0x69,0x64,
  0x3d,0x22,0x63,0x75,0x72,0x72,0x65,0x6e,0x74,0x2d,0x63,0x6f,0x6c,0x6f,0x72,0x2d,
  0x73,0x63,0x68,0x65,0x6d,0x65,0x22,0x3e,0xa,0x20,0x20,0x20,0x20,0x20,0x20,0x2e,
  0x43,0x6f,0x6c,0x6f,0x72,0x53,0x63,0x68,0x65,0x6d,0x65,0x2d,0x54,0x65,0x78,0x74,
  0x20,0x7b,0xa,0x20,0x20,0x20,0x20,0x20,0x20,0x20,0x20,0x63,0x6f,0x6c,0x6f,0x72,
  0x3a,0x23,0x32,0x33,0x32,0x36,0x32,0x39,0x3b,0xa,0x20,0x20,0x20,0x20,0x20,0x20,
  0x7d,0xa,0x20,0x20,0x20,0x20,0x20,0x20,0x3c,0x2f,0x73,0x74,0x79,0x6c,0x65,0x3e,
  0xa,0x20,0x20,0x3c,0x2f,0x64,0x65,0x66,0x73,0x3e,0xa,0x20,0x3c,0x70,0x61,0x74,
  0x68,0x20,0xa,0x20,0x20,0x20,0x20,0x20,0x73,0x74,0x79,0x6c,0x65,0x3d,0x22,0x66,
  0x69,0x6c,0x6c,0x3a,0x63,0x75,0x72,0x72,0x65,0x6e,0x74,0x43,0x6f,0x6c,0x6f,0x72,
  0x3b,0x66,0x69,0x6c,0x6c,0x2d,0x6f,0x70,0x61,0x63,0x69,0x74,0x79,0x3a,0x31,0x3b,
  0x73,0x74,0x72,0x6f,0x6b,0x65,0x3a,0x6e,0x6f,0x6e,0x65,0x22,0x20,0xa,0x20,0x20,
  0x20,0x20,0x20,0x64,0x3d,0x22,0x4d,0x20,0x31,0x38,0x2e,0x32,0x39,0x32,0x39,0x36,
  0x39,0x20,0x33,0x20,0x4c,0x20,0x31,0x34,0x2e,0x37,0x39,0x32,0x39,0x36,0x39,0x20,
  0x36,0x2e,0x35,0x20,0x4c,0x20,0x31,0x33,0x2e,0x32,0x39,0x32,0x39,0x36,0x39,0x20,
  0x35,0x20,0x4c,0x20,0x31,0x31,0x2e,0x32,0x39,0x32,0x39,0x36,0x39,0x20,0x37,0x20,
  0x4c,0x20,0x38,0x20,0x31,0x30,0x2e,0x32,0x39,0x32,0x39,0x36,0x39,0x20,0x4c,0x20,
  0x36,0x20,0x31,0x32,0x2e,0x32,0x39,0x32,0x39,0x36,0x39,0x20,0x4c,0x20,0x37,0x2e,
  0x35,0x20,0x31,0x33,0x2e,0x37,0x39,0x32,0x39,0x36,0x39,0x20,0x4c,0x20,0x33,0x20,
  0x31,0x38,0x2e,0x32,0x39,0x32,0x39,0x36,0x39,0x20,0x4c,0x20,0x33,0x2e,0x37,0x30,
  0x37,0x30,0x33,0x31,0x32,0x20,0x31,0x39,0x20,0x4c,0x20,0x38,0x2e,0x32,0x30,0x37,
  0x30,0x33,0x31,0x32,0x20,0x31,0x34,0x2e,0x35,0x20,0x4c,0x20,0x39,0x2e,0x37,0x30,
  0x37,0x30,0x33,0x31,0x32,0x20,0x31,0x36,0x20,0x4c,0x20,0x31,0x31,0x2e,0x37,0x30,
  0x37,0x30,0x33,0x31,0x20,0x31,0x34,0x20,0x4c,0x20,0x31,0x35,0x20,0x31,0x30,0x2e,
  0x37,0x30,0x37,0x30,0x33,0x31,0x20,0x4c,0x20,0x31,0x37,0x20,0x38,0x2e,0x37,0x30,
  0x37,0x30,0x33,0x31,0x32,0x20,0x4c,0x20,0x31,0x35,0x2e,0x35,0x20,0x37,0x2e,0x32,
  0x30,0x37,0x30,0x33,0x31,0x32,0x20,0x4c,0x20,0x31,0x39,0x20,0x33,0x2e,0x37,0x30,
  0x37,0x30,0x33,0x31,0x32,0x20,0x4c,0x20,0x31,0x38,0x2e,0x32,0x39,0x32,0x39,0x36,
  0x39,0x20,0x33,0x20,0x7a,0x20,0x22,0xa,0x20,0x20,0x20,0x20,0x20,0x63,0x6c,0x61,
  0x73,0x73,0x3d,0x22,0x43,0x6f,0x6c,0x6f,0x72,0x53,0x63,0x68,0x65,0x6d,0x65,0x2d,
  0x54,0x65,0x78,0x74,0x22,0xa,0x20,0x20,0x20,0x20,0x20,0x2f,0x3e,0xa,0x3c,0x2f,
  0x73,0x76,0x67,0x3e,0xa,
    // window-restore-pip.svg
  0x0,0x0,0x2,0x16,
  0x3c,
  0x73,0x76,0x67,0x20,0x76,0x65,0x72,0x73,0x69,0x6f,0x6e,0x3d,0x22,0x31,0x2e,0x31,
  0x22,0x20,0x76,0x69,0x65,0x77,0x42,0x6f,0x78,0x3d,0x22,0x30,0x20,0x30,0x20,0x32,
  0x32,0x20,0x32,0x32,0x22,0x20,0x78,0x6d,0x6c,0x6e,0x73,0x3d,0x22,0x68,0x74,0x74,
  0x70,0x3a,0x2f,0x2f,0x77,0x77,0x77,0x2e,0x77,0x33,0x2e,0x6f,0x72,0x67,0x2f,0x32,
  0x30,0x30,0x30,0x2f,0x73,0x76,0x67,0x22,0x3e,0xa,0x20,0x20,0x20,0x20,0x3c,0x64,
  0x65,0x66,0x73,0x3e,0xa,0x20,0x20,0x20,0x20,0x20,0x20,0x20,0x20,0x3c,0x73,0x74,
  0x79,0x6c,0x65,0x20,0x69,0x64,0x3d,0x22,0x63,0x75,0x72,0x72,0x65,0x6e,0x74,0x2d,
  0x63,0x6f,0x6c,0x6f,0x72,0x2d,0x73,0x63,0x68,0x65,0x6d,0x65,0x22,0x20,0x74,0x79,
  0x70,0x65,0x3d,0x22,0x74,0x65,0x78,0x74,0x2f,0x63,0x73,0x73,0x22,0x3e,0x2e,0x43,
  0x6f,0x6c,0x6f,0x72,0x53,0x63,0x68,0x65,0x6d,0x65,0x2d,0x54,0x65,0x78,0x74,0x20,
  0x7b,0xa,0x20,0x20,0x20,0x20,0x20,0x20,0x20,0x20,0x63,0x6f,0x6c,0x6f,0x72,0x3a,
  0x23,0x32,0x33,0x32,0x36,0x32,0x39,0x3b,0xa,0x20,0x20,0x20,0x20,0x20,0x20,0x7d,
  0x3c,0x2f,0x73,0x74,0x79,0x6c,0x65,0x3e,0xa,0x20,0x20,0x20,0x20,0x3c,0x2f,0x64,
  0x65,0x66,0x73,0x3e,0xa,0x20,0x20,0x20,0x20,0x3c,0x70,0x61,0x74,0x68,0x20,0x63,
  0x6c,0x61,0x73,0x73,0x3d,0x22,0x43,0x6f,0x6c,0x6f,0x72,0x53,0x63,0x68,0x65,0x6d,
  0x65,0x2d,0x54,0x65,0x78,0x74,0x22,0x20,0x64,0x3d,0x22,0x4d,0x20,0x35,0x2c,0x31,
  0x32,0x2e,0x39,0x34,0x39,0x37,0x34,0x37,0x20,0x48,0x20,0x35,0x2e,0x39,0x39,0x39,
  0x38,0x39,0x32,0x20,0x56,0x20,0x39,0x2e,0x37,0x30,0x37,0x20,0x4c,0x20,0x39,0x2e,
  0x30,0x33,0x35,0x34,0x38,0x2c,0x31,0x32,0x2e,0x37,0x34,0x32,0x35,0x38,0x37,0x20,
  0x39,0x2e,0x37,0x34,0x32,0x35,0x38,0x36,0x39,0x2c,0x31,0x32,0x2e,0x30,0x33,0x35,
  0x34,0x38,0x20,0x36,0x2e,0x37,0x30,0x36,0x39,0x39,0x39,0x2c,0x38,0x2e,0x39,0x39,
  0x39,0x38,0x39,0x33,0x20,0x48,0x20,0x39,0x2e,0x39,0x34,0x39,0x37,0x34,0x36,0x39,
  0x20,0x56,0x20,0x38,0x20,0x48,0x20,0x35,0x20,0x76,0x20,0x30,0x2e,0x32,0x39,0x32,
  0x37,0x38,0x37,0x20,0x7a,0x22,0x20,0x66,0x69,0x6c,0x6c,0x3d,0x22,0x63,0x75,0x72,
  0x72,0x65,0x6e,0x74,0x43,0x6f,0x6c,0x6f,0x72,0x22,0x2f,0x3e,0xa,0x20,0x20,0x20,
  0x20,0x3c,0x70,0x61,0x74,0x68,0x20,0x63,0x6c,0x61,0x73,0x73,0x3d,0x22,0x43,0x6f,
  0x6c,0x6f,0x72,0x53,0x63,0x68,0x65,0x6d,0x65,0x2d,0x54,0x65,0x78,0x74,0x22,0x20,
  0x64,0x3d,0x22,0x6d,0x33,0x20,0x33,0x76,0x31,0x36,0x68,0x38,0x76,0x2d,0x31,0x68,
  0x2d,0x37,0x76,0x2d,0x31,0x31,0x68,0x31,0x34,0x76,0x34,0x68,0x31,0x76,0x2d,0x38,
  0x68,0x2d,0x31,0x7a,0x6d,0x39,0x20,0x39,0x76,0x34,0x2d,0x31,0x20,0x35,0x68,0x38,
  0x76,0x2d,0x38,0x68,0x2d,0x33,0x7a,0x6d,0x31,0x20,0x33,0x68,0x36,0x76,0x34,0x68,
  0x2d,0x36,0x76,0x2d,0x35,0x7a,0x22,0x20,0x66,0x69,0x6c,0x6c,0x3d,0x22,0x63,0x75,
  0x72,0x72,0x65,0x6e,0x74,0x43,0x6f,0x6c,0x6f,0x72,0x22,0x2f,0x3e,0xa,0x3c,0x2f,
  0x73,0x76,0x67,0x3e,0xa,
    // network-disconnect.svg
  0x0,0x0,0x4,0x71,
  0x3c,
  0x73,0x76,0x67,0x20,0x78,0x6d,0x6c,0x6e,0x73,0x3d,0x22,0x68,0x74,0x74,0x70,0x3a,
  0x2f,0x2f,0x77,0x77,0x77,0x2e,0x77,0x33,0x2e,0x6f,0x72,0x67,0x2f,0x32,0x30,0x30,
  0x30,0x2f,0x73,0x76,0x67,0x22,0x20,0x76,0x69,0x65,0x77,0x42,0x6f,0x78,0x3d,0x22,
  0x30,0x20,0x30,0x20,0x32,0x32,0x20,0x32,0x32,0x22,0x3e,0xa,0x20,0x20,0x3c,0x64,
  0x65,0x66,0x73,0x20,0x69,0x64,0x3d,0x22,0x64,0x65,0x66,0x73,0x33,0x30,0x35,0x31,
  0x22,0x3e,0xa,0x20,0x20,0x20,0x20,0x3c,0x73,0x74,0x79,0x6c,0x65,0x20,0x74,0x79,
  0x70,0x65,0x3d,0x22,0x74,0x65,0x78,0x74,0x2f,0x63,0x73,0x73,0x22,0x20,0x69,0x64,
  0x3d,0x22,0x63,0x75,0x72,0x72,0x65,0x6e,0x74,0x2d,0x63,0x6f,0x6c,0x6f,0x72,0x2d,
  0x73,0x63,0x68,0x65,0x6d,0x65,0x22,0x3e,0xa,0x20,0x20,0x20,0x20,0x20,0x20,0x2e,
  0x43,0x6f,0x6c,0x6f,0x72,0x53,0x63,0x68,0x65,0x6d,0x65,0x2d,0x54,0x65,0x78,0x74,
  0x20,0x7b,0xa,0x20,0x20,0x20,0x20,0x20,0x20,0x20,0x20,0x63,0x6f,0x6c,0x6f,0x72,
  0x3a,0x23,0x32,0x33,0x32,0x36,0x32,0x39,0x3b,0xa,0x20,0x20,0x20,0x20,0x20,0x20,
  0x7d,0xa,0x20,0x20,0x20,0x20,0x20,0x20,0x2e,0x43,0x6f,0x6c,0x6f,0x72,0x53,0x63,
  0x68,0x65,0x6d,0x65,0x2d,0x4e,0x65,0x67,0x61,0x74,0x69,0x76,0x65,0x54,0x65,0x78,
  0x74,0x20,0x7b,0xa,0x20,0x20,0x20,0x20,0x20,0x20,0x20,0x20,0x63,0x6f,0x6c,0x6f,
  0x72,0x3a,0x23,0x64,0x61,0x34,0x34,0x35,0x33,0x3b,0xa,0x20,0x20,0x20,0x20,0x20,
  0x20,0x7d,0xa,0x20,0x20,0x20,0x20,0x20,0x20,0x3c,0x2f,0x73,0x74,0x79,0x6c,0x65,
  0x3e,0xa,0x20,0x20,0x3c,0x2f,0x64,0x65,0x66,0x73,0x3e,0xa,0x20,0x3c,0x70,0x61,
  0x74,0x68,0x20,0xa,0x20,0x20,0x20,0x20,0x20,0x73,0x74,0x79,0x6c,0x65,0x3d,0x22,
  0x66,0x69,0x6c,0x6c,0x3a,0x63,0x75,0x72,0x72,0x65,0x6e,0x74,0x43,0x6f,0x6c,0x6f,
  0x72,0x3b,0x66,0x69,0x6c,0x6c,0x2d,0x6f,0x70,0x61,0x63,0x69,0x74,0x79,0x3a,0x31,
  0x3b,0x73,0x74,0x72,0x6f,0x6b,0x65,0x3a,0x6e,0x6f,0x6e,0x65,0x22,0x20,0xa,0x20,
  0x20,0x20,0x20,0x20,0x64,0x3d,0x22,0x4d,0x20,0x31,0x38,0x2e,0x32,0x39,0x32,0x39,
  0x36,0x39,0x20,0x33,0x20,0x4c,0x20,0x31,0x34,0x2e,0x37,0x39,0x32,0x39,0x36,0x39,
  0x20,0x36,0x2e,0x35,0x20,0x4c,0x20,0x31,0x33,0x2e,0x32,0x39,0x32,0x39,0x36,0x39,
  0x20,0x35,0x20,0x4c,0x20,0x31,0x31,0x2e,0x32,0x39,0x32,0x39,0x36,0x39,0x20,0x37,
  0x20,0x4c,0x20,0x39,0x2e,0x35,0x20,0x38,0x2e,0x37,0x39,0x32,0x39,0x36,0x38,0x38,
  0x20,0x4c,0x20,0x31,0x31,0x20,0x31,0x30,0x2e,0x32,0x39,0x32,0x39,0x36,0x39,0x20,
  0x4c,0x20,0x31,0x31,0x2e,0x37,0x30,0x37,0x30,0x33,0x31,0x20,0x31,0x31,0x20,0x4c,
  0x20,0x31,0x33,0x2e,0x32,0x30,0x37,0x30,0x33,0x31,0x20,0x31,0x32,0x2e,0x35,0x20,
  0x4c,0x20,0x31,0x35,0x20,0x31,0x30,0x2e,0x37,0x30,0x37,0x30,0x33,0x31,0x20,0x4c,
  0x20,0x31,0x37,0x20,0x38,0x2e,0x37,0x30,0x37,0x30,0x33,0x31,0x32,0x20,0x4c,0x20,
  0x31,0x35,0x2e,0x35,0x20,0x37,0x2e,0x32,0x30,0x37,0x30,0x33,0x31,0x32,0x20,0x4c,
  0x20,0x31,0x39,0x20,0x33,0x2e,0x37,0x30,0x37,0x30,0x33,0x31,0x32,0x20,0x4c,0x20,
  0x31,0x38,0x2e,0x32,0x39,0x32,0x39,0x36,0x39,0x20,0x33,0x20,0x7a,0x20,0x4d,0x20,
  0x38,0x2e,0x37,0x39,0x32,0x39,0x36,0x38,0x38,0x20,0x39,0x2e,0x35,0x20,0x4c,0x20,
  0x38,0x20,0x31,0x30,0x2e,0x32,0x39,0x32,0x39,0x36,0x39,0x20,0x4c,0x20,0x36,0x20,
  0x31,0x32,0x2e,0x32,0x39,0x32,0x39,0x36,0x39,0x20,0x4c,0x20,0x37,0x2e,0x35,0x20,
  0x31,0x33,0x2e,0x37,0x39,0x32,0x39,0x36,0x39,0x20,0x4c,0x20,0x33,0x20,0x31,0x38,
  0x2e,0x32,0x39,0x32,0x39,0x36,0x39,0x20,0x4c,0x20,0x33,0x2e,0x37,0x30,0x37,0x30,
  0x33,0x31,0x32,0x20,0x31,0x39,0x20,0x4c,0x20,0x38,0x2e,0x32,0x30,0x37,0x30,0x33,
  0x31,0x32,0x20,0x31,0x34,0x2e,0x35,0x20,0x4c,0x20,0x39,0x2e,0x37,0x30,0x37,0x30,
  0x33,0x31,0x32,0x20,0x31,0x36,0x20,0x4c,0x20,0x31,0x31,0x2e,0x37,0x30,0x37,0x30,
  0x33,0x31,0x20,0x31,0x34,0x20,0x4c,0x20,0x31,0x32,0x2e,0x35,0x20,0x31,0x33,0x2e,
  0x32,0x30,0x37,0x30,0x33,0x31,0x20,0x4c,0x20,0x31,0x31,0x20,0x31,0x31,0x2e,0x37,
  0x30,0x37,0x30,0x33,0x31,0x20,0x4c,0x20,0x31,0x30,0x2e,0x32,0x39,0x32,0x39,0x36,
  0x39,0x20,0x31,0x31,0x20,0x4c,0x20,0x38,0x2e,0x37,0x39,0x32,0x39,0x36,0x38,0x38,
  0x20,0x39,0x2e,0x35,0x20,0x7a,0x20,0x22,0xa,0x20,0x20,0x20,0x20,0x20,0x63,0x6c,
  0x61,0x73,0x73,0x3d,0x22,0x43,0x6f,0x6c,0x6f,0x72,0x53,0x63,0x68,0x65,0x6d,0x65,
  0x2d,0x54,0x65,0x78,0x74,0x22,0xa,0x20,0x20,0x20,0x20,0x20,0x2f,0x3e,0xa,0x20,
  0x20,0x20,0x20,0x3c,0x70,0x61,0x74,0x68,0xa,0x20,0x20,0x20,0x20,0x20,0x73,0x74,
  0x79,0x6c,0x65,0x3d,0x22,0x66,0x69,0x6c,0x6c,0x3a,0x63,0x75,0x72,0x72,0x65,0x6e,
  0x74,0x43,0x6f,0x6c,0x6f,0x72,0x3b,0x66,0x69,0x6c,0x6c,0x2d,0x6f,0x70,0x61,0x63,
  0x69,0x74,0x79,0x3a,0x31,0x3b,0x73,0x74,0x72,0x6f,0x6b,0x65,0x3a,0x6e,0x6f,0x6e,
  0x65,0x22,0x20,0xa,0x20,0x20,0x20,0x20,0x20,0x64,0x3d,0x22,0x4d,0x20,0x31,0x34,
  0x2e,0x38,0x33,0x33,0x39,0x38,0x34,0x20,0x31,0x34,0x20,0x4c,0x20,0x31,0x34,0x20,
  0x31,0x34,0x2e,0x38,0x33,0x33,0x39,0x38,0x34,0x20,0x4c,0x20,0x31,0x35,0x2e,0x36,
  0x36,0x36,0x30,0x31,0x36,0x20,0x31,0x36,0x2e,0x35,0x20,0x4c,0x20,0x31,0x34,0x20,
  0x31,0x38,0x2e,0x31,0x36,0x36,0x30,0x31,0x36,0x20,0x4c,0x20,0x31,0x34,0x2e,0x38,
  0x33,0x33,0x39,0x38,0x34,0x20,0x31,0x39,0x20,0x4c,0x20,0x31,0x36,0x2e,0x35,0x20,
  0x31,0x37,0x2e,0x33,0x33,0x33,0x39,0x38,0x34,0x20,0x4c,0x20,0x31,0x38,0x2e,0x31,
  0x36,0x36,0x30,0x31,0x36,0x20,0x31,0x39,0x20,0x4c,0x20,0x31,0x39,0x20,0x31,0x38,
  0x2e,0x31,0x36,0x36,0x30,0x31,0x36,0x20,0x4c,0x20,0x31,0x37,0x2e,0x33,0x33,0x33,
  0x39,0x38,0x34,0x20,0x31,0x36,0x2e,0x35,0x20,0x4c,0x20,0x31,0x39,0x20,0x31,0x34,
  0x2e,0x38,0x33,0x33,0x39,0x38,0x34,0x20,0x4c,0x20,0x31,0x38,0x2e,0x31,0x36,0x36,
  0x30,0x31,0x36,0x20,0x31,0x34,0x20,0x4c,0x20,0x31,0x36,0x2e,0x35,0x20,0x31,0x35,
  0x2e,0x36,0x36,0x36,0x30,0x31,0x36,0x20,0x4c,0x20,0x31,0x34,0x2e,0x38,0x33,0x33,
  0x39,0x38,0x34,0x20,0x31,0x34,0x20,0x7a,0x20,0x22,0xa,0x20,0x20,0x20,0x20,0x20,
  0x63,0x6c,0x61,0x73,0x73,0x3d,0x22,0x43,0x6f,0x6c,0x6f,0x72,0x53,0x63,0x68,0x65,
  0x6d,0x65,0x2d,0x4e,0x65,0x67,0x61,0x74,0x69,0x76,0x65,0x54,0x65,0x78,0x74,0x22,
  0xa,0x20,0x20,0x20,0x20,0x20,0x2f,0x3e,0xa,0x3c,0x2f,0x73,0x76,0x67,0x3e,0xa,
  
    // tools-report-bug.svg
  0x0,0x0,0x3,0xd6,
  0x3c,
  0x73,0x76,0x67,0x20,0x78,0x6d,0x6c,0x6e,0x73,0x3d,0x22,0x68,0x74,0x74,0x70,0x3a,
  0x2f,0x2f,0x77,0x77,0x77,0x2e,0x77,0x33,0x2e,0x6f,0x72,0x67,0x2f,0x32,0x30,0x30,
  0x30,0x2f,0x73,0x76,0x67,0x22,0x20,0x76,0x69,0x65,0x77,0x42,0x6f,0x78,0x3d,0x22,
  0x30,0x20,0x30,0x20,0x32,0x32,0x20,0x32,0x32,0x22,0x3e,0xa,0x20,0x20,0x3c,0x64,
  0x65,0x66,0x73,0x20,0x69,0x64,0x3d,0x22,0x64,0x65,0x66,0x73,0x33,0x30,0x35,0x31,
  0x22,0x3e,0xa,0x20,0x20,0x20,0x20,0x3c,0x73,0x74,0x79,0x6c,0x65,0x20,0x74,0x79,
  0x70,0x65,0x3d,0x22,0x74,0x65,0x78,0x74,0x2f,0x63,0x73,0x73,0x22,0x20,0x69,0x64,
  0x3d,0x22,0x63,0x75,0x72,0x72,0x65,0x6e,0x74,0x2d,0x63,0x6f,0x6c,0x6f,0x72,0x2d,
  0x73,0x63,0x68,0x65,0x6d,0x65,0x22,0x3e,0xa,0x20,0x20,0x20,0x20,0x20,0x20,0x2e,
  0x43,0x6f,0x6c,0x6f,0x72,0x53,0x63,0x68,0x65,0x6d,0x65,0x2d,0x54,0x65,0x78,0x74,
  0x20,0x7b,0xa,0x20,0x20,0x20,0x20,0x20,0x20,0x20,0x20,0x63,0x6f,0x6c,0x6f,0x72,
  0x3a,0x23,0x32,0x33,0x32,0x36,0x32,0x39,0x3b,0xa,0x20,0x20,0x20,0x20,0x20,0x20,
  0x7d,0xa,0x20,0x20,0x20,0x20,0x20,0x20,0x3c,0x2f,0x73,0x74,0x79,0x6c,0x65,0x3e,
  0xa,0x20,0x20,0x3c,0x2f,0x64,0x65,0x66,0x73,0x3e,0xa,0x20,0x3c,0x70,0x61,0x74,
  0x68,0x20,0xa,0x20,0x20,0x20,0x20,0x73,0x74,0x79,0x6c,0x65,0x3d,0x22,0x66,0x69,
  0x6c,0x6c,0x3a,0x63,0x75,0x72,0x72,0x65,0x6e,0x74,0x43,0x6f,0x6c,0x6f,0x72,0x3b,
  0x66,0x69,0x6c,0x6c,0x2d,0x6f,0x70,0x61,0x63,0x69,0x74,0x79,0x3a,0x31,0x3b,0x73,
  0x74,0x72,0x6f,0x6b,0x65,0x3a,0x6e,0x6f,0x6e,0x65,0x22,0x20,0xa,0x20,0x20,0x20,
  0x20,0x64,0x3d,0x22,0x4d,0x20,0x33,0x20,0x33,0x20,0x4c,0x20,0x33,0x20,0x31,0x39,
  0x20,0x4c,0x20,0x34,0x20,0x31,0x39,0x20,0x4c,0x20,0x31,0x39,0x20,0x31,0x39,0x20,
  0x4c,0x20,0x31,0x39,0x20,0x31,0x38,0x20,0x4c,0x20,0x31,0x39,0x20,0x33,0x20,0x4c,
  0x20,0x31,0x38,0x20,0x33,0x20,0x4c,0x20,0x34,0x20,0x33,0x20,0x4c,0x20,0x33,0x20,
  0x33,0x20,0x7a,0x20,0x4d,0x20,0x34,0x20,0x34,0x20,0x4c,0x20,0x31,0x38,0x20,0x34,
  0x20,0x4c,0x20,0x31,0x38,0x20,0x31,0x38,0x20,0x4c,0x20,0x34,0x20,0x31,0x38,0x20,
  0x4c,0x20,0x34,0x20,0x34,0x20,0x7a,0x20,0x4d,0x20,0x35,0x20,0x35,0x20,0x4c,0x20,
  0x35,0x20,0x36,0x20,0x4c,0x20,0x36,0x20,0x36,0x20,0x4c,0x20,0x36,0x20,0x35,0x20,
  0x4c,0x20,0x35,0x20,0x35,0x20,0x7a,0x20,0x4d,0x20,0x36,0x20,0x36,0x20,0x4c,0x20,
  0x36,0x20,0x38,0x20,0x4c,0x20,0x38,0x20,0x38,0x20,0x4c,0x20,0x38,0x20,0x36,0x20,
  0x4c,0x20,0x36,0x20,0x36,0x20,0x7a,0x20,0x4d,0x20,0x38,0x20,0x36,0x20,0x4c,0x20,
  0x39,0x20,0x36,0x20,0x4c,0x20,0x39,0x20,0x35,0x20,0x4c,0x20,0x38,0x20,0x35,0x20,
  0x4c,0x20,0x38,0x20,0x36,0x20,0x7a,0x20,0x4d,0x20,0x38,0x20,0x38,0x20,0x4c,0x20,
  0x38,0x20,0x39,0x20,0x4c,0x20,0x39,0x20,0x39,0x20,0x4c,0x20,0x39,0x20,0x38,0x20,
  0x4c,0x20,0x38,0x20,0x38,0x20,0x7a,0x20,0x4d,0x20,0x36,0x20,0x38,0x20,0x4c,0x20,
  0x35,0x20,0x38,0x20,0x4c,0x20,0x35,0x20,0x39,0x20,0x4c,0x20,0x36,0x20,0x39,0x20,
  0x4c,0x20,0x36,0x20,0x38,0x20,0x7a,0x20,0x4d,0x20,0x31,0x33,0x20,0x35,0x20,0x4c,
  0x20,0x31,0x33,0x20,0x36,0x20,0x4c,0x20,0x31,0x34,0x20,0x36,0x20,0x4c,0x20,0x31,
  0x34,0x20,0x35,0x20,0x4c,0x20,0x31,0x33,0x20,0x35,0x20,0x7a,0x20,0x4d,0x20,0x31,
  0x34,0x20,0x36,0x20,0x4c,0x20,0x31,0x34,0x20,0x38,0x20,0x4c,0x20,0x31,0x36,0x20,
  0x38,0x20,0x4c,0x20,0x31,0x36,0x20,0x36,0x20,0x4c,0x20,0x31,0x34,0x20,0x36,0x20,
  0x7a,0x20,0x4d,0x20,0x31,0x36,0x20,0x36,0x20,0x4c,0x20,0x31,0x37,0x20,0x36,0x20,
  0x4c,0x20,0x31,0x37,0x20,0x35,0x20,0x4c,0x20,0x31,0x36,0x20,0x35,0x20,0x4c,0x20,
  0x31,0x36,0x20,0x36,0x20,0x7a,0x20,0x4d,0x20,0x31,0x36,0x20,0x38,0x20,0x4c,0x20,
  0x31,0x36,0x20,0x39,0x20,0x4c,0x20,0x31,0x37,0x20,0x39,0x20,0x4c,0x20,0x31,0x37,
  0x20,0x38,0x20,0x4c,0x20,0x31,0x36,0x20,0x38,0x20,0x7a,0x20,0x4d,0x20,0x31,0x34,
  0x20,0x38,0x20,0x4c,0x20,0x31,0x33,0x20,0x38,0x20,0x4c,0x20,0x31,0x33,0x20,0x39,
  0x20,0x4c,0x20,0x31,0x34,0x20,0x39,0x20,0x4c,0x20,0x31,0x34,0x20,0x38,0x20,0x7a,
  0x20,0x4d,0x20,0x39,0x20,0x31,0x31,0x20,0x4c,0x20,0x39,0x20,0x31,0x33,0x20,0x4c,
  0x20,0x31,0x33,0x20,0x31,0x33,0x20,0x4c,0x20,0x31,0x33,0x20,0x31,0x31,0x20,0x4c,
  0x20,0x39,0x20,0x31,0x31,0x20,0x7a,0x20,0x4d,0x20,0x31,0x33,0x20,0x31,0x33,0x20,
  0x4c,0x20,0x31,0x33,0x20,0x31,0x35,0x20,0x4c,0x20,0x31,0x35,0x20,0x31,0x35,0x20,
  0x4c,0x20,0x31,0x35,0x20,0x31,0x33,0x20,0x4c,0x20,0x31,0x33,0x20,0x31,0x33,0x20,
  0x7a,0x20,0x4d,0x20,0x31,0x35,0x20,0x31,0x35,0x20,0x4c,0x20,0x31,0x35,0x20,0x31,
  0x37,0x20,0x4c,0x20,0x31,0x37,0x20,0x31,0x37,0x20,0x4c,0x20,0x31,0x37,0x20,0x31,
  0x35,0x20,0x4c,0x20,0x31,0x35,0x20,0x31,0x35,0x20,0x7a,0x20,0x4d,0x20,0x39,0x20,
  0x31,0x33,0x20,0x4c,0x20,0x37,0x20,0x31,0x33,0x20,0x4c,0x20,0x37,0x20,0x31,0x35,
  0x20,0x4c,0x20,0x39,0x20,0x31,0x35,0x20,0x4c,0x20,0x39,0x20,0x31,0x33,0x20,0x7a,
  0x20,0x4d,0x20,0x37,0x20,0x31,0x35,0x20,0x4c,0x20,0x35,0x20,0x31,0x35,0x20,0x4c,
  0x20,0x35,0x20,0x31,0x37,0x20,0x4c,0x20,0x37,0x20,0x31,0x37,0x20,0x4c,0x20,0x37,
  0x20,0x31,0x35,0x20,0x7a,0x20,0x22,0xa,0x20,0x20,0x20,0x20,0x63,0x6c,0x61,0x73,
  0x73,0x3d,0x22,0x43,0x6f,0x6c,0x6f,0x72,0x53,0x63,0x68,0x65,0x6d,0x65,0x2d,0x54,
  0x65,0x78,0x74,0x22,0xa,0x20,0x20,0x20,0x20,0x2f,0x3e,0x20,0x20,0xa,0x3c,0x2f,
  0x73,0x76,0x67,0x3e,0xa,
    // go-down.svg
  0x0,0x0,0x1,0xe8,
  0x3c,
  0x73,0x76,0x67,0x20,0x78,0x6d,0x6c,0x6e,0x73,0x3d,0x22,0x68,0x74,0x74,0x70,0x3a,
  0x2f,0x2f,0x77,0x77,0x77,0x2e,0x77,0x33,0x2e,0x6f,0x72,0x67,0x2f,0x32,0x30,0x30,
  0x30,0x2f,0x73,0x76,0x67,0x22,0x20,0x76,0x69,0x65,0x77,0x42,0x6f,0x78,0x3d,0x22,
  0x30,0x20,0x30,0x20,0x32,0x32,0x20,0x32,0x32,0x22,0x3e,0xa,0x20,0x20,0x3c,0x64,
  0x65,0x66,0x73,0x20,0x69,0x64,0x3d,0x22,0x64,0x65,0x66,0x73,0x33,0x30,0x35,0x31,
  0x22,0x3e,0xa,0x20,0x20,0x20,0x20,0x3c,0x73,0x74,0x79,0x6c,0x65,0x20,0x74,0x79,
  0x70,0x65,0x3d,0x22,0x74,0x65,0x78,0x74,0x2f,0x63,0x73,0x73,0x22,0x20,0x69,0x64,
  0x3d,0x22,0x63,0x75,0x72,0x72,0x65,0x6e,0x74,0x2d,0x63,0x6f,0x6c,0x6f,0x72,0x2d,
  0x73,0x63,0x68,0x65,0x6d,0x65,0x22,0x3e,0xa,0x20,0x20,0x20,0x20,0x20,0x20,0x2e,
  0x43,0x6f,0x6c,0x6f,0x72,0x53,0x63,0x68,0x65,0x6d,0x65,0x2d,0x54,0x65,0x78,0x74,
  0x20,0x7b,0xa,0x20,0x20,0x20,0x20,0x20,0x20,0x20,0x20,0x63,0x6f,0x6c,0x6f,0x72,
  0x3a,0x23,0x32,0x33,0x32,0x36,0x32,0x39,0x3b,0xa,0x20,0x20,0x20,0x20,0x20,0x20,
  0x7d,0xa,0x20,0x20,0x20,0x20,0x20,0x20,0x3c,0x2f,0x73,0x74,0x79,0x6c,0x65,0x3e,
  0xa,0x20,0x20,0x3c,0x2f,0x64,0x65,0x66,0x73,0x3e,0xa,0x20,0x3c,0x70,0x61,0x74,
  0x68,0x20,0xa,0x20,0x20,0x20,0x20,0x73,0x74,0x79,0x6c,0x65,0x3d,0x22,0x66,0x69,
  0x6c,0x6c,0x3a,0x63,0x75,0x72,0x72,0x65,0x6e,0x74,0x43,0x6f,0x6c,0x6f,0x72,0x3b,
  0x66,0x69,0x6c,0x6c,0x2d,0x6f,0x70,0x61,0x63,0x69,0x74,0x79,0x3a,0x31,0x3b,0x73,
  0x74,0x72,0x6f,0x6b,0x65,0x3a,0x6e,0x6f,0x6e,0x65,0x22,0x20,0xa,0x9,0x64,0x3d,
  0x22,0x6d,0x33,0x2e,0x37,0x30,0x37,0x30,0x33,0x31,0x20,0x37,0x6c,0x2d,0x2e,0x37,
  0x30,0x37,0x30,0x33,0x31,0x2e,0x37,0x30,0x37,0x30,0x33,0x31,0x20,0x36,0x2e,0x31,
  0x32,0x35,0x20,0x36,0x2e,0x31,0x32,0x35,0x20,0x31,0x2e,0x38,0x37,0x35,0x20,0x31,
  0x2e,0x38,0x37,0x35,0x20,0x31,0x2e,0x38,0x37,0x35,0x2d,0x31,0x2e,0x38,0x37,0x35,
  0x20,0x36,0x2e,0x31,0x32,0x35,0x2d,0x36,0x2e,0x31,0x32,0x35,0x2d,0x2e,0x37,0x30,
  0x37,0x30,0x33,0x31,0x2d,0x2e,0x37,0x30,0x37,0x30,0x33,0x31,0x2d,0x36,0x2e,0x31,
  0x32,0x35,0x20,0x36,0x2e,0x31,0x32,0x35,0x2d,0x31,0x2e,0x31,0x36,0x37,0x39,0x36,
  0x39,0x20,0x31,0x2e,0x31,0x36,0x37,0x39,0x36,0x39,0x2d,0x31,0x2e,0x31,0x36,0x37,
  0x39,0x36,0x39,0x2d,0x31,0x2e,0x31,0x36,0x37,0x39,0x36,0x39,0x2d,0x36,0x2e,0x31,
  0x32,0x35,0x2d,0x36,0x2e,0x31,0x32,0x35,0x22,0xa,0x20,0x20,0x20,0x20,0x63,0x6c,
  0x61,0x73,0x73,0x3d,0x22,0x43,0x6f,0x6c,0x6f,0x72,0x53,0x63,0x68,0x65,0x6d,0x65,
  0x2d,0x54,0x65,0x78,0x74,0x22,0xa,0x20,0x20,0x20,0x20,0x2f,0x3e,0x20,0x20,0xa,
  0x3c,0x2f,0x73,0x76,0x67,0x3e,0xa,
    // window-minimize-pip.svg
  0x0,0x0,0x2,0x2a,
  0x3c,
  0x73,0x76,0x67,0x20,0x76,0x65,0x72,0x73,0x69,0x6f,0x6e,0x3d,0x22,0x31,0x2e,0x31,
  0x22,0x20,0x76,0x69,0x65,0x77,0x42,0x6f,0x78,0x3d,0x22,0x30,0x20,0x30,0x20,0x32,
  0x32,0x20,0x32,0x32,0x22,0x20,0x78,0x6d,0x6c,0x6e,0x73,0x3d,0x22,0x68,0x74,0x74,
  0x70,0x3a,0x2f,0x2f,0x77,0x77,0x77,0x2e,0x77,0x33,0x2e,0x6f,0x72,0x67,0x2f,0x32,
  0x30,0x30,0x30,0x2f,0x73,0x76,0x67,0x22,0x3e,0xa,0x20,0x20,0x20,0x20,0x3c,0x64,
  0x65,0x66,0x73,0x3e,0xa,0x20,0x20,0x20,0x20,0x20,0x20,0x20,0x20,0x3c,0x73,0x74,
  0x79,0x6c,0x65,0x20,0x69,0x64,0x3d,0x22,0x63,0x75,0x72,0x72,0x65,0x6e,0x74,0x2d,
  0x63,0x6f,0x6c,0x6f,0x72,0x2d,0x73,0x63,0x68,0x65,0x6d,0x65,0x22,0x20,0x74,0x79,
  0x70,0x65,0x3d,0x22,0x74,0x65,0x78,0x74,0x2f,0x63,0x73,0x73,0x22,0x3e,0x2e,0x43,
  0x6f,0x6c,0x6f,0x72,0x53,0x63,0x68,0x65,0x6d,0x65,0x2d,0x54,0x65,0x78,0x74,0x20,
  0x7b,0xa,0x20,0x20,0x20,0x20,0x20,0x20,0x20,0x20,0x63,0x6f,0x6c,0x6f,0x72,0x3a,
  0x23,0x32,0x33,0x32,0x36,0x32,0x39,0x3b,0xa,0x20,0x20,0x20,0x20,0x20,0x20,0x7d,
  0x3c,0x2f,0x73,0x74,0x79,0x6c,0x65,0x3e,0xa,0x20,0x20,0x20,0x20,0x3c,0x2f,0x64,
  0x65,0x66,0x73,0x3e,0xa,0x20,0x20,0x20,0x20,0x3c,0x70,0x61,0x74,0x68,0x20,0x63,
  0x6c,0x61,0x73,0x73,0x3d,0x22,0x43,0x6f,0x6c,0x6f,0x72,0x53,0x63,0x68,0x65,0x6d,
  0x65,0x2d,0x54,0x65,0x78,0x74,0x22,0x20,0x64,0x3d,0x22,0x6d,0x39,0x2e,0x39,0x33,
  0x39,0x30,0x37,0x20,0x38,0x2e,0x30,0x37,0x31,0x38,0x30,0x32,0x36,0x2d,0x30,0x2e,
  0x39,0x39,0x39,0x38,0x39,0x32,0x20,0x32,0x65,0x2d,0x37,0x76,0x33,0x2e,0x32,0x34,
  0x32,0x37,0x34,0x37,0x32,0x6c,0x2d,0x33,0x2e,0x30,0x33,0x35,0x35,0x38,0x37,0x35,
  0x2d,0x33,0x2e,0x30,0x33,0x35,0x35,0x38,0x37,0x2d,0x30,0x2e,0x37,0x30,0x37,0x31,
  0x30,0x37,0x20,0x30,0x2e,0x37,0x30,0x37,0x31,0x30,0x36,0x38,0x20,0x33,0x2e,0x30,
  0x33,0x35,0x35,0x38,0x37,0x35,0x20,0x33,0x2e,0x30,0x33,0x35,0x35,0x38,0x37,0x32,
  0x68,0x2d,0x33,0x2e,0x32,0x34,0x32,0x37,0x34,0x37,0x35,0x76,0x30,0x2e,0x39,0x39,
  0x39,0x38,0x39,0x33,0x68,0x34,0x2e,0x39,0x34,0x39,0x37,0x34,0x36,0x35,0x76,0x2d,
  0x30,0x2e,0x32,0x39,0x32,0x37,0x38,0x37,0x7a,0x22,0x20,0x66,0x69,0x6c,0x6c,0x3d,
  0x22,0x63,0x75,0x72,0x72,0x65,0x6e,0x74,0x43,0x6f,0x6c,0x6f,0x72,0x22,0x2f,0x3e,
  0xa,0x20,0x20,0x20,0x20,0x3c,0x70,0x61,0x74,0x68,0x20,0x63,0x6c,0x61,0x73,0x73,
  0x3d,0x22,0x43,0x6f,0x6c,0x6f,0x72,0x53,0x63,0x68,0x65,0x6d,0x65,0x2d,0x54,0x65,
  0x78,0x74,0x22,0x20,0x64,0x3d,0x22,0x6d,0x33,0x20,0x33,0x76,0x31,0x36,0x68,0x38,
  0x76,0x2d,0x31,0x68,0x2d,0x37,0x76,0x2d,0x31,0x31,0x68,0x31,0x34,0x76,0x34,0x68,
  0x31,0x76,0x2d,0x38,0x68,0x2d,0x31,0x7a,0x6d,0x39,0x20,0x39,0x76,0x34,0x2d,0x31,
  0x20,0x35,0x68,0x38,0x76,0x2d,0x38,0x68,0x2d,0x33,0x7a,0x6d,0x31,0x20,0x33,0x68,
  0x36,0x76,0x34,0x68,0x2d,0x36,0x76,0x2d,0x35,0x7a,0x22,0x20,0x66,0x69,0x6c,0x6c,
  0x3d,0x22,0x63,0x75,0x72,0x72,0x65,0x6e,0x74,0x43,0x6f,0x6c,0x6f,0x72,0x22,0x2f,
  0x3e,0xa,0x3c,0x2f,0x73,0x76,0x67,0x3e,0xa,
    // edit-clear-all.svg
  0x0,0x0,0x4,0x9e,
  0x3c,
  0x73,0x76,0x67,0x20,0x78,0x6d,0x6c,0x6e,0x73,0x3d,0x22,0x68,0x74,0x74,0x70,0x3a,
  0x2f,0x2f,0x77,0x77,0x77,0x2e,0x77,0x33,0x2e,0x6f,0x72,0x67,0x2f,0x32,0x30,0x30,
  0x30,0x2f,0x73,0x76,0x67,0x22,0x20,0x76,0x69,0x65,0x77,0x42,0x6f,0x78,0x3d,0x22,
  0x30,0x20,0x30,0x20,0x32,0x32,0x20,0x32,0x32,0x22,0x3e,0xa,0x20,0x20,0x3c,0x64,
  0x65,0x66,0x73,0x20,0x69,0x64,0x3d,0x22,0x64,0x65,0x66,0x73,0x33,0x30,0x35,0x31,
  0x22,0x3e,0xa,0x20,0x20,0x20,0x20,0x3c,0x73,0x74,0x79,0x6c,0x65,0x20,0x74,0x79,
  0x70,0x65,0x3d,0x22,0x74,0x65,0x78,0x74,0x2f,0x63,0x73,0x73,0x22,0x20,0x69,0x64,
  0x3d,0x22,0x63,0x75,0x72,0x72,0x65,0x6e,0x74,0x2d,0x63,0x6f,0x6c,0x6f,0x72,0x2d,
  0x73,0x63,0x68,0x65,0x6d,0x65,0x22,0x3e,0xa,0x20,0x20,0x20,0x20,0x20,0x20,0x2e,
  0x43,0x6f,0x6c,0x6f,0x72,0x53,0x63,0x68,0x65,0x6d,0x65,0x2d,0x54,0x65,0x78,0x74,
  0x20,0x7b,0xa,0x20,0x20,0x20,0x20,0x20,0x20,0x20,0x20,0x63,0x6f,0x6c,0x6f,0x72,
  0x3a,0x23,0x32,0x33,0x32,0x36,0x32,0x39,0x3b,0xa,0x20,0x20,0x20,0x20,0x20,0x20,
  0x7d,0xa,0x20,0x20,0x20,0x20,0x20,0x20,0x3c,0x2f,0x73,0x74,0x79,0x6c,0x65,0x3e,
  0xa,0x20,0x20,0x3c,0x2f,0x64,0x65,0x66,0x73,0x3e,0xa,0x20,0x3c,0x70,0x61,0x74,
  0x68,0x20,0xa,0x20,0x20,0x20,0x20,0x20,0x73,0x74,0x79,0x6c,0x65,0x3d,0x22,0x66,
  0x69,0x6c,0x6c,0x3a,0x63,0x75,0x72,0x72,0x65,0x6e,0x74,0x43,0x6f,0x6c,0x6f,0x72,
  0x3b,0x66,0x69,0x6c,0x6c,0x2d,0x6f,0x70,0x61,0x63,0x69,0x74,0x79,0x3a,0x31,0x3b,
  0x73,0x74,0x72,0x6f,0x6b,0x65,0x3a,0x6e,0x6f,0x6e,0x65,0x22,0x20,0xa,0x20,0x20,
  0x20,0x20,0x20,0x64,0x3d,0x22,0x4d,0x20,0x31,0x37,0x2e,0x35,0x36,0x34,0x34,0x35,
  0x33,0x20,0x32,0x2e,0x37,0x35,0x35,0x38,0x35,0x39,0x34,0x20,0x4c,0x20,0x31,0x34,
  0x2e,0x32,0x39,0x38,0x38,0x32,0x38,0x20,0x38,0x2e,0x35,0x37,0x34,0x32,0x31,0x38,
  0x38,0x20,0x4c,0x20,0x31,0x31,0x2e,0x38,0x38,0x32,0x38,0x31,0x32,0x20,0x37,0x2e,
  0x31,0x33,0x38,0x36,0x37,0x31,0x39,0x20,0x4c,0x20,0x31,0x30,0x2e,0x38,0x36,0x31,
  0x33,0x32,0x38,0x20,0x38,0x2e,0x38,0x35,0x37,0x34,0x32,0x31,0x39,0x20,0x4c,0x20,
  0x31,0x36,0x2e,0x35,0x31,0x31,0x37,0x31,0x39,0x20,0x31,0x32,0x2e,0x32,0x31,0x36,
  0x37,0x39,0x37,0x20,0x4c,0x20,0x31,0x37,0x2e,0x35,0x33,0x33,0x32,0x30,0x33,0x20,
  0x31,0x30,0x2e,0x34,0x39,0x36,0x30,0x39,0x34,0x20,0x4c,0x20,0x31,0x35,0x2e,0x31,
  0x35,0x38,0x32,0x30,0x33,0x20,0x39,0x2e,0x30,0x38,0x33,0x39,0x38,0x34,0x34,0x20,
  0x4c,0x20,0x31,0x38,0x2e,0x34,0x33,0x35,0x35,0x34,0x37,0x20,0x33,0x2e,0x32,0x34,
  0x34,0x31,0x34,0x30,0x36,0x20,0x4c,0x20,0x31,0x37,0x2e,0x35,0x36,0x34,0x34,0x35,
  0x33,0x20,0x32,0x2e,0x37,0x35,0x35,0x38,0x35,0x39,0x34,0x20,0x7a,0x20,0x4d,0x20,
  0x37,0x20,0x36,0x20,0x41,0x20,0x31,0x20,0x31,0x20,0x30,0x20,0x30,0x20,0x30,0x20,
  0x36,0x20,0x37,0x20,0x41,0x20,0x31,0x20,0x31,0x20,0x30,0x20,0x30,0x20,0x30,0x20,
  0x37,0x20,0x38,0x20,0x41,0x20,0x31,0x20,0x31,0x20,0x30,0x20,0x30,0x20,0x30,0x20,
  0x38,0x20,0x37,0x20,0x41,0x20,0x31,0x20,0x31,0x20,0x30,0x20,0x30,0x20,0x30,0x20,
  0x37,0x20,0x36,0x20,0x7a,0x20,0x4d,0x20,0x33,0x2e,0x35,0x20,0x37,0x20,0x41,0x20,
  0x30,0x2e,0x35,0x20,0x30,0x2e,0x35,0x20,0x30,0x20,0x30,0x20,0x30,0x20,0x33,0x20,
  0x37,0x2e,0x35,0x20,0x41,0x20,0x30,0x2e,0x35,0x20,0x30,0x2e,0x35,0x20,0x30,0x20,
  0x30,0x20,0x30,0x20,0x33,0x2e,0x35,0x20,0x38,0x20,0x41,0x20,0x30,0x2e,0x35,0x20,
  0x30,0x2e,0x35,0x20,0x30,0x20,0x30,0x20,0x30,0x20,0x34,0x20,0x37,0x2e,0x35,0x20,
  0x41,0x20,0x30,0x2e,0x35,0x20,0x30,0x2e,0x35,0x20,0x30,0x20,0x30,0x20,0x30,0x20,
  0x33,0x2e,0x35,0x20,0x37,0x20,0x7a,0x20,0x4d,0x20,0x35,0x20,0x39,0x20,0x41,0x20,
  0x31,0x20,0x31,0x20,0x30,0x20,0x30,0x20,0x30,0x20,0x34,0x20,0x31,0x30,0x20,0x41,
  0x20,0x31,0x20,0x31,0x20,0x30,0x20,0x30,0x20,0x30,0x20,0x35,0x20,0x31,0x31,0x20,
  0x41,0x20,0x31,0x20,0x31,0x20,0x30,0x20,0x30,0x20,0x30,0x20,0x36,0x20,0x31,0x30,
  0x20,0x41,0x20,0x31,0x20,0x31,0x20,0x30,0x20,0x30,0x20,0x30,0x20,0x35,0x20,0x39,
  0x20,0x7a,0x20,0x4d,0x20,0x31,0x30,0x20,0x31,0x30,0x20,0x43,0x20,0x38,0x2e,0x38,
  0x38,0x31,0x35,0x31,0x32,0x35,0x20,0x31,0x31,0x2e,0x35,0x36,0x34,0x32,0x36,0x38,
  0x20,0x36,0x2e,0x38,0x33,0x35,0x35,0x30,0x35,0x35,0x20,0x31,0x32,0x2e,0x38,0x31,
  0x30,0x38,0x39,0x34,0x20,0x33,0x20,0x31,0x33,0x20,0x4c,0x20,0x33,0x20,0x31,0x34,
  0x20,0x43,0x20,0x35,0x2e,0x31,0x31,0x33,0x37,0x31,0x33,0x35,0x20,0x31,0x37,0x2e,
  0x33,0x37,0x31,0x36,0x39,0x32,0x20,0x38,0x20,0x31,0x39,0x20,0x31,0x32,0x20,0x31,
  0x39,0x20,0x4c,0x20,0x31,0x33,0x20,0x31,0x39,0x20,0x43,0x20,0x31,0x34,0x2e,0x33,
  0x31,0x31,0x32,0x34,0x39,0x20,0x31,0x37,0x2e,0x34,0x31,0x32,0x38,0x30,0x35,0x20,
  0x31,0x35,0x2e,0x33,0x35,0x37,0x35,0x31,0x33,0x20,0x31,0x35,0x2e,0x39,0x36,0x37,
  0x36,0x31,0x39,0x20,0x31,0x36,0x20,0x31,0x34,0x20,0x4c,0x20,0x31,0x36,0x20,0x31,
  0x33,0x20,0x4c,0x20,0x31,0x31,0x20,0x31,0x30,0x20,0x4c,0x20,0x31,0x30,0x20,0x31,
  0x30,0x20,0x7a,0x20,0x4d,0x20,0x31,0x30,0x2e,0x35,0x32,0x39,0x32,0x39,0x37,0x20,
  0x31,0x31,0x2e,0x31,0x30,0x31,0x35,0x36,0x32,0x20,0x4c,0x20,0x31,0x34,0x2e,0x38,
  0x35,0x37,0x34,0x32,0x32,0x20,0x31,0x33,0x2e,0x36,0x39,0x39,0x32,0x31,0x39,0x20,
  0x43,0x20,0x31,0x34,0x2e,0x32,0x38,0x34,0x35,0x39,0x34,0x20,0x31,0x35,0x2e,0x32,
  0x34,0x35,0x38,0x36,0x20,0x31,0x33,0x2e,0x33,0x38,0x35,0x34,0x30,0x34,0x20,0x31,
  0x36,0x2e,0x36,0x30,0x32,0x38,0x33,0x33,0x20,0x31,0x32,0x2e,0x32,0x37,0x33,0x34,
  0x33,0x38,0x20,0x31,0x37,0x2e,0x39,0x36,0x38,0x37,0x35,0x20,0x43,0x20,0x38,0x2e,
  0x39,0x39,0x39,0x39,0x39,0x39,0x35,0x20,0x31,0x38,0x20,0x36,0x2e,0x30,0x35,0x32,
  0x37,0x36,0x38,0x20,0x31,0x36,0x2e,0x35,0x34,0x30,0x35,0x33,0x38,0x20,0x34,0x2e,
  0x33,0x32,0x36,0x31,0x37,0x31,0x39,0x20,0x31,0x33,0x2e,0x38,0x33,0x30,0x30,0x37,
  0x38,0x20,0x43,0x20,0x37,0x2e,0x34,0x34,0x34,0x33,0x38,0x37,0x39,0x20,0x31,0x33,
  0x2e,0x35,0x31,0x39,0x34,0x36,0x20,0x39,0x2e,0x33,0x34,0x35,0x37,0x31,0x35,0x36,
  0x20,0x31,0x32,0x2e,0x35,0x34,0x35,0x33,0x30,0x36,0x20,0x31,0x30,0x2e,0x35,0x32,
  0x39,0x32,0x39,0x37,0x20,0x31,0x31,0x2e,0x31,0x30,0x31,0x35,0x36,0x32,0x20,0x7a,
  0x20,0x22,0xa,0x9,0x20,0x63,0x6c,0x61,0x73,0x73,0x3d,0x22,0x43,0x6f,0x6c,0x6f,
  0x72,0x53,0x63,0x68,0x65,0x6d,0x65,0x2d,0x54,0x65,0x78,0x74,0x22,0xa,0x20,0x20,
  0x20,0x20,0x20,0x2f,0x3e,0xa,0x3c,0x2f,0x73,0x76,0x67,0x3e,0xa,
    // process-stop.svg
  0x0,0x0,0x3,0x71,
  0x3c,
  0x73,0x76,0x67,0x20,0x78,0x6d,0x6c,0x6e,0x73,0x3d,0x22,0x68,0x74,0x74,0x70,0x3a,
  0x2f,0x2f,0x77,0x77,0x77,0x2e,0x77,0x33,0x2e,0x6f,0x72,0x67,0x2f,0x32,0x30,0x30,
  0x30,0x2f,0x73,0x76,0x67,0x22,0x20,0x76,0x69,0x65,0x77,0x42,0x6f,0x78,0x3d,0x22,
  0x30,0x20,0x30,0x20,0x31,0x36,0x20,0x31,0x36,0x22,0x3e,0xa,0x20,0x20,0x3c,0x64,
  0x65,0x66,0x73,0x20,0x69,0x64,0x3d,0x22,0x64,0x65,0x66,0x73,0x33,0x30,0x35,0x31,
  0x22,0x3e,0xa,0x20,0x20,0x20,0x20,0x3c,0x73,0x74,0x79,0x6c,0x65,0x20,0x74,0x79,
  0x70,0x65,0x3d,0x22,0x74,0x65,0x78,0x74,0x2f,0x63,0x73,0x73,0x22,0x20,0x69,0x64,
  0x3d,0x22,0x63,0x75,0x72,0x72,0x65,0x6e,0x74,0x2d,0x63,0x6f,0x6c,0x6f,0x72,0x2d,
  0x73,0x63,0x68,0x65,0x6d,0x65,0x22,0x3e,0xa,0x20,0x20,0x20,0x20,0x20,0x20,0x2e,
  0x43,0x6f,0x6c,0x6f,0x72,0x53,0x63,0x68,0x65,0x6d,0x65,0x2d,0x54,0x65,0x78,0x74,
  0x20,0x7b,0xa,0x20,0x20,0x20,0x20,0x20,0x20,0x20,0x20,0x63,0x6f,0x6c,0x6f,0x72,
  0x3a,0x23,0x32,0x33,0x32,0x36,0x32,0x39,0x3b,0xa,0x20,0x20,0x20,0x20,0x20,0x20,
  0x7d,0xa,0x20,0x20,0x20,0x20,0x20,0x20,0x2e,0x43,0x6f,0x6c,0x6f,0x72,0x53,0x63,
  0x68,0x65,0x6d,0x65,0x2d,0x4e,0x65,0x67,0x61,0x74,0x69,0x76,0x65,0x54,0x65,0x78,
  0x74,0x20,0x7b,0xa,0x20,0x20,0x20,0x20,0x20,0x20,0x20,0x20,0x63,0x6f,0x6c,0x6f,
  0x72,0x3a,0x23,0x64,0x61,0x34,0x34,0x35,0x33,0x3b,0xa,0x20,0x20,0x20,0x20,0x20,
  0x20,0x7d,0xa,0x20,0x20,0x20,0x20,0x20,0x20,0x3c,0x2f,0x73,0x74,0x79,0x6c,0x65,
  0x3e,0xa,0x20,0x20,0x3c,0x2f,0x64,0x65,0x66,0x73,0x3e,0xa,0x20,0x20,0x3c,0x70,
  0x61,0x74,0x68,0xa,0x20,0x20,0x20,0x20,0x20,0x73,0x74,0x79,0x6c,0x65,0x3d,0x22,
  0x66,0x69,0x6c,0x6c,0x3a,0x63,0x75,0x72,0x72,0x65,0x6e,0x74,0x43,0x6f,0x6c,0x6f,
  0x72,0x3b,0x66,0x69,0x6c,0x6c,0x2d,0x6f,0x70,0x61,0x63,0x69,0x74,0x79,0x3a,0x31,
  0x3b,0x73,0x74,0x72,0x6f,0x6b,0x65,0x3a,0x6e,0x6f,0x6e,0x65,0x22,0x20,0xa,0x20,
  0x20,0x20,0x20,0x20,0x63,0x6c,0x61,0x73,0x73,0x3d,0x22,0x43,0x6f,0x6c,0x6f,0x72,
  0x53,0x63,0x68,0x65,0x6d,0x65,0x2d,0x4e,0x65,0x67,0x61,0x74,0x69,0x76,0x65,0x54,
  0x65,0x78,0x74,0x22,0xa,0x20,0x20,0x20,0x20,0x64,0x3d,0x22,0x4d,0x20,0x38,0x20,
  0x32,0x20,0x41,0x20,0x36,0x20,0x35,0x2e,0x39,0x39,0x39,0x39,0x38,0x35,0x32,0x20,
  0x30,0x20,0x30,0x20,0x30,0x20,0x34,0x2e,0x35,0x32,0x37,0x33,0x34,0x33,0x38,0x20,
  0x33,0x2e,0x31,0x31,0x33,0x32,0x38,0x31,0x32,0x20,0x4c,0x20,0x35,0x2e,0x32,0x34,
  0x36,0x30,0x39,0x33,0x38,0x20,0x33,0x2e,0x38,0x33,0x32,0x30,0x33,0x31,0x32,0x20,
  0x41,0x20,0x35,0x20,0x35,0x20,0x30,0x20,0x30,0x20,0x31,0x20,0x38,0x20,0x33,0x20,
  0x41,0x20,0x35,0x20,0x35,0x20,0x30,0x20,0x30,0x20,0x31,0x20,0x31,0x33,0x20,0x38,
  0x20,0x41,0x20,0x35,0x20,0x35,0x20,0x30,0x20,0x30,0x20,0x31,0x20,0x31,0x32,0x2e,
  0x31,0x36,0x37,0x39,0x36,0x39,0x20,0x31,0x30,0x2e,0x37,0x35,0x33,0x39,0x30,0x36,
  0x20,0x4c,0x20,0x31,0x32,0x2e,0x38,0x38,0x34,0x37,0x36,0x36,0x20,0x31,0x31,0x2e,
  0x34,0x37,0x30,0x37,0x30,0x33,0x20,0x41,0x20,0x36,0x20,0x35,0x2e,0x39,0x39,0x39,
  0x39,0x38,0x35,0x32,0x20,0x30,0x20,0x30,0x20,0x30,0x20,0x31,0x34,0x20,0x38,0x20,
  0x41,0x20,0x36,0x20,0x35,0x2e,0x39,0x39,0x39,0x39,0x38,0x35,0x32,0x20,0x30,0x20,
  0x30,0x20,0x30,0x20,0x38,0x20,0x32,0x20,0x7a,0x20,0x4d,0x20,0x33,0x2e,0x31,0x31,
  0x35,0x32,0x33,0x34,0x34,0x20,0x34,0x2e,0x35,0x32,0x39,0x32,0x39,0x36,0x39,0x20,
  0x41,0x20,0x36,0x20,0x35,0x2e,0x39,0x39,0x39,0x39,0x38,0x35,0x32,0x20,0x30,0x20,
  0x30,0x20,0x30,0x20,0x32,0x20,0x38,0x20,0x41,0x20,0x36,0x20,0x35,0x2e,0x39,0x39,
  0x39,0x39,0x38,0x35,0x32,0x20,0x30,0x20,0x30,0x20,0x30,0x20,0x38,0x20,0x31,0x34,
  0x20,0x41,0x20,0x36,0x20,0x35,0x2e,0x39,0x39,0x39,0x39,0x38,0x35,0x32,0x20,0x30,
  0x20,0x30,0x20,0x30,0x20,0x31,0x31,0x2e,0x34,0x37,0x32,0x36,0x35,0x36,0x20,0x31,
  0x32,0x2e,0x38,0x38,0x36,0x37,0x31,0x39,0x20,0x4c,0x20,0x31,0x30,0x2e,0x37,0x35,
  0x33,0x39,0x30,0x36,0x20,0x31,0x32,0x2e,0x31,0x36,0x37,0x39,0x36,0x39,0x20,0x41,
  0x20,0x35,0x20,0x35,0x20,0x30,0x20,0x30,0x20,0x31,0x20,0x38,0x20,0x31,0x33,0x20,
  0x41,0x20,0x35,0x20,0x35,0x20,0x30,0x20,0x30,0x20,0x31,0x20,0x33,0x20,0x38,0x20,
  0x41,0x20,0x35,0x20,0x35,0x20,0x30,0x20,0x30,0x20,0x31,0x20,0x33,0x2e,0x38,0x33,
  0x32,0x30,0x33,0x31,0x32,0x20,0x35,0x2e,0x32,0x34,0x36,0x30,0x39,0x33,0x38,0x20,
  0x4c,0x20,0x33,0x2e,0x31,0x31,0x35,0x32,0x33,0x34,0x34,0x20,0x34,0x2e,0x35,0x32,
  0x39,0x32,0x39,0x36,0x39,0x20,0x7a,0x20,0x4d,0x20,0x35,0x20,0x37,0x20,0x4c,0x20,
  0x35,0x20,0x39,0x20,0x4c,0x20,0x31,0x31,0x20,0x39,0x20,0x4c,0x20,0x31,0x31,0x20,
  0x37,0x20,0x4c,0x20,0x35,0x20,0x37,0x20,0x7a,0x20,0x22,0xa,0x20,0x20,0x20,0x20,
  0x20,0x20,0x20,0x20,0x20,0x20,0x2f,0x3e,0xa,0x3c,0x2f,0x73,0x76,0x67,0x3e,0xa,
  
    // help-about.svg
  0x0,0x0,0x1,0xef,
  0x3c,
  0x73,0x76,0x67,0x20,0x76,0x69,0x65,0x77,0x42,0x6f,0x78,0x3d,0x22,0x30,0x20,0x30,
  0x20,0x31,0x36,0x20,0x31,0x36,0x22,0x20,0x78,0x6d,0x6c,0x6e,0x73,0x3d,0x22,0x68,
  0x74,0x74,0x70,0x3a,0x2f,0x2f,0x77,0x77,0x77,0x2e,0x77,0x33,0x2e,0x6f,0x72,0x67,
  0x2f,0x32,0x30,0x30,0x30,0x2f,0x73,0x76,0x67,0x22,0x3e,0xa,0x20,0x20,0x20,0x20,
  0x3c,0x73,0x74,0x79,0x6c,0x65,0x20,0x74,0x79,0x70,0x65,0x3d,0x22,0x74,0x65,0x78,
  0x74,0x2f,0x63,0x73,0x73,0x22,0x20,0x69,0x64,0x3d,0x22,0x63,0x75,0x72,0x72,0x65,
  0x6e,0x74,0x2d,0x63,0x6f,0x6c,0x6f,0x72,0x2d,0x73,0x63,0x68,0x65,0x6d,0x65,0x22,
  0x3e,0xa,0x20,0x20,0x20,0x20,0x20,0x20,0x20,0x20,0x2e,0x43,0x6f,0x6c,0x6f,0x72,
  0x53,0x63,0x68,0x65,0x6d,0x65,0x2d,0x54,0x65,0x78,0x74,0x20,0x7b,0xa,0x20,0x20,
  0x20,0x20,0x20,0x20,0x20,0x20,0x20,0x20,0x20,0x20,0x63,0x6f,0x6c,0x6f,0x72,0x3a,
  0x23,0x32,0x33,0x32,0x36,0x32,0x39,0x3b,0xa,0x20,0x20,0x20,0x20,0x20,0x20,0x20,
  0x20,0x7d,0xa,0x20,0x20,0x20,0x20,0x3c,0x2f,0x73,0x74,0x79,0x6c,0x65,0x3e,0xa,
  0x20,0x20,0x20,0x20,0x3c,0x67,0x20,0x63,0x6c,0x61,0x73,0x73,0x3d,0x22,0x43,0x6f,
  0x6c,0x6f,0x72,0x53,0x63,0x68,0x65,0x6d,0x65,0x2d,0x54,0x65,0x78,0x74,0x22,0x20,
  0x66,0x69,0x6c,0x6c,0x3d,0x22,0x63,0x75,0x72,0x72,0x65,0x6e,0x74,0x43,0x6f,0x6c,
  0x6f,0x72,0x22,0x20,0x66,0x69,0x6c,0x6c,0x2d,0x72,0x75,0x6c,0x65,0x3d,0x22,0x65,
  0x76,0x65,0x6e,0x6f,0x64,0x64,0x22,0x3e,0xa,0x20,0x20,0x20,0x20,0x20,0x20,0x20,
  0x20,0x3c,0x70,0x61,0x74,0x68,0x20,0x64,0x3d,0x22,0x6d,0x38,0x20,0x32,0x61,0x36,
  0x20,0x36,0x20,0x30,0x20,0x30,0x20,0x30,0x20,0x2d,0x36,0x20,0x36,0x20,0x36,0x20,
  0x36,0x20,0x30,0x20,0x30,0x20,0x30,0x20,0x36,0x20,0x36,0x20,0x36,0x20,0x36,0x20,
  0x30,0x20,0x30,0x20,0x30,0x20,0x36,0x2d,0x36,0x20,0x36,0x20,0x36,0x20,0x30,0x20,
  0x30,0x20,0x30,0x20,0x2d,0x36,0x2d,0x36,0x7a,0x6d,0x30,0x20,0x31,0x61,0x35,0x20,
  0x35,0x20,0x30,0x20,0x30,0x20,0x31,0x20,0x35,0x20,0x35,0x20,0x35,0x20,0x35,0x20,
  0x30,0x20,0x30,0x20,0x31,0x20,0x2d,0x35,0x20,0x35,0x20,0x35,0x20,0x35,0x20,0x30,
  0x20,0x30,0x20,0x31,0x20,0x2d,0x35,0x2d,0x35,0x20,0x35,0x20,0x35,0x20,0x30,0x20,
  0x30,0x20,0x31,0x20,0x35,0x2d,0x35,0x7a,0x22,0x2f,0x3e,0xa,0x20,0x20,0x20,0x20,
  0x20,0x20,0x20,0x20,0x3c,0x70,0x61,0x74,0x68,0x20,0x64,0x3d,0x22,0x6d,0x37,0x20,
  0x34,0x68,0x32,0x76,0x32,0x68,0x2d,0x32,0x7a,0x22,0x2f,0x3e,0xa,0x20,0x20,0x20,
  0x20,0x20,0x20,0x20,0x20,0x3c,0x70,0x61,0x74,0x68,0x20,0x64,0x3d,0x22,0x6d,0x37,
  0x20,0x37,0x68,0x32,0x76,0x35,0x68,0x2d,0x32,0x7a,0x22,0x2f,0x3e,0xa,0x20,0x20,
  0x20,0x20,0x3c,0x2f,0x67,0x3e,0xa,0x3c,0x2f,0x73,0x76,0x67,0x3e,0xa,
    // go-up.svg
  0x0,0x0,0x1,0x4d,
  0x3c,
  0x73,0x76,0x67,0x20,0x76,0x69,0x65,0x77,0x42,0x6f,0x78,0x3d,0x22,0x30,0x20,0x30,
  0x20,0x31,0x36,0x20,0x31,0x36,0x22,0x20,0x78,0x6d,0x6c,0x6e,0x73,0x3d,0x22,0x68,
  0x74,0x74,0x70,0x3a,0x2f,0x2f,0x77,0x77,0x77,0x2e,0x77,0x33,0x2e,0x6f,0x72,0x67,
  0x2f,0x32,0x30,0x30,0x30,0x2f,0x73,0x76,0x67,0x22,0x3e,0xa,0x20,0x20,0x20,0x20,
  0x3c,0x73,0x74,0x79,0x6c,0x65,0xa,0x20,0x20,0x20,0x20,0x20,0x20,0x20,0x20,0x74,
  0x79,0x70,0x65,0x3d,0x22,0x74,0x65,0x78,0x74,0x2f,0x63,0x73,0x73,0x22,0xa,0x20,
  0x20,0x20,0x20,0x20,0x20,0x20,0x20,0x69,0x64,0x3d,0x22,0x63,0x75,0x72,0x72,0x65,
  0x6e,0x74,0x2d,0x63,0x6f,0x6c,0x6f,0x72,0x2d,0x73,0x63,0x68,0x65,0x6d,0x65,0x22,
  0x3e,0xa,0x20,0x20,0x20,0x20,0x20,0x20,0x20,0x20,0x2e,0x43,0x6f,0x6c,0x6f,0x72,
  0x53,0x63,0x68,0x65,0x6d,0x65,0x2d,0x54,0x65,0x78,0x74,0x20,0x7b,0xa,0x20,0x20,
  0x20,0x20,0x20,0x20,0x20,0x20,0x20,0x20,0x20,0x20,0x63,0x6f,0x6c,0x6f,0x72,0x3a,
  0x23,0x32,0x33,0x32,0x36,0x32,0x39,0x3b,0xa,0x20,0x20,0x20,0x20,0x20,0x20,0x20,
  0x20,0x7d,0xa,0x20,0x20,0x20,0x20,0x3c,0x2f,0x73,0x74,0x79,0x6c,0x65,0x3e,0xa,
  0x20,0x20,0x20,0x20,0x3c,0x70,0x61,0x74,0x68,0x20,0x64,0x3d,0x22,0x4d,0x38,0x20,
  0x34,0x2e,0x32,0x39,0x33,0x6c,0x2d,0x36,0x20,0x36,0x20,0x2e,0x37,0x30,0x37,0x2e,
  0x37,0x30,0x37,0x4c,0x38,0x20,0x35,0x2e,0x37,0x30,0x37,0x20,0x31,0x33,0x2e,0x32,
  0x39,0x33,0x20,0x31,0x31,0x6c,0x2e,0x37,0x30,0x37,0x2d,0x2e,0x37,0x30,0x37,0x2d,
  0x36,0x2d,0x36,0x7a,0x22,0x20,0x63,0x6c,0x61,0x73,0x73,0x3d,0x22,0x43,0x6f,0x6c,
  0x6f,0x72,0x53,0x63,0x68,0x65,0x6d,0x65,0x2d,0x54,0x65,0x78,0x74,0x22,0x20,0x66,
  0x69,0x6c,0x6c,0x3d,0x22,0x63,0x75,0x72,0x72,0x65,0x6e,0x74,0x43,0x6f,0x6c,0x6f,
  0x72,0x22,0x2f,0x3e,0xa,0x3c,0x2f,0x73,0x76,0x67,0x3e,0xa,
    // document-edit.svg
  0x0,0x0,0x3,0x73,
  0x3c,
  0x73,0x76,0x67,0x20,0x78,0x6d,0x6c,0x6e,0x73,0x3d,0x22,0x68,0x74,0x74,0x70,0x3a,
  0x2f,0x2f,0x77,0x77,0x77,0x2e,0x77,0x33,0x2e,0x6f,0x72,0x67,0x2f,0x32,0x30,0x30,
  0x30,0x2f,0x73,0x76,0x67,0x22,0x20,0x76,0x69,0x65,0x77,0x42,0x6f,0x78,0x3d,0x22,
  0x30,0x20,0x30,0x20,0x31,0x36,0x20,0x31,0x36,0x22,0x3e,0xa,0x20,0x20,0x3c,0x64,
  0x65,0x66,0x73,0x20,0x69,0x64,0x3d,0x22,0x64,0x65,0x66,0x73,0x33,0x30,0x35,0x31,
  0x22,0x3e,0xa,0x20,0x20,0x20,0x20,0x3c,0x73,0x74,0x79,0x6c,0x65,0x20,0x74,0x79,
  0x70,0x65,0x3d,0x22,0x74,0x65,0x78,0x74,0x2f,0x63,0x73,0x73,0x22,0x20,0x69,0x64,
  0x3d,0x22,0x63,0x75,0x72,0x72,0x65,0x6e,0x74,0x2d,0x63,0x6f,0x6c,0x6f,0x72,0x2d,
  0x73,0x63,0x68,0x65,0x6d,0x65,0x22,0x3e,0xa,0x20,0x20,0x20,0x20,0x20,0x20,0x2e,
  0x43,0x6f,0x6c,0x6f,0x72,0x53,0x63,0x68,0x65,0x6d,0x65,0x2d,0x54,0x65,0x78,0x74,
  0x20,0x7b,0xa,0x20,0x20,0x20,0x20,0x20,0x20,0x20,0x20,0x63,0x6f,0x6c,0x6f,0x72,
  0x3a,0x23,0x32,0x33,0x32,0x36,0x32,0x39,0x3b,0xa,0x20,0x20,0x20,0x20,0x20,0x20,
  0x7d,0xa,0x20,0x20,0x20,0x20,0x20,0x20,0x3c,0x2f,0x73,0x74,0x79,0x6c,0x65,0x3e,
  0xa,0x20,0x20,0x3c,0x2f,0x64,0x65,0x66,0x73,0x3e,0xa,0x20,0x3c,0x70,0x61,0x74,
  0x68,0x20,0x73,0x74,0x79,0x6c,0x65,0x3d,0x22,0x66,0x69,0x6c,0x6c,0x3a,0x63,0x75,
  0x72,0x72,0x65,0x6e,0x74,0x43,0x6f,0x6c,0x6f,0x72,0x3b,0x66,0x69,0x6c,0x6c,0x2d,
  0x6f,0x70,0x61,0x63,0x69,0x74,0x79,0x3a,0x31,0x3b,0x73,0x74,0x72,0x6f,0x6b,0x65,
  0x3a,0x6e,0x6f,0x6e,0x65,0x22,0x20,0xa,0x20,0x20,0x20,0x20,0x20,0x64,0x3d,0x22,
  0x4d,0x20,0x31,0x30,0x2e,0x33,0x39,0x38,0x34,0x33,0x38,0x20,0x32,0x20,0x4c,0x20,
  0x35,0x2e,0x32,0x38,0x37,0x31,0x30,0x39,0x34,0x20,0x37,0x2e,0x31,0x31,0x31,0x33,
  0x32,0x38,0x31,0x20,0x4c,0x20,0x32,0x20,0x31,0x30,0x2e,0x33,0x39,0x38,0x34,0x33,
  0x38,0x20,0x4c,0x20,0x32,0x20,0x31,0x34,0x20,0x4c,0x20,0x35,0x2e,0x36,0x30,0x31,
  0x35,0x36,0x32,0x35,0x20,0x31,0x34,0x20,0x4c,0x20,0x31,0x34,0x20,0x35,0x2e,0x36,
  0x30,0x31,0x35,0x36,0x32,0x35,0x20,0x4c,0x20,0x31,0x30,0x2e,0x33,0x39,0x38,0x34,
  0x33,0x38,0x20,0x32,0x20,0x7a,0x20,0x4d,0x20,0x38,0x2e,0x33,0x34,0x39,0x36,0x30,
  0x39,0x34,0x20,0x35,0x2e,0x34,0x39,0x30,0x32,0x33,0x34,0x34,0x20,0x4c,0x20,0x31,
  0x30,0x2e,0x35,0x30,0x39,0x37,0x36,0x36,0x20,0x37,0x2e,0x36,0x35,0x30,0x33,0x39,
  0x30,0x36,0x20,0x4c,0x20,0x37,0x2e,0x33,0x33,0x35,0x39,0x33,0x37,0x35,0x20,0x31,
  0x30,0x2e,0x38,0x32,0x36,0x31,0x37,0x32,0x20,0x4c,0x20,0x37,0x2e,0x33,0x33,0x35,
  0x39,0x33,0x37,0x35,0x20,0x31,0x30,0x2e,0x31,0x35,0x30,0x33,0x39,0x31,0x20,0x4c,
  0x20,0x36,0x2e,0x33,0x32,0x32,0x32,0x36,0x35,0x36,0x20,0x31,0x30,0x2e,0x31,0x37,
  0x31,0x38,0x37,0x35,0x20,0x4c,0x20,0x35,0x2e,0x32,0x38,0x37,0x31,0x30,0x39,0x34,
  0x20,0x31,0x30,0x2e,0x31,0x37,0x31,0x38,0x37,0x35,0x20,0x4c,0x20,0x35,0x2e,0x32,
  0x38,0x37,0x31,0x30,0x39,0x34,0x20,0x39,0x2e,0x31,0x33,0x36,0x37,0x31,0x38,0x38,
  0x20,0x4c,0x20,0x35,0x2e,0x32,0x38,0x37,0x31,0x30,0x39,0x34,0x20,0x38,0x2e,0x35,
  0x35,0x30,0x37,0x38,0x31,0x32,0x20,0x4c,0x20,0x36,0x2e,0x37,0x32,0x38,0x35,0x31,
  0x35,0x36,0x20,0x37,0x2e,0x31,0x31,0x31,0x33,0x32,0x38,0x31,0x20,0x4c,0x20,0x38,
  0x2e,0x33,0x34,0x39,0x36,0x30,0x39,0x34,0x20,0x35,0x2e,0x34,0x39,0x30,0x32,0x33,
  0x34,0x34,0x20,0x7a,0x20,0x4d,0x20,0x34,0x2e,0x32,0x37,0x33,0x34,0x33,0x37,0x35,
  0x20,0x39,0x2e,0x35,0x36,0x34,0x34,0x35,0x33,0x31,0x20,0x4c,0x20,0x34,0x2e,0x32,
  0x37,0x33,0x34,0x33,0x37,0x35,0x20,0x31,0x31,0x2e,0x31,0x38,0x35,0x35,0x34,0x37,
  0x20,0x4c,0x20,0x35,0x2e,0x33,0x30,0x38,0x35,0x39,0x33,0x38,0x20,0x31,0x31,0x2e,
  0x31,0x38,0x35,0x35,0x34,0x37,0x20,0x4c,0x20,0x36,0x2e,0x33,0x30,0x30,0x37,0x38,
  0x31,0x32,0x20,0x31,0x31,0x2e,0x31,0x38,0x35,0x35,0x34,0x37,0x20,0x4c,0x20,0x36,
  0x2e,0x33,0x32,0x32,0x32,0x36,0x35,0x36,0x20,0x31,0x31,0x2e,0x38,0x33,0x37,0x38,
  0x39,0x31,0x20,0x4c,0x20,0x35,0x2e,0x32,0x34,0x32,0x31,0x38,0x37,0x35,0x20,0x31,
  0x32,0x2e,0x39,0x31,0x39,0x39,0x32,0x32,0x20,0x4c,0x20,0x33,0x2e,0x38,0x30,0x30,
  0x37,0x38,0x31,0x32,0x20,0x31,0x32,0x2e,0x39,0x31,0x39,0x39,0x32,0x32,0x20,0x4c,
  0x20,0x33,0x2e,0x30,0x38,0x30,0x30,0x37,0x38,0x31,0x20,0x31,0x32,0x2e,0x31,0x39,
  0x39,0x32,0x31,0x39,0x20,0x4c,0x20,0x33,0x2e,0x30,0x38,0x30,0x30,0x37,0x38,0x31,
  0x20,0x31,0x30,0x2e,0x37,0x35,0x37,0x38,0x31,0x32,0x20,0x4c,0x20,0x34,0x2e,0x32,
  0x37,0x33,0x34,0x33,0x37,0x35,0x20,0x39,0x2e,0x35,0x36,0x34,0x34,0x35,0x33,0x31,
  0x20,0x7a,0x20,0x22,0xa,0x20,0x20,0x20,0x20,0x20,0x63,0x6c,0x61,0x73,0x73,0x3d,
  0x22,0x43,0x6f,0x6c,0x6f,0x72,0x53,0x63,0x68,0x65,0x6d,0x65,0x2d,0x54,0x65,0x78,
  0x74,0x22,0xa,0x20,0x20,0x20,0x20,0x20,0x2f,0x3e,0xa,0x3c,0x2f,0x73,0x76,0x67,
  0x3e,0xa,
    // configure.svg
  0x0,0x0,0x3,0xdd,
  0x3c,
  0x73,0x76,0x67,0x20,0x78,0x6d,0x6c,0x6e,0x73,0x3d,0x22,0x68,0x74,0x74,0x70,0x3a,
  0x2f,0x2f,0x77,0x77,0x77,0x2e,0x77,0x33,0x2e,0x6f,0x72,0x67,0x2f,0x32,0x30,0x30,
  0x30,0x2f,0x73,0x76,0x67,0x22,0x20,0x76,0x69,0x65,0x77,0x42,0x6f,0x78,0x3d,0x22,
  0x30,0x20,0x30,0x20,0x31,0x36,0x20,0x31,0x36,0x22,0x3e,0xa,0x20,0x20,0x3c,0x64,
  0x65,0x66,0x73,0x20,0x69,0x64,0x3d,0x22,0x64,0x65,0x66,0x73,0x33,0x30,0x35,0x31,
  0x22,0x3e,0xa,0x20,0x20,0x20,0x20,0x3c,0x73,0x74,0x79,0x6c,0x65,0x20,0x74,0x79,
  0x70,0x65,0x3d,0x22,0x74,0x65,0x78,0x74,0x2f,0x63,0x73,0x73,0x22,0x20,0x69,0x64,
  0x3d,0x22,0x63,0x75,0x72,0x72,0x65,0x6e,0x74,0x2d,0x63,0x6f,0x6c,0x6f,0x72,0x2d,
  0x73,0x63,0x68,0x65,0x6d,0x65,0x22,0x3e,0xa,0x20,0x20,0x20,0x20,0x20,0x20,0x2e,
  0x43,0x6f,0x6c,0x6f,0x72,0x53,0x63,0x68,0x65,0x6d,0x65,0x2d,0x54,0x65,0x78,0x74,
  0x20,0x7b,0xa,0x20,0x20,0x20,0x20,0x20,0x20,0x20,0x20,0x63,0x6f,0x6c,0x6f,0x72,
  0x3a,0x23,0x32,0x33,0x32,0x36,0x32,0x39,0x3b,0xa,0x20,0x20,0x20,0x20,0x20,0x20,
  0x7d,0xa,0x20,0x20,0x20,0x20,0x20,0x20,0x3c,0x2f,0x73,0x74,0x79,0x6c,0x65,0x3e,
  0xa,0x20,0x20,0x3c,0x2f,0x64,0x65,0x66,0x73,0x3e,0xa,0x20,0x3c,0x70,0x61,0x74,
  0x68,0x20,0x73,0x74,0x79,0x6c,0x65,0x3d,0x22,0x66,0x69,0x6c,0x6c,0x3a,0x63,0x75,
  0x72,0x72,0x65,0x6e,0x74,0x43,0x6f,0x6c,0x6f,0x72,0x3b,0x66,0x69,0x6c,0x6c,0x2d,
  0x6f,0x70,0x61,0x63,0x69,0x74,0x79,0x3a,0x31,0x3b,0x73,0x74,0x72,0x6f,0x6b,0x65,
  0x3a,0x6e,0x6f,0x6e,0x65,0x22,0x20,0xa,0x20,0x20,0x20,0x20,0x20,0x20,0x20,0x64,
  0x3d,0x22,0x4d,0x20,0x31,0x30,0x20,0x32,0x2e,0x35,0x20,0x43,0x20,0x39,0x2e,0x30,
  0x36,0x38,0x30,0x31,0x39,0x35,0x20,0x32,0x2e,0x35,0x20,0x38,0x2e,0x32,0x38,0x34,
  0x34,0x36,0x32,0x37,0x20,0x33,0x2e,0x31,0x33,0x37,0x33,0x30,0x30,0x37,0x20,0x38,
  0x2e,0x30,0x36,0x32,0x35,0x20,0x34,0x20,0x4c,0x20,0x32,0x20,0x34,0x20,0x4c,0x20,
  0x32,0x20,0x35,0x20,0x4c,0x20,0x38,0x2e,0x30,0x36,0x32,0x35,0x20,0x35,0x20,0x43,
  0x20,0x38,0x2e,0x32,0x38,0x34,0x34,0x36,0x32,0x37,0x20,0x35,0x2e,0x38,0x36,0x32,
  0x36,0x39,0x39,0x33,0x20,0x39,0x2e,0x30,0x36,0x38,0x30,0x31,0x39,0x35,0x20,0x36,
  0x2e,0x35,0x20,0x31,0x30,0x20,0x36,0x2e,0x35,0x20,0x43,0x20,0x31,0x30,0x2e,0x39,
  0x33,0x31,0x39,0x38,0x31,0x20,0x36,0x2e,0x35,0x20,0x31,0x31,0x2e,0x37,0x31,0x35,
  0x35,0x33,0x37,0x20,0x35,0x2e,0x38,0x36,0x32,0x36,0x39,0x39,0x33,0x20,0x31,0x31,
  0x2e,0x39,0x33,0x37,0x35,0x20,0x35,0x20,0x4c,0x20,0x31,0x34,0x20,0x35,0x20,0x4c,
  0x20,0x31,0x34,0x20,0x34,0x20,0x4c,0x20,0x31,0x31,0x2e,0x39,0x33,0x37,0x35,0x20,
  0x34,0x20,0x43,0x20,0x31,0x31,0x2e,0x37,0x31,0x35,0x35,0x33,0x37,0x20,0x33,0x2e,
  0x31,0x33,0x37,0x33,0x30,0x30,0x37,0x20,0x31,0x30,0x2e,0x39,0x33,0x31,0x39,0x38,
  0x31,0x20,0x32,0x2e,0x35,0x20,0x31,0x30,0x20,0x32,0x2e,0x35,0x20,0x7a,0x20,0x4d,
  0x20,0x35,0x20,0x39,0x2e,0x35,0x20,0x43,0x20,0x34,0x2e,0x30,0x36,0x38,0x30,0x31,
  0x39,0x31,0x20,0x39,0x2e,0x35,0x20,0x33,0x2e,0x32,0x38,0x34,0x34,0x36,0x32,0x36,
  0x20,0x31,0x30,0x2e,0x31,0x33,0x37,0x33,0x30,0x31,0x20,0x33,0x2e,0x30,0x36,0x32,
  0x35,0x20,0x31,0x31,0x20,0x4c,0x20,0x32,0x20,0x31,0x31,0x20,0x4c,0x20,0x32,0x20,
  0x31,0x32,0x20,0x4c,0x20,0x33,0x2e,0x30,0x36,0x32,0x35,0x20,0x31,0x32,0x20,0x43,
  0x20,0x33,0x2e,0x32,0x38,0x34,0x34,0x36,0x32,0x36,0x20,0x31,0x32,0x2e,0x38,0x36,
  0x32,0x36,0x39,0x39,0x20,0x34,0x2e,0x30,0x36,0x38,0x30,0x31,0x39,0x31,0x20,0x31,
  0x33,0x2e,0x35,0x20,0x35,0x20,0x31,0x33,0x2e,0x35,0x20,0x43,0x20,0x35,0x2e,0x39,
  0x33,0x31,0x39,0x38,0x30,0x39,0x20,0x31,0x33,0x2e,0x35,0x20,0x36,0x2e,0x37,0x31,
  0x35,0x35,0x33,0x37,0x34,0x20,0x31,0x32,0x2e,0x38,0x36,0x32,0x36,0x39,0x39,0x20,
  0x36,0x2e,0x39,0x33,0x37,0x35,0x20,0x31,0x32,0x20,0x4c,0x20,0x37,0x20,0x31,0x32,
  0x20,0x4c,0x20,0x39,0x20,0x31,0x32,0x20,0x4c,0x20,0x31,0x34,0x20,0x31,0x32,0x20,
  0x4c,0x20,0x31,0x34,0x20,0x31,0x31,0x20,0x4c,0x20,0x39,0x20,0x31,0x31,0x20,0x4c,
  0x20,0x37,0x20,0x31,0x31,0x20,0x4c,0x20,0x36,0x2e,0x39,0x33,0x37,0x35,0x20,0x31,
  0x31,0x20,0x43,0x20,0x36,0x2e,0x37,0x31,0x35,0x35,0x33,0x37,0x34,0x20,0x31,0x30,
  0x2e,0x31,0x33,0x37,0x33,0x30,0x31,0x20,0x35,0x2e,0x39,0x33,0x31,0x39,0x38,0x30,
  0x39,0x20,0x39,0x2e,0x35,0x20,0x35,0x20,0x39,0x2e,0x35,0x20,0x7a,0x20,0x4d,0x20,
  0x35,0x20,0x31,0x30,0x2e,0x35,0x20,0x43,0x20,0x35,0x2e,0x35,0x35,0x32,0x32,0x38,
  0x20,0x31,0x30,0x2e,0x35,0x20,0x36,0x20,0x31,0x30,0x2e,0x39,0x34,0x37,0x37,0x32,
  0x20,0x36,0x20,0x31,0x31,0x2e,0x35,0x20,0x43,0x20,0x36,0x20,0x31,0x32,0x2e,0x30,
  0x35,0x32,0x32,0x38,0x20,0x35,0x2e,0x35,0x35,0x32,0x32,0x38,0x20,0x31,0x32,0x2e,
  0x35,0x20,0x35,0x20,0x31,0x32,0x2e,0x35,0x20,0x43,0x20,0x34,0x2e,0x34,0x34,0x37,
  0x37,0x32,0x20,0x31,0x32,0x2e,0x35,0x20,0x34,0x20,0x31,0x32,0x2e,0x30,0x35,0x32,
  0x32,0x38,0x20,0x34,0x20,0x31,0x31,0x2e,0x35,0x20,0x43,0x20,0x34,0x20,0x31,0x30,
  0x2e,0x39,0x34,0x37,0x37,0x32,0x20,0x34,0x2e,0x34,0x34,0x37,0x37,0x32,0x20,0x31,
  0x30,0x2e,0x35,0x20,0x35,0x20,0x31,0x30,0x2e,0x35,0x20,0x7a,0x20,0x22,0xa,0x20,
  0x20,0x20,0x20,0x20,0x63,0x6c,0x61,0x73,0x73,0x3d,0x22,0x43,0x6f,0x6c,0x6f,0x72,
  0x53,0x63,0x68,0x65,0x6d,0x65,0x2d,0x54,0x65,0x78,0x74,0x22,0xa,0x20,0x20,0x20,
  0x20,0x20,0x2f,0x3e,0xa,0x3c,0x2f,0x73,0x76,0x67,0x3e,0xa,
    // view-refresh.svg
  0x0,0x0,0x2,0x4a,
  0x3c,
  0x73,0x76,0x67,0x20,0x76,0x65,0x72,0x73,0x69,0x6f,0x6e,0x3d,0x22,0x31,0x2e,0x31,
  0x22,0x20,0x76,0x69,0x65,0x77,0x42,0x6f,0x78,0x3d,0x22,0x30,0x20,0x30,0x20,0x31,
  0x36,0x20,0x31,0x36,0x22,0x20,0x78,0x6d,0x6c,0x6e,0x73,0x3d,0x22,0x68,0x74,0x74,
  0x70,0x3a,0x2f,0x2f,0x77,0x77,0x77,0x2e,0x77,0x33,0x2e,0x6f,0x72,0x67,0x2f,0x32,
  0x30,0x30,0x30,0x2f,0x73,0x76,0x67,0x22,0x3e,0xa,0x3c,0x64,0x65,0x66,0x73,0x3e,
  0xa,0x3c,0x73,0x74,0x79,0x6c,0x65,0x20,0x74,0x79,0x70,0x65,0x3d,0x22,0x74,0x65,
  0x78,0x74,0x2f,0x63,0x73,0x73,0x22,0x20,0x69,0x64,0x3d,0x22,0x63,0x75,0x72,0x72,
  0x65,0x6e,0x74,0x2d,0x63,0x6f,0x6c,0x6f,0x72,0x2d,0x73,0x63,0x68,0x65,0x6d,0x65,
  0x22,0x3e,0x20,0x2e,0x43,0x6f,0x6c,0x6f,0x72,0x53,0x63,0x68,0x65,0x6d,0x65,0x2d,
  0x54,0x65,0x78,0x74,0x20,0x7b,0x20,0x63,0x6f,0x6c,0x6f,0x72,0x3a,0x23,0x32,0x33,
  0x32,0x36,0x32,0x39,0x3b,0x20,0x7d,0x20,0x3c,0x2f,0x73,0x74,0x79,0x6c,0x65,0x3e,
  0xa,0x3c,0x2f,0x64,0x65,0x66,0x73,0x3e,0xa,0x3c,0x70,0x61,0x74,0x68,0x20,0x64,
  0x3d,0x22,0x6d,0x38,0x20,0x32,0x61,0x36,0x20,0x36,0x20,0x30,0x20,0x30,0x20,0x30,
  0x2d,0x35,0x2e,0x39,0x30,0x38,0x32,0x30,0x33,0x31,0x20,0x35,0x68,0x31,0x2e,0x30,
  0x32,0x33,0x34,0x33,0x37,0x35,0x61,0x35,0x20,0x35,0x20,0x30,0x20,0x30,0x20,0x31,
  0x20,0x34,0x2e,0x38,0x38,0x34,0x37,0x36,0x35,0x36,0x2d,0x34,0x20,0x35,0x20,0x35,
  0x20,0x30,0x20,0x30,0x20,0x31,0x20,0x34,0x2e,0x35,0x36,0x34,0x34,0x35,0x33,0x20,
  0x33,0x68,0x2d,0x33,0x2e,0x35,0x36,0x34,0x34,0x35,0x33,0x76,0x31,0x68,0x33,0x2e,
  0x38,0x39,0x36,0x34,0x38,0x34,0x20,0x30,0x2e,0x31,0x30,0x33,0x35,0x31,0x36,0x20,
  0x30,0x2e,0x39,0x31,0x34,0x30,0x36,0x32,0x20,0x30,0x2e,0x30,0x38,0x35,0x39,0x33,
  0x38,0x76,0x2d,0x35,0x68,0x2d,0x31,0x76,0x32,0x2e,0x36,0x38,0x39,0x34,0x35,0x33,
  0x31,0x61,0x36,0x20,0x36,0x20,0x30,0x20,0x30,0x20,0x30,0x2d,0x35,0x2d,0x32,0x2e,
  0x36,0x38,0x39,0x34,0x35,0x33,0x31,0x7a,0x6d,0x2d,0x36,0x20,0x37,0x76,0x35,0x68,
  0x31,0x76,0x2d,0x32,0x2e,0x36,0x39,0x39,0x32,0x31,0x39,0x61,0x36,0x20,0x36,0x20,
  0x30,0x20,0x30,0x20,0x30,0x20,0x35,0x20,0x32,0x2e,0x36,0x39,0x39,0x32,0x31,0x39,
  0x20,0x36,0x20,0x36,0x20,0x30,0x20,0x30,0x20,0x30,0x20,0x35,0x2e,0x39,0x30,0x38,
  0x32,0x30,0x33,0x2d,0x35,0x68,0x2d,0x31,0x2e,0x30,0x32,0x33,0x34,0x33,0x37,0x61,
  0x35,0x20,0x35,0x20,0x30,0x20,0x30,0x20,0x31,0x2d,0x34,0x2e,0x38,0x38,0x34,0x37,
  0x36,0x36,0x20,0x34,0x20,0x35,0x20,0x35,0x20,0x30,0x20,0x30,0x20,0x31,0x2d,0x34,
  0x2e,0x35,0x35,0x34,0x36,0x38,0x37,0x35,0x2d,0x33,0x68,0x33,0x2e,0x35,0x35,0x34,
  0x36,0x38,0x37,0x35,0x76,0x2d,0x31,0x68,0x2d,0x33,0x2e,0x38,0x38,0x34,0x37,0x36,
  0x35,0x36,0x2d,0x30,0x2e,0x31,0x31,0x35,0x32,0x33,0x34,0x34,0x2d,0x30,0x2e,0x39,
  0x30,0x38,0x32,0x30,0x33,0x31,0x2d,0x30,0x2e,0x30,0x39,0x31,0x37,0x39,0x36,0x39,
  0x7a,0x22,0x20,0x63,0x6c,0x61,0x73,0x73,0x3d,0x22,0x43,0x6f,0x6c,0x6f,0x72,0x53,
  0x63,0x68,0x65,0x6d,0x65,0x2d,0x54,0x65,0x78,0x74,0x22,0x20,0x66,0x69,0x6c,0x6c,
  0x3d,0x22,0x63,0x75,0x72,0x72,0x65,0x6e,0x74,0x43,0x6f,0x6c,0x6f,0x72,0x22,0x2f,
  0x3e,0xa,0x3c,0x2f,0x73,0x76,0x67,0x3e,0xa,
    // system-run.svg
  0x0,0x0,0x1,0x9e,
  0x3c,
  0x73,0x76,0x67,0x20,0x78,0x6d,0x6c,0x6e,0x73,0x3d,0x22,0x68,0x74,0x74,0x70,0x3a,
  0x2f,0x2f,0x77,0x77,0x77,0x2e,0x77,0x33,0x2e,0x6f,0x72,0x67,0x2f,0x32,0x30,0x30,
  0x30,0x2f,0x73,0x76,0x67,0x22,0x20,0x76,0x69,0x65,0x77,0x42,0x6f,0x78,0x3d,0x22,
  0x30,0x20,0x30,0x20,0x31,0x36,0x20,0x31,0x36,0x22,0x3e,0xa,0x20,0x20,0x3c,0x64,
  0x65,0x66,0x73,0x20,0x69,0x64,0x3d,0x22,0x64,0x65,0x66,0x73,0x33,0x30,0x35,0x31,
  0x22,0x3e,0xa,0x20,0x20,0x20,0x20,0x3c,0x73,0x74,0x79,0x6c,0x65,0x20,0x74,0x79,
  0x70,0x65,0x3d,0x22,0x74,0x65,0x78,0x74,0x2f,0x63,0x73,0x73,0x22,0x20,0x69,0x64,
  0x3d,0x22,0x63,0x75,0x72,0x72,0x65,0x6e,0x74,0x2d,0x63,0x6f,0x6c,0x6f,0x72,0x2d,
  0x73,0x63,0x68,0x65,0x6d,0x65,0x22,0x3e,0xa,0x20,0x20,0x20,0x20,0x20,0x20,0x2e,
  0x43,0x6f,0x6c,0x6f,0x72,0x53,0x63,0x68,0x65,0x6d,0x65,0x2d,0x54,0x65,0x78,0x74,
  0x20,0x7b,0xa,0x20,0x20,0x20,0x20,0x20,0x20,0x20,0x20,0x63,0x6f,0x6c,0x6f,0x72,
  0x3a,0x23,0x32,0x33,0x32,0x36,0x32,0x39,0x3b,0xa,0x20,0x20,0x20,0x20,0x20,0x20,
  0x7d,0xa,0x20,0x20,0x20,0x20,0x20,0x20,0x3c,0x2f,0x73,0x74,0x79,0x6c,0x65,0x3e,
  0xa,0x20,0x20,0x3c,0x2f,0x64,0x65,0x66,0x73,0x3e,0xa,0x20,0x3c,0x70,0x61,0x74,
  0x68,0x20,0x73,0x74,0x79,0x6c,0x65,0x3d,0x22,0x66,0x69,0x6c,0x6c,0x3a,0x63,0x75,
  0x72,0x72,0x65,0x6e,0x74,0x43,0x6f,0x6c,0x6f,0x72,0x3b,0x66,0x69,0x6c,0x6c,0x2d,
  0x6f,0x70,0x61,0x63,0x69,0x74,0x79,0x3a,0x31,0x3b,0x73,0x74,0x72,0x6f,0x6b,0x65,
  0x3a,0x6e,0x6f,0x6e,0x65,0x22,0x20,0xa,0x20,0x20,0x20,0x20,0x20,0x64,0x3d,0x22,
  0x6d,0x20,0x32,0x2c,0x32,0x20,0x30,0x2c,0x31,0x32,0x20,0x31,0x31,0x2c,0x30,0x20,
  0x30,0x2c,0x2d,0x31,0x20,0x2d,0x31,0x30,0x2c,0x30,0x20,0x30,0x2c,0x2d,0x38,0x20,
  0x31,0x30,0x2c,0x30,0x20,0x30,0x2c,0x38,0x20,0x30,0x2c,0x31,0x20,0x31,0x2c,0x30,
  0x20,0x4c,0x20,0x31,0x34,0x2c,0x32,0x20,0x33,0x2c,0x32,0x20,0x5a,0x20,0x6d,0x20,
  0x34,0x2c,0x34,0x20,0x30,0x2c,0x36,0x20,0x34,0x2c,0x2d,0x33,0x20,0x7a,0x22,0xa,
  0x20,0x20,0x20,0x20,0x20,0x63,0x6c,0x61,0x73,0x73,0x3d,0x22,0x43,0x6f,0x6c,0x6f,
  0x72,0x53,0x63,0x68,0x65,0x6d,0x65,0x2d,0x54,0x65,0x78,0x74,0x22,0xa,0x20,0x20,
  0x20,0x20,0x20,0x2f,0x3e,0xa,0x3c,0x2f,0x73,0x76,0x67,0x3e,0xa,
    // system-search.svg
  0x0,0x0,0x2,0xac,
  0x3c,
  0x73,0x76,0x67,0x20,0x78,0x6d,0x6c,0x6e,0x73,0x3d,0x22,0x68,0x74,0x74,0x70,0x3a,
  0x2f,0x2f,0x77,0x77,0x77,0x2e,0x77,0x33,0x2e,0x6f,0x72,0x67,0x2f,0x32,0x30,0x30,
  0x30,0x2f,0x73,0x76,0x67,0x22,0x20,0x76,0x69,0x65,0x77,0x42,0x6f,0x78,0x3d,0x22,
  0x30,0x20,0x30,0x20,0x31,0x36,0x20,0x31,0x36,0x22,0x3e,0xa,0x20,0x20,0x3c,0x64,
  0x65,0x66,0x73,0x20,0x69,0x64,0x3d,0x22,0x64,0x65,0x66,0x73,0x33,0x30,0x35,0x31,
  0x22,0x3e,0xa,0x20,0x20,0x20,0x20,0x3c,0x73,0x74,0x79,0x6c,0x65,0x20,0x74,0x79,
  0x70,0x65,0x3d,0x22,0x74,0x65,0x78,0x74,0x2f,0x63,0x73,0x73,0x22,0x20,0x69,0x64,
  0x3d,0x22,0x63,0x75,0x72,0x72,0x65,0x6e,0x74,0x2d,0x63,0x6f,0x6c,0x6f,0x72,0x2d,
  0x73,0x63,0x68,0x65,0x6d,0x65,0x22,0x3e,0xa,0x20,0x20,0x20,0x20,0x20,0x20,0x2e,
  0x43,0x6f,0x6c,0x6f,0x72,0x53,0x63,0x68,0x65,0x6d,0x65,0x2d,0x54,0x65,0x78,0x74,
  0x20,0x7b,0xa,0x20,0x20,0x20,0x20,0x20,0x20,0x20,0x20,0x63,0x6f,0x6c,0x6f,0x72,
  0x3a,0x23,0x32,0x33,0x32,0x36,0x32,0x39,0x3b,0xa,0x20,0x20,0x20,0x20,0x20,0x20,
  0x7d,0xa,0x20,0x20,0x20,0x20,0x20,0x20,0x3c,0x2f,0x73,0x74,0x79,0x6c,0x65,0x3e,
  0xa,0x20,0x20,0x3c,0x2f,0x64,0x65,0x66,0x73,0x3e,0xa,0x20,0x3c,0x70,0x61,0x74,
  0x68,0x20,0x73,0x74,0x79,0x6c,0x65,0x3d,0x22,0x66,0x69,0x6c,0x6c,0x3a,0x63,0x75,
  0x72,0x72,0x65,0x6e,0x74,0x43,0x6f,0x6c,0x6f,0x72,0x3b,0x66,0x69,0x6c,0x6c,0x2d,
  0x6f,0x70,0x61,0x63,0x69,0x74,0x79,0x3a,0x31,0x3b,0x73,0x74,0x72,0x6f,0x6b,0x65,
  0x3a,0x6e,0x6f,0x6e,0x65,0x22,0x20,0xa,0x20,0x20,0x20,0x20,0x20,0x64,0x3d,0x22,
  0x4d,0x20,0x36,0x2e,0x35,0x20,0x32,0x20,0x43,0x20,0x34,0x2e,0x30,0x30,0x37,0x20,
  0x32,0x20,0x32,0x20,0x34,0x2e,0x30,0x31,0x20,0x32,0x20,0x36,0x2e,0x35,0x20,0x43,
  0x20,0x32,0x20,0x38,0x2e,0x39,0x39,0x33,0x20,0x34,0x2e,0x30,0x31,0x20,0x31,0x31,
  0x20,0x36,0x2e,0x35,0x20,0x31,0x31,0x20,0x43,0x20,0x37,0x2e,0x35,0x36,0x33,0x36,
  0x34,0x33,0x32,0x20,0x31,0x31,0x20,0x38,0x2e,0x35,0x32,0x36,0x33,0x34,0x30,0x39,
  0x20,0x31,0x30,0x2e,0x36,0x31,0x38,0x38,0x30,0x31,0x20,0x39,0x2e,0x32,0x39,0x34,
  0x39,0x32,0x31,0x39,0x20,0x31,0x30,0x2e,0x30,0x30,0x35,0x38,0x35,0x39,0x20,0x4c,
  0x20,0x31,0x33,0x2e,0x32,0x39,0x32,0x39,0x36,0x39,0x20,0x31,0x34,0x2e,0x30,0x30,
  0x33,0x39,0x30,0x36,0x20,0x4c,0x20,0x31,0x34,0x20,0x31,0x33,0x2e,0x32,0x39,0x36,
  0x38,0x37,0x35,0x20,0x4c,0x20,0x31,0x30,0x2e,0x30,0x30,0x31,0x39,0x35,0x33,0x20,
  0x39,0x2e,0x32,0x39,0x38,0x38,0x32,0x38,0x31,0x20,0x43,0x20,0x31,0x30,0x2e,0x36,
  0x31,0x37,0x36,0x30,0x34,0x20,0x38,0x2e,0x35,0x32,0x39,0x30,0x34,0x38,0x20,0x31,
  0x31,0x20,0x37,0x2e,0x35,0x36,0x35,0x33,0x33,0x38,0x20,0x31,0x31,0x20,0x36,0x2e,
  0x35,0x20,0x43,0x20,0x31,0x31,0x20,0x34,0x2e,0x30,0x30,0x37,0x20,0x38,0x2e,0x39,
  0x39,0x20,0x32,0x20,0x36,0x2e,0x35,0x20,0x32,0x20,0x7a,0x20,0x4d,0x20,0x36,0x2e,
  0x35,0x20,0x33,0x20,0x43,0x20,0x38,0x2e,0x34,0x33,0x39,0x20,0x33,0x20,0x31,0x30,
  0x20,0x34,0x2e,0x35,0x36,0x31,0x20,0x31,0x30,0x20,0x36,0x2e,0x35,0x20,0x43,0x20,
  0x31,0x30,0x20,0x38,0x2e,0x34,0x33,0x39,0x20,0x38,0x2e,0x34,0x33,0x39,0x20,0x31,
  0x30,0x20,0x36,0x2e,0x35,0x20,0x31,0x30,0x20,0x43,0x20,0x34,0x2e,0x35,0x36,0x31,
  0x20,0x31,0x30,0x20,0x33,0x20,0x38,0x2e,0x34,0x33,0x39,0x20,0x33,0x20,0x36,0x2e,
  0x35,0x20,0x43,0x20,0x33,0x20,0x34,0x2e,0x35,0x36,0x31,0x20,0x34,0x2e,0x35,0x36,
  0x31,0x20,0x33,0x20,0x36,0x2e,0x35,0x20,0x33,0x20,0x7a,0x20,0x22,0xa,0x20,0x20,
  0x20,0x20,0x20,0x63,0x6c,0x61,0x73,0x73,0x3d,0x22,0x43,0x6f,0x6c,0x6f,0x72,0x53,
  0x63,0x68,0x65,0x6d,0x65,0x2d,0x54,0x65,0x78,0x74,0x22,0xa,0x20,0x20,0x20,0x20,
  0x20,0x2f,0x3e,0xa,0x3c,0x2f,0x73,0x76,0x67,0x3e,0xa,
    // document-save-as.svg
  0x0,0x0,0x3,0x95,
  0x3c,
  0x73,0x76,0x67,0x20,0x78,0x6d,0x6c,0x6e,0x73,0x3d,0x22,0x68,0x74,0x74,0x70,0x3a,
  0x2f,0x2f,0x77,0x77,0x77,0x2e,0x77,0x33,0x2e,0x6f,0x72,0x67,0x2f,0x32,0x30,0x30,
  0x30,0x2f,0x73,0x76,0x67,0x22,0x20,0x76,0x69,0x65,0x77,0x42,0x6f,0x78,0x3d,0x22,
  0x30,0x20,0x30,0x20,0x31,0x36,0x20,0x31,0x36,0x22,0x3e,0xa,0x20,0x20,0x3c,0x64,
  0x65,0x66,0x73,0x20,0x69,0x64,0x3d,0x22,0x64,0x65,0x66,0x73,0x33,0x30,0x35,0x31,
  0x22,0x3e,0xa,0x20,0x20,0x20,0x20,0x3c,0x73,0x74,0x79,0x6c,0x65,0x20,0x74,0x79,
  0x70,0x65,0x3d,0x22,0x74,0x65,0x78,0x74,0x2f,0x63,0x73,0x73,0x22,0x20,0x69,0x64,
  0x3d,0x22,0x63,0x75,0x72,0x72,0x65,0x6e,0x74,0x2d,0x63,0x6f,0x6c,0x6f,0x72,0x2d,
  0x73,0x63,0x68,0x65,0x6d,0x65,0x22,0x3e,0xa,0x20,0x20,0x20,0x20,0x20,0x20,0x2e,
  0x43,0x6f,0x6c,0x6f,0x72,0x53,0x63,0x68,0x65,0x6d,0x65,0x2d,0x54,0x65,0x78,0x74,
  0x20,0x7b,0xa,0x20,0x20,0x20,0x20,0x20,0x20,0x20,0x20,0x63,0x6f,0x6c,0x6f,0x72,
  0x3a,0x23,0x32,0x33,0x32,0x36,0x32,0x39,0x3b,0xa,0x20,0x20,0x20,0x20,0x20,0x20,
  0x7d,0xa,0x20,0x20,0x20,0x20,0x20,0x20,0x3c,0x2f,0x73,0x74,0x79,0x6c,0x65,0x3e,
  0xa,0x20,0x20,0x3c,0x2f,0x64,0x65,0x66,0x73,0x3e,0xa,0x20,0x3c,0x70,0x61,0x74,
  0x68,0x20,0x73,0x74,0x79,0x6c,0x65,0x3d,0x22,0x66,0x69,0x6c,0x6c,0x3a,0x63,0x75,
  0x72,0x72,0x65,0x6e,0x74,0x43,0x6f,0x6c,0x6f,0x72,0x3b,0x66,0x69,0x6c,0x6c,0x2d,
  0x6f,0x70,0x61,0x63,0x69,0x74,0x79,0x3a,0x31,0x3b,0x73,0x74,0x72,0x6f,0x6b,0x65,
  0x3a,0x6e,0x6f,0x6e,0x65,0x22,0x20,0xa,0x20,0x20,0x20,0x20,0x20,0x64,0x3d,0x22,
  0x4d,0x20,0x32,0x20,0x32,0x20,0x4c,0x20,0x32,0x20,0x31,0x34,0x20,0x4c,0x20,0x33,
  0x20,0x31,0x34,0x20,0x4c,0x20,0x34,0x20,0x31,0x34,0x20,0x4c,0x20,0x37,0x20,0x31,
  0x34,0x20,0x4c,0x20,0x37,0x20,0x31,0x33,0x20,0x4c,0x20,0x36,0x20,0x31,0x33,0x20,
  0x4c,0x20,0x35,0x20,0x31,0x33,0x20,0x4c,0x20,0x35,0x20,0x31,0x30,0x20,0x4c,0x20,
  0x36,0x20,0x31,0x30,0x20,0x4c,0x20,0x37,0x20,0x31,0x30,0x20,0x4c,0x20,0x38,0x20,
  0x31,0x30,0x20,0x4c,0x20,0x38,0x20,0x39,0x20,0x4c,0x20,0x37,0x20,0x39,0x20,0x4c,
  0x20,0x35,0x20,0x39,0x20,0x4c,0x20,0x33,0x2e,0x39,0x36,0x38,0x37,0x35,0x20,0x39,
  0x20,0x4c,0x20,0x33,0x2e,0x39,0x36,0x38,0x37,0x35,0x20,0x31,0x33,0x20,0x4c,0x20,
  0x33,0x20,0x31,0x33,0x20,0x4c,0x20,0x33,0x20,0x33,0x20,0x4c,0x20,0x34,0x20,0x33,
  0x20,0x4c,0x20,0x35,0x20,0x33,0x20,0x4c,0x20,0x35,0x20,0x36,0x20,0x4c,0x20,0x35,
  0x20,0x37,0x20,0x4c,0x20,0x37,0x20,0x37,0x20,0x4c,0x20,0x31,0x31,0x20,0x37,0x20,
  0x4c,0x20,0x31,0x31,0x20,0x36,0x20,0x4c,0x20,0x31,0x31,0x20,0x33,0x20,0x4c,0x20,
  0x31,0x31,0x2e,0x32,0x38,0x31,0x32,0x35,0x20,0x33,0x20,0x4c,0x20,0x31,0x33,0x20,
  0x34,0x2e,0x37,0x31,0x38,0x37,0x35,0x20,0x4c,0x20,0x31,0x33,0x20,0x35,0x20,0x4c,
  0x20,0x31,0x33,0x20,0x37,0x20,0x4c,0x20,0x31,0x34,0x20,0x37,0x20,0x4c,0x20,0x31,
  0x34,0x20,0x34,0x2e,0x32,0x38,0x31,0x32,0x35,0x20,0x4c,0x20,0x31,0x31,0x2e,0x37,
  0x31,0x38,0x37,0x35,0x20,0x32,0x20,0x4c,0x20,0x31,0x31,0x2e,0x36,0x38,0x37,0x35,
  0x20,0x32,0x20,0x4c,0x20,0x31,0x31,0x20,0x32,0x20,0x4c,0x20,0x34,0x20,0x32,0x20,
  0x4c,0x20,0x33,0x20,0x32,0x20,0x4c,0x20,0x32,0x20,0x32,0x20,0x7a,0x20,0x4d,0x20,
  0x36,0x20,0x33,0x20,0x4c,0x20,0x37,0x2e,0x39,0x30,0x36,0x32,0x35,0x20,0x33,0x20,
  0x4c,0x20,0x37,0x2e,0x39,0x30,0x36,0x32,0x35,0x20,0x36,0x20,0x4c,0x20,0x36,0x20,
  0x36,0x20,0x4c,0x20,0x36,0x20,0x33,0x20,0x7a,0x20,0x4d,0x20,0x31,0x32,0x20,0x38,
  0x20,0x4c,0x20,0x31,0x31,0x20,0x39,0x20,0x4c,0x20,0x31,0x30,0x20,0x31,0x30,0x20,
  0x4c,0x20,0x38,0x20,0x31,0x32,0x20,0x4c,0x20,0x38,0x20,0x31,0x33,0x20,0x4c,0x20,
  0x38,0x20,0x31,0x34,0x20,0x4c,0x20,0x31,0x30,0x20,0x31,0x34,0x20,0x4c,0x20,0x31,
  0x31,0x20,0x31,0x33,0x20,0x4c,0x20,0x31,0x32,0x20,0x31,0x32,0x20,0x4c,0x20,0x31,
  0x33,0x20,0x31,0x31,0x20,0x4c,0x20,0x31,0x34,0x20,0x31,0x30,0x20,0x4c,0x20,0x31,
  0x32,0x20,0x38,0x20,0x7a,0x20,0x4d,0x20,0x31,0x31,0x2e,0x36,0x38,0x39,0x34,0x35,
  0x33,0x20,0x39,0x2e,0x36,0x38,0x39,0x34,0x35,0x33,0x31,0x20,0x4c,0x20,0x31,0x32,
  0x2e,0x32,0x38,0x31,0x32,0x35,0x20,0x31,0x30,0x2e,0x32,0x38,0x31,0x32,0x35,0x20,
  0x4c,0x20,0x31,0x30,0x2e,0x35,0x39,0x33,0x37,0x35,0x20,0x31,0x31,0x2e,0x39,0x36,
  0x38,0x37,0x35,0x20,0x4c,0x20,0x31,0x30,0x2e,0x35,0x39,0x33,0x37,0x35,0x20,0x31,
  0x31,0x2e,0x39,0x38,0x34,0x33,0x37,0x35,0x20,0x4c,0x20,0x39,0x2e,0x33,0x31,0x32,
  0x35,0x20,0x31,0x33,0x2e,0x32,0x38,0x31,0x32,0x35,0x20,0x4c,0x20,0x38,0x2e,0x37,
  0x31,0x38,0x37,0x35,0x20,0x31,0x32,0x2e,0x36,0x38,0x37,0x35,0x20,0x4c,0x20,0x31,
  0x31,0x2e,0x36,0x38,0x39,0x34,0x35,0x33,0x20,0x39,0x2e,0x36,0x38,0x39,0x34,0x35,
  0x33,0x31,0x20,0x7a,0x20,0x22,0xa,0x20,0x20,0x20,0x20,0x20,0x63,0x6c,0x61,0x73,
  0x73,0x3d,0x22,0x43,0x6f,0x6c,0x6f,0x72,0x53,0x63,0x68,0x65,0x6d,0x65,0x2d,0x54,
  0x65,0x78,0x74,0x22,0xa,0x20,0x20,0x20,0x20,0x20,0x2f,0x3e,0xa,0x3c,0x2f,0x73,
  0x76,0x67,0x3e,0xa,
    // view-close.svg
  0x0,0x0,0x2,0xae,
  0x3c,
  0x73,0x76,0x67,0x20,0x78,0x6d,0x6c,0x6e,0x73,0x3d,0x22,0x68,0x74,0x74,0x70,0x3a,
  0x2f,0x2f,0x77,0x77,0x77,0x2e,0x77,0x33,0x2e,0x6f,0x72,0x67,0x2f,0x32,0x30,0x30,
  0x30,0x2f,0x73,0x76,0x67,0x22,0x20,0x76,0x69,0x65,0x77,0x42,0x6f,0x78,0x3d,0x22,
  0x30,0x20,0x30,0x20,0x31,0x36,0x20,0x31,0x36,0x22,0x3e,0xa,0x20,0x20,0x3c,0x64,
  0x65,0x66,0x73,0x20,0x69,0x64,0x3d,0x22,0x64,0x65,0x66,0x73,0x33,0x30,0x35,0x31,
  0x22,0x3e,0xa,0x20,0x20,0x20,0x20,0x3c,0x73,0x74,0x79,0x6c,0x65,0x20,0x74,0x79,
  0x70,0x65,0x3d,0x22,0x74,0x65,0x78,0x74,0x2f,0x63,0x73,0x73,0x22,0x20,0x69,0x64,
  0x3d,0x22,0x63,0x75,0x72,0x72,0x65,0x6e,0x74,0x2d,0x63,0x6f,0x6c,0x6f,0x72,0x2d,
  0x73,0x63,0x68,0x65,0x6d,0x65,0x22,0x3e,0xa,0x20,0x20,0x20,0x20,0x20,0x20,0x2e,
  0x43,0x6f,0x6c,0x6f,0x72,0x53,0x63,0x68,0x65,0x6d,0x65,0x2d,0x54,0x65,0x78,0x74,
  0x20,0x7b,0xa,0x20,0x20,0x20,0x20,0x20,0x20,0x20,0x20,0x63,0x6f,0x6c,0x6f,0x72,
  0x3a,0x23,0x32,0x33,0x32,0x36,0x32,0x39,0x3b,0xa,0x20,0x20,0x20,0x20,0x20,0x20,
  0x7d,0xa,0x20,0x20,0x20,0x20,0x20,0x20,0x2e,0x43,0x6f,0x6c,0x6f,0x72,0x53,0x63,
  0x68,0x65,0x6d,0x65,0x2d,0x4e,0x65,0x67,0x61,0x74,0x69,0x76,0x65,0x54,0x65,0x78,
  0x74,0x20,0x7b,0xa,0x20,0x20,0x20,0x20,0x20,0x20,0x20,0x20,0x63,0x6f,0x6c,0x6f,
  0x72,0x3a,0x23,0x64,0x61,0x34,0x34,0x35,0x33,0x3b,0xa,0x20,0x20,0x20,0x20,0x20,
  0x20,0x7d,0xa,0x20,0x20,0x20,0x20,0x20,0x20,0x3c,0x2f,0x73,0x74,0x79,0x6c,0x65,
  0x3e,0xa,0x20,0x20,0x3c,0x2f,0x64,0x65,0x66,0x73,0x3e,0xa,0x20,0x3c,0x70,0x61,
  0x74,0x68,0x20,0xa,0x20,0x20,0x20,0x20,0x20,0x73,0x74,0x79,0x6c,0x65,0x3d,0x22,
  0x66,0x69,0x6c,0x6c,0x3a,0x63,0x75,0x72,0x72,0x65,0x6e,0x74,0x43,0x6f,0x6c,0x6f,
  0x72,0x3b,0x66,0x69,0x6c,0x6c,0x2d,0x6f,0x70,0x61,0x63,0x69,0x74,0x79,0x3a,0x31,
  0x3b,0x73,0x74,0x72,0x6f,0x6b,0x65,0x3a,0x6e,0x6f,0x6e,0x65,0x22,0x20,0xa,0x20,
  0x20,0x20,0x20,0x20,0x64,0x3d,0x22,0x6d,0x32,0x20,0x32,0x76,0x31,0x32,0x68,0x31,
  0x32,0x76,0x2d,0x31,0x32,0x68,0x2d,0x31,0x32,0x6d,0x31,0x20,0x32,0x68,0x31,0x30,
  0x76,0x39,0x68,0x2d,0x31,0x30,0x76,0x2d,0x39,0x22,0x20,0xa,0x20,0x20,0x20,0x20,
  0x20,0x63,0x6c,0x61,0x73,0x73,0x3d,0x22,0x43,0x6f,0x6c,0x6f,0x72,0x53,0x63,0x68,
  0x65,0x6d,0x65,0x2d,0x54,0x65,0x78,0x74,0x22,0x2f,0x3e,0xa,0x20,0x3c,0x70,0x61,
  0x74,0x68,0x20,0xa,0x20,0x20,0x20,0x20,0x20,0x64,0x3d,0x22,0x6d,0x36,0x2e,0x32,
  0x20,0x36,0x6c,0x2d,0x2e,0x37,0x30,0x37,0x2e,0x37,0x30,0x37,0x20,0x31,0x2e,0x37,
  0x39,0x33,0x20,0x31,0x2e,0x37,0x39,0x33,0x2d,0x31,0x2e,0x37,0x39,0x33,0x20,0x31,
  0x2e,0x37,0x39,0x33,0x2e,0x37,0x30,0x37,0x2e,0x37,0x30,0x37,0x20,0x31,0x2e,0x37,
  0x39,0x33,0x2d,0x31,0x2e,0x37,0x39,0x33,0x20,0x31,0x2e,0x37,0x39,0x33,0x20,0x31,
  0x2e,0x37,0x39,0x33,0x2e,0x37,0x30,0x37,0x2d,0x2e,0x37,0x30,0x37,0x2d,0x31,0x2e,
  0x37,0x39,0x33,0x2d,0x31,0x2e,0x37,0x39,0x33,0x20,0x31,0x2e,0x37,0x39,0x33,0x2d,
  0x31,0x2e,0x37,0x39,0x33,0x2d,0x2e,0x37,0x30,0x37,0x2d,0x2e,0x37,0x30,0x37,0x2d,
  0x31,0x2e,0x37,0x39,0x33,0x20,0x31,0x2e,0x37,0x39,0x33,0x22,0xa,0x20,0x20,0x20,
  0x20,0x20,0x20,0x73,0x74,0x79,0x6c,0x65,0x3d,0x22,0x66,0x69,0x6c,0x6c,0x3a,0x63,
  0x75,0x72,0x72,0x65,0x6e,0x74,0x43,0x6f,0x6c,0x6f,0x72,0x3b,0x66,0x69,0x6c,0x6c,
  0x2d,0x6f,0x70,0x61,0x63,0x69,0x74,0x79,0x3a,0x31,0x3b,0x73,0x74,0x72,0x6f,0x6b,
  0x65,0x3a,0x6e,0x6f,0x6e,0x65,0x22,0x20,0xa,0x20,0x20,0x20,0x20,0x20,0x63,0x6c,
  0x61,0x73,0x73,0x3d,0x22,0x43,0x6f,0x6c,0x6f,0x72,0x53,0x63,0x68,0x65,0x6d,0x65,
  0x2d,0x4e,0x65,0x67,0x61,0x74,0x69,0x76,0x65,0x54,0x65,0x78,0x74,0x22,0xa,0x20,
  0x20,0x20,0x20,0x2f,0x3e,0xa,0x3c,0x2f,0x73,0x76,0x67,0x3e,0xa,
    // edit-copy.svg
  0x0,0x0,0x2,0x16,
  0x3c,
  0x21,0x44,0x4f,0x43,0x54,0x59,0x50,0x45,0x20,0x73,0x76,0x67,0x3e,0xa,0x3c,0x73,
  0x76,0x67,0x20,0x76,0x69,0x65,0x77,0x42,0x6f,0x78,0x3d,0x22,0x30,0x20,0x30,0x20,
  0x31,0x36,0x20,0x31,0x36,0x22,0x20,0x76,0x65,0x72,0x73,0x69,0x6f,0x6e,0x3d,0x22,
  0x31,0x2e,0x31,0x22,0x20,0x78,0x6d,0x6c,0x6e,0x73,0x3d,0x22,0x68,0x74,0x74,0x70,
  0x3a,0x2f,0x2f,0x77,0x77,0x77,0x2e,0x77,0x33,0x2e,0x6f,0x72,0x67,0x2f,0x32,0x30,
  0x30,0x30,0x2f,0x73,0x76,0x67,0x22,0x3e,0xa,0x20,0x20,0x20,0x20,0x3c,0x64,0x65,
  0x66,0x73,0x3e,0xa,0x20,0x20,0x20,0x20,0x20,0x20,0x20,0x20,0x3c,0x73,0x74,0x79,
  0x6c,0x65,0x20,0x74,0x79,0x70,0x65,0x3d,0x22,0x74,0x65,0x78,0x74,0x2f,0x63,0x73,
  0x73,0x22,0x20,0x69,0x64,0x3d,0x22,0x63,0x75,0x72,0x72,0x65,0x6e,0x74,0x2d,0x63,
  0x6f,0x6c,0x6f,0x72,0x2d,0x73,0x63,0x68,0x65,0x6d,0x65,0x22,0x3e,0xa,0x20,0x20,
  0x20,0x20,0x20,0x20,0x20,0x20,0x20,0x20,0x20,0x20,0x2e,0x43,0x6f,0x6c,0x6f,0x72,
  0x53,0x63,0x68,0x65,0x6d,0x65,0x2d,0x54,0x65,0x78,0x74,0x20,0x7b,0xa,0x20,0x20,
  0x20,0x20,0x20,0x20,0x20,0x20,0x20,0x20,0x20,0x20,0x20,0x20,0x20,0x20,0x63,0x6f,
  0x6c,0x6f,0x72,0x3a,0x23,0x32,0x33,0x32,0x36,0x32,0x39,0x3b,0xa,0x20,0x20,0x20,
  0x20,0x20,0x20,0x20,0x20,0x20,0x20,0x20,0x20,0x7d,0xa,0x20,0x20,0x20,0x20,0x20,
  0x20,0x20,0x20,0x3c,0x2f,0x73,0x74,0x79,0x6c,0x65,0x3e,0xa,0x20,0x20,0x20,0x20,
  0x3c,0x2f,0x64,0x65,0x66,0x73,0x3e,0xa,0x20,0x20,0x20,0x20,0x3c,0x70,0x61,0x74,
  0x68,0x20,0x63,0x6c,0x61,0x73,0x73,0x3d,0x22,0x43,0x6f,0x6c,0x6f,0x72,0x53,0x63,
  0x68,0x65,0x6d,0x65,0x2d,0x54,0x65,0x78,0x74,0x22,0x20,0x73,0x74,0x79,0x6c,0x65,
  0x3d,0x22,0x66,0x69,0x6c,0x6c,0x3a,0x63,0x75,0x72,0x72,0x65,0x6e,0x74,0x43,0x6f,
  0x6c,0x6f,0x72,0x3b,0x20,0x66,0x69,0x6c,0x6c,0x2d,0x6f,0x70,0x61,0x63,0x69,0x74,
  0x79,0x3a,0x31,0x3b,0x20,0x73,0x74,0x72,0x6f,0x6b,0x65,0x3a,0x6e,0x6f,0x6e,0x65,
  0x22,0x20,0x64,0x3d,0x22,0x4d,0x20,0x33,0x20,0x32,0x20,0x4c,0x20,0x33,0x20,0x31,
  0x32,0x20,0x4c,0x20,0x36,0x20,0x31,0x32,0x20,0x4c,0x20,0x36,0x20,0x31,0x34,0x20,
  0x4c,0x20,0x31,0x34,0x20,0x31,0x34,0x20,0x4c,0x20,0x31,0x34,0x20,0x37,0x20,0x4c,
  0x20,0x31,0x31,0x20,0x34,0x20,0x4c,0x20,0x31,0x30,0x20,0x34,0x20,0x4c,0x20,0x38,
  0x20,0x32,0x20,0x4c,0x20,0x33,0x20,0x32,0x20,0x5a,0x20,0x4d,0x20,0x34,0x20,0x33,
  0x20,0x4c,0x20,0x37,0x20,0x33,0x20,0x4c,0x20,0x37,0x20,0x34,0x20,0x4c,0x20,0x36,
  0x20,0x34,0x20,0x4c,0x20,0x36,0x20,0x31,0x31,0x20,0x4c,0x20,0x34,0x20,0x31,0x31,
  0x20,0x4c,0x20,0x34,0x20,0x33,0x20,0x5a,0x20,0x4d,0x20,0x37,0x20,0x35,0x20,0x4c,
  0x20,0x31,0x30,0x20,0x35,0x20,0x4c,0x20,0x31,0x30,0x20,0x38,0x20,0x4c,0x20,0x31,
  0x33,0x20,0x38,0x20,0x4c,0x20,0x31,0x33,0x20,0x31,0x33,0x20,0x4c,0x20,0x37,0x20,
  0x31,0x33,0x20,0x4c,0x20,0x37,0x20,0x35,0x20,0x5a,0x22,0x2f,0x3e,0xa,0x3c,0x2f,
  0x73,0x76,0x67,0x3e,0xa,
    // document-open.svg
  0x0,0x0,0x2,0xe,
  0x3c,
  0x73,0x76,0x67,0x20,0x78,0x6d,0x6c,0x6e,0x73,0x3d,0x22,0x68,0x74,0x74,0x70,0x3a,
  0x2f,0x2f,0x77,0x77,0x77,0x2e,0x77,0x33,0x2e,0x6f,0x72,0x67,0x2f,0x32,0x30,0x30,
  0x30,0x2f,0x73,0x76,0x67,0x22,0x20,0x76,0x69,0x65,0x77,0x42,0x6f,0x78,0x3d,0x22,
  0x30,0x20,0x30,0x20,0x31,0x36,0x20,0x31,0x36,0x22,0x3e,0xa,0x20,0x20,0x3c,0x64,
  0x65,0x66,0x73,0x20,0x69,0x64,0x3d,0x22,0x64,0x65,0x66,0x73,0x33,0x30,0x35,0x31,
  0x22,0x3e,0xa,0x20,0x20,0x20,0x20,0x3c,0x73,0x74,0x79,0x6c,0x65,0x20,0x74,0x79,
  0x70,0x65,0x3d,0x22,0x74,0x65,0x78,0x74,0x2f,0x63,0x73,0x73,0x22,0x20,0x69,0x64,
  0x3d,0x22,0x63,0x75,0x72,0x72,0x65,0x6e,0x74,0x2d,0x63,0x6f,0x6c,0x6f,0x72,0x2d,
  0x73,0x63,0x68,0x65,0x6d,0x65,0x22,0x3e,0xa,0x20,0x20,0x20,0x20,0x20,0x20,0x2e,
  0x43,0x6f,0x6c,0x6f,0x72,0x53,0x63,0x68,0x65,0x6d,0x65,0x2d,0x54,0x65,0x78,0x74,
  0x20,0x7b,0xa,0x20,0x20,0x20,0x20,0x20,0x20,0x20,0x20,0x63,0x6f,0x6c,0x6f,0x72,
  0x3a,0x23,0x32,0x33,0x32,0x36,0x32,0x39,0x3b,0xa,0x20,0x20,0x20,0x20,0x20,0x20,
  0x7d,0xa,0x20,0x20,0x20,0x20,0x20,0x20,0x3c,0x2f,0x73,0x74,0x79,0x6c,0x65,0x3e,
  0xa,0x20,0x20,0x3c,0x2f,0x64,0x65,0x66,0x73,0x3e,0xa,0x20,0x3c,0x70,0x61,0x74,
  0x68,0x20,0xa,0x20,0x20,0x20,0x20,0x20,0x73,0x74,0x79,0x6c,0x65,0x3d,0x22,0x66,
  0x69,0x6c,0x6c,0x3a,0x63,0x75,0x72,0x72,0x65,0x6e,0x74,0x43,0x6f,0x6c,0x6f,0x72,
  0x3b,0x66,0x69,0x6c,0x6c,0x2d,0x6f,0x70,0x61,0x63,0x69,0x74,0x79,0x3a,0x31,0x3b,
  0x73,0x74,0x72,0x6f,0x6b,0x65,0x3a,0x6e,0x6f,0x6e,0x65,0x22,0x20,0xa,0x20,0x20,
  0x20,0x20,0x20,0x64,0x3d,0x22,0x4d,0x20,0x33,0x20,0x32,0x20,0x4c,0x20,0x33,0x20,
  0x31,0x34,0x20,0x4c,0x20,0x36,0x20,0x31,0x34,0x20,0x4c,0x20,0x36,0x20,0x31,0x33,
  0x20,0x4c,0x20,0x34,0x20,0x31,0x33,0x20,0x4c,0x20,0x34,0x20,0x33,0x20,0x4c,0x20,
  0x39,0x20,0x33,0x20,0x4c,0x20,0x39,0x20,0x36,0x20,0x4c,0x20,0x31,0x32,0x20,0x36,
  0x20,0x4c,0x20,0x31,0x32,0x20,0x38,0x20,0x4c,0x20,0x31,0x33,0x20,0x38,0x20,0x4c,
  0x20,0x31,0x33,0x20,0x35,0x20,0x4c,0x20,0x31,0x30,0x20,0x32,0x20,0x4c,0x20,0x39,
  0x20,0x32,0x20,0x4c,0x20,0x33,0x20,0x32,0x20,0x7a,0x20,0x4d,0x20,0x37,0x20,0x38,
  0x20,0x4c,0x20,0x37,0x20,0x31,0x34,0x20,0x4c,0x20,0x31,0x33,0x20,0x31,0x34,0x20,
  0x4c,0x20,0x31,0x33,0x20,0x39,0x20,0x4c,0x20,0x31,0x31,0x20,0x39,0x20,0x4c,0x20,
  0x31,0x30,0x20,0x38,0x20,0x4c,0x20,0x37,0x20,0x38,0x20,0x7a,0x20,0x4d,0x20,0x38,
  0x20,0x31,0x30,0x20,0x4c,0x20,0x31,0x32,0x20,0x31,0x30,0x20,0x4c,0x20,0x31,0x32,
  0x20,0x31,0x33,0x20,0x4c,0x20,0x38,0x20,0x31,0x33,0x20,0x4c,0x20,0x38,0x20,0x31,
  0x30,0x20,0x7a,0x20,0x22,0xa,0x20,0x20,0x20,0x20,0x20,0x63,0x6c,0x61,0x73,0x73,
  0x3d,0x22,0x43,0x6f,0x6c,0x6f,0x72,0x53,0x63,0x68,0x65,0x6d,0x65,0x2d,0x54,0x65,
  0x78,0x74,0x22,0x2f,0x3e,0xa,0x3c,0x2f,0x73,0x76,0x67,0x3e,0xa,
    // network-connect.svg
  0x0,0x0,0x2,0x4a,
  0x3c,
  0x73,0x76,0x67,0x20,0x78,0x6d,0x6c,0x6e,0x73,0x3d,0x22,0x68,0x74,0x74,0x70,0x3a,
  0x2f,0x2f,0x77,0x77,0x77,0x2e,0x77,0x33,0x2e,0x6f,0x72,0x67,0x2f,0x32,0x30,0x30,
  0x30,0x2f,0x73,0x76,0x67,0x22,0x20,0x76,0x69,0x65,0x77,0x42,0x6f,0x78,0x3d,0x22,
  0x30,0x20,0x30,0x20,0x31,0x36,0x20,0x31,0x36,0x22,0x3e,0xa,0x20,0x20,0x3c,0x64,
  0x65,0x66,0x73,0x20,0x69,0x64,0x3d,0x22,0x64,0x65,0x66,0x73,0x33,0x30,0x35,0x31,
  0x22,0x3e,0xa,0x20,0x20,0x20,0x20,0x3c,0x73,0x74,0x79,0x6c,0x65,0x20,0x74,0x79,
  0x70,0x65,0x3d,0x22,0x74,0x65,0x78,0x74,0x2f,0x63,0x73,0x73,0x22,0x20,0x69,0x64,
  0x3d,0x22,0x63,0x75,0x72,0x72,0x65,0x6e,0x74,0x2d,0x63,0x6f,0x6c,0x6f,0x72,0x2d,
  0x73,0x63,0x68,0x65,0x6d,0x65,0x22,0x3e,0xa,0x20,0x20,0x20,0x20,0x20,0x20,0x2e,
  0x43,0x6f,0x6c,0x6f,0x72,0x53,0x63,0x68,0x65,0x6d,0x65,0x2d,0x54,0x65,0x78,0x74,
  0x20,0x7b,0xa,0x20,0x20,0x20,0x20,0x20,0x20,0x20,0x20,0x63,0x6f,0x6c,0x6f,0x72,
  0x3a,0x23,0x32,0x33,0x32,0x36,0x32,0x39,0x3b,0xa,0x20,0x20,0x20,0x20,0x20,0x20,
  0x7d,0xa,0x20,0x20,0x20,0x20,0x20,0x20,0x3c,0x2f,0x73,0x74,0x79,0x6c,0x65,0x3e,
  0xa,0x20,0x20,0x3c,0x2f,0x64,0x65,0x66,0x73,0x3e,0xa,0x20,0x3c,0x70,0x61,0x74,
  0x68,0x20,0x73,0x74,0x79,0x6c,0x65,0x3d,0x22,0x66,0x69,0x6c,0x6c,0x3a,0x63,0x75,
  0x72,0x72,0x65,0x6e,0x74,0x43,0x6f,0x6c,0x6f,0x72,0x3b,0x66,0x69,0x6c,0x6c,0x2d,
  0x6f,0x70,0x61,0x63,0x69,0x74,0x79,0x3a,0x31,0x3b,0x73,0x74,0x72,0x6f,0x6b,0x65,
  0x3a,0x6e,0x6f,0x6e,0x65,0x22,0x20,0xa,0x20,0x20,0x20,0x20,0x20,0x64,0x3d,0x22,
  0x4d,0x20,0x31,0x33,0x2e,0x33,0x30,0x30,0x37,0x38,0x31,0x20,0x32,0x20,0x4c,0x20,
  0x31,0x30,0x2e,0x36,0x35,0x30,0x33,0x39,0x31,0x20,0x34,0x2e,0x36,0x35,0x30,0x33,
  0x39,0x30,0x36,0x20,0x4c,0x20,0x39,0x2e,0x35,0x38,0x35,0x39,0x33,0x37,0x35,0x20,
  0x33,0x2e,0x35,0x38,0x35,0x39,0x33,0x37,0x35,0x20,0x4c,0x20,0x33,0x2e,0x35,0x38,
  0x35,0x39,0x33,0x37,0x35,0x20,0x39,0x2e,0x35,0x38,0x35,0x39,0x33,0x37,0x35,0x20,
  0x4c,0x20,0x34,0x2e,0x36,0x35,0x30,0x33,0x39,0x30,0x36,0x20,0x31,0x30,0x2e,0x36,
  0x35,0x30,0x33,0x39,0x31,0x20,0x4c,0x20,0x32,0x20,0x31,0x33,0x2e,0x33,0x30,0x30,
  0x37,0x38,0x31,0x20,0x4c,0x20,0x32,0x2e,0x36,0x39,0x39,0x32,0x31,0x38,0x38,0x20,
  0x31,0x34,0x20,0x4c,0x20,0x35,0x2e,0x33,0x34,0x39,0x36,0x30,0x39,0x34,0x20,0x31,
  0x31,0x2e,0x33,0x34,0x39,0x36,0x30,0x39,0x20,0x4c,0x20,0x36,0x2e,0x34,0x31,0x34,
  0x30,0x36,0x32,0x35,0x20,0x31,0x32,0x2e,0x34,0x31,0x34,0x30,0x36,0x32,0x20,0x4c,
  0x20,0x31,0x32,0x2e,0x34,0x31,0x34,0x30,0x36,0x32,0x20,0x36,0x2e,0x34,0x31,0x34,
  0x30,0x36,0x32,0x35,0x20,0x4c,0x20,0x31,0x31,0x2e,0x33,0x34,0x39,0x36,0x30,0x39,
  0x20,0x35,0x2e,0x33,0x34,0x39,0x36,0x30,0x39,0x34,0x20,0x4c,0x20,0x31,0x34,0x20,
  0x32,0x2e,0x36,0x39,0x39,0x32,0x31,0x38,0x38,0x20,0x4c,0x20,0x31,0x33,0x2e,0x33,
  0x30,0x30,0x37,0x38,0x31,0x20,0x32,0x20,0x7a,0x20,0x22,0xa,0x20,0x20,0x20,0x20,
  0x20,0x63,0x6c,0x61,0x73,0x73,0x3d,0x22,0x43,0x6f,0x6c,0x6f,0x72,0x53,0x63,0x68,
  0x65,0x6d,0x65,0x2d,0x54,0x65,0x78,0x74,0x22,0xa,0x20,0x20,0x20,0x20,0x20,0x2f,
  0x3e,0xa,0x3c,0x2f,0x73,0x76,0x67,0x3e,0xa,
    // window-restore-pip.svg
  0x0,0x0,0x2,0x55,
  0x3c,
  0x73,0x76,0x67,0x20,0x76,0x65,0x72,0x73,0x69,0x6f,0x6e,0x3d,0x22,0x31,0x2e,0x31,
  0x22,0x20,0x76,0x69,0x65,0x77,0x42,0x6f,0x78,0x3d,0x22,0x30,0x20,0x30,0x20,0x31,
  0x36,0x20,0x31,0x36,0x22,0x20,0x78,0x6d,0x6c,0x6e,0x73,0x3d,0x22,0x68,0x74,0x74,
  0x70,0x3a,0x2f,0x2f,0x77,0x77,0x77,0x2e,0x77,0x33,0x2e,0x6f,0x72,0x67,0x2f,0x32,
  0x30,0x30,0x30,0x2f,0x73,0x76,0x67,0x22,0x3e,0xa,0x20,0x20,0x20,0x20,0x3c,0x64,
  0x65,0x66,0x73,0x3e,0xa,0x20,0x20,0x20,0x20,0x20,0x20,0x20,0x20,0x3c,0x73,0x74,
  0x79,0x6c,0x65,0x20,0x69,0x64,0x3d,0x22,0x63,0x75,0x72,0x72,0x65,0x6e,0x74,0x2d,
  0x63,0x6f,0x6c,0x6f,0x72,0x2d,0x73,0x63,0x68,0x65,0x6d,0x65,0x22,0x20,0x74,0x79,
  0x70,0x65,0x3d,0x22,0x74,0x65,0x78,0x74,0x2f,0x63,0x73,0x73,0x22,0x3e,0x2e,0x43,
  0x6f,0x6c,0x6f,0x72,0x53,0x63,0x68,0x65,0x6d,0x65,0x2d,0x54,0x65,0x78,0x74,0x20,
  0x7b,0xa,0x20,0x20,0x20,0x20,0x20,0x20,0x20,0x20,0x63,0x6f,0x6c,0x6f,0x72,0x3a,
  0x23,0x32,0x33,0x32,0x36,0x32,0x39,0x3b,0xa,0x20,0x20,0x20,0x20,0x20,0x20,0x7d,
  0x3c,0x2f,0x73,0x74,0x79,0x6c,0x65,0x3e,0xa,0x20,0x20,0x20,0x20,0x3c,0x2f,0x64,
  0x65,0x66,0x73,0x3e,0xa,0x20,0x20,0x20,0x20,0x3c,0x70,0x61,0x74,0x68,0x20,0x63,
  0x6c,0x61,0x73,0x73,0x3d,0x22,0x43,0x6f,0x6c,0x6f,0x72,0x53,0x63,0x68,0x65,0x6d,
  0x65,0x2d,0x54,0x65,0x78,0x74,0x22,0x20,0x64,0x3d,0x22,0x6d,0x32,0x20,0x32,0x76,
  0x31,0x32,0x68,0x36,0x76,0x2d,0x31,0x68,0x2d,0x35,0x76,0x2d,0x39,0x68,0x31,0x30,
  0x76,0x34,0x68,0x31,0x76,0x2d,0x36,0x7a,0x6d,0x37,0x20,0x37,0x76,0x36,0x68,0x36,
  0x76,0x2d,0x36,0x7a,0x6d,0x31,0x20,0x32,0x68,0x34,0x76,0x33,0x68,0x2d,0x34,0x7a,
  0x22,0x20,0x66,0x69,0x6c,0x6c,0x3d,0x22,0x63,0x75,0x72,0x72,0x65,0x6e,0x74,0x43,
  0x6f,0x6c,0x6f,0x72,0x22,0x2f,0x3e,0xa,0x20,0x20,0x20,0x20,0x3c,0x70,0x61,0x74,
  0x68,0x20,0x63,0x6c,0x61,0x73,0x73,0x3d,0x22,0x43,0x6f,0x6c,0x6f,0x72,0x53,0x63,
  0x68,0x65,0x6d,0x65,0x2d,0x54,0x65,0x78,0x74,0x22,0x20,0x64,0x3d,0x22,0x4d,0x20,
  0x34,0x2c,0x38,0x2e,0x39,0x39,0x39,0x37,0x38,0x36,0x20,0x48,0x20,0x34,0x2e,0x39,
  0x39,0x39,0x39,0x36,0x30,0x36,0x20,0x56,0x20,0x37,0x2e,0x36,0x35,0x37,0x33,0x38,
  0x39,0x20,0x4c,0x20,0x34,0x2e,0x39,0x39,0x39,0x39,0x35,0x39,0x36,0x2c,0x36,0x2e,
  0x37,0x30,0x37,0x32,0x31,0x33,0x20,0x37,0x2e,0x38,0x39,0x32,0x38,0x34,0x35,0x32,
  0x2c,0x39,0x2e,0x35,0x39,0x30,0x31,0x37,0x31,0x20,0x38,0x2e,0x36,0x2c,0x38,0x2e,
  0x38,0x38,0x33,0x30,0x36,0x35,0x20,0x35,0x2e,0x37,0x31,0x31,0x30,0x36,0x32,0x33,
  0x2c,0x35,0x2e,0x39,0x39,0x39,0x39,0x34,0x36,0x20,0x6c,0x20,0x30,0x2e,0x39,0x35,
  0x30,0x32,0x30,0x30,0x36,0x2c,0x31,0x65,0x2d,0x36,0x20,0x31,0x2e,0x33,0x33,0x39,
  0x31,0x38,0x37,0x35,0x2c,0x2d,0x31,0x65,0x2d,0x36,0x20,0x2d,0x34,0x2e,0x36,0x36,
  0x36,0x65,0x2d,0x34,0x2c,0x2d,0x30,0x2e,0x39,0x39,0x39,0x38,0x39,0x33,0x20,0x48,
  0x20,0x36,0x2e,0x36,0x36,0x31,0x32,0x36,0x31,0x39,0x20,0x4c,0x20,0x34,0x2e,0x30,
  0x30,0x30,0x34,0x31,0x33,0x31,0x2c,0x35,0x20,0x34,0x2c,0x37,0x2e,0x36,0x35,0x37,
  0x33,0x38,0x38,0x20,0x5a,0x22,0x20,0x66,0x69,0x6c,0x6c,0x3d,0x22,0x63,0x75,0x72,
  0x72,0x65,0x6e,0x74,0x43,0x6f,0x6c,0x6f,0x72,0x22,0x2f,0x3e,0xa,0x3c,0x2f,0x73,
  0x76,0x67,0x3e,0xa,
    // network-disconnect.svg
  0x0,0x0,0x4,0x4,
  0x3c,
  0x73,0x76,0x67,0x20,0x78,0x6d,0x6c,0x6e,0x73,0x3d,0x22,0x68,0x74,0x74,0x70,0x3a,
  0x2f,0x2f,0x77,0x77,0x77,0x2e,0x77,0x33,0x2e,0x6f,0x72,0x67,0x2f,0x32,0x30,0x30,
  0x30,0x2f,0x73,0x76,0x67,0x22,0x20,0x76,0x69,0x65,0x77,0x42,0x6f,0x78,0x3d,0x22,
  0x30,0x20,0x30,0x20,0x31,0x36,0x20,0x31,0x36,0x22,0x3e,0xa,0x20,0x20,0x3c,0x64,
  0x65,0x66,0x73,0x20,0x69,0x64,0x3d,0x22,0x64,0x65,0x66,0x73,0x33,0x30,0x35,0x31,
  0x22,0x3e,0xa,0x20,0x20,0x20,0x20,0x3c,0x73,0x74,0x79,0x6c,0x65,0x20,0x74,0x79,
  0x70,0x65,0x3d,0x22,0x74,0x65,0x78,0x74,0x2f,0x63,0x73,0x73,0x22,0x20,0x69,0x64,
  0x3d,0x22,0x63,0x75,0x72,0x72,0x65,0x6e,0x74,0x2d,0x63,0x6f,0x6c,0x6f,0x72,0x2d,
  0x73,0x63,0x68,0x65,0x6d,0x65,0x22,0x3e,0xa,0x20,0x20,0x20,0x20,0x20,0x20,0x2e,
  0x43,0x6f,0x6c,0x6f,0x72,0x53,0x63,0x68,0x65,0x6d,0x65,0x2d,0x54,0x65,0x78,0x74,
  0x20,0x7b,0xa,0x20,0x20,0x20,0x20,0x20,0x20,0x20,0x20,0x63,0x6f,0x6c,0x6f,0x72,
  0x3a,0x23,0x32,0x33,0x32,0x36,0x32,0x39,0x3b,0xa,0x20,0x20,0x20,0x20,0x20,0x20,
  0x7d,0xa,0x20,0x20,0x20,0x20,0x20,0x20,0x2e,0x43,0x6f,0x6c,0x6f,0x72,0x53,0x63,
  0x68,0x65,0x6d,0x65,0x2d,0x4e,0x65,0x67,0x61,0x74,0x69,0x76,0x65,0x54,0x65,0x78,
  0x74,0x20,0x7b,0xa,0x20,0x20,0x20,0x20,0x20,0x20,0x20,0x20,0x63,0x6f,0x6c,0x6f,
  0x72,0x3a,0x23,0x64,0x61,0x34,0x34,0x35,0x33,0x3b,0xa,0x20,0x20,0x20,0x20,0x20,
  0x20,0x7d,0xa,0x20,0x20,0x20,0x20,0x20,0x20,0x3c,0x2f,0x73,0x74,0x79,0x6c,0x65,
  0x3e,0xa,0x20,0x20,0x3c,0x2f,0x64,0x65,0x66,0x73,0x3e,0xa,0x20,0x3c,0x70,0x61,
  0x74,0x68,0x20,0x73,0x74,0x79,0x6c,0x65,0x3d,0x22,0x66,0x69,0x6c,0x6c,0x3a,0x63,
  0x75,0x72,0x72,0x65,0x6e,0x74,0x43,0x6f,0x6c,0x6f,0x72,0x3b,0x66,0x69,0x6c,0x6c,
  0x2d,0x6f,0x70,0x61,0x63,0x69,0x74,0x79,0x3a,0x31,0x3b,0x73,0x74,0x72,0x6f,0x6b,
  0x65,0x3a,0x6e,0x6f,0x6e,0x65,0x22,0x20,0xa,0x20,0x20,0x20,0x20,0x20,0x64,0x3d,
  0x22,0x4d,0x20,0x31,0x33,0x2e,0x33,0x30,0x30,0x37,0x38,0x31,0x20,0x32,0x20,0x4c,
  0x20,0x31,0x30,0x2e,0x36,0x35,0x30,0x33,0x39,0x31,0x20,0x34,0x2e,0x36,0x35,0x30,
  0x33,0x39,0x30,0x36,0x20,0x4c,0x20,0x39,0x2e,0x35,0x38,0x35,0x39,0x33,0x37,0x35,
  0x20,0x33,0x2e,0x35,0x38,0x35,0x39,0x33,0x37,0x35,0x20,0x4c,0x20,0x36,0x2e,0x35,
  0x38,0x35,0x39,0x33,0x37,0x35,0x20,0x36,0x2e,0x35,0x38,0x35,0x39,0x33,0x37,0x35,
  0x20,0x4c,0x20,0x39,0x2e,0x34,0x31,0x34,0x30,0x36,0x32,0x35,0x20,0x39,0x2e,0x34,
  0x31,0x34,0x30,0x36,0x32,0x35,0x20,0x4c,0x20,0x31,0x32,0x2e,0x34,0x31,0x34,0x30,
  0x36,0x32,0x20,0x36,0x2e,0x34,0x31,0x34,0x30,0x36,0x32,0x35,0x20,0x4c,0x20,0x31,
  0x31,0x2e,0x33,0x34,0x39,0x36,0x30,0x39,0x20,0x35,0x2e,0x33,0x34,0x39,0x36,0x30,
  0x39,0x34,0x20,0x4c,0x20,0x31,0x34,0x20,0x32,0x2e,0x36,0x39,0x39,0x32,0x31,0x38,
  0x38,0x20,0x4c,0x20,0x31,0x33,0x2e,0x33,0x30,0x30,0x37,0x38,0x31,0x20,0x32,0x20,
  0x7a,0x20,0x4d,0x20,0x35,0x2e,0x35,0x38,0x35,0x39,0x33,0x37,0x35,0x20,0x37,0x2e,
  0x35,0x38,0x35,0x39,0x33,0x37,0x35,0x20,0x4c,0x20,0x33,0x2e,0x35,0x38,0x35,0x39,
  0x33,0x37,0x35,0x20,0x39,0x2e,0x35,0x38,0x35,0x39,0x33,0x37,0x35,0x20,0x4c,0x20,
  0x34,0x2e,0x36,0x35,0x30,0x33,0x39,0x30,0x36,0x20,0x31,0x30,0x2e,0x36,0x35,0x30,
  0x33,0x39,0x31,0x20,0x4c,0x20,0x32,0x20,0x31,0x33,0x2e,0x33,0x30,0x30,0x37,0x38,
  0x31,0x20,0x4c,0x20,0x32,0x2e,0x36,0x39,0x39,0x32,0x31,0x38,0x38,0x20,0x31,0x34,
  0x20,0x4c,0x20,0x35,0x2e,0x33,0x34,0x39,0x36,0x30,0x39,0x34,0x20,0x31,0x31,0x2e,
  0x33,0x34,0x39,0x36,0x30,0x39,0x20,0x4c,0x20,0x36,0x2e,0x34,0x31,0x34,0x30,0x36,
  0x32,0x35,0x20,0x31,0x32,0x2e,0x34,0x31,0x34,0x30,0x36,0x32,0x20,0x4c,0x20,0x38,
  0x2e,0x34,0x31,0x34,0x30,0x36,0x32,0x35,0x20,0x31,0x30,0x2e,0x34,0x31,0x34,0x30,
  0x36,0x32,0x20,0x4c,0x20,0x35,0x2e,0x35,0x38,0x35,0x39,0x33,0x37,0x35,0x20,0x37,
  0x2e,0x35,0x38,0x35,0x39,0x33,0x37,0x35,0x20,0x7a,0x20,0x22,0xa,0x20,0x20,0x20,
  0x20,0x20,0x63,0x6c,0x61,0x73,0x73,0x3d,0x22,0x43,0x6f,0x6c,0x6f,0x72,0x53,0x63,
  0x68,0x65,0x6d,0x65,0x2d,0x54,0x65,0x78,0x74,0x22,0xa,0x20,0x20,0x20,0x20,0x20,
  0x2f,0x3e,0xa,0x20,0x20,0x20,0x3c,0x70,0x61,0x74,0x68,0xa,0x20,0x20,0x20,0x20,
  0x20,0x73,0x74,0x79,0x6c,0x65,0x3d,0x22,0x66,0x69,0x6c,0x6c,0x3a,0x63,0x75,0x72,
  0x72,0x65,0x6e,0x74,0x43,0x6f,0x6c,0x6f,0x72,0x3b,0x66,0x69,0x6c,0x6c,0x2d,0x6f,
  0x70,0x61,0x63,0x69,0x74,0x79,0x3a,0x31,0x3b,0x73,0x74,0x72,0x6f,0x6b,0x65,0x3a,
  0x6e,0x6f,0x6e,0x65,0x22,0x20,0xa,0x20,0x20,0x20,0x20,0x20,0x64,0x3d,0x22,0x4d,
  0x20,0x39,0x2c,0x39,0x2e,0x38,0x33,0x20,0x31,0x30,0x2e,0x36,0x36,0x37,0x2c,0x31,
  0x31,0x2e,0x34,0x39,0x37,0x20,0x39,0x2c,0x31,0x33,0x2e,0x31,0x36,0x34,0x20,0x39,
  0x2e,0x38,0x33,0x33,0x2c,0x31,0x33,0x2e,0x39,0x39,0x37,0x20,0x31,0x31,0x2e,0x35,
  0x2c,0x31,0x32,0x2e,0x33,0x33,0x20,0x31,0x33,0x2e,0x31,0x36,0x37,0x2c,0x31,0x33,
  0x2e,0x39,0x39,0x37,0x20,0x31,0x34,0x2c,0x31,0x33,0x2e,0x31,0x36,0x34,0x20,0x31,
  0x32,0x2e,0x33,0x33,0x33,0x2c,0x31,0x31,0x2e,0x34,0x39,0x37,0x20,0x31,0x34,0x2c,
  0x39,0x2e,0x38,0x33,0x20,0x31,0x33,0x2e,0x31,0x36,0x37,0x2c,0x38,0x2e,0x39,0x39,
  0x37,0x20,0x31,0x31,0x2e,0x35,0x2c,0x31,0x30,0x2e,0x36,0x36,0x34,0x20,0x39,0x2e,
  0x38,0x33,0x33,0x2c,0x38,0x2e,0x39,0x39,0x37,0x20,0x5a,0x22,0x20,0xa,0x20,0x20,
  0x20,0x20,0x20,0x63,0x6c,0x61,0x73,0x73,0x3d,0x22,0x43,0x6f,0x6c,0x6f,0x72,0x53,
  0x63,0x68,0x65,0x6d,0x65,0x2d,0x4e,0x65,0x67,0x61,0x74,0x69,0x76,0x65,0x54,0x65,
  0x78,0x74,0x22,0xa,0x20,0x20,0x20,0x20,0x20,0x2f,0x3e,0xa,0x3c,0x2f,0x73,0x76,
  0x67,0x3e,0xa,
    // tools-report-bug.svg
  0x0,0x0,0x1,0xc5,
  0x3c,
  0x73,0x76,0x67,0x20,0x78,0x6d,0x6c,0x6e,0x73,0x3d,0x22,0x68,0x74,0x74,0x70,0x3a,
  0x2f,0x2f,0x77,0x77,0x77,0x2e,0x77,0x33,0x2e,0x6f,0x72,0x67,0x2f,0x32,0x30,0x30,
  0x30,0x2f,0x73,0x76,0x67,0x22,0x20,0x76,0x69,0x65,0x77,0x42,0x6f,0x78,0x3d,0x22,
  0x30,0x20,0x30,0x20,0x31,0x36,0x20,0x31,0x36,0x22,0x3e,0xa,0x20,0x20,0x3c,0x64,
  0x65,0x66,0x73,0x20,0x69,0x64,0x3d,0x22,0x64,0x65,0x66,0x73,0x33,0x30,0x35,0x31,
  0x22,0x3e,0xa,0x20,0x20,0x20,0x20,0x3c,0x73,0x74,0x79,0x6c,0x65,0x20,0x74,0x79,
  0x70,0x65,0x3d,0x22,0x74,0x65,0x78,0x74,0x2f,0x63,0x73,0x73,0x22,0x20,0x69,0x64,
  0x3d,0x22,0x63,0x75,0x72,0x72,0x65,0x6e,0x74,0x2d,0x63,0x6f,0x6c,0x6f,0x72,0x2d,
  0x73,0x63,0x68,0x65,0x6d,0x65,0x22,0x3e,0xa,0x20,0x20,0x20,0x20,0x20,0x20,0x2e,
  0x43,0x6f,0x6c,0x6f,0x72,0x53,0x63,0x68,0x65,0x6d,0x65,0x2d,0x54,0x65,0x78,0x74,
  0x20,0x7b,0xa,0x20,0x20,0x20,0x20,0x20,0x20,0x20,0x20,0x63,0x6f,0x6c,0x6f,0x72,
  0x3a,0x23,0x32,0x33,0x32,0x36,0x32,0x39,0x3b,0xa,0x20,0x20,0x20,0x20,0x20,0x20,
  0x7d,0xa,0x20,0x20,0x20,0x20,0x20,0x20,0x3c,0x2f,0x73,0x74,0x79,0x6c,0x65,0x3e,
  0xa,0x20,0x20,0x3c,0x2f,0x64,0x65,0x66,0x73,0x3e,0xa,0x20,0x3c,0x70,0x61,0x74,
  0x68,0x20,0x73,0x74,0x79,0x6c,0x65,0x3d,0x22,0x66,0x69,0x6c,0x6c,0x3a,0x63,0x75,
  0x72,0x72,0x65,0x6e,0x74,0x43,0x6f,0x6c,0x6f,0x72,0x3b,0x66,0x69,0x6c,0x6c,0x2d,
  0x6f,0x70,0x61,0x63,0x69,0x74,0x79,0x3a,0x31,0x3b,0x73,0x74,0x72,0x6f,0x6b,0x65,
  0x3a,0x6e,0x6f,0x6e,0x65,0x22,0x20,0xa,0x20,0x20,0x20,0x20,0x20,0x64,0x3d,0x22,
  0x6d,0x32,0x20,0x32,0x76,0x31,0x32,0x68,0x31,0x32,0x76,0x2d,0x31,0x32,0x7a,0x6d,
  0x31,0x20,0x31,0x68,0x31,0x30,0x76,0x31,0x30,0x68,0x2d,0x31,0x30,0x7a,0x6d,0x31,
  0x20,0x32,0x76,0x32,0x68,0x32,0x76,0x2d,0x32,0x7a,0x6d,0x36,0x20,0x30,0x76,0x32,
  0x68,0x32,0x76,0x2d,0x32,0x7a,0x6d,0x2d,0x34,0x20,0x34,0x76,0x31,0x68,0x34,0x76,
  0x2d,0x31,0x7a,0x6d,0x34,0x20,0x31,0x76,0x31,0x68,0x31,0x76,0x2d,0x31,0x7a,0x6d,
  0x31,0x20,0x31,0x76,0x31,0x68,0x31,0x76,0x2d,0x31,0x7a,0x6d,0x2d,0x35,0x2d,0x31,
  0x68,0x2d,0x31,0x76,0x31,0x68,0x31,0x7a,0x6d,0x2d,0x31,0x20,0x31,0x68,0x2d,0x31,
  0x76,0x31,0x68,0x31,0x7a,0x22,0xa,0x20,0x20,0x20,0x20,0x20,0x63,0x6c,0x61,0x73,
  0x73,0x3d,0x22,0x43,0x6f,0x6c,0x6f,0x72,0x53,0x63,0x68,0x65,0x6d,0x65,0x2d,0x54,
  0x65,0x78,0x74,0x22,0xa,0x20,0x20,0x20,0x20,0x20,0x2f,0x3e,0xa,0x3c,0x2f,0x73,
  0x76,0x67,0x3e,0xa,
    // go-down.svg
  0x0,0x0,0x1,0x4c,
  0x3c,
  0x73,0x76,0x67,0x20,0x76,0x69,0x65,0x77,0x42,0x6f,0x78,0x3d,0x22,0x30,0x20,0x30,
  0x20,0x31,0x36,0x20,0x31,0x36,0x22,0x20,0x78,0x6d,0x6c,0x6e,0x73,0x3d,0x22,0x68,
  0x74,0x74,0x70,0x3a,0x2f,0x2f,0x77,0x77,0x77,0x2e,0x77,0x33,0x2e,0x6f,0x72,0x67,
  0x2f,0x32,0x30,0x30,0x30,0x2f,0x73,0x76,0x67,0x22,0x3e,0xa,0x20,0x20,0x20,0x20,
  0x3c,0x73,0x74,0x79,0x6c,0x65,0xa,0x20,0x20,0x20,0x20,0x20,0x20,0x20,0x20,0x74,
  0x79,0x70,0x65,0x3d,0x22,0x74,0x65,0x78,0x74,0x2f,0x63,0x73,0x73,0x22,0xa,0x20,
  0x20,0x20,0x20,0x20,0x20,0x20,0x20,0x69,0x64,0x3d,0x22,0x63,0x75,0x72,0x72,0x65,
  0x6e,0x74,0x2d,0x63,0x6f,0x6c,0x6f,0x72,0x2d,0x73,0x63,0x68,0x65,0x6d,0x65,0x22,
  0x3e,0xa,0x20,0x20,0x20,0x20,0x20,0x20,0x20,0x20,0x2e,0x43,0x6f,0x6c,0x6f,0x72,
  0x53,0x63,0x68,0x65,0x6d,0x65,0x2d,0x54,0x65,0x78,0x74,0x20,0x7b,0xa,0x20,0x20,
  0x20,0x20,0x20,0x20,0x20,0x20,0x20,0x20,0x20,0x20,0x63,0x6f,0x6c,0x6f,0x72,0x3a,
  0x23,0x32,0x33,0x32,0x36,0x32,0x39,0x3b,0xa,0x20,0x20,0x20,0x20,0x20,0x20,0x20,
  0x20,0x7d,0xa,0x20,0x20,0x20,0x20,0x3c,0x2f,0x73,0x74,0x79,0x6c,0x65,0x3e,0xa,
  0x20,0x20,0x20,0x20,0x3c,0x70,0x61,0x74,0x68,0x20,0x64,0x3d,0x22,0x4d,0x38,0x20,
  0x31,0x31,0x2e,0x37,0x30,0x37,0x6c,0x2d,0x36,0x2d,0x36,0x4c,0x32,0x2e,0x37,0x30,
  0x37,0x20,0x35,0x20,0x38,0x20,0x31,0x30,0x2e,0x32,0x39,0x33,0x20,0x31,0x33,0x2e,
  0x32,0x39,0x33,0x20,0x35,0x6c,0x2e,0x37,0x30,0x37,0x2e,0x37,0x30,0x37,0x2d,0x36,
  0x20,0x36,0x7a,0x22,0x20,0x63,0x6c,0x61,0x73,0x73,0x3d,0x22,0x43,0x6f,0x6c,0x6f,
  0x72,0x53,0x63,0x68,0x65,0x6d,0x65,0x2d,0x54,0x65,0x78,0x74,0x22,0x20,0x66,0x69,
  0x6c,0x6c,0x3d,0x22,0x63,0x75,0x72,0x72,0x65,0x6e,0x74,0x43,0x6f,0x6c,0x6f,0x72,
  0x22,0x2f,0x3e,0xa,0x3c,0x2f,0x73,0x76,0x67,0x3e,0xa,
    // window-minimize-pip.svg
  0x0,0x0,0x2,0x66,
  0x3c,
  0x73,0x76,0x67,0x20,0x76,0x65,0x72,0x73,0x69,0x6f,0x6e,0x3d,0x22,0x31,0x2e,0x31,
  0x22,0x20,0x76,0x69,0x65,0x77,0x42,0x6f,0x78,0x3d,0x22,0x30,0x20,0x30,0x20,0x31,
  0x36,0x20,0x31,0x36,0x22,0x20,0x78,0x6d,0x6c,0x6e,0x73,0x3d,0x22,0x68,0x74,0x74,
  0x70,0x3a,0x2f,0x2f,0x77,0x77,0x77,0x2e,0x77,0x33,0x2e,0x6f,0x72,0x67,0x2f,0x32,
  0x30,0x30,0x30,0x2f,0x73,0x76,0x67,0x22,0x3e,0xa,0x20,0x20,0x20,0x20,0x3c,0x64,
  0x65,0x66,0x73,0x3e,0xa,0x20,0x20,0x20,0x20,0x20,0x20,0x20,0x20,0x3c,0x73,0x74,
  0x79,0x6c,0x65,0x20,0x69,0x64,0x3d,0x22,0x63,0x75,0x72,0x72,0x65,0x6e,0x74,0x2d,
  0x63,0x6f,0x6c,0x6f,0x72,0x2d,0x73,0x63,0x68,0x65,0x6d,0x65,0x22,0x20,0x74,0x79,
  0x70,0x65,0x3d,0x22,0x74,0x65,0x78,0x74,0x2f,0x63,0x73,0x73,0x22,0x3e,0x2e,0x43,
  0x6f,0x6c,0x6f,0x72,0x53,0x63,0x68,0x65,0x6d,0x65,0x2d,0x54,0x65,0x78,0x74,0x20,
  0x7b,0xa,0x20,0x20,0x20,0x20,0x20,0x20,0x20,0x20,0x63,0x6f,0x6c,0x6f,0x72,0x3a,
  0x23,0x32,0x33,0x32,0x36,0x32,0x39,0x3b,0xa,0x20,0x20,0x20,0x20,0x20,0x20,0x7d,
  0x3c,0x2f,0x73,0x74,0x79,0x6c,0x65,0x3e,0xa,0x20,0x20,0x20,0x20,0x3c,0x2f,0x64,
  0x65,0x66,0x73,0x3e,0xa,0x20,0x20,0x20,0x20,0x3c,0x70,0x61,0x74,0x68,0x20,0x63,
  0x6c,0x61,0x73,0x73,0x3d,0x22,0x43,0x6f,0x6c,0x6f,0x72,0x53,0x63,0x68,0x65,0x6d,
  0x65,0x2d,0x54,0x65,0x78,0x74,0x22,0x20,0x64,0x3d,0x22,0x6d,0x32,0x20,0x32,0x76,
  0x31,0x32,0x68,0x36,0x76,0x2d,0x31,0x68,0x2d,0x35,0x76,0x2d,0x39,0x68,0x31,0x30,
  0x76,0x34,0x68,0x31,0x76,0x2d,0x36,0x7a,0x6d,0x37,0x20,0x37,0x76,0x36,0x68,0x36,
  0x76,0x2d,0x36,0x7a,0x6d,0x31,0x20,0x32,0x68,0x34,0x76,0x33,0x68,0x2d,0x34,0x7a,
  0x22,0x20,0x66,0x69,0x6c,0x6c,0x3d,0x22,0x63,0x75,0x72,0x72,0x65,0x6e,0x74,0x43,
  0x6f,0x6c,0x6f,0x72,0x22,0x2f,0x3e,0xa,0x20,0x20,0x20,0x20,0x3c,0x70,0x61,0x74,
  0x68,0x20,0x63,0x6c,0x61,0x73,0x73,0x3d,0x22,0x43,0x6f,0x6c,0x6f,0x72,0x53,0x63,
  0x68,0x65,0x6d,0x65,0x2d,0x54,0x65,0x78,0x74,0x22,0x20,0x64,0x3d,0x22,0x6d,0x37,
  0x2e,0x39,0x39,0x39,0x39,0x34,0x36,0x35,0x20,0x35,0x2e,0x30,0x30,0x30,0x32,0x31,
  0x33,0x37,0x2d,0x30,0x2e,0x39,0x39,0x39,0x38,0x39,0x33,0x20,0x32,0x65,0x2d,0x37,
  0x76,0x31,0x2e,0x33,0x34,0x32,0x33,0x39,0x37,0x35,0x6c,0x31,0x65,0x2d,0x36,0x20,
  0x30,0x2e,0x39,0x35,0x30,0x31,0x37,0x35,0x34,0x2d,0x32,0x2e,0x38,0x39,0x32,0x36,
  0x38,0x39,0x38,0x2d,0x32,0x2e,0x38,0x38,0x32,0x39,0x35,0x38,0x2d,0x30,0x2e,0x37,
  0x30,0x37,0x31,0x30,0x37,0x20,0x30,0x2e,0x37,0x30,0x37,0x31,0x30,0x36,0x37,0x20,
  0x32,0x2e,0x38,0x38,0x38,0x37,0x34,0x32,0x33,0x20,0x32,0x2e,0x38,0x38,0x33,0x31,
  0x31,0x38,0x35,0x2d,0x30,0x2e,0x39,0x35,0x30,0x31,0x33,0x36,0x34,0x2d,0x37,0x65,
  0x2d,0x37,0x20,0x2d,0x31,0x2e,0x33,0x33,0x39,0x30,0x39,0x36,0x39,0x20,0x37,0x65,
  0x2d,0x37,0x20,0x34,0x2e,0x36,0x36,0x36,0x65,0x2d,0x34,0x20,0x30,0x2e,0x39,0x39,
  0x39,0x38,0x39,0x32,0x38,0x68,0x31,0x2e,0x33,0x33,0x38,0x36,0x33,0x31,0x33,0x6c,
  0x32,0x2e,0x36,0x36,0x30,0x36,0x36,0x38,0x38,0x20,0x35,0x2e,0x33,0x32,0x65,0x2d,
  0x35,0x20,0x34,0x2e,0x31,0x33,0x31,0x65,0x2d,0x34,0x20,0x2d,0x32,0x2e,0x36,0x35,
  0x37,0x33,0x38,0x38,0x31,0x7a,0x22,0x20,0x66,0x69,0x6c,0x6c,0x3d,0x22,0x63,0x75,
  0x72,0x72,0x65,0x6e,0x74,0x43,0x6f,0x6c,0x6f,0x72,0x22,0x2f,0x3e,0xa,0x3c,0x2f,
  0x73,0x76,0x67,0x3e,0xa,
    // edit-clear-all.svg
  0x0,0x0,0x5,0x38,
  0x3c,
  0x73,0x76,0x67,0x20,0x78,0x6d,0x6c,0x6e,0x73,0x3d,0x22,0x68,0x74,0x74,0x70,0x3a,
  0x2f,0x2f,0x77,0x77,0x77,0x2e,0x77,0x33,0x2e,0x6f,0x72,0x67,0x2f,0x32,0x30,0x30,
  0x30,0x2f,0x73,0x76,0x67,0x22,0x20,0x76,0x69,0x65,0x77,0x42,0x6f,0x78,0x3d,0x22,
  0x30,0x20,0x30,0x20,0x31,0x36,0x20,0x31,0x36,0x22,0x3e,0xa,0x20,0x20,0x3c,0x64,
  0x65,0x66,0x73,0x20,0x69,0x64,0x3d,0x22,0x64,0x65,0x66,0x73,0x33,0x30,0x35,0x31,
  0x22,0x3e,0xa,0x20,0x20,0x20,0x20,0x3c,0x73,0x74,0x79,0x6c,0x65,0x20,0x74,0x79,
  0x70,0x65,0x3d,0x22,0x74,0x65,0x78,0x74,0x2f,0x63,0x73,0x73,0x22,0x20,0x69,0x64,
  0x3d,0x22,0x63,0x75,0x72,0x72,0x65,0x6e,0x74,0x2d,0x63,0x6f,0x6c,0x6f,0x72,0x2d,
  0x73,0x63,0x68,0x65,0x6d,0x65,0x22,0x3e,0xa,0x20,0x20,0x20,0x20,0x20,0x20,0x2e,
  0x43,0x6f,0x6c,0x6f,0x72,0x53,0x63,0x68,0x65,0x6d,0x65,0x2d,0x54,0x65,0x78,0x74,
  0x20,0x7b,0xa,0x20,0x20,0x20,0x20,0x20,0x20,0x20,0x20,0x63,0x6f,0x6c,0x6f,0x72,
  0x3a,0x23,0x32,0x33,0x32,0x36,0x32,0x39,0x3b,0xa,0x20,0x20,0x20,0x20,0x20,0x20,
  0x7d,0xa,0x20,0x20,0x20,0x20,0x20,0x20,0x3c,0x2f,0x73,0x74,0x79,0x6c,0x65,0x3e,
  0xa,0x20,0x20,0x3c,0x2f,0x64,0x65,0x66,0x73,0x3e,0xa,0x20,0x3c,0x70,0x61,0x74,
  0x68,0x20,0x73,0x74,0x79,0x6c,0x65,0x3d,0x22,0x66,0x69,0x6c,0x6c,0x3a,0x63,0x75,
  0x72,0x72,0x65,0x6e,0x74,0x43,0x6f,0x6c,0x6f,0x72,0x3b,0x66,0x69,0x6c,0x6c,0x2d,
  0x6f,0x70,0x61,0x63,0x69,0x74,0x79,0x3a,0x31,0x3b,0x73,0x74,0x72,0x6f,0x6b,0x65,
  0x3a,0x6e,0x6f,0x6e,0x65,0x22,0x20,0xa,0x20,0x20,0x20,0x20,0x20,0x64,0x3d,0x22,
  0x4d,0x20,0x32,0x2e,0x35,0x20,0x32,0x20,0x43,0x20,0x32,0x2e,0x32,0x32,0x33,0x38,
  0x35,0x37,0x36,0x20,0x32,0x20,0x32,0x20,0x32,0x2e,0x32,0x32,0x33,0x38,0x35,0x37,
  0x36,0x20,0x32,0x20,0x32,0x2e,0x35,0x20,0x43,0x20,0x32,0x20,0x32,0x2e,0x37,0x37,
  0x36,0x31,0x34,0x32,0x34,0x20,0x32,0x2e,0x32,0x32,0x33,0x38,0x35,0x37,0x36,0x20,
  0x33,0x20,0x32,0x2e,0x35,0x20,0x33,0x20,0x43,0x20,0x32,0x2e,0x37,0x37,0x36,0x31,
  0x34,0x32,0x34,0x20,0x33,0x20,0x33,0x20,0x32,0x2e,0x37,0x37,0x36,0x31,0x34,0x32,
  0x34,0x20,0x33,0x20,0x32,0x2e,0x35,0x20,0x43,0x20,0x33,0x20,0x32,0x2e,0x32,0x32,
  0x33,0x38,0x35,0x37,0x36,0x20,0x32,0x2e,0x37,0x37,0x36,0x31,0x34,0x32,0x34,0x20,
  0x32,0x20,0x32,0x2e,0x35,0x20,0x32,0x20,0x7a,0x20,0x4d,0x20,0x35,0x2e,0x35,0x20,
  0x32,0x20,0x43,0x20,0x35,0x2e,0x32,0x32,0x33,0x38,0x35,0x37,0x36,0x20,0x32,0x20,
  0x35,0x20,0x32,0x2e,0x32,0x32,0x33,0x38,0x35,0x37,0x36,0x20,0x35,0x20,0x32,0x2e,
  0x35,0x20,0x43,0x20,0x35,0x20,0x32,0x2e,0x37,0x37,0x36,0x31,0x34,0x32,0x34,0x20,
  0x35,0x2e,0x32,0x32,0x33,0x38,0x35,0x37,0x36,0x20,0x33,0x20,0x35,0x2e,0x35,0x20,
  0x33,0x20,0x43,0x20,0x35,0x2e,0x37,0x37,0x36,0x31,0x34,0x32,0x34,0x20,0x33,0x20,
  0x36,0x20,0x32,0x2e,0x37,0x37,0x36,0x31,0x34,0x32,0x34,0x20,0x36,0x20,0x32,0x2e,
  0x35,0x20,0x43,0x20,0x36,0x20,0x32,0x2e,0x32,0x32,0x33,0x38,0x35,0x37,0x36,0x20,
  0x35,0x2e,0x37,0x37,0x36,0x31,0x34,0x32,0x34,0x20,0x32,0x20,0x35,0x2e,0x35,0x20,
  0x32,0x20,0x7a,0x20,0x4d,0x20,0x31,0x33,0x2e,0x31,0x36,0x30,0x31,0x35,0x36,0x20,
  0x32,0x20,0x4c,0x20,0x39,0x2e,0x37,0x33,0x38,0x32,0x38,0x31,0x32,0x20,0x36,0x2e,
  0x33,0x31,0x30,0x35,0x34,0x36,0x39,0x20,0x43,0x20,0x39,0x2e,0x30,0x36,0x32,0x37,
  0x36,0x35,0x20,0x36,0x2e,0x30,0x35,0x33,0x37,0x31,0x35,0x36,0x20,0x38,0x2e,0x32,
  0x31,0x31,0x31,0x30,0x38,0x32,0x20,0x35,0x2e,0x39,0x38,0x32,0x34,0x34,0x39,0x38,
  0x20,0x37,0x20,0x36,0x20,0x43,0x20,0x35,0x2e,0x36,0x34,0x34,0x32,0x32,0x34,0x34,
  0x20,0x37,0x2e,0x32,0x39,0x33,0x30,0x38,0x31,0x35,0x20,0x34,0x2e,0x37,0x35,0x30,
  0x37,0x35,0x39,0x37,0x20,0x37,0x2e,0x37,0x30,0x39,0x31,0x39,0x39,0x31,0x20,0x32,
  0x20,0x38,0x20,0x4c,0x20,0x32,0x20,0x39,0x20,0x43,0x20,0x34,0x2e,0x31,0x31,0x33,
  0x37,0x31,0x33,0x35,0x20,0x31,0x32,0x2e,0x33,0x37,0x31,0x36,0x39,0x32,0x20,0x35,
  0x2e,0x34,0x37,0x34,0x35,0x37,0x36,0x33,0x20,0x31,0x34,0x20,0x39,0x20,0x31,0x34,
  0x20,0x4c,0x20,0x31,0x30,0x20,0x31,0x34,0x20,0x43,0x20,0x31,0x31,0x2e,0x30,0x37,
  0x33,0x39,0x36,0x31,0x20,0x31,0x32,0x2e,0x36,0x31,0x36,0x31,0x39,0x35,0x20,0x31,
  0x31,0x2e,0x36,0x32,0x37,0x31,0x31,0x39,0x20,0x31,0x31,0x2e,0x36,0x31,0x30,0x31,
  0x36,0x39,0x20,0x31,0x32,0x20,0x31,0x30,0x20,0x4c,0x20,0x31,0x32,0x20,0x39,0x20,
  0x43,0x20,0x31,0x31,0x2e,0x35,0x35,0x38,0x35,0x30,0x37,0x20,0x38,0x2e,0x30,0x30,
  0x39,0x33,0x39,0x32,0x34,0x20,0x31,0x31,0x2e,0x31,0x35,0x38,0x30,0x30,0x34,0x20,
  0x37,0x2e,0x33,0x33,0x34,0x36,0x30,0x34,0x20,0x31,0x30,0x2e,0x36,0x37,0x33,0x38,
  0x32,0x38,0x20,0x36,0x2e,0x38,0x37,0x38,0x39,0x30,0x36,0x32,0x20,0x4c,0x20,0x31,
  0x34,0x20,0x32,0x2e,0x36,0x36,0x30,0x31,0x35,0x36,0x32,0x20,0x4c,0x20,0x31,0x33,
  0x2e,0x31,0x36,0x30,0x31,0x35,0x36,0x20,0x32,0x20,0x7a,0x20,0x4d,0x20,0x34,0x20,
  0x34,0x20,0x43,0x20,0x33,0x2e,0x34,0x34,0x37,0x37,0x31,0x35,0x33,0x20,0x34,0x20,
  0x33,0x20,0x34,0x2e,0x34,0x34,0x37,0x37,0x31,0x35,0x33,0x20,0x33,0x20,0x35,0x20,
  0x43,0x20,0x33,0x20,0x35,0x2e,0x35,0x35,0x32,0x32,0x38,0x34,0x37,0x20,0x33,0x2e,
  0x34,0x34,0x37,0x37,0x31,0x35,0x33,0x20,0x36,0x20,0x34,0x20,0x36,0x20,0x43,0x20,
  0x34,0x2e,0x35,0x35,0x32,0x32,0x38,0x34,0x37,0x20,0x36,0x20,0x35,0x20,0x35,0x2e,
  0x35,0x35,0x32,0x32,0x38,0x34,0x37,0x20,0x35,0x20,0x35,0x20,0x43,0x20,0x35,0x20,
  0x34,0x2e,0x34,0x34,0x37,0x37,0x31,0x35,0x33,0x20,0x34,0x2e,0x35,0x35,0x32,0x32,
  0x38,0x34,0x37,0x20,0x34,0x20,0x34,0x20,0x34,0x20,0x7a,0x20,0x4d,0x20,0x37,0x2e,
  0x35,0x32,0x39,0x32,0x39,0x36,0x39,0x20,0x37,0x2e,0x31,0x30,0x31,0x35,0x36,0x32,
  0x35,0x20,0x43,0x20,0x39,0x2e,0x36,0x33,0x32,0x32,0x39,0x30,0x33,0x20,0x37,0x2e,
  0x32,0x36,0x35,0x35,0x37,0x36,0x35,0x20,0x31,0x30,0x2e,0x31,0x36,0x38,0x35,0x38,
  0x35,0x20,0x38,0x2e,0x30,0x31,0x36,0x32,0x36,0x36,0x33,0x20,0x31,0x30,0x2e,0x38,
  0x35,0x37,0x34,0x32,0x32,0x20,0x39,0x2e,0x36,0x39,0x39,0x32,0x31,0x38,0x38,0x20,
  0x43,0x20,0x31,0x30,0x2e,0x32,0x38,0x34,0x35,0x39,0x34,0x20,0x31,0x31,0x2e,0x32,
  0x34,0x35,0x38,0x36,0x20,0x31,0x30,0x2e,0x33,0x38,0x35,0x34,0x30,0x33,0x20,0x31,
  0x31,0x2e,0x36,0x30,0x32,0x38,0x33,0x33,0x20,0x39,0x2e,0x32,0x37,0x33,0x34,0x33,
  0x37,0x35,0x20,0x31,0x32,0x2e,0x39,0x36,0x38,0x37,0x35,0x20,0x43,0x20,0x36,0x2e,
  0x31,0x33,0x35,0x35,0x39,0x32,0x32,0x20,0x31,0x32,0x2e,0x36,0x39,0x34,0x39,0x31,
  0x35,0x20,0x35,0x2e,0x30,0x35,0x32,0x37,0x36,0x38,0x20,0x31,0x31,0x2e,0x35,0x34,
  0x30,0x35,0x33,0x38,0x20,0x33,0x2e,0x33,0x32,0x36,0x31,0x37,0x31,0x39,0x20,0x38,
  0x2e,0x38,0x33,0x30,0x30,0x37,0x38,0x31,0x20,0x43,0x20,0x35,0x2e,0x31,0x32,0x32,
  0x33,0x35,0x34,0x20,0x38,0x2e,0x37,0x35,0x36,0x37,0x34,0x38,0x32,0x20,0x36,0x2e,
  0x31,0x30,0x38,0x34,0x32,0x37,0x34,0x20,0x38,0x2e,0x31,0x30,0x34,0x36,0x32,0x38,
  0x35,0x20,0x37,0x2e,0x35,0x32,0x39,0x32,0x39,0x36,0x39,0x20,0x37,0x2e,0x31,0x30,
  0x31,0x35,0x36,0x32,0x35,0x20,0x7a,0x20,0x22,0xa,0x20,0x20,0x20,0x20,0x20,0x63,
  0x6c,0x61,0x73,0x73,0x3d,0x22,0x43,0x6f,0x6c,0x6f,0x72,0x53,0x63,0x68,0x65,0x6d,
  0x65,0x2d,0x54,0x65,0x78,0x74,0x22,0xa,0x20,0x20,0x20,0x20,0x20,0x2f,0x3e,0xa,
  0x3c,0x2f,0x73,0x76,0x67,0x3e,0xa,
    // software-updates-release.svg
  0x0,0x0,0x6,0xe5,
  0x3c,
  0x3f,0x78,0x6d,0x6c,0x20,0x76,0x65,0x72,0x73,0x69,0x6f,0x6e,0x3d,0x22,0x31,0x2e,
  0x30,0x22,0x20,0x65,0x6e,0x63,0x6f,0x64,0x69,0x6e,0x67,0x3d,0x22,0x55,0x54,0x46,
  0x2d,0x38,0x22,0x3f,0x3e,0xa,0x3c,0x73,0x76,0x67,0x20,0x78,0x6d,0x6c,0x6e,0x73,
  0x3d,0x22,0x68,0x74,0x74,0x70,0x3a,0x2f,0x2f,0x77,0x77,0x77,0x2e,0x77,0x33,0x2e,
  0x6f,0x72,0x67,0x2f,0x32,0x30,0x30,0x30,0x2f,0x73,0x76,0x67,0x22,0x20,0x78,0x6d,
  0x6c,0x6e,0x73,0x3a,0x78,0x6c,0x69,0x6e,0x6b,0x3d,0x22,0x68,0x74,0x74,0x70,0x3a,
  0x2f,0x2f,0x77,0x77,0x77,0x2e,0x77,0x33,0x2e,0x6f,0x72,0x67,0x2f,0x31,0x39,0x39,
  0x39,0x2f,0x78,0x6c,0x69,0x6e,0x6b,0x22,0x20,0x78,0x6d,0x6c,0x6e,0x73,0x3a,0x63,
  0x63,0x3d,0x22,0x68,0x74,0x74,0x70,0x3a,0x2f,0x2f,0x63,0x72,0x65,0x61,0x74,0x69,
  0x76,0x65,0x63,0x6f,0x6d,0x6d,0x6f,0x6e,0x73,0x2e,0x6f,0x72,0x67,0x2f,0x6e,0x73,
  0x23,0x22,0x20,0x78,0x6d,0x6c,0x6e,0x73,0x3a,0x64,0x63,0x3d,0x22,0x68,0x74,0x74,
  0x70,0x3a,0x2f,0x2f,0x70,0x75,0x72,0x6c,0x2e,0x6f,0x72,0x67,0x2f,0x64,0x63,0x2f,
  0x65,0x6c,0x65,0x6d,0x65,0x6e,0x74,0x73,0x2f,0x31,0x2e,0x31,0x2f,0x22,0x20,0x78,
  0x6d,0x6c,0x6e,0x73,0x3a,0x72,0x64,0x66,0x3d,0x22,0x68,0x74,0x74,0x70,0x3a,0x2f,
  0x2f,0x77,0x77,0x77,0x2e,0x77,0x33,0x2e,0x6f,0x72,0x67,0x2f,0x31,0x39,0x39,0x39,
  0x2f,0x30,0x32,0x2f,0x32,0x32,0x2d,0x72,0x64,0x66,0x2d,0x73,0x79,0x6e,0x74,0x61,
  0x78,0x2d,0x6e,0x73,0x23,0x22,0x20,0x78,0x6d,0x6c,0x6e,0x73,0x3a,0x69,0x6e,0x6b,
  0x73,0x63,0x61,0x70,0x65,0x3d,0x22,0x68,0x74,0x74,0x70,0x3a,0x2f,0x2f,0x77,0x77,
  0x77,0x2e,0x69,0x6e,0x6b,0x73,0x63,0x61,0x70,0x65,0x2e,0x6f,0x72,0x67,0x2f,0x6e,
  0x61,0x6d,0x65,0x73,0x70,0x61,0x63,0x65,0x73,0x2f,0x69,0x6e,0x6b,0x73,0x63,0x61,
  0x70,0x65,0x22,0x20,0x78,0x6d,0x6c,0x6e,0x73,0x3a,0x73,0x6f,0x64,0x69,0x70,0x6f,
  0x64,0x69,0x3d,0x22,0x68,0x74,0x74,0x70,0x3a,0x2f,0x2f,0x73,0x6f,0x64,0x69,0x70,
  0x6f,0x64,0x69,0x2e,0x73,0x6f,0x75,0x72,0x63,0x65,0x66,0x6f,0x72,0x67,0x65,0x2e,
  0x6e,0x65,0x74,0x2f,0x44,0x54,0x44,0x2f,0x73,0x6f,0x64,0x69,0x70,0x6f,0x64,0x69,
  0x2d,0x30,0x2e,0x64,0x74,0x64,0x22,0x20,0x77,0x69,0x64,0x74,0x68,0x3d,0x22,0x32,
  0x32,0x22,0x20,0x68,0x65,0x69,0x67,0x68,0x74,0x3d,0x22,0x32,0x32,0x22,0x3e,0xa,
  0x20,0x20,0x20,0x20,0x3c,0x73,0x74,0x79,0x6c,0x65,0x20,0x74,0x79,0x70,0x65,0x3d,
  0x22,0x74,0x65,0x78,0x74,0x2f,0x63,0x73,0x73,0x22,0x20,0x69,0x64,0x3d,0x22,0x63,
  0x75,0x72,0x72,0x65,0x6e,0x74,0x2d,0x63,0x6f,0x6c,0x6f,0x72,0x2d,0x73,0x63,0x68,
  0x65,0x6d,0x65,0x22,0x3e,0xa,0x20,0x20,0x20,0x20,0x20,0x20,0x2e,0x43,0x6f,0x6c,
  0x6f,0x72,0x53,0x63,0x68,0x65,0x6d,0x65,0x2d,0x54,0x65,0x78,0x74,0x20,0x7b,0xa,
  0x20,0x20,0x20,0x20,0x20,0x20,0x20,0x20,0x63,0x6f,0x6c,0x6f,0x72,0x3a,0x23,0x33,
  0x31,0x33,0x36,0x33,0x62,0x3b,0xa,0x20,0x20,0x20,0x20,0x20,0x20,0x7d,0xa,0x20,
  0x20,0x20,0x20,0x20,0x20,0x2e,0x43,0x6f,0x6c,0x6f,0x72,0x53,0x63,0x68,0x65,0x6d,
  0x65,0x2d,0x42,0x61,0x63,0x6b,0x67,0x72,0x6f,0x75,0x6e,0x64,0x20,0x7b,0xa,0x20,
  0x20,0x20,0x20,0x20,0x20,0x20,0x20,0x63,0x6f,0x6c,0x6f,0x72,0x3a,0x23,0x65,0x66,
  0x66,0x30,0x66,0x31,0x3b,0xa,0x20,0x20,0x20,0x20,0x20,0x20,0x7d,0xa,0x20,0x20,
  0x20,0x20,0x20,0x20,0x2e,0x43,0x6f,0x6c,0x6f,0x72,0x53,0x63,0x68,0x65,0x6d,0x65,
  0x2d,0x41,0x63,0x63,0x65,0x6e,0x74,0x20,0x7b,0xa,0x20,0x20,0x20,0x20,0x20,0x20,
  0x20,0x20,0x63,0x6f,0x6c,0x6f,0x72,0x3a,0x23,0x33,0x64,0x61,0x65,0x65,0x39,0x3b,
  0xa,0x20,0x20,0x20,0x20,0x20,0x20,0x7d,0xa,0x20,0x20,0x20,0x20,0x20,0x20,0x2e,
  0x43,0x6f,0x6c,0x6f,0x72,0x53,0x63,0x68,0x65,0x6d,0x65,0x2d,0x42,0x75,0x74,0x74,
  0x6f,0x6e,0x54,0x65,0x78,0x74,0x20,0x7b,0xa,0x20,0x20,0x20,0x20,0x20,0x20,0x20,
  0x20,0x63,0x6f,0x6c,0x6f,0x72,0x3a,0x23,0x33,0x31,0x33,0x36,0x33,0x62,0x3b,0xa,
  0x20,0x20,0x20,0x20,0x20,0x20,0x7d,0xa,0x20,0x20,0x20,0x20,0x20,0x20,0x3c,0x2f,
  0x73,0x74,0x79,0x6c,0x65,0x3e,0xa,0x20,0x20,0x20,0x20,0x3c,0x67,0x20,0x69,0x64,
  0x3d,0x22,0x73,0x6f,0x66,0x74,0x77,0x61,0x72,0x65,0x2d,0x75,0x70,0x64,0x61,0x74,
  0x65,0x73,0x2d,0x72,0x65,0x6c,0x65,0x61,0x73,0x65,0x22,0x20,0x74,0x72,0x61,0x6e,
  0x73,0x66,0x6f,0x72,0x6d,0x3d,0x22,0x74,0x72,0x61,0x6e,0x73,0x6c,0x61,0x74,0x65,
  0x28,0x30,0x2c,0x32,0x32,0x29,0x20,0x74,0x72,0x61,0x6e,0x73,0x6c,0x61,0x74,0x65,
  0x28,0x30,0x2c,0x2d,0x32,0x32,0x29,0x22,0x3e,0xa,0x20,0x20,0x20,0x20,0x3c,0x70,
  0x61,0x74,0x68,0x20,0x73,0x74,0x79,0x6c,0x65,0x3d,0x22,0x66,0x69,0x6c,0x6c,0x3a,
  0x23,0x32,0x65,0x63,0x63,0x37,0x31,0x3b,0x66,0x69,0x6c,0x6c,0x2d,0x6f,0x70,0x61,
  0x63,0x69,0x74,0x79,0x3a,0x31,0x3b,0x66,0x69,0x6c,0x6c,0x2d,0x72,0x75,0x6c,0x65,
  0x3a,0x65,0x76,0x65,0x6e,0x6f,0x64,0x64,0x3b,0x73,0x74,0x72,0x6f,0x6b,0x65,0x3a,
  0x6e,0x6f,0x6e,0x65,0x3b,0x73,0x74,0x72,0x6f,0x6b,0x65,0x2d,0x77,0x69,0x64,0x74,
  0x68,0x3a,0x31,0x70,0x78,0x3b,0x73,0x74,0x72,0x6f,0x6b,0x65,0x2d,0x6c,0x69,0x6e,
  0x65,0x63,0x61,0x70,0x3a,0x62,0x75,0x74,0x74,0x3b,0x73,0x74,0x72,0x6f,0x6b,0x65,
  0x2d,0x6c,0x69,0x6e,0x65,0x6a,0x6f,0x69,0x6e,0x3a,0x6d,0x69,0x74,0x65,0x72,0x3b,
  0x73,0x74,0x72,0x6f,0x6b,0x65,0x2d,0x6f,0x70,0x61,0x63,0x69,0x74,0x79,0x3a,0x31,
  0x22,0x20,0x64,0x3d,0x22,0x4d,0x20,0x37,0x2c,0x37,0x20,0x34,0x2c,0x31,0x30,0x20,
  0x34,0x2c,0x31,0x39,0x20,0x39,0x2e,0x30,0x39,0x39,0x36,0x30,0x39,0x34,0x2c,0x31,
  0x39,0x20,0x31,0x33,0x2c,0x31,0x39,0x20,0x6c,0x20,0x35,0x2e,0x30,0x39,0x39,0x36,
  0x30,0x39,0x2c,0x30,0x20,0x30,0x2c,0x2d,0x39,0x20,0x2d,0x33,0x2c,0x2d,0x33,0x20,
  0x4c,0x20,0x31,0x33,0x2c,0x37,0x20,0x39,0x2e,0x30,0x39,0x39,0x36,0x30,0x39,0x34,
  0x2c,0x37,0x20,0x5a,0x20,0x6d,0x20,0x30,0x2e,0x33,0x2c,0x31,0x20,0x33,0x2e,0x37,
  0x2c,0x30,0x20,0x33,0x2e,0x37,0x2c,0x30,0x20,0x32,0x2c,0x32,0x20,0x2d,0x31,0x31,
  0x2e,0x34,0x2c,0x30,0x20,0x7a,0x20,0x6d,0x20,0x31,0x2e,0x37,0x2c,0x33,0x20,0x34,
  0x2c,0x30,0x20,0x30,0x2c,0x35,0x20,0x2d,0x31,0x2c,0x2d,0x31,0x20,0x2d,0x31,0x2c,
  0x31,0x20,0x2d,0x31,0x2c,0x2d,0x31,0x20,0x2d,0x31,0x2c,0x31,0x20,0x7a,0x22,0x20,
  0x69,0x64,0x3d,0x22,0x70,0x61,0x74,0x68,0x34,0x31,0x36,0x34,0x22,0x20,0x69,0x6e,
  0x6b,0x73,0x63,0x61,0x70,0x65,0x3a,0x63,0x6f,0x6e,0x6e,0x65,0x63,0x74,0x6f,0x72,
  0x2d,0x63,0x75,0x72,0x76,0x61,0x74,0x75,0x72,0x65,0x3d,0x22,0x30,0x22,0x20,0x73,
  0x6f,0x64,0x69,0x70,0x6f,0x64,0x69,0x3a,0x6e,0x6f,0x64,0x65,0x74,0x79,0x70,0x65,
  0x73,0x3d,0x22,0x63,0x63,0x63,0x63,0x63,0x63,0x63,0x63,0x63,0x63,0x63,0x63,0x63,
  0x63,0x63,0x63,0x63,0x63,0x63,0x63,0x63,0x63,0x63,0x63,0x63,0x22,0x2f,0x3e,0xa,
  0x20,0x20,0x20,0x20,0x3c,0x70,0x61,0x74,0x68,0x20,0x73,0x74,0x79,0x6c,0x65,0x3d,
  0x22,0x6f,0x70,0x61,0x63,0x69,0x74,0x79,0x3a,0x31,0x3b,0x66,0x69,0x6c,0x6c,0x3a,
  0x23,0x32,0x65,0x63,0x63,0x37,0x31,0x3b,0x66,0x69,0x6c,0x6c,0x2d,0x6f,0x70,0x61,
  0x63,0x69,0x74,0x79,0x3a,0x31,0x3b,0x73,0x74,0x72,0x6f,0x6b,0x65,0x3a,0x6e,0x6f,
  0x6e,0x65,0x22,0x20,0x64,0x3d,0x22,0x4d,0x20,0x31,0x36,0x2c,0x33,0x20,0x41,0x20,
  0x33,0x2c,0x33,0x20,0x30,0x20,0x30,0x20,0x30,0x20,0x31,0x33,0x2c,0x36,0x20,0x33,
  0x2c,0x33,0x20,0x30,0x20,0x30,0x20,0x30,0x20,0x31,0x36,0x2c,0x39,0x20,0x33,0x2c,
  0x33,0x20,0x30,0x20,0x30,0x20,0x30,0x20,0x31,0x39,0x2c,0x36,0x20,0x33,0x2c,0x33,
  0x20,0x30,0x20,0x30,0x20,0x30,0x20,0x31,0x36,0x2c,0x33,0x20,0x5a,0x22,0x20,0x69,
  0x64,0x3d,0x22,0x70,0x61,0x74,0x68,0x34,0x31,0x36,0x36,0x22,0x20,0x69,0x6e,0x6b,
  0x73,0x63,0x61,0x70,0x65,0x3a,0x63,0x6f,0x6e,0x6e,0x65,0x63,0x74,0x6f,0x72,0x2d,
  0x63,0x75,0x72,0x76,0x61,0x74,0x75,0x72,0x65,0x3d,0x22,0x30,0x22,0x2f,0x3e,0xa,
  0x20,0x20,0x20,0x20,0x3c,0x70,0x61,0x74,0x68,0x20,0x73,0x74,0x79,0x6c,0x65,0x3d,
  0x22,0x6f,0x70,0x61,0x63,0x69,0x74,0x79,0x3a,0x31,0x3b,0x66,0x69,0x6c,0x6c,0x3a,
  0x63,0x75,0x72,0x72,0x65,0x6e,0x74,0x43,0x6f,0x6c,0x6f,0x72,0x3b,0x66,0x69,0x6c,
  0x6c,0x2d,0x6f,0x70,0x61,0x63,0x69,0x74,0x79,0x3a,0x31,0x3b,0x73,0x74,0x72,0x6f,
  0x6b,0x65,0x3a,0x6e,0x6f,0x6e,0x65,0x22,0x20,0x64,0x3d,0x22,0x6d,0x20,0x31,0x36,
  0x2c,0x34,0x20,0x32,0x2c,0x32,0x20,0x2d,0x31,0x2c,0x30,0x20,0x30,0x2c,0x32,0x20,
  0x2d,0x32,0x2c,0x30,0x20,0x30,0x2c,0x2d,0x32,0x20,0x2d,0x31,0x2c,0x30,0x20,0x31,
  0x2c,0x2d,0x31,0x20,0x31,0x2c,0x2d,0x31,0x20,0x7a,0x22,0x20,0x69,0x64,0x3d,0x22,
  0x70,0x61,0x74,0x68,0x34,0x31,0x36,0x38,0x22,0x20,0x69,0x6e,0x6b,0x73,0x63,0x61,
  0x70,0x65,0x3a,0x63,0x6f,0x6e,0x6e,0x65,0x63,0x74,0x6f,0x72,0x2d,0x63,0x75,0x72,
  0x76,0x61,0x74,0x75,0x72,0x65,0x3d,0x22,0x30,0x22,0x20,0x63,0x6c,0x61,0x73,0x73,
  0x3d,0x22,0x43,0x6f,0x6c,0x6f,0x72,0x53,0x63,0x68,0x65,0x6d,0x65,0x2d,0x42,0x61,
  0x63,0x6b,0x67,0x72,0x6f,0x75,0x6e,0x64,0x22,0x2f,0x3e,0xa,0x20,0x20,0x20,0x20,
  0x3c,0x72,0x65,0x63,0x74,0x20,0x79,0x3d,0x22,0x2d,0x32,0x2e,0x36,0x36,0x34,0x35,
  0x33,0x35,0x33,0x65,0x2d,0x31,0x35,0x22,0x20,0x78,0x3d,0x22,0x30,0x22,0x20,0x68,
  0x65,0x69,0x67,0x68,0x74,0x3d,0x22,0x32,0x32,0x22,0x20,0x77,0x69,0x64,0x74,0x68,
  0x3d,0x22,0x32,0x32,0x22,0x20,0x69,0x64,0x3d,0x22,0x72,0x65,0x63,0x74,0x34,0x31,
  0x37,0x30,0x22,0x20,0x73,0x74,0x79,0x6c,0x65,0x3d,0x22,0x6f,0x70,0x61,0x63,0x69,
  0x74,0x79,0x3a,0x31,0x3b,0x66,0x69,0x6c,0x6c,0x3a,0x6e,0x6f,0x6e,0x65,0x3b,0x66,
  0x69,0x6c,0x6c,0x2d,0x6f,0x70,0x61,0x63,0x69,0x74,0x79,0x3a,0x30,0x2e,0x35,0x39,
  0x39,0x30,0x35,0x36,0x35,0x39,0x3b,0x73,0x74,0x72,0x6f,0x6b,0x65,0x3a,0x6e,0x6f,
  0x6e,0x65,0x22,0x2f,0x3e,0xa,0x20,0x20,0x3c,0x2f,0x67,0x3e,0xa,0x3c,0x2f,0x73,
  0x76,0x67,0x3e,0xa,
    // dialog-positive.svg
  0x0,0x0,0x2,0x2e,
  0x0,
  0x0,0x7,0x94,0x78,0xda,0xdd,0x95,0x4d,0x6f,0xdb,0x30,0xc,0x86,0xef,0xfd,0x15,
  0x84,0x7a,0xd9,0xe,0x96,0x25,0xea,0xc3,0xd2,0x10,0x17,0xc8,0xd2,0x65,0x97,0xe,
  0x3b,0xc,0xbd,0xec,0x12,0x4,0x89,0x92,0x1a,0x70,0xed,0xc0,0x76,0x9b,0xa6,0xbf,
  0x7e,0x74,0x9c,0xcc,0x5d,0xd7,0x14,0xc9,0xbe,0xe,0xb3,0x5,0x4b,0xa4,0x45,0xf9,
  0xd5,0x3,0x52,0x1e,0xd4,0xf7,0x4b,0x58,0x64,0x79,0x9e,0xb2,0xa2,0x2c,0x2,0x83,
  0xfb,0x50,0xd5,0x59,0x59,0xa4,0x4c,0x72,0x49,0x56,0x16,0xd6,0xef,0xcb,0x87,0x94,
  0x9,0x10,0x60,0x35,0x35,0x6,0xf,0xb7,0x79,0x51,0xa7,0xec,0xa6,0x69,0x56,0xef,
  0xe2,0x78,0xbd,0x5e,0xf3,0xb5,0xe2,0x65,0xb5,0x8c,0x51,0x8,0x11,0xd3,0x7a,0xec,
  0xe2,0xc,0xe8,0x1a,0xac,0xa6,0xcd,0xd,0xcc,0x53,0x76,0xab,0x10,0x8c,0x9f,0x49,
  0xcd,0x95,0xf1,0x9a,0x16,0x42,0x1b,0x49,0xc9,0xad,0x16,0xb6,0x1d,0xa2,0xad,0xf7,
  0x66,0x84,0x7d,0x83,0xde,0x7,0xbd,0x5,0xb8,0x6b,0x8f,0x6c,0x27,0xfb,0xae,0xca,
  0xdf,0x9c,0xaf,0xa6,0x59,0xd1,0x88,0x49,0x9e,0x15,0x61,0x5a,0x4d,0xa4,0xf5,0x6e,
  0x82,0xc2,0x68,0xfd,0x96,0xc5,0xff,0x54,0xcc,0x39,0x21,0xe8,0xc6,0x51,0xb9,0x9a,
  0xce,0xb2,0x66,0x93,0x32,0x8e,0x2f,0x8b,0x70,0x7f,0x9f,0x88,0x3c,0x86,0xc8,0x27,
  0x93,0x70,0xef,0xa4,0x3,0x85,0xdb,0xfe,0x4a,0x1b,0x40,0x71,0x85,0x8,0x5a,0x5d,
  0x29,0xcb,0x11,0x13,0xa0,0x29,0xd6,0x38,0x39,0xd2,0x8e,0xa3,0xa5,0xa9,0xc6,0x70,
  0xeb,0x85,0x69,0xfd,0x46,0x3a,0xb,0xda,0x70,0x6d,0xbc,0x87,0x67,0x4b,0x7d,0x65,
  0x30,0xcb,0xb3,0x55,0x54,0xdd,0xe5,0x21,0x65,0xe1,0x3e,0x14,0xe5,0x7c,0xfe,0xb3,
  0x4c,0x7c,0x49,0x66,0x47,0xf1,0x59,0xe4,0xab,0x50,0xb5,0x7,0xd4,0x11,0xa,0xee,
  0x12,0x97,0x0,0x52,0x2,0xa3,0x54,0x11,0x6e,0x3b,0x90,0x5b,0x6f,0x24,0x91,0x1a,
  0xe8,0x48,0x83,0xa3,0x5b,0xfa,0x48,0x7a,0xd0,0xa0,0x1f,0x8f,0x13,0xaa,0x8e,0x15,
  0xba,0xd7,0x36,0xf,0x8b,0xba,0x1b,0x6e,0xcd,0x2e,0xfa,0x63,0x35,0x9d,0x67,0xa1,
  0x68,0x20,0x23,0xd5,0x87,0x32,0x97,0xea,0x4c,0xa6,0x2c,0x92,0xdc,0x8b,0x44,0x99,
  0x10,0x59,0x72,0x60,0xca,0xda,0x2,0xdc,0xd0,0xb,0xaa,0xcd,0x4d,0x6b,0x1a,0x6,
  0xcb,0xdd,0x72,0xd7,0x45,0xd6,0x50,0x5d,0xde,0xd5,0xa1,0xfa,0x42,0x98,0xc2,0xe7,
  0xe2,0xba,0xe,0xac,0xff,0xfa,0x56,0x41,0xdd,0x94,0x2b,0x68,0x1f,0xd1,0xac,0xcc,
  0xcb,0x8a,0x32,0x36,0x19,0x5e,0x8e,0x44,0x42,0x68,0x17,0x8b,0x3a,0x34,0x54,0xe9,
  0x7b,0xf1,0xaf,0xc4,0x68,0x1c,0x5a,0xa1,0xfa,0x18,0xf9,0x34,0x66,0x10,0xff,0xb8,
  0xcd,0x23,0xf6,0x2f,0x4f,0xdf,0xff,0x13,0xff,0x66,0xe7,0xff,0xf,0x40,0xe0,0x21,
  0x10,0x54,0x50,0x89,0x70,0xbe,0x83,0xa0,0x3d,0x47,0x81,0xb6,0x23,0xa1,0x54,0x5b,
  0x7a,0xba,0xc3,0x60,0x68,0x9a,0xd3,0xea,0x97,0x59,0xf4,0xf5,0x65,0x8f,0x3,0xf1,
  0x3d,0x40,0xfc,0x39,0x8,0xea,0x70,0x36,0xa0,0xb1,0x5c,0x60,0x47,0xa1,0xb7,0x5a,
  0xc,0xda,0xf2,0x44,0x49,0xdf,0x61,0x90,0x74,0x2c,0x69,0xe5,0x7e,0x3b,0x25,0x3e,
  0xc,0xc7,0xe3,0xcb,0xd1,0x69,0x29,0x31,0xa6,0x98,0xb1,0x39,0x89,0xc6,0x20,0xee,
  0xce,0x89,0x41,0xfb,0xf7,0xbc,0x38,0xfb,0x6,0x59,0x92,0x1,0xb0,
    // dialog-error.svg
  0x0,0x0,0x2,0x43,
  0x0,
  0x0,0x7,0xc2,0x78,0xda,0xdd,0x95,0x4d,0x6f,0xdb,0x30,0xc,0x86,0xef,0xfd,0x15,
  0x82,0x7a,0xd9,0xe,0xb1,0x25,0x4a,0x96,0xe4,0x21,0x2e,0xb0,0x76,0xc8,0x7a,0x70,
  0xb1,0xc3,0xd0,0x1c,0x76,0x9,0x82,0x44,0x49,0xd,0x78,0xb6,0x61,0x3b,0x49,0xf3,
  0xef,0x47,0xdb,0x72,0x3e,0xba,0xa4,0x48,0xbb,0x61,0x87,0x5,0x41,0xf4,0x41,0x93,
  0x7c,0xf5,0x98,0x54,0x86,0xd5,0x7a,0x49,0x16,0x49,0x9a,0x46,0x34,0xcb,0x33,0x4b,
  0xc9,0xda,0x96,0x55,0x92,0x67,0x11,0xe5,0x1e,0xc7,0x55,0x62,0x37,0xb7,0xf9,0x73,
  0x44,0x19,0x61,0x44,0x49,0xfc,0x52,0xf2,0xfc,0x33,0xcd,0xaa,0x88,0x3e,0xd5,0x75,
  0xf1,0xc9,0xf7,0x37,0x9b,0x8d,0xb7,0x11,0x5e,0x5e,0x2e,0x7d,0x60,0x8c,0xf9,0x18,
  0x8f,0xde,0x5c,0x11,0xfc,0xc,0x8b,0x69,0xfd,0x44,0xe6,0x11,0x7d,0x0,0xf0,0x98,
  0xd0,0x9a,0x84,0xb1,0x21,0x38,0xe7,0x2,0xf8,0x58,0xa,0xcf,0x28,0x1d,0xc6,0xc0,
  0xdb,0x35,0x9,0xf4,0xbd,0x84,0x6e,0x2b,0x50,0x4,0xa7,0xa1,0x2,0x31,0x6,0xd1,
  0x7a,0xc6,0xce,0x44,0xc2,0x7b,0x17,0xeb,0x7,0x75,0xaa,0x57,0x65,0xfa,0xe1,0xba,
  0x98,0x26,0x59,0xcd,0x26,0x69,0x92,0xd9,0x69,0x39,0xe1,0x9a,0xb1,0x9,0xf,0xc3,
  0x80,0x7d,0xa4,0xfe,0xbf,0xd4,0x72,0x8d,0x0,0xba,0xf9,0x20,0x2f,0xa6,0xb3,0xa4,
  0xde,0x46,0xd4,0x83,0xf3,0x1a,0x4c,0xa3,0x81,0x3b,0xd,0xf0,0x42,0x83,0x3a,0xd2,
  0xc0,0x9d,0x6,0x38,0xd6,0x60,0x5e,0xe1,0xc1,0x2f,0xe3,0x61,0x30,0x55,0xcc,0x35,
  0x91,0x41,0x2c,0x15,0xe1,0xa6,0x49,0x7,0x66,0x8c,0x19,0x75,0xd0,0xe4,0xd1,0x8d,
  0x14,0x30,0x27,0x12,0xc0,0xa9,0x4,0x2f,0x8f,0x6f,0x4e,0xa4,0xd4,0x18,0x5a,0x4b,
  0x22,0x20,0xe6,0x81,0x67,0xb4,0xc1,0xe4,0xa2,0x1d,0x63,0x60,0x1e,0x7,0x2e,0x88,
  0x34,0xed,0x18,0xb,0x20,0x42,0x79,0x20,0x41,0xc5,0xee,0x91,0x9d,0xc9,0x8d,0x3b,
  0x57,0xf7,0x5c,0x13,0xb5,0x37,0xb9,0x68,0x3b,0x57,0x97,0xad,0x89,0xda,0x69,0x10,
  0xbb,0x84,0xbd,0xa9,0x17,0xd4,0xbb,0xee,0xb5,0x22,0x80,0x59,0x9a,0x14,0x83,0x72,
  0x95,0xda,0x88,0xda,0xb5,0xcd,0xf2,0xf9,0xfc,0x77,0x28,0xe2,0x3c,0x94,0x63,0xcf,
  0x1e,0xcb,0xdc,0x2e,0xaa,0x6e,0xda,0x2e,0x3b,0xef,0xaf,0xe5,0x74,0x9e,0xd8,0xac,
  0x26,0x9,0x2,0x3b,0x57,0xdd,0xd8,0x8a,0x3c,0xa2,0x8a,0x7b,0x4c,0xab,0x10,0x17,
  0x10,0x51,0xf0,0xa4,0xe2,0x1,0x36,0xe9,0xb6,0xb1,0x80,0xb3,0x6c,0xd1,0x22,0x7a,
  0xcb,0xd2,0x85,0x7e,0xcc,0x92,0x1a,0xdb,0x78,0x55,0xd9,0xf2,0x3b,0xbe,0x2d,0xfb,
  0x2d,0x7b,0xac,0x2c,0xdd,0x2b,0x69,0xd5,0x54,0x75,0x5e,0x90,0xe6,0x67,0x30,0xcb,
  0xd3,0xbc,0xc4,0x12,0xbf,0x53,0x5c,0x82,0xa0,0x24,0x5f,0x2c,0x2a,0x5b,0xe3,0xc5,
  0xd0,0x1f,0xe4,0x15,0x9f,0x2f,0x77,0x70,0x2b,0xf9,0xde,0x87,0x1f,0xfa,0xc,0xfd,
  0xe3,0x23,0x5f,0xc0,0x82,0xbf,0x83,0x5,0x3f,0x60,0x1,0xff,0x11,0xb,0x38,0xc7,
  0x2,0x42,0xac,0xe4,0xa0,0x43,0x81,0xd,0xd1,0xce,0xb7,0x7,0xfb,0xdb,0x83,0xfd,
  0x77,0x72,0xd8,0x77,0xf9,0x85,0x10,0x76,0xe,0xec,0xef,0x1,0x10,0xe7,0x0,0xc,
  0x38,0x5e,0xc7,0x5e,0x8,0x1d,0x82,0xfd,0xaa,0x81,0xe0,0x6e,0x88,0x8e,0x82,0xeb,
  0xf9,0x3f,0x2e,0x87,0xd1,0x68,0x24,0x46,0xf2,0x6d,0xe5,0x80,0x3e,0xe1,0xe8,0xf3,
  0x9b,0x68,0xc,0xfd,0xee,0xca,0x18,0x36,0xff,0xb5,0x37,0x57,0xbf,0x0,0x91,0xda,
  0x8,0x75,
    // security-medium.svg
  0x0,0x0,0xa,0xbb,
  0x3c,
  0x3f,0x78,0x6d,0x6c,0x20,0x76,0x65,0x72,0x73,0x69,0x6f,0x6e,0x3d,0x22,0x31,0x2e,
  0x30,0x22,0x20,0x65,0x6e,0x63,0x6f,0x64,0x69,0x6e,0x67,0x3d,0x22,0x55,0x54,0x46,
  0x2d,0x38,0x22,0x20,0x73,0x74,0x61,0x6e,0x64,0x61,0x6c,0x6f,0x6e,0x65,0x3d,0x22,
  0x6e,0x6f,0x22,0x3f,0x3e,0xa,0xa,0x3c,0x21,0x2d,0x2d,0x20,0x43,0x72,0x65,0x61,
  0x74,0x65,0x64,0x20,0x77,0x69,0x74,0x68,0x20,0x49,0x6e,0x6b,0x73,0x63,0x61,0x70,
  0x65,0x20,0x28,0x68,0x74,0x74,0x70,0x3a,0x2f,0x2f,0x77,0x77,0x77,0x2e,0x69,0x6e,
  0x6b,0x73,0x63,0x61,0x70,0x65,0x2e,0x6f,0x72,0x67,0x2f,0x29,0x20,0x2d,0x2d,0x3e,
  0xa,0x3c,0x73,0x76,0x67,0x20,0x77,0x69,0x64,0x74,0x68,0x3d,0x22,0x36,0x34,0x22,
  0x20,0x76,0x65,0x72,0x73,0x69,0x6f,0x6e,0x3d,0x22,0x31,0x2e,0x31,0x22,0x20,0x78,
  0x6d,0x6c,0x6e,0x73,0x3d,0x22,0x68,0x74,0x74,0x70,0x3a,0x2f,0x2f,0x77,0x77,0x77,
  0x2e,0x77,0x33,0x2e,0x6f,0x72,0x67,0x2f,0x32,0x30,0x30,0x30,0x2f,0x73,0x76,0x67,
  0x22,0x20,0x68,0x65,0x69,0x67,0x68,0x74,0x3d,0x22,0x36,0x34,0x22,0x20,0x78,0x6d,
  0x6c,0x6e,0x73,0x3a,0x78,0x6c,0x69,0x6e,0x6b,0x3d,0x22,0x68,0x74,0x74,0x70,0x3a,
  0x2f,0x2f,0x77,0x77,0x77,0x2e,0x77,0x33,0x2e,0x6f,0x72,0x67,0x2f,0x31,0x39,0x39,
  0x39,0x2f,0x78,0x6c,0x69,0x6e,0x6b,0x22,0x20,0x78,0x6d,0x6c,0x6e,0x73,0x3a,0x69,
  0x6e,0x6b,0x73,0x63,0x61,0x70,0x65,0x3d,0x22,0x68,0x74,0x74,0x70,0x3a,0x2f,0x2f,
  0x77,0x77,0x77,0x2e,0x69,0x6e,0x6b,0x73,0x63,0x61,0x70,0x65,0x2e,0x6f,0x72,0x67,
  0x2f,0x6e,0x61,0x6d,0x65,0x73,0x70,0x61,0x63,0x65,0x73,0x2f,0x69,0x6e,0x6b,0x73,
  0x63,0x61,0x70,0x65,0x22,0x3e,0xa,0x20,0x3c,0x64,0x65,0x66,0x73,0x20,0x69,0x64,
  0x3d,0x22,0x64,0x65,0x66,0x73,0x33,0x38,0x31,0x31,0x22,0x3e,0xa,0x20,0x20,0x3c,
  0x6c,0x69,0x6e,0x65,0x61,0x72,0x47,0x72,0x61,0x64,0x69,0x65,0x6e,0x74,0x20,0x69,
  0x6e,0x6b,0x73,0x63,0x61,0x70,0x65,0x3a,0x63,0x6f,0x6c,0x6c,0x65,0x63,0x74,0x3d,
  0x22,0x61,0x6c,0x77,0x61,0x79,0x73,0x22,0x20,0x69,0x64,0x3d,0x22,0x6c,0x69,0x6e,
  0x65,0x61,0x72,0x47,0x72,0x61,0x64,0x69,0x65,0x6e,0x74,0x34,0x31,0x35,0x35,0x22,
  0x3e,0xa,0x20,0x20,0x20,0x3c,0x73,0x74,0x6f,0x70,0x20,0x73,0x74,0x79,0x6c,0x65,
  0x3d,0x22,0x73,0x74,0x6f,0x70,0x2d,0x63,0x6f,0x6c,0x6f,0x72,0x3a,0x23,0x66,0x63,
  0x64,0x39,0x39,0x34,0x22,0x20,0x69,0x64,0x3d,0x22,0x73,0x74,0x6f,0x70,0x34,0x31,
  0x35,0x37,0x22,0x2f,0x3e,0xa,0x20,0x20,0x20,0x3c,0x73,0x74,0x6f,0x70,0x20,0x6f,
  0x66,0x66,0x73,0x65,0x74,0x3d,0x22,0x31,0x22,0x20,0x73,0x74,0x79,0x6c,0x65,0x3d,
  0x22,0x73,0x74,0x6f,0x70,0x2d,0x63,0x6f,0x6c,0x6f,0x72,0x3a,0x23,0x66,0x66,0x66,
  0x36,0x65,0x31,0x22,0x20,0x69,0x64,0x3d,0x22,0x73,0x74,0x6f,0x70,0x34,0x31,0x35,
  0x39,0x22,0x2f,0x3e,0xa,0x20,0x20,0x3c,0x2f,0x6c,0x69,0x6e,0x65,0x61,0x72,0x47,
  0x72,0x61,0x64,0x69,0x65,0x6e,0x74,0x3e,0xa,0x20,0x20,0x3c,0x6c,0x69,0x6e,0x65,
  0x61,0x72,0x47,0x72,0x61,0x64,0x69,0x65,0x6e,0x74,0x20,0x69,0x6e,0x6b,0x73,0x63,
  0x61,0x70,0x65,0x3a,0x63,0x6f,0x6c,0x6c,0x65,0x63,0x74,0x3d,0x22,0x61,0x6c,0x77,
  0x61,0x79,0x73,0x22,0x20,0x69,0x64,0x3d,0x22,0x6c,0x69,0x6e,0x65,0x61,0x72,0x47,
  0x72,0x61,0x64,0x69,0x65,0x6e,0x74,0x34,0x32,0x32,0x37,0x22,0x3e,0xa,0x20,0x20,
  0x20,0x3c,0x73,0x74,0x6f,0x70,0x20,0x73,0x74,0x79,0x6c,0x65,0x3d,0x22,0x73,0x74,
  0x6f,0x70,0x2d,0x63,0x6f,0x6c,0x6f,0x72,0x3a,0x23,0x32,0x39,0x32,0x63,0x32,0x66,
  0x22,0x20,0x69,0x64,0x3d,0x22,0x73,0x74,0x6f,0x70,0x34,0x32,0x32,0x39,0x22,0x2f,
  0x3e,0xa,0x20,0x20,0x20,0x3c,0x73,0x74,0x6f,0x70,0x20,0x6f,0x66,0x66,0x73,0x65,
  0x74,0x3d,0x22,0x31,0x22,0x20,0x73,0x74,0x79,0x6c,0x65,0x3d,0x22,0x73,0x74,0x6f,
  0x70,0x2d,0x6f,0x70,0x61,0x63,0x69,0x74,0x79,0x3a,0x30,0x22,0x20,0x69,0x64,0x3d,
  0x22,0x73,0x74,0x6f,0x70,0x34,0x32,0x33,0x31,0x22,0x2f,0x3e,0xa,0x20,0x20,0x3c,
  0x2f,0x6c,0x69,0x6e,0x65,0x61,0x72,0x47,0x72,0x61,0x64,0x69,0x65,0x6e,0x74,0x3e,
  0xa,0x20,0x20,0x3c,0x6c,0x69,0x6e,0x65,0x61,0x72,0x47,0x72,0x61,0x64,0x69,0x65,
  0x6e,0x74,0x20,0x69,0x6e,0x6b,0x73,0x63,0x61,0x70,0x65,0x3a,0x63,0x6f,0x6c,0x6c,
  0x65,0x63,0x74,0x3d,0x22,0x61,0x6c,0x77,0x61,0x79,0x73,0x22,0x20,0x69,0x64,0x3d,
  0x22,0x6c,0x69,0x6e,0x65,0x61,0x72,0x47,0x72,0x61,0x64,0x69,0x65,0x6e,0x74,0x34,
  0x31,0x39,0x31,0x2d,0x31,0x2d,0x37,0x22,0x20,0x78,0x6c,0x69,0x6e,0x6b,0x3a,0x68,
  0x72,0x65,0x66,0x3d,0x22,0x23,0x6c,0x69,0x6e,0x65,0x61,0x72,0x47,0x72,0x61,0x64,
  0x69,0x65,0x6e,0x74,0x34,0x32,0x32,0x37,0x22,0x20,0x79,0x31,0x3d,0x22,0x39,0x22,
  0x20,0x79,0x32,0x3d,0x22,0x32,0x33,0x22,0x20,0x78,0x31,0x3d,0x22,0x39,0x2e,0x30,
  0x30,0x30,0x30,0x31,0x22,0x20,0x67,0x72,0x61,0x64,0x69,0x65,0x6e,0x74,0x55,0x6e,
  0x69,0x74,0x73,0x3d,0x22,0x75,0x73,0x65,0x72,0x53,0x70,0x61,0x63,0x65,0x4f,0x6e,
  0x55,0x73,0x65,0x22,0x20,0x78,0x32,0x3d,0x22,0x32,0x33,0x2e,0x30,0x30,0x30,0x30,
  0x34,0x22,0x20,0x67,0x72,0x61,0x64,0x69,0x65,0x6e,0x74,0x54,0x72,0x61,0x6e,0x73,
  0x66,0x6f,0x72,0x6d,0x3d,0x22,0x6d,0x61,0x74,0x72,0x69,0x78,0x28,0x32,0x20,0x30,
  0x20,0x30,0x20,0x32,0x20,0x37,0x33,0x35,0x2e,0x38,0x35,0x37,0x31,0x39,0x20,0x31,
  0x35,0x38,0x2e,0x39,0x33,0x33,0x36,0x31,0x29,0x22,0x2f,0x3e,0xa,0x20,0x20,0x3c,
  0x6c,0x69,0x6e,0x65,0x61,0x72,0x47,0x72,0x61,0x64,0x69,0x65,0x6e,0x74,0x20,0x69,
  0x6e,0x6b,0x73,0x63,0x61,0x70,0x65,0x3a,0x63,0x6f,0x6c,0x6c,0x65,0x63,0x74,0x3d,
  0x22,0x61,0x6c,0x77,0x61,0x79,0x73,0x22,0x20,0x69,0x64,0x3d,0x22,0x6c,0x69,0x6e,
  0x65,0x61,0x72,0x47,0x72,0x61,0x64,0x69,0x65,0x6e,0x74,0x34,0x31,0x34,0x33,0x2d,
  0x36,0x22,0x3e,0xa,0x20,0x20,0x20,0x3c,0x73,0x74,0x6f,0x70,0x20,0x73,0x74,0x79,
  0x6c,0x65,0x3d,0x22,0x73,0x74,0x6f,0x70,0x2d,0x63,0x6f,0x6c,0x6f,0x72,0x3a,0x23,
  0x66,0x61,0x61,0x65,0x32,0x61,0x22,0x20,0x69,0x64,0x3d,0x22,0x73,0x74,0x6f,0x70,
  0x34,0x31,0x34,0x35,0x2d,0x38,0x22,0x2f,0x3e,0xa,0x20,0x20,0x20,0x3c,0x73,0x74,
  0x6f,0x70,0x20,0x6f,0x66,0x66,0x73,0x65,0x74,0x3d,0x22,0x31,0x22,0x20,0x73,0x74,
  0x79,0x6c,0x65,0x3d,0x22,0x73,0x74,0x6f,0x70,0x2d,0x63,0x6f,0x6c,0x6f,0x72,0x3a,
  0x23,0x66,0x66,0x63,0x33,0x35,0x61,0x22,0x20,0x69,0x64,0x3d,0x22,0x73,0x74,0x6f,
  0x70,0x34,0x31,0x34,0x37,0x2d,0x30,0x22,0x2f,0x3e,0xa,0x20,0x20,0x3c,0x2f,0x6c,
  0x69,0x6e,0x65,0x61,0x72,0x47,0x72,0x61,0x64,0x69,0x65,0x6e,0x74,0x3e,0xa,0x20,
  0x20,0x3c,0x6c,0x69,0x6e,0x65,0x61,0x72,0x47,0x72,0x61,0x64,0x69,0x65,0x6e,0x74,
  0x20,0x69,0x6e,0x6b,0x73,0x63,0x61,0x70,0x65,0x3a,0x63,0x6f,0x6c,0x6c,0x65,0x63,
  0x74,0x3d,0x22,0x61,0x6c,0x77,0x61,0x79,0x73,0x22,0x20,0x78,0x6c,0x69,0x6e,0x6b,
  0x3a,0x68,0x72,0x65,0x66,0x3d,0x22,0x23,0x6c,0x69,0x6e,0x65,0x61,0x72,0x47,0x72,
  0x61,0x64,0x69,0x65,0x6e,0x74,0x34,0x31,0x34,0x33,0x2d,0x36,0x22,0x20,0x69,0x64,
  0x3d,0x22,0x6c,0x69,0x6e,0x65,0x61,0x72,0x47,0x72,0x61,0x64,0x69,0x65,0x6e,0x74,
  0x34,0x31,0x38,0x31,0x22,0x20,0x79,0x31,0x3d,0x22,0x36,0x22,0x20,0x78,0x31,0x3d,
  0x22,0x33,0x32,0x22,0x20,0x79,0x32,0x3d,0x22,0x35,0x37,0x22,0x20,0x78,0x32,0x3d,
  0x22,0x33,0x31,0x22,0x20,0x67,0x72,0x61,0x64,0x69,0x65,0x6e,0x74,0x55,0x6e,0x69,
  0x74,0x73,0x3d,0x22,0x75,0x73,0x65,0x72,0x53,0x70,0x61,0x63,0x65,0x4f,0x6e,0x55,
  0x73,0x65,0x22,0x2f,0x3e,0xa,0x20,0x20,0x3c,0x6c,0x69,0x6e,0x65,0x61,0x72,0x47,
  0x72,0x61,0x64,0x69,0x65,0x6e,0x74,0x20,0x69,0x6e,0x6b,0x73,0x63,0x61,0x70,0x65,
  0x3a,0x63,0x6f,0x6c,0x6c,0x65,0x63,0x74,0x3d,0x22,0x61,0x6c,0x77,0x61,0x79,0x73,
  0x22,0x20,0x78,0x6c,0x69,0x6e,0x6b,0x3a,0x68,0x72,0x65,0x66,0x3d,0x22,0x23,0x6c,
  0x69,0x6e,0x65,0x61,0x72,0x47,0x72,0x61,0x64,0x69,0x65,0x6e,0x74,0x34,0x31,0x35,
  0x35,0x22,0x20,0x69,0x64,0x3d,0x22,0x6c,0x69,0x6e,0x65,0x61,0x72,0x47,0x72,0x61,
  0x64,0x69,0x65,0x6e,0x74,0x34,0x31,0x39,0x30,0x22,0x20,0x79,0x31,0x3d,0x22,0x31,
  0x37,0x22,0x20,0x79,0x32,0x3d,0x22,0x34,0x31,0x22,0x20,0x78,0x32,0x3d,0x22,0x30,
  0x22,0x20,0x67,0x72,0x61,0x64,0x69,0x65,0x6e,0x74,0x55,0x6e,0x69,0x74,0x73,0x3d,
  0x22,0x75,0x73,0x65,0x72,0x53,0x70,0x61,0x63,0x65,0x4f,0x6e,0x55,0x73,0x65,0x22,
  0x2f,0x3e,0xa,0x20,0x3c,0x2f,0x64,0x65,0x66,0x73,0x3e,0xa,0x20,0x3c,0x6d,0x65,
  0x74,0x61,0x64,0x61,0x74,0x61,0x20,0x69,0x64,0x3d,0x22,0x6d,0x65,0x74,0x61,0x64,
  0x61,0x74,0x61,0x33,0x38,0x31,0x34,0x22,0x2f,0x3e,0xa,0x20,0x3c,0x67,0x20,0x69,
  0x6e,0x6b,0x73,0x63,0x61,0x70,0x65,0x3a,0x6c,0x61,0x62,0x65,0x6c,0x3d,0x22,0x4c,
  0x61,0x79,0x65,0x72,0x20,0x31,0x22,0x20,0x69,0x6e,0x6b,0x73,0x63,0x61,0x70,0x65,
  0x3a,0x67,0x72,0x6f,0x75,0x70,0x6d,0x6f,0x64,0x65,0x3d,0x22,0x6c,0x61,0x79,0x65,
  0x72,0x22,0x20,0x69,0x64,0x3d,0x22,0x6c,0x61,0x79,0x65,0x72,0x31,0x22,0x20,0x74,
  0x72,0x61,0x6e,0x73,0x66,0x6f,0x72,0x6d,0x3d,0x22,0x6d,0x61,0x74,0x72,0x69,0x78,
  0x28,0x31,0x20,0x30,0x20,0x30,0x20,0x31,0x20,0x2d,0x37,0x33,0x36,0x2e,0x38,0x35,
  0x37,0x31,0x38,0x20,0x2d,0x31,0x35,0x37,0x2e,0x39,0x33,0x33,0x36,0x31,0x29,0x22,
  0x3e,0xa,0x20,0x20,0x3c,0x70,0x61,0x74,0x68,0x20,0x73,0x74,0x79,0x6c,0x65,0x3d,
  0x22,0x66,0x69,0x6c,0x6c,0x3a,0x75,0x72,0x6c,0x28,0x23,0x6c,0x69,0x6e,0x65,0x61,
  0x72,0x47,0x72,0x61,0x64,0x69,0x65,0x6e,0x74,0x34,0x31,0x38,0x31,0x29,0x3b,0x73,
  0x74,0x72,0x6f,0x6b,0x65,0x2d,0x6c,0x69,0x6e,0x65,0x63,0x61,0x70,0x3a,0x73,0x71,
  0x75,0x61,0x72,0x65,0x3b,0x73,0x74,0x72,0x6f,0x6b,0x65,0x2d,0x77,0x69,0x64,0x74,
  0x68,0x3a,0x32,0x22,0x20,0x69,0x64,0x3d,0x22,0x72,0x65,0x63,0x74,0x34,0x31,0x38,
  0x36,0x2d,0x32,0x2d,0x31,0x22,0x20,0x64,0x3d,0x22,0x4d,0x20,0x33,0x32,0x20,0x36,
  0x20,0x43,0x20,0x32,0x35,0x2e,0x36,0x36,0x36,0x36,0x37,0x20,0x39,0x2e,0x33,0x35,
  0x34,0x34,0x37,0x20,0x31,0x39,0x2e,0x33,0x33,0x33,0x33,0x33,0x20,0x31,0x30,0x2e,
  0x37,0x32,0x34,0x39,0x31,0x20,0x31,0x33,0x20,0x31,0x32,0x20,0x4c,0x20,0x31,0x33,
  0x20,0x33,0x37,0x20,0x43,0x20,0x31,0x33,0x20,0x34,0x34,0x20,0x32,0x33,0x2e,0x32,
  0x36,0x33,0x33,0x31,0x20,0x35,0x33,0x2e,0x35,0x36,0x31,0x33,0x33,0x37,0x20,0x33,
  0x32,0x20,0x35,0x37,0x2e,0x39,0x39,0x38,0x30,0x34,0x37,0x20,0x43,0x20,0x34,0x30,
  0x2e,0x37,0x33,0x36,0x36,0x39,0x20,0x35,0x33,0x2e,0x35,0x36,0x31,0x33,0x33,0x37,
  0x20,0x35,0x31,0x20,0x34,0x34,0x20,0x35,0x31,0x20,0x33,0x37,0x20,0x4c,0x20,0x35,
  0x31,0x20,0x31,0x32,0x20,0x43,0x20,0x34,0x34,0x2e,0x36,0x36,0x36,0x36,0x37,0x20,
  0x31,0x30,0x2e,0x37,0x32,0x34,0x39,0x31,0x20,0x33,0x38,0x2e,0x33,0x33,0x33,0x33,
  0x33,0x20,0x39,0x2e,0x33,0x35,0x34,0x34,0x37,0x20,0x33,0x32,0x20,0x36,0x20,0x7a,
  0x20,0x22,0x20,0x74,0x72,0x61,0x6e,0x73,0x66,0x6f,0x72,0x6d,0x3d,0x22,0x6d,0x61,
  0x74,0x72,0x69,0x78,0x28,0x31,0x20,0x30,0x20,0x30,0x20,0x31,0x20,0x37,0x33,0x36,
  0x2e,0x38,0x35,0x37,0x31,0x38,0x20,0x31,0x35,0x37,0x2e,0x39,0x33,0x33,0x36,0x31,
  0x29,0x22,0x2f,0x3e,0xa,0x20,0x20,0x3c,0x70,0x61,0x74,0x68,0x20,0x69,0x6e,0x6b,
  0x73,0x63,0x61,0x70,0x65,0x3a,0x63,0x6f,0x6e,0x6e,0x65,0x63,0x74,0x6f,0x72,0x2d,
  0x63,0x75,0x72,0x76,0x61,0x74,0x75,0x72,0x65,0x3d,0x22,0x30,0x22,0x20,0x73,0x74,
  0x79,0x6c,0x65,0x3d,0x22,0x66,0x69,0x6c,0x6c,0x3a,0x75,0x72,0x6c,0x28,0x23,0x6c,
  0x69,0x6e,0x65,0x61,0x72,0x47,0x72,0x61,0x64,0x69,0x65,0x6e,0x74,0x34,0x31,0x39,
  0x31,0x2d,0x31,0x2d,0x37,0x29,0x3b,0x6f,0x70,0x61,0x63,0x69,0x74,0x79,0x3a,0x30,
  0x2e,0x32,0x3b,0x66,0x69,0x6c,0x6c,0x2d,0x72,0x75,0x6c,0x65,0x3a,0x65,0x76,0x65,
  0x6e,0x6f,0x64,0x64,0x22,0x20,0x69,0x64,0x3d,0x22,0x70,0x61,0x74,0x68,0x34,0x31,
  0x38,0x34,0x2d,0x35,0x22,0x20,0x64,0x3d,0x22,0x6d,0x20,0x37,0x36,0x39,0x2e,0x38,
  0x35,0x37,0x31,0x38,0x2c,0x31,0x37,0x34,0x2e,0x39,0x33,0x33,0x36,0x31,0x20,0x2d,
  0x32,0x2c,0x30,0x20,0x30,0x2c,0x32,0x30,0x20,0x32,0x2c,0x32,0x20,0x2d,0x32,0x2c,
  0x32,0x20,0x31,0x36,0x2c,0x31,0x37,0x20,0x31,0x31,0x2c,0x30,0x20,0x30,0x2c,0x2d,
  0x31,0x38,0x20,0x7a,0x22,0x2f,0x3e,0xa,0x20,0x20,0x3c,0x70,0x61,0x74,0x68,0x20,
  0x73,0x74,0x79,0x6c,0x65,0x3d,0x22,0x66,0x69,0x6c,0x6c,0x3a,0x75,0x72,0x6c,0x28,
  0x23,0x6c,0x69,0x6e,0x65,0x61,0x72,0x47,0x72,0x61,0x64,0x69,0x65,0x6e,0x74,0x34,
  0x31,0x39,0x30,0x29,0x3b,0x73,0x74,0x72,0x6f,0x6b,0x65,0x2d,0x6c,0x69,0x6e,0x65,
  0x63,0x61,0x70,0x3a,0x73,0x71,0x75,0x61,0x72,0x65,0x3b,0x73,0x74,0x72,0x6f,0x6b,
  0x65,0x2d,0x77,0x69,0x64,0x74,0x68,0x3a,0x32,0x22,0x20,0x69,0x64,0x3d,0x22,0x72,
  0x65,0x63,0x74,0x34,0x31,0x37,0x39,0x22,0x20,0x64,0x3d,0x22,0x4d,0x20,0x33,0x31,
  0x20,0x31,0x37,0x20,0x4c,0x20,0x33,0x31,0x20,0x33,0x37,0x20,0x4c,0x20,0x33,0x33,
  0x20,0x33,0x37,0x20,0x4c,0x20,0x33,0x33,0x20,0x31,0x37,0x20,0x4c,0x20,0x33,0x31,
  0x20,0x31,0x37,0x20,0x7a,0x20,0x4d,0x20,0x33,0x31,0x20,0x33,0x39,0x20,0x4c,0x20,
  0x33,0x31,0x20,0x34,0x31,0x20,0x4c,0x20,0x33,0x33,0x20,0x34,0x31,0x20,0x4c,0x20,
  0x33,0x33,0x20,0x33,0x39,0x20,0x4c,0x20,0x33,0x31,0x20,0x33,0x39,0x20,0x7a,0x20,
  0x22,0x20,0x74,0x72,0x61,0x6e,0x73,0x66,0x6f,0x72,0x6d,0x3d,0x22,0x6d,0x61,0x74,
  0x72,0x69,0x78,0x28,0x31,0x20,0x30,0x20,0x30,0x20,0x31,0x20,0x37,0x33,0x36,0x2e,
  0x38,0x35,0x37,0x31,0x38,0x20,0x31,0x35,0x37,0x2e,0x39,0x33,0x33,0x36,0x31,0x29,
  0x22,0x2f,0x3e,0xa,0x20,0x20,0x3c,0x70,0x61,0x74,0x68,0x20,0x73,0x74,0x79,0x6c,
  0x65,0x3d,0x22,0x66,0x69,0x6c,0x6c,0x3a,0x23,0x65,0x35,0x39,0x33,0x30,0x35,0x3b,
  0x73,0x74,0x72,0x6f,0x6b,0x65,0x2d,0x6c,0x69,0x6e,0x65,0x63,0x61,0x70,0x3a,0x73,
  0x71,0x75,0x61,0x72,0x65,0x3b,0x73,0x74,0x72,0x6f,0x6b,0x65,0x2d,0x77,0x69,0x64,
  0x74,0x68,0x3a,0x32,0x22,0x20,0x69,0x64,0x3d,0x22,0x72,0x65,0x63,0x74,0x34,0x31,
  0x38,0x36,0x2d,0x32,0x2d,0x31,0x2d,0x35,0x22,0x20,0x64,0x3d,0x22,0x4d,0x20,0x31,
  0x33,0x20,0x33,0x35,0x20,0x4c,0x20,0x31,0x33,0x20,0x33,0x37,0x20,0x43,0x20,0x31,
  0x33,0x20,0x34,0x34,0x20,0x32,0x33,0x2e,0x32,0x36,0x33,0x33,0x31,0x20,0x35,0x33,
  0x2e,0x35,0x36,0x31,0x33,0x33,0x37,0x20,0x33,0x32,0x20,0x35,0x37,0x2e,0x39,0x39,
  0x38,0x30,0x34,0x37,0x20,0x43,0x20,0x34,0x30,0x2e,0x37,0x33,0x36,0x36,0x39,0x20,
  0x35,0x33,0x2e,0x35,0x36,0x31,0x33,0x33,0x37,0x20,0x35,0x31,0x20,0x34,0x34,0x20,
  0x35,0x31,0x20,0x33,0x37,0x20,0x4c,0x20,0x35,0x31,0x20,0x33,0x35,0x20,0x43,0x20,
  0x35,0x31,0x20,0x34,0x32,0x20,0x34,0x30,0x2e,0x37,0x33,0x36,0x36,0x39,0x20,0x35,
  0x31,0x2e,0x35,0x36,0x31,0x33,0x33,0x37,0x20,0x33,0x32,0x20,0x35,0x35,0x2e,0x39,
  0x39,0x38,0x30,0x34,0x37,0x20,0x43,0x20,0x32,0x33,0x2e,0x32,0x36,0x33,0x33,0x31,
  0x20,0x35,0x31,0x2e,0x35,0x36,0x31,0x33,0x33,0x37,0x20,0x31,0x33,0x20,0x34,0x32,
  0x20,0x31,0x33,0x20,0x33,0x35,0x20,0x7a,0x20,0x22,0x20,0x74,0x72,0x61,0x6e,0x73,
  0x66,0x6f,0x72,0x6d,0x3d,0x22,0x6d,0x61,0x74,0x72,0x69,0x78,0x28,0x31,0x20,0x30,
  0x20,0x30,0x20,0x31,0x20,0x37,0x33,0x36,0x2e,0x38,0x35,0x37,0x31,0x38,0x20,0x31,
  0x35,0x37,0x2e,0x39,0x33,0x33,0x36,0x31,0x29,0x22,0x2f,0x3e,0xa,0x20,0x3c,0x2f,
  0x67,0x3e,0xa,0x3c,0x2f,0x73,0x76,0x67,0x3e,0xa,
    // dialog-information.svg
  0x0,0x0,0x2,0x2,
  0x0,
  0x0,0x7,0x20,0x78,0xda,0xdd,0x55,0x4d,0x6f,0x9c,0x30,0x10,0xbd,0xe7,0x57,0x58,
  0xce,0xa5,0x3d,0x60,0xfc,0x4d,0x5c,0x41,0xa4,0x66,0x95,0x6d,0xe,0x89,0x7a,0xa8,
  0x92,0x43,0x2f,0x2b,0xb4,0x98,0x5d,0x24,0x16,0x10,0xb0,0x90,0xe4,0xd7,0x77,0x1c,
  0x76,0x4b,0x93,0x6e,0x56,0xa4,0x5f,0x87,0x22,0xb,0xcf,0x58,0x3c,0xfb,0xbd,0x37,
  0x1e,0x11,0x36,0xdd,0xa,0xa5,0x59,0x9e,0x47,0xb8,0x28,0xb,0x8b,0x51,0x67,0xeb,
  0x26,0x2b,0x8b,0x8,0x33,0xc2,0x20,0xcb,0x6c,0x7f,0x51,0xde,0x47,0x98,0x22,0x8a,
  0xb4,0x84,0x81,0xd1,0xfd,0x26,0x2f,0x9a,0x8,0xaf,0xdb,0xb6,0xfa,0xe0,0xfb,0x7d,
  0xdf,0x93,0x5e,0x90,0xb2,0x5e,0xf9,0x9c,0x52,0xea,0xc3,0x7e,0xf8,0xfc,0x4,0xc1,
  0x13,0x56,0x71,0xbb,0x46,0x49,0x84,0x37,0x82,0x23,0x65,0x96,0x4c,0x12,0xa1,0x8c,
  0x84,0x8d,0xb8,0xf6,0x18,0x23,0x5a,0x52,0xed,0x42,0xae,0x9b,0x7d,0xea,0xf1,0x71,
  0xa0,0x71,0xd,0x8d,0x19,0xe2,0xbb,0xf1,0x88,0x77,0xb4,0xb7,0x75,0xfe,0xee,0xb4,
  0x8a,0xb3,0xa2,0xa5,0x8b,0x3c,0x2b,0x6c,0x5c,0x2f,0x58,0x40,0xe9,0x2,0xd8,0x88,
  0xe0,0x3d,0xf6,0xff,0x29,0x99,0x53,0xb0,0x60,0x88,0xbd,0xb2,0x8a,0x97,0x59,0xfb,
  0x10,0x61,0xc2,0xf,0x93,0x38,0xfb,0xfb,0x8e,0xb0,0x29,0x8e,0xdc,0x88,0x0,0xa9,
  0x80,0x18,0x63,0x82,0x6b,0x6e,0x90,0x34,0x2e,0xd4,0x57,0x42,0xde,0x71,0xed,0x16,
  0x38,0xbb,0x63,0xea,0x4a,0xa8,0x6b,0xf8,0x48,0x21,0x11,0x10,0x19,0x68,0x3d,0x53,
  0x1a,0x12,0x29,0x90,0x62,0x30,0x2b,0xb7,0xbe,0xdf,0xe4,0x2b,0x46,0xcb,0x3c,0xab,
  0xbc,0x7a,0x9b,0xdb,0x8,0xdb,0xce,0x16,0x65,0x92,0xfc,0xcc,0x8d,0x1f,0xe2,0x36,
  0x58,0xf7,0x2,0x79,0xd4,0x49,0x20,0xc8,0x54,0xa7,0xd7,0xba,0xf3,0xf4,0xda,0xd3,
  0x8f,0x1b,0x8d,0x84,0xea,0x3c,0xae,0x20,0xe9,0xe0,0xed,0x6c,0x99,0x42,0x47,0x4c,
  0xa5,0xb3,0x67,0x90,0xd8,0xb4,0x19,0xc2,0xa7,0x74,0x40,0x7f,0xaa,0xe3,0x24,0xb3,
  0x45,0x8b,0x32,0xe0,0xf6,0xda,0xa5,0x84,0x16,0xe2,0x11,0x76,0xad,0xf4,0xc0,0xa0,
  0xcf,0x60,0x72,0xa9,0xc2,0x68,0xb5,0x43,0xdf,0x16,0x59,0xb,0x1d,0xb6,0x6d,0x6c,
  0xfd,0x5,0xb4,0xdb,0xcf,0xc5,0x6d,0x63,0xf1,0x78,0xd8,0xd3,0x81,0x4d,0x5b,0x56,
  0xc8,0xbd,0xbc,0x65,0x99,0x97,0x35,0xdc,0x3d,0x4e,0x2f,0x66,0xf3,0x8f,0xe0,0x57,
  0x9a,0x36,0xb6,0x85,0x9e,0xdd,0x73,0x3d,0x82,0x61,0x26,0x98,0xcd,0xd9,0x88,0x61,
  0x3f,0x62,0x42,0xff,0xb9,0xaa,0x9,0x72,0xd9,0x51,0xb9,0xbb,0xf9,0x3f,0xd0,0xc9,
  0xf,0xea,0x84,0x72,0xa,0x39,0xe8,0x55,0x82,0x30,0xc3,0x83,0xa1,0xc6,0xdc,0x10,
  0x41,0x3,0x31,0x38,0x20,0xcf,0xc8,0xaf,0xd7,0x7a,0xec,0x5,0x3d,0xcd,0x80,0xef,
  0x0,0xfa,0xe7,0xc4,0x8b,0x57,0xc5,0x73,0x27,0xcd,0xc9,0x1f,0x22,0xa7,0x5d,0xf1,
  0x41,0x36,0xe3,0xbf,0x5d,0xf8,0x4b,0x71,0x39,0x9b,0xab,0xb7,0x15,0x3e,0x4d,0xd3,
  0x37,0x9,0xf,0xfd,0xa1,0xb1,0x43,0xf7,0x27,0x3b,0x3f,0xf9,0x6,0x85,0x1b,0xec,
  0xfd,
    // dialog-warning.svg
  0x0,0x0,0x6,0x7c,
  0x3c,
  0x73,0x76,0x67,0x20,0x66,0x69,0x6c,0x6c,0x3d,0x22,0x6e,0x6f,0x6e,0x65,0x22,0x20,
  0x76,0x65,0x72,0x73,0x69,0x6f,0x6e,0x3d,0x22,0x31,0x2e,0x31,0x22,0x20,0x76,0x69,
  0x65,0x77,0x42,0x6f,0x78,0x3d,0x22,0x30,0x20,0x30,0x20,0x36,0x34,0x20,0x36,0x34,
  0x22,0x20,0x78,0x6d,0x6c,0x6e,0x73,0x3d,0x22,0x68,0x74,0x74,0x70,0x3a,0x2f,0x2f,
  0x77,0x77,0x77,0x2e,0x77,0x33,0x2e,0x6f,0x72,0x67,0x2f,0x32,0x30,0x30,0x30,0x2f,
  0x73,0x76,0x67,0x22,0x3e,0xa,0x20,0x20,0x20,0x20,0x3c,0x70,0x61,0x74,0x68,0x20,
  0x64,0x3d,0x22,0x4d,0x36,0x20,0x35,0x37,0x4c,0x33,0x32,0x20,0x35,0x4c,0x35,0x38,
  0x20,0x35,0x37,0x48,0x36,0x5a,0x22,0x20,0x66,0x69,0x6c,0x6c,0x3d,0x22,0x75,0x72,
  0x6c,0x28,0x23,0x70,0x61,0x69,0x6e,0x74,0x30,0x5f,0x6c,0x69,0x6e,0x65,0x61,0x72,
  0x5f,0x31,0x37,0x30,0x30,0x5f,0x32,0x30,0x30,0x31,0x34,0x29,0x22,0x2f,0x3e,0xa,
  0x20,0x20,0x20,0x20,0x3c,0x70,0x61,0x74,0x68,0x20,0x64,0x3d,0x22,0x4d,0x34,0x33,
  0x2e,0x30,0x33,0x31,0x31,0x20,0x32,0x37,0x2e,0x30,0x38,0x37,0x34,0x4c,0x35,0x38,
  0x20,0x35,0x37,0x48,0x33,0x34,0x4c,0x32,0x39,0x20,0x35,0x32,0x48,0x33,0x35,0x56,
  0x34,0x36,0x48,0x33,0x33,0x4c,0x32,0x39,0x20,0x34,0x32,0x56,0x31,0x39,0x48,0x33,
  0x35,0x4c,0x34,0x33,0x2e,0x30,0x33,0x31,0x31,0x20,0x32,0x37,0x2e,0x30,0x38,0x37,
  0x34,0x5a,0x22,0x20,0x63,0x6c,0x69,0x70,0x2d,0x72,0x75,0x6c,0x65,0x3d,0x22,0x65,
  0x76,0x65,0x6e,0x6f,0x64,0x64,0x22,0x20,0x66,0x69,0x6c,0x6c,0x3d,0x22,0x75,0x72,
  0x6c,0x28,0x23,0x70,0x61,0x69,0x6e,0x74,0x31,0x5f,0x6c,0x69,0x6e,0x65,0x61,0x72,
  0x5f,0x31,0x37,0x30,0x30,0x5f,0x32,0x30,0x30,0x31,0x34,0x29,0x22,0x20,0x66,0x69,
  0x6c,0x6c,0x2d,0x72,0x75,0x6c,0x65,0x3d,0x22,0x65,0x76,0x65,0x6e,0x6f,0x64,0x64,
  0x22,0x20,0x6f,0x70,0x61,0x63,0x69,0x74,0x79,0x3d,0x22,0x2e,0x32,0x22,0x2f,0x3e,
  0xa,0x20,0x20,0x20,0x20,0x3c,0x70,0x61,0x74,0x68,0x20,0x64,0x3d,0x22,0x6d,0x32,
  0x39,0x20,0x35,0x32,0x76,0x2d,0x36,0x68,0x36,0x76,0x36,0x68,0x2d,0x36,0x7a,0x6d,
  0x30,0x2d,0x33,0x33,0x76,0x32,0x33,0x68,0x36,0x76,0x2d,0x32,0x33,0x68,0x2d,0x36,
  0x7a,0x22,0x20,0x63,0x6c,0x69,0x70,0x2d,0x72,0x75,0x6c,0x65,0x3d,0x22,0x65,0x76,
  0x65,0x6e,0x6f,0x64,0x64,0x22,0x20,0x66,0x69,0x6c,0x6c,0x3d,0x22,0x75,0x72,0x6c,
  0x28,0x23,0x70,0x61,0x69,0x6e,0x74,0x32,0x5f,0x6c,0x69,0x6e,0x65,0x61,0x72,0x5f,
  0x31,0x37,0x30,0x30,0x5f,0x32,0x30,0x30,0x31,0x34,0x29,0x22,0x20,0x66,0x69,0x6c,
  0x6c,0x2d,0x72,0x75,0x6c,0x65,0x3d,0x22,0x65,0x76,0x65,0x6e,0x6f,0x64,0x64,0x22,
  0x2f,0x3e,0xa,0x20,0x20,0x20,0x20,0x3c,0x72,0x65,0x63,0x74,0x20,0x78,0x3d,0x22,
  0x36,0x22,0x20,0x79,0x3d,0x22,0x35,0x37,0x22,0x20,0x77,0x69,0x64,0x74,0x68,0x3d,
  0x22,0x35,0x32,0x22,0x20,0x68,0x65,0x69,0x67,0x68,0x74,0x3d,0x22,0x31,0x22,0x20,
  0x66,0x69,0x6c,0x6c,0x3d,0x22,0x75,0x72,0x6c,0x28,0x23,0x70,0x61,0x69,0x6e,0x74,
  0x33,0x5f,0x6c,0x69,0x6e,0x65,0x61,0x72,0x5f,0x31,0x37,0x30,0x30,0x5f,0x32,0x30,
  0x30,0x31,0x34,0x29,0x22,0x2f,0x3e,0xa,0x20,0x20,0x20,0x20,0x3c,0x72,0x65,0x63,
  0x74,0x20,0x78,0x3d,0x22,0x36,0x22,0x20,0x79,0x3d,0x22,0x35,0x37,0x22,0x20,0x77,
  0x69,0x64,0x74,0x68,0x3d,0x22,0x35,0x32,0x22,0x20,0x68,0x65,0x69,0x67,0x68,0x74,
  0x3d,0x22,0x31,0x22,0x20,0x66,0x69,0x6c,0x6c,0x3d,0x22,0x23,0x30,0x30,0x30,0x22,
  0x20,0x66,0x69,0x6c,0x6c,0x2d,0x6f,0x70,0x61,0x63,0x69,0x74,0x79,0x3d,0x22,0x2e,
  0x32,0x22,0x2f,0x3e,0xa,0x20,0x20,0x20,0x20,0x3c,0x64,0x65,0x66,0x73,0x3e,0xa,
  0x20,0x20,0x20,0x20,0x20,0x20,0x20,0x20,0x3c,0x6c,0x69,0x6e,0x65,0x61,0x72,0x47,
  0x72,0x61,0x64,0x69,0x65,0x6e,0x74,0x20,0x69,0x64,0x3d,0x22,0x70,0x61,0x69,0x6e,
  0x74,0x30,0x5f,0x6c,0x69,0x6e,0x65,0x61,0x72,0x5f,0x31,0x37,0x30,0x30,0x5f,0x32,
  0x30,0x30,0x31,0x34,0x22,0x20,0x78,0x32,0x3d,0x22,0x36,0x34,0x22,0x20,0x79,0x32,
  0x3d,0x22,0x36,0x34,0x22,0x20,0x67,0x72,0x61,0x64,0x69,0x65,0x6e,0x74,0x55,0x6e,
  0x69,0x74,0x73,0x3d,0x22,0x75,0x73,0x65,0x72,0x53,0x70,0x61,0x63,0x65,0x4f,0x6e,
  0x55,0x73,0x65,0x22,0x3e,0xa,0x20,0x20,0x20,0x20,0x20,0x20,0x20,0x20,0x20,0x20,
  0x20,0x20,0x3c,0x73,0x74,0x6f,0x70,0x20,0x73,0x74,0x6f,0x70,0x2d,0x63,0x6f,0x6c,
  0x6f,0x72,0x3d,0x22,0x23,0x46,0x46,0x39,0x30,0x32,0x45,0x22,0x20,0x6f,0x66,0x66,
  0x73,0x65,0x74,0x3d,0x22,0x30,0x22,0x2f,0x3e,0xa,0x20,0x20,0x20,0x20,0x20,0x20,
  0x20,0x20,0x20,0x20,0x20,0x20,0x3c,0x73,0x74,0x6f,0x70,0x20,0x73,0x74,0x6f,0x70,
  0x2d,0x63,0x6f,0x6c,0x6f,0x72,0x3d,0x22,0x23,0x46,0x30,0x37,0x34,0x30,0x36,0x22,
  0x20,0x6f,0x66,0x66,0x73,0x65,0x74,0x3d,0x22,0x31,0x22,0x2f,0x3e,0xa,0x20,0x20,
  0x20,0x20,0x20,0x20,0x20,0x20,0x3c,0x2f,0x6c,0x69,0x6e,0x65,0x61,0x72,0x47,0x72,
  0x61,0x64,0x69,0x65,0x6e,0x74,0x3e,0xa,0x20,0x20,0x20,0x20,0x20,0x20,0x20,0x20,
  0x3c,0x6c,0x69,0x6e,0x65,0x61,0x72,0x47,0x72,0x61,0x64,0x69,0x65,0x6e,0x74,0x20,
  0x69,0x64,0x3d,0x22,0x70,0x61,0x69,0x6e,0x74,0x31,0x5f,0x6c,0x69,0x6e,0x65,0x61,
  0x72,0x5f,0x31,0x37,0x30,0x30,0x5f,0x32,0x30,0x30,0x31,0x34,0x22,0x20,0x78,0x31,
  0x3d,0x22,0x33,0x31,0x2e,0x35,0x22,0x20,0x78,0x32,0x3d,0x22,0x35,0x31,0x2e,0x33,
  0x39,0x39,0x35,0x22,0x20,0x79,0x31,0x3d,0x22,0x33,0x32,0x2e,0x30,0x33,0x36,0x35,
  0x22,0x20,0x79,0x32,0x3d,0x22,0x35,0x34,0x2e,0x30,0x33,0x32,0x31,0x22,0x20,0x67,
  0x72,0x61,0x64,0x69,0x65,0x6e,0x74,0x55,0x6e,0x69,0x74,0x73,0x3d,0x22,0x75,0x73,
  0x65,0x72,0x53,0x70,0x61,0x63,0x65,0x4f,0x6e,0x55,0x73,0x65,0x22,0x3e,0xa,0x20,
  0x20,0x20,0x20,0x20,0x20,0x20,0x20,0x20,0x20,0x20,0x20,0x3c,0x73,0x74,0x6f,0x70,
  0x20,0x73,0x74,0x6f,0x70,0x2d,0x6f,0x70,0x61,0x63,0x69,0x74,0x79,0x3d,0x22,0x2e,
  0x36,0x22,0x20,0x6f,0x66,0x66,0x73,0x65,0x74,0x3d,0x22,0x30,0x22,0x2f,0x3e,0xa,
  0x20,0x20,0x20,0x20,0x20,0x20,0x20,0x20,0x20,0x20,0x20,0x20,0x3c,0x73,0x74,0x6f,
  0x70,0x20,0x73,0x74,0x6f,0x70,0x2d,0x6f,0x70,0x61,0x63,0x69,0x74,0x79,0x3d,0x22,
  0x30,0x22,0x20,0x6f,0x66,0x66,0x73,0x65,0x74,0x3d,0x22,0x31,0x22,0x2f,0x3e,0xa,
  0x20,0x20,0x20,0x20,0x20,0x20,0x20,0x20,0x3c,0x2f,0x6c,0x69,0x6e,0x65,0x61,0x72,
  0x47,0x72,0x61,0x64,0x69,0x65,0x6e,0x74,0x3e,0xa,0x20,0x20,0x20,0x20,0x20,0x20,
  0x20,0x20,0x3c,0x6c,0x69,0x6e,0x65,0x61,0x72,0x47,0x72,0x61,0x64,0x69,0x65,0x6e,
  0x74,0x20,0x69,0x64,0x3d,0x22,0x70,0x61,0x69,0x6e,0x74,0x32,0x5f,0x6c,0x69,0x6e,
  0x65,0x61,0x72,0x5f,0x31,0x37,0x30,0x30,0x5f,0x32,0x30,0x30,0x31,0x34,0x22,0x20,
  0x78,0x31,0x3d,0x22,0x2d,0x36,0x34,0x22,0x20,0x78,0x32,0x3d,0x22,0x2d,0x36,0x34,
  0x22,0x20,0x79,0x31,0x3d,0x22,0x37,0x33,0x2e,0x35,0x22,0x20,0x79,0x32,0x3d,0x22,
  0x31,0x39,0x2e,0x35,0x22,0x20,0x67,0x72,0x61,0x64,0x69,0x65,0x6e,0x74,0x55,0x6e,
  0x69,0x74,0x73,0x3d,0x22,0x75,0x73,0x65,0x72,0x53,0x70,0x61,0x63,0x65,0x4f,0x6e,
  0x55,0x73,0x65,0x22,0x3e,0xa,0x20,0x20,0x20,0x20,0x20,0x20,0x20,0x20,0x20,0x20,
  0x20,0x20,0x3c,0x73,0x74,0x6f,0x70,0x20,0x73,0x74,0x6f,0x70,0x2d,0x63,0x6f,0x6c,
  0x6f,0x72,0x3d,0x22,0x23,0x46,0x46,0x45,0x33,0x42,0x33,0x22,0x20,0x6f,0x66,0x66,
  0x73,0x65,0x74,0x3d,0x22,0x30,0x22,0x2f,0x3e,0xa,0x20,0x20,0x20,0x20,0x20,0x20,
  0x20,0x20,0x20,0x20,0x20,0x20,0x3c,0x73,0x74,0x6f,0x70,0x20,0x73,0x74,0x6f,0x70,
  0x2d,0x63,0x6f,0x6c,0x6f,0x72,0x3d,0x22,0x23,0x46,0x46,0x46,0x45,0x46,0x43,0x22,
  0x20,0x6f,0x66,0x66,0x73,0x65,0x74,0x3d,0x22,0x31,0x22,0x2f,0x3e,0xa,0x20,0x20,
  0x20,0x20,0x20,0x20,0x20,0x20,0x3c,0x2f,0x6c,0x69,0x6e,0x65,0x61,0x72,0x47,0x72,
  0x61,0x64,0x69,0x65,0x6e,0x74,0x3e,0xa,0x20,0x20,0x20,0x20,0x20,0x20,0x20,0x20,
  0x3c,0x6c,0x69,0x6e,0x65,0x61,0x72,0x47,0x72,0x61,0x64,0x69,0x65,0x6e,0x74,0x20,
  0x69,0x64,0x3d,0x22,0x70,0x61,0x69,0x6e,0x74,0x33,0x5f,0x6c,0x69,0x6e,0x65,0x61,
  0x72,0x5f,0x31,0x37,0x30,0x30,0x5f,0x32,0x30,0x30,0x31,0x34,0x22,0x20,0x78,0x32,
  0x3d,0x22,0x2e,0x30,0x34,0x37,0x33,0x31,0x39,0x38,0x22,0x20,0x79,0x31,0x3d,0x22,
  0x35,0x36,0x2e,0x39,0x30,0x33,0x38,0x22,0x20,0x79,0x32,0x3d,0x22,0x35,0x39,0x2e,
  0x33,0x36,0x34,0x35,0x22,0x20,0x67,0x72,0x61,0x64,0x69,0x65,0x6e,0x74,0x55,0x6e,
  0x69,0x74,0x73,0x3d,0x22,0x75,0x73,0x65,0x72,0x53,0x70,0x61,0x63,0x65,0x4f,0x6e,
  0x55,0x73,0x65,0x22,0x3e,0xa,0x20,0x20,0x20,0x20,0x20,0x20,0x20,0x20,0x20,0x20,
  0x20,0x20,0x3c,0x73,0x74,0x6f,0x70,0x20,0x73,0x74,0x6f,0x70,0x2d,0x63,0x6f,0x6c,
  0x6f,0x72,0x3d,0x22,0x23,0x46,0x46,0x39,0x30,0x32,0x45,0x22,0x20,0x6f,0x66,0x66,
  0x73,0x65,0x74,0x3d,0x22,0x30,0x22,0x2f,0x3e,0xa,0x20,0x20,0x20,0x20,0x20,0x20,
  0x20,0x20,0x20,0x20,0x20,0x20,0x3c,0x73,0x74,0x6f,0x70,0x20,0x73,0x74,0x6f,0x70,
  0x2d,0x63,0x6f,0x6c,0x6f,0x72,0x3d,0x22,0x23,0x46,0x30,0x37,0x34,0x30,0x36,0x22,
  0x20,0x6f,0x66,0x66,0x73,0x65,0x74,0x3d,0x22,0x31,0x22,0x2f,0x3e,0xa,0x20,0x20,
  0x20,0x20,0x20,0x20,0x20,0x20,0x3c,0x2f,0x6c,0x69,0x6e,0x65,0x61,0x72,0x47,0x72,
  0x61,0x64,0x69,0x65,0x6e,0x74,0x3e,0xa,0x20,0x20,0x20,0x20,0x3c,0x2f,0x64,0x65,
  0x66,0x73,0x3e,0xa,0x3c,0x2f,0x73,0x76,0x67,0x3e,0xa,
    // security-high.svg
  0x0,0x0,0xb,0x88,
  0x3c,
  0x3f,0x78,0x6d,0x6c,0x20,0x76,0x65,0x72,0x73,0x69,0x6f,0x6e,0x3d,0x22,0x31,0x2e,
  0x30,0x22,0x20,0x65,0x6e,0x63,0x6f,0x64,0x69,0x6e,0x67,0x3d,0x22,0x55,0x54,0x46,
  0x2d,0x38,0x22,0x20,0x73,0x74,0x61,0x6e,0x64,0x61,0x6c,0x6f,0x6e,0x65,0x3d,0x22,
  0x6e,0x6f,0x22,0x3f,0x3e,0xa,0xa,0x3c,0x21,0x2d,0x2d,0x20,0x43,0x72,0x65,0x61,
  0x74,0x65,0x64,0x20,0x77,0x69,0x74,0x68,0x20,0x49,0x6e,0x6b,0x73,0x63,0x61,0x70,
  0x65,0x20,0x28,0x68,0x74,0x74,0x70,0x3a,0x2f,0x2f,0x77,0x77,0x77,0x2e,0x69,0x6e,
  0x6b,0x73,0x63,0x61,0x70,0x65,0x2e,0x6f,0x72,0x67,0x2f,0x29,0x20,0x2d,0x2d,0x3e,
  0xa,0x3c,0x73,0x76,0x67,0x20,0x77,0x69,0x64,0x74,0x68,0x3d,0x22,0x36,0x34,0x22,
  0x20,0x76,0x65,0x72,0x73,0x69,0x6f,0x6e,0x3d,0x22,0x31,0x2e,0x31,0x22,0x20,0x78,
  0x6d,0x6c,0x6e,0x73,0x3d,0x22,0x68,0x74,0x74,0x70,0x3a,0x2f,0x2f,0x77,0x77,0x77,
  0x2e,0x77,0x33,0x2e,0x6f,0x72,0x67,0x2f,0x32,0x30,0x30,0x30,0x2f,0x73,0x76,0x67,
  0x22,0x20,0x68,0x65,0x69,0x67,0x68,0x74,0x3d,0x22,0x36,0x34,0x22,0x20,0x78,0x6d,
  0x6c,0x6e,0x73,0x3a,0x78,0x6c,0x69,0x6e,0x6b,0x3d,0x22,0x68,0x74,0x74,0x70,0x3a,
  0x2f,0x2f,0x77,0x77,0x77,0x2e,0x77,0x33,0x2e,0x6f,0x72,0x67,0x2f,0x31,0x39,0x39,
  0x39,0x2f,0x78,0x6c,0x69,0x6e,0x6b,0x22,0x20,0x78,0x6d,0x6c,0x6e,0x73,0x3a,0x69,
  0x6e,0x6b,0x73,0x63,0x61,0x70,0x65,0x3d,0x22,0x68,0x74,0x74,0x70,0x3a,0x2f,0x2f,
  0x77,0x77,0x77,0x2e,0x69,0x6e,0x6b,0x73,0x63,0x61,0x70,0x65,0x2e,0x6f,0x72,0x67,
  0x2f,0x6e,0x61,0x6d,0x65,0x73,0x70,0x61,0x63,0x65,0x73,0x2f,0x69,0x6e,0x6b,0x73,
  0x63,0x61,0x70,0x65,0x22,0x3e,0xa,0x20,0x3c,0x64,0x65,0x66,0x73,0x20,0x69,0x64,
  0x3d,0x22,0x64,0x65,0x66,0x73,0x33,0x38,0x31,0x31,0x22,0x3e,0xa,0x20,0x20,0x3c,
  0x6c,0x69,0x6e,0x65,0x61,0x72,0x47,0x72,0x61,0x64,0x69,0x65,0x6e,0x74,0x20,0x69,
  0x6e,0x6b,0x73,0x63,0x61,0x70,0x65,0x3a,0x63,0x6f,0x6c,0x6c,0x65,0x63,0x74,0x3d,
  0x22,0x61,0x6c,0x77,0x61,0x79,0x73,0x22,0x20,0x69,0x64,0x3d,0x22,0x6c,0x69,0x6e,
  0x65,0x61,0x72,0x47,0x72,0x61,0x64,0x69,0x65,0x6e,0x74,0x34,0x32,0x32,0x37,0x22,
  0x3e,0xa,0x20,0x20,0x20,0x3c,0x73,0x74,0x6f,0x70,0x20,0x73,0x74,0x79,0x6c,0x65,
  0x3d,0x22,0x73,0x74,0x6f,0x70,0x2d,0x63,0x6f,0x6c,0x6f,0x72,0x3a,0x23,0x32,0x39,
  0x32,0x63,0x32,0x66,0x22,0x20,0x69,0x64,0x3d,0x22,0x73,0x74,0x6f,0x70,0x34,0x32,
  0x32,0x39,0x22,0x2f,0x3e,0xa,0x20,0x20,0x20,0x3c,0x73,0x74,0x6f,0x70,0x20,0x6f,
  0x66,0x66,0x73,0x65,0x74,0x3d,0x22,0x31,0x22,0x20,0x73,0x74,0x79,0x6c,0x65,0x3d,
  0x22,0x73,0x74,0x6f,0x70,0x2d,0x6f,0x70,0x61,0x63,0x69,0x74,0x79,0x3a,0x30,0x22,
  0x20,0x69,0x64,0x3d,0x22,0x73,0x74,0x6f,0x70,0x34,0x32,0x33,0x31,0x22,0x2f,0x3e,
  0xa,0x20,0x20,0x3c,0x2f,0x6c,0x69,0x6e,0x65,0x61,0x72,0x47,0x72,0x61,0x64,0x69,
  0x65,0x6e,0x74,0x3e,0xa,0x20,0x20,0x3c,0x6c,0x69,0x6e,0x65,0x61,0x72,0x47,0x72,
  0x61,0x64,0x69,0x65,0x6e,0x74,0x20,0x69,0x6e,0x6b,0x73,0x63,0x61,0x70,0x65,0x3a,
  0x63,0x6f,0x6c,0x6c,0x65,0x63,0x74,0x3d,0x22,0x61,0x6c,0x77,0x61,0x79,0x73,0x22,
  0x20,0x69,0x64,0x3d,0x22,0x6c,0x69,0x6e,0x65,0x61,0x72,0x47,0x72,0x61,0x64,0x69,
  0x65,0x6e,0x74,0x34,0x31,0x39,0x31,0x2d,0x31,0x2d,0x37,0x22,0x20,0x78,0x6c,0x69,
  0x6e,0x6b,0x3a,0x68,0x72,0x65,0x66,0x3d,0x22,0x23,0x6c,0x69,0x6e,0x65,0x61,0x72,
  0x47,0x72,0x61,0x64,0x69,0x65,0x6e,0x74,0x34,0x32,0x32,0x37,0x22,0x20,0x79,0x31,
  0x3d,0x22,0x39,0x22,0x20,0x79,0x32,0x3d,0x22,0x32,0x33,0x22,0x20,0x78,0x31,0x3d,
  0x22,0x39,0x2e,0x30,0x30,0x30,0x30,0x31,0x22,0x20,0x67,0x72,0x61,0x64,0x69,0x65,
  0x6e,0x74,0x55,0x6e,0x69,0x74,0x73,0x3d,0x22,0x75,0x73,0x65,0x72,0x53,0x70,0x61,
  0x63,0x65,0x4f,0x6e,0x55,0x73,0x65,0x22,0x20,0x78,0x32,0x3d,0x22,0x32,0x33,0x2e,
  0x30,0x30,0x30,0x30,0x34,0x22,0x20,0x67,0x72,0x61,0x64,0x69,0x65,0x6e,0x74,0x54,
  0x72,0x61,0x6e,0x73,0x66,0x6f,0x72,0x6d,0x3d,0x22,0x6d,0x61,0x74,0x72,0x69,0x78,
  0x28,0x32,0x20,0x30,0x20,0x30,0x20,0x32,0x20,0x37,0x33,0x35,0x2e,0x38,0x35,0x37,
  0x31,0x39,0x20,0x31,0x35,0x38,0x2e,0x39,0x33,0x33,0x36,0x31,0x29,0x22,0x2f,0x3e,
  0xa,0x20,0x20,0x3c,0x6c,0x69,0x6e,0x65,0x61,0x72,0x47,0x72,0x61,0x64,0x69,0x65,
  0x6e,0x74,0x20,0x69,0x6e,0x6b,0x73,0x63,0x61,0x70,0x65,0x3a,0x63,0x6f,0x6c,0x6c,
  0x65,0x63,0x74,0x3d,0x22,0x61,0x6c,0x77,0x61,0x79,0x73,0x22,0x20,0x78,0x6c,0x69,
  0x6e,0x6b,0x3a,0x68,0x72,0x65,0x66,0x3d,0x22,0x23,0x6c,0x69,0x6e,0x65,0x61,0x72,
  0x47,0x72,0x61,0x64,0x69,0x65,0x6e,0x74,0x34,0x32,0x39,0x38,0x22,0x20,0x69,0x64,
  0x3d,0x22,0x6c,0x69,0x6e,0x65,0x61,0x72,0x47,0x72,0x61,0x64,0x69,0x65,0x6e,0x74,
  0x34,0x31,0x38,0x31,0x22,0x20,0x79,0x31,0x3d,0x22,0x36,0x22,0x20,0x78,0x31,0x3d,
  0x22,0x33,0x32,0x22,0x20,0x79,0x32,0x3d,0x22,0x35,0x37,0x22,0x20,0x78,0x32,0x3d,
  0x22,0x33,0x31,0x22,0x20,0x67,0x72,0x61,0x64,0x69,0x65,0x6e,0x74,0x55,0x6e,0x69,
  0x74,0x73,0x3d,0x22,0x75,0x73,0x65,0x72,0x53,0x70,0x61,0x63,0x65,0x4f,0x6e,0x55,
  0x73,0x65,0x22,0x2f,0x3e,0xa,0x20,0x20,0x3c,0x6c,0x69,0x6e,0x65,0x61,0x72,0x47,
  0x72,0x61,0x64,0x69,0x65,0x6e,0x74,0x20,0x69,0x6e,0x6b,0x73,0x63,0x61,0x70,0x65,
  0x3a,0x63,0x6f,0x6c,0x6c,0x65,0x63,0x74,0x3d,0x22,0x61,0x6c,0x77,0x61,0x79,0x73,
  0x22,0x20,0x69,0x64,0x3d,0x22,0x6c,0x69,0x6e,0x65,0x61,0x72,0x47,0x72,0x61,0x64,
  0x69,0x65,0x6e,0x74,0x34,0x33,0x37,0x34,0x22,0x3e,0xa,0x20,0x20,0x20,0x3c,0x73,
  0x74,0x6f,0x70,0x20,0x73,0x74,0x79,0x6c,0x65,0x3d,0x22,0x73,0x74,0x6f,0x70,0x2d,
  0x63,0x6f,0x6c,0x6f,0x72,0x3a,0x23,0x62,0x63,0x66,0x64,0x39,0x33,0x22,0x20,0x69,
  0x64,0x3d,0x22,0x73,0x74,0x6f,0x70,0x34,0x33,0x37,0x36,0x22,0x2f,0x3e,0xa,0x20,
  0x20,0x20,0x3c,0x73,0x74,0x6f,0x70,0x20,0x6f,0x66,0x66,0x73,0x65,0x74,0x3d,0x22,
  0x31,0x22,0x20,0x73,0x74,0x79,0x6c,0x65,0x3d,0x22,0x73,0x74,0x6f,0x70,0x2d,0x63,
  0x6f,0x6c,0x6f,0x72,0x3a,0x23,0x66,0x61,0x66,0x66,0x66,0x35,0x22,0x20,0x69,0x64,
  0x3d,0x22,0x73,0x74,0x6f,0x70,0x34,0x33,0x37,0x38,0x22,0x2f,0x3e,0xa,0x20,0x20,
  0x3c,0x2f,0x6c,0x69,0x6e,0x65,0x61,0x72,0x47,0x72,0x61,0x64,0x69,0x65,0x6e,0x74,
  0x3e,0xa,0x20,0x20,0x3c,0x6c,0x69,0x6e,0x65,0x61,0x72,0x47,0x72,0x61,0x64,0x69,
  0x65,0x6e,0x74,0x20,0x69,0x6e,0x6b,0x73,0x63,0x61,0x70,0x65,0x3a,0x63,0x6f,0x6c,
  0x6c,0x65,0x63,0x74,0x3d,0x22,0x61,0x6c,0x77,0x61,0x79,0x73,0x22,0x20,0x69,0x64,
  0x3d,0x22,0x6c,0x69,0x6e,0x65,0x61,0x72,0x47,0x72,0x61,0x64,0x69,0x65,0x6e,0x74,
  0x34,0x32,0x39,0x38,0x22,0x3e,0xa,0x20,0x20,0x20,0x3c,0x73,0x74,0x6f,0x70,0x20,
  0x73,0x74,0x79,0x6c,0x65,0x3d,0x22,0x73,0x74,0x6f,0x70,0x2d,0x63,0x6f,0x6c,0x6f,
  0x72,0x3a,0x23,0x34,0x32,0x61,0x36,0x30,0x33,0x22,0x20,0x69,0x64,0x3d,0x22,0x73,
  0x74,0x6f,0x70,0x34,0x33,0x30,0x30,0x22,0x2f,0x3e,0xa,0x20,0x20,0x20,0x3c,0x73,
  0x74,0x6f,0x70,0x20,0x6f,0x66,0x66,0x73,0x65,0x74,0x3d,0x22,0x31,0x22,0x20,0x73,
  0x74,0x79,0x6c,0x65,0x3d,0x22,0x73,0x74,0x6f,0x70,0x2d,0x63,0x6f,0x6c,0x6f,0x72,
  0x3a,0x23,0x37,0x38,0x64,0x61,0x30,0x36,0x22,0x20,0x69,0x64,0x3d,0x22,0x73,0x74,
  0x6f,0x70,0x34,0x33,0x30,0x32,0x22,0x2f,0x3e,0xa,0x20,0x20,0x3c,0x2f,0x6c,0x69,
  0x6e,0x65,0x61,0x72,0x47,0x72,0x61,0x64,0x69,0x65,0x6e,0x74,0x3e,0xa,0x20,0x20,
  0x3c,0x6c,0x69,0x6e,0x65,0x61,0x72,0x47,0x72,0x61,0x64,0x69,0x65,0x6e,0x74,0x20,
  0x69,0x6e,0x6b,0x73,0x63,0x61,0x70,0x65,0x3a,0x63,0x6f,0x6c,0x6c,0x65,0x63,0x74,
  0x3d,0x22,0x61,0x6c,0x77,0x61,0x79,0x73,0x22,0x20,0x78,0x6c,0x69,0x6e,0x6b,0x3a,
  0x68,0x72,0x65,0x66,0x3d,0x22,0x23,0x6c,0x69,0x6e,0x65,0x61,0x72,0x47,0x72,0x61,
  0x64,0x69,0x65,0x6e,0x74,0x34,0x33,0x37,0x34,0x22,0x20,0x69,0x64,0x3d,0x22,0x6c,
  0x69,0x6e,0x65,0x61,0x72,0x47,0x72,0x61,0x64,0x69,0x65,0x6e,0x74,0x34,0x31,0x38,
  0x39,0x22,0x20,0x79,0x31,0x3d,0x22,0x31,0x39,0x39,0x2e,0x39,0x33,0x33,0x36,0x31,
  0x22,0x20,0x79,0x32,0x3d,0x22,0x31,0x37,0x35,0x2e,0x39,0x33,0x33,0x36,0x31,0x22,
  0x20,0x78,0x32,0x3d,0x22,0x30,0x22,0x20,0x67,0x72,0x61,0x64,0x69,0x65,0x6e,0x74,
  0x55,0x6e,0x69,0x74,0x73,0x3d,0x22,0x75,0x73,0x65,0x72,0x53,0x70,0x61,0x63,0x65,
  0x4f,0x6e,0x55,0x73,0x65,0x22,0x2f,0x3e,0xa,0x20,0x3c,0x2f,0x64,0x65,0x66,0x73,
  0x3e,0xa,0x20,0x3c,0x6d,0x65,0x74,0x61,0x64,0x61,0x74,0x61,0x20,0x69,0x64,0x3d,
  0x22,0x6d,0x65,0x74,0x61,0x64,0x61,0x74,0x61,0x33,0x38,0x31,0x34,0x22,0x2f,0x3e,
  0xa,0x20,0x3c,0x67,0x20,0x69,0x6e,0x6b,0x73,0x63,0x61,0x70,0x65,0x3a,0x6c,0x61,
  0x62,0x65,0x6c,0x3d,0x22,0x4c,0x61,0x79,0x65,0x72,0x20,0x31,0x22,0x20,0x69,0x6e,
  0x6b,0x73,0x63,0x61,0x70,0x65,0x3a,0x67,0x72,0x6f,0x75,0x70,0x6d,0x6f,0x64,0x65,
  0x3d,0x22,0x6c,0x61,0x79,0x65,0x72,0x22,0x20,0x69,0x64,0x3d,0x22,0x6c,0x61,0x79,
  0x65,0x72,0x31,0x22,0x20,0x74,0x72,0x61,0x6e,0x73,0x66,0x6f,0x72,0x6d,0x3d,0x22,
  0x6d,0x61,0x74,0x72,0x69,0x78,0x28,0x31,0x20,0x30,0x20,0x30,0x20,0x31,0x20,0x2d,
  0x37,0x33,0x36,0x2e,0x38,0x35,0x37,0x31,0x38,0x20,0x2d,0x31,0x35,0x37,0x2e,0x39,
  0x33,0x33,0x36,0x31,0x29,0x22,0x3e,0xa,0x20,0x20,0x3c,0x70,0x61,0x74,0x68,0x20,
  0x73,0x74,0x79,0x6c,0x65,0x3d,0x22,0x66,0x69,0x6c,0x6c,0x3a,0x75,0x72,0x6c,0x28,
  0x23,0x6c,0x69,0x6e,0x65,0x61,0x72,0x47,0x72,0x61,0x64,0x69,0x65,0x6e,0x74,0x34,
  0x31,0x38,0x31,0x29,0x3b,0x73,0x74,0x72,0x6f,0x6b,0x65,0x2d,0x6c,0x69,0x6e,0x65,
  0x63,0x61,0x70,0x3a,0x73,0x71,0x75,0x61,0x72,0x65,0x3b,0x73,0x74,0x72,0x6f,0x6b,
  0x65,0x2d,0x77,0x69,0x64,0x74,0x68,0x3a,0x32,0x22,0x20,0x69,0x64,0x3d,0x22,0x72,
  0x65,0x63,0x74,0x34,0x31,0x38,0x36,0x2d,0x32,0x2d,0x31,0x22,0x20,0x64,0x3d,0x22,
  0x4d,0x20,0x33,0x32,0x20,0x36,0x20,0x43,0x20,0x32,0x35,0x2e,0x36,0x36,0x36,0x36,
  0x37,0x20,0x39,0x2e,0x33,0x35,0x34,0x34,0x37,0x20,0x31,0x39,0x2e,0x33,0x33,0x33,
  0x33,0x33,0x20,0x31,0x30,0x2e,0x37,0x32,0x34,0x39,0x31,0x20,0x31,0x33,0x20,0x31,
  0x32,0x20,0x4c,0x20,0x31,0x33,0x20,0x33,0x37,0x20,0x43,0x20,0x31,0x33,0x20,0x34,
  0x34,0x20,0x32,0x33,0x2e,0x32,0x36,0x33,0x33,0x31,0x20,0x35,0x33,0x2e,0x35,0x36,
  0x31,0x33,0x33,0x37,0x20,0x33,0x32,0x20,0x35,0x37,0x2e,0x39,0x39,0x38,0x30,0x34,
  0x37,0x20,0x43,0x20,0x34,0x30,0x2e,0x37,0x33,0x36,0x36,0x39,0x20,0x35,0x33,0x2e,
  0x35,0x36,0x31,0x33,0x33,0x37,0x20,0x35,0x31,0x20,0x34,0x34,0x20,0x35,0x31,0x20,
  0x33,0x37,0x20,0x4c,0x20,0x35,0x31,0x20,0x31,0x32,0x20,0x43,0x20,0x34,0x34,0x2e,
  0x36,0x36,0x36,0x36,0x37,0x20,0x31,0x30,0x2e,0x37,0x32,0x34,0x39,0x31,0x20,0x33,
  0x38,0x2e,0x33,0x33,0x33,0x33,0x33,0x20,0x39,0x2e,0x33,0x35,0x34,0x34,0x37,0x20,
  0x33,0x32,0x20,0x36,0x20,0x7a,0x20,0x22,0x20,0x74,0x72,0x61,0x6e,0x73,0x66,0x6f,
  0x72,0x6d,0x3d,0x22,0x6d,0x61,0x74,0x72,0x69,0x78,0x28,0x31,0x20,0x30,0x20,0x30,
  0x20,0x31,0x20,0x37,0x33,0x36,0x2e,0x38,0x35,0x37,0x31,0x38,0x20,0x31,0x35,0x37,
  0x2e,0x39,0x33,0x33,0x36,0x31,0x29,0x22,0x2f,0x3e,0xa,0x20,0x20,0x3c,0x70,0x61,
  0x74,0x68,0x20,0x69,0x6e,0x6b,0x73,0x63,0x61,0x70,0x65,0x3a,0x63,0x6f,0x6e,0x6e,
  0x65,0x63,0x74,0x6f,0x72,0x2d,0x63,0x75,0x72,0x76,0x61,0x74,0x75,0x72,0x65,0x3d,
  0x22,0x30,0x22,0x20,0x73,0x74,0x79,0x6c,0x65,0x3d,0x22,0x66,0x69,0x6c,0x6c,0x3a,
  0x75,0x72,0x6c,0x28,0x23,0x6c,0x69,0x6e,0x65,0x61,0x72,0x47,0x72,0x61,0x64,0x69,
  0x65,0x6e,0x74,0x34,0x31,0x39,0x31,0x2d,0x31,0x2d,0x37,0x29,0x3b,0x6f,0x70,0x61,
  0x63,0x69,0x74,0x79,0x3a,0x30,0x2e,0x32,0x3b,0x66,0x69,0x6c,0x6c,0x2d,0x72,0x75,
  0x6c,0x65,0x3a,0x65,0x76,0x65,0x6e,0x6f,0x64,0x64,0x22,0x20,0x69,0x64,0x3d,0x22,
  0x70,0x61,0x74,0x68,0x34,0x31,0x38,0x34,0x2d,0x35,0x22,0x20,0x64,0x3d,0x22,0x6d,
  0x20,0x37,0x37,0x39,0x2e,0x38,0x35,0x37,0x31,0x38,0x2c,0x31,0x37,0x35,0x2e,0x39,
  0x33,0x33,0x36,0x31,0x20,0x2d,0x38,0x2c,0x31,0x34,0x20,0x2d,0x37,0x2c,0x38,0x20,
  0x2d,0x37,0x2c,0x2d,0x33,0x20,0x38,0x2c,0x38,0x20,0x31,0x32,0x2c,0x31,0x33,0x20,
  0x31,0x37,0x2c,0x30,0x20,0x30,0x2c,0x2d,0x32,0x37,0x20,0x7a,0x22,0x2f,0x3e,0xa,
  0x20,0x20,0x3c,0x70,0x61,0x74,0x68,0x20,0x69,0x6e,0x6b,0x73,0x63,0x61,0x70,0x65,
  0x3a,0x63,0x6f,0x6e,0x6e,0x65,0x63,0x74,0x6f,0x72,0x2d,0x63,0x75,0x72,0x76,0x61,
  0x74,0x75,0x72,0x65,0x3d,0x22,0x30,0x22,0x20,0x73,0x74,0x79,0x6c,0x65,0x3d,0x22,
  0x73,0x68,0x61,0x70,0x65,0x2d,0x72,0x65,0x6e,0x64,0x65,0x72,0x69,0x6e,0x67,0x3a,
  0x61,0x75,0x74,0x6f,0x3b,0x63,0x6f,0x6c,0x6f,0x72,0x2d,0x69,0x6e,0x74,0x65,0x72,
  0x70,0x6f,0x6c,0x61,0x74,0x69,0x6f,0x6e,0x2d,0x66,0x69,0x6c,0x74,0x65,0x72,0x73,
  0x3a,0x6c,0x69,0x6e,0x65,0x61,0x72,0x52,0x47,0x42,0x3b,0x66,0x69,0x6c,0x6c,0x3a,
  0x75,0x72,0x6c,0x28,0x23,0x6c,0x69,0x6e,0x65,0x61,0x72,0x47,0x72,0x61,0x64,0x69,
  0x65,0x6e,0x74,0x34,0x31,0x38,0x39,0x29,0x3b,0x69,0x6d,0x61,0x67,0x65,0x2d,0x72,
  0x65,0x6e,0x64,0x65,0x72,0x69,0x6e,0x67,0x3a,0x61,0x75,0x74,0x6f,0x3b,0x74,0x65,
  0x78,0x74,0x2d,0x72,0x65,0x6e,0x64,0x65,0x72,0x69,0x6e,0x67,0x3a,0x61,0x75,0x74,
  0x6f,0x3b,0x63,0x6f,0x6c,0x6f,0x72,0x3a,0x23,0x30,0x30,0x30,0x30,0x30,0x30,0x3b,
  0x66,0x69,0x6c,0x6c,0x2d,0x72,0x75,0x6c,0x65,0x3a,0x65,0x76,0x65,0x6e,0x6f,0x64,
  0x64,0x3b,0x73,0x74,0x72,0x6f,0x6b,0x65,0x2d,0x77,0x69,0x64,0x74,0x68,0x3a,0x32,
  0x3b,0x63,0x6f,0x6c,0x6f,0x72,0x2d,0x72,0x65,0x6e,0x64,0x65,0x72,0x69,0x6e,0x67,
  0x3a,0x61,0x75,0x74,0x6f,0x3b,0x63,0x6f,0x6c,0x6f,0x72,0x2d,0x69,0x6e,0x74,0x65,
  0x72,0x70,0x6f,0x6c,0x61,0x74,0x69,0x6f,0x6e,0x3a,0x73,0x52,0x47,0x42,0x22,0x20,
  0x69,0x64,0x3d,0x22,0x70,0x61,0x74,0x68,0x34,0x31,0x37,0x39,0x22,0x20,0x64,0x3d,
  0x22,0x6d,0x20,0x37,0x37,0x39,0x2e,0x30,0x31,0x39,0x35,0x33,0x2c,0x31,0x37,0x35,
  0x2e,0x33,0x38,0x36,0x37,0x32,0x20,0x2d,0x31,0x34,0x2e,0x34,0x32,0x39,0x36,0x39,
  0x2c,0x32,0x32,0x2e,0x31,0x32,0x36,0x39,0x35,0x20,0x2d,0x36,0x2e,0x31,0x35,0x32,
  0x33,0x34,0x2c,0x2d,0x34,0x2e,0x33,0x39,0x34,0x35,0x33,0x20,0x2d,0x31,0x2e,0x31,
  0x36,0x32,0x31,0x31,0x2c,0x31,0x2e,0x36,0x32,0x38,0x39,0x31,0x20,0x37,0x2e,0x38,
  0x34,0x39,0x36,0x31,0x2c,0x35,0x2e,0x36,0x30,0x35,0x34,0x37,0x20,0x31,0x35,0x2e,
  0x35,0x37,0x30,0x33,0x31,0x2c,0x2d,0x32,0x33,0x2e,0x38,0x37,0x33,0x30,0x35,0x20,
  0x2d,0x31,0x2e,0x36,0x37,0x35,0x37,0x38,0x2c,0x2d,0x31,0x2e,0x30,0x39,0x33,0x37,
  0x35,0x20,0x7a,0x22,0x2f,0x3e,0xa,0x20,0x20,0x3c,0x70,0x61,0x74,0x68,0x20,0x69,
  0x6e,0x6b,0x73,0x63,0x61,0x70,0x65,0x3a,0x63,0x6f,0x6e,0x6e,0x65,0x63,0x74,0x6f,
  0x72,0x2d,0x63,0x75,0x72,0x76,0x61,0x74,0x75,0x72,0x65,0x3d,0x22,0x30,0x22,0x20,
  0x73,0x74,0x79,0x6c,0x65,0x3d,0x22,0x66,0x69,0x6c,0x6c,0x3a,0x23,0x33,0x36,0x38,
  0x39,0x30,0x32,0x3b,0x73,0x74,0x72,0x6f,0x6b,0x65,0x2d,0x6c,0x69,0x6e,0x65,0x63,
  0x61,0x70,0x3a,0x73,0x71,0x75,0x61,0x72,0x65,0x3b,0x73,0x74,0x72,0x6f,0x6b,0x65,
  0x2d,0x77,0x69,0x64,0x74,0x68,0x3a,0x32,0x22,0x20,0x69,0x64,0x3d,0x22,0x72,0x65,
  0x63,0x74,0x34,0x31,0x38,0x36,0x2d,0x32,0x2d,0x31,0x2d,0x35,0x22,0x20,0x64,0x3d,
  0x22,0x6d,0x20,0x37,0x34,0x39,0x2e,0x38,0x35,0x37,0x31,0x38,0x2c,0x31,0x39,0x32,
  0x2e,0x39,0x33,0x33,0x36,0x31,0x20,0x30,0x2c,0x32,0x20,0x63,0x20,0x30,0x2c,0x37,
  0x20,0x31,0x30,0x2e,0x32,0x36,0x33,0x33,0x31,0x2c,0x31,0x36,0x2e,0x35,0x36,0x31,
  0x33,0x34,0x20,0x31,0x39,0x2c,0x32,0x30,0x2e,0x39,0x39,0x38,0x30,0x35,0x20,0x38,
  0x2e,0x37,0x33,0x36,0x36,0x39,0x2c,0x2d,0x34,0x2e,0x34,0x33,0x36,0x37,0x31,0x20,
  0x31,0x39,0x2c,0x2d,0x31,0x33,0x2e,0x39,0x39,0x38,0x30,0x35,0x20,0x31,0x39,0x2c,
  0x2d,0x32,0x30,0x2e,0x39,0x39,0x38,0x30,0x35,0x20,0x6c,0x20,0x30,0x2c,0x2d,0x32,
  0x20,0x63,0x20,0x30,0x2c,0x37,0x20,0x2d,0x31,0x30,0x2e,0x32,0x36,0x33,0x33,0x31,
  0x2c,0x31,0x36,0x2e,0x35,0x36,0x31,0x33,0x34,0x20,0x2d,0x31,0x39,0x2c,0x32,0x30,
  0x2e,0x39,0x39,0x38,0x30,0x35,0x20,0x2d,0x38,0x2e,0x37,0x33,0x36,0x36,0x39,0x2c,
  0x2d,0x34,0x2e,0x34,0x33,0x36,0x37,0x31,0x20,0x2d,0x31,0x39,0x2c,0x2d,0x31,0x33,
  0x2e,0x39,0x39,0x38,0x30,0x35,0x20,0x2d,0x31,0x39,0x2c,0x2d,0x32,0x30,0x2e,0x39,
  0x39,0x38,0x30,0x35,0x20,0x7a,0x22,0x2f,0x3e,0xa,0x20,0x3c,0x2f,0x67,0x3e,0xa,
  0x3c,0x2f,0x73,0x76,0x67,0x3e,0xa,
    // security-low.svg
  0x0,0x0,0xb,0x96,
  0x3c,
  0x3f,0x78,0x6d,0x6c,0x20,0x76,0x65,0x72,0x73,0x69,0x6f,0x6e,0x3d,0x22,0x31,0x2e,
  0x30,0x22,0x20,0x65,0x6e,0x63,0x6f,0x64,0x69,0x6e,0x67,0x3d,0x22,0x55,0x54,0x46,
  0x2d,0x38,0x22,0x20,0x73,0x74,0x61,0x6e,0x64,0x61,0x6c,0x6f,0x6e,0x65,0x3d,0x22,
  0x6e,0x6f,0x22,0x3f,0x3e,0xa,0xa,0x3c,0x21,0x2d,0x2d,0x20,0x43,0x72,0x65,0x61,
  0x74,0x65,0x64,0x20,0x77,0x69,0x74,0x68,0x20,0x49,0x6e,0x6b,0x73,0x63,0x61,0x70,
  0x65,0x20,0x28,0x68,0x74,0x74,0x70,0x3a,0x2f,0x2f,0x77,0x77,0x77,0x2e,0x69,0x6e,
  0x6b,0x73,0x63,0x61,0x70,0x65,0x2e,0x6f,0x72,0x67,0x2f,0x29,0x20,0x2d,0x2d,0x3e,
  0xa,0x3c,0x73,0x76,0x67,0x20,0x77,0x69,0x64,0x74,0x68,0x3d,0x22,0x36,0x34,0x22,
  0x20,0x76,0x65,0x72,0x73,0x69,0x6f,0x6e,0x3d,0x22,0x31,0x2e,0x31,0x22,0x20,0x78,
  0x6d,0x6c,0x6e,0x73,0x3d,0x22,0x68,0x74,0x74,0x70,0x3a,0x2f,0x2f,0x77,0x77,0x77,
  0x2e,0x77,0x33,0x2e,0x6f,0x72,0x67,0x2f,0x32,0x30,0x30,0x30,0x2f,0x73,0x76,0x67,
  0x22,0x20,0x68,0x65,0x69,0x67,0x68,0x74,0x3d,0x22,0x36,0x34,0x22,0x20,0x78,0x6d,
  0x6c,0x6e,0x73,0x3a,0x78,0x6c,0x69,0x6e,0x6b,0x3d,0x22,0x68,0x74,0x74,0x70,0x3a,
  0x2f,0x2f,0x77,0x77,0x77,0x2e,0x77,0x33,0x2e,0x6f,0x72,0x67,0x2f,0x31,0x39,0x39,
  0x39,0x2f,0x78,0x6c,0x69,0x6e,0x6b,0x22,0x20,0x78,0x6d,0x6c,0x6e,0x73,0x3a,0x69,
  0x6e,0x6b,0x73,0x63,0x61,0x70,0x65,0x3d,0x22,0x68,0x74,0x74,0x70,0x3a,0x2f,0x2f,
  0x77,0x77,0x77,0x2e,0x69,0x6e,0x6b,0x73,0x63,0x61,0x70,0x65,0x2e,0x6f,0x72,0x67,
  0x2f,0x6e,0x61,0x6d,0x65,0x73,0x70,0x61,0x63,0x65,0x73,0x2f,0x69,0x6e,0x6b,0x73,
  0x63,0x61,0x70,0x65,0x22,0x3e,0xa,0x20,0x3c,0x64,0x65,0x66,0x73,0x20,0x69,0x64,
  0x3d,0x22,0x64,0x65,0x66,0x73,0x33,0x38,0x31,0x31,0x22,0x3e,0xa,0x20,0x20,0x3c,
  0x6c,0x69,0x6e,0x65,0x61,0x72,0x47,0x72,0x61,0x64,0x69,0x65,0x6e,0x74,0x20,0x69,
  0x6e,0x6b,0x73,0x63,0x61,0x70,0x65,0x3a,0x63,0x6f,0x6c,0x6c,0x65,0x63,0x74,0x3d,
  0x22,0x61,0x6c,0x77,0x61,0x79,0x73,0x22,0x20,0x69,0x64,0x3d,0x22,0x6c,0x69,0x6e,
  0x65,0x61,0x72,0x47,0x72,0x61,0x64,0x69,0x65,0x6e,0x74,0x34,0x32,0x32,0x37,0x22,
  0x3e,0xa,0x20,0x20,0x20,0x3c,0x73,0x74,0x6f,0x70,0x20,0x73,0x74,0x79,0x6c,0x65,
  0x3d,0x22,0x73,0x74,0x6f,0x70,0x2d,0x63,0x6f,0x6c,0x6f,0x72,0x3a,0x23,0x32,0x39,
  0x32,0x63,0x32,0x66,0x22,0x20,0x69,0x64,0x3d,0x22,0x73,0x74,0x6f,0x70,0x34,0x32,
  0x32,0x39,0x22,0x2f,0x3e,0xa,0x20,0x20,0x20,0x3c,0x73,0x74,0x6f,0x70,0x20,0x6f,
  0x66,0x66,0x73,0x65,0x74,0x3d,0x22,0x31,0x22,0x20,0x73,0x74,0x79,0x6c,0x65,0x3d,
  0x22,0x73,0x74,0x6f,0x70,0x2d,0x6f,0x70,0x61,0x63,0x69,0x74,0x79,0x3a,0x30,0x22,
  0x20,0x69,0x64,0x3d,0x22,0x73,0x74,0x6f,0x70,0x34,0x32,0x33,0x31,0x22,0x2f,0x3e,
  0xa,0x20,0x20,0x3c,0x2f,0x6c,0x69,0x6e,0x65,0x61,0x72,0x47,0x72,0x61,0x64,0x69,
  0x65,0x6e,0x74,0x3e,0xa,0x20,0x20,0x3c,0x6c,0x69,0x6e,0x65,0x61,0x72,0x47,0x72,
  0x61,0x64,0x69,0x65,0x6e,0x74,0x20,0x69,0x6e,0x6b,0x73,0x63,0x61,0x70,0x65,0x3a,
  0x63,0x6f,0x6c,0x6c,0x65,0x63,0x74,0x3d,0x22,0x61,0x6c,0x77,0x61,0x79,0x73,0x22,
  0x20,0x69,0x64,0x3d,0x22,0x6c,0x69,0x6e,0x65,0x61,0x72,0x47,0x72,0x61,0x64,0x69,
  0x65,0x6e,0x74,0x34,0x31,0x39,0x31,0x2d,0x31,0x2d,0x37,0x22,0x20,0x78,0x6c,0x69,
  0x6e,0x6b,0x3a,0x68,0x72,0x65,0x66,0x3d,0x22,0x23,0x6c,0x69,0x6e,0x65,0x61,0x72,
  0x47,0x72,0x61,0x64,0x69,0x65,0x6e,0x74,0x34,0x32,0x32,0x37,0x22,0x20,0x79,0x31,
  0x3d,0x22,0x39,0x22,0x20,0x79,0x32,0x3d,0x22,0x32,0x33,0x22,0x20,0x78,0x31,0x3d,
  0x22,0x39,0x2e,0x30,0x30,0x30,0x30,0x31,0x22,0x20,0x67,0x72,0x61,0x64,0x69,0x65,
  0x6e,0x74,0x55,0x6e,0x69,0x74,0x73,0x3d,0x22,0x75,0x73,0x65,0x72,0x53,0x70,0x61,
  0x63,0x65,0x4f,0x6e,0x55,0x73,0x65,0x22,0x20,0x78,0x32,0x3d,0x22,0x32,0x33,0x2e,
  0x30,0x30,0x30,0x30,0x34,0x22,0x20,0x67,0x72,0x61,0x64,0x69,0x65,0x6e,0x74,0x54,
  0x72,0x61,0x6e,0x73,0x66,0x6f,0x72,0x6d,0x3d,0x22,0x6d,0x61,0x74,0x72,0x69,0x78,
  0x28,0x32,0x20,0x30,0x20,0x30,0x20,0x32,0x20,0x37,0x33,0x35,0x2e,0x38,0x35,0x37,
  0x31,0x39,0x20,0x31,0x35,0x38,0x2e,0x39,0x33,0x33,0x36,0x31,0x29,0x22,0x2f,0x3e,
  0xa,0x20,0x20,0x3c,0x6c,0x69,0x6e,0x65,0x61,0x72,0x47,0x72,0x61,0x64,0x69,0x65,
  0x6e,0x74,0x20,0x69,0x6e,0x6b,0x73,0x63,0x61,0x70,0x65,0x3a,0x63,0x6f,0x6c,0x6c,
  0x65,0x63,0x74,0x3d,0x22,0x61,0x6c,0x77,0x61,0x79,0x73,0x22,0x20,0x69,0x64,0x3d,
  0x22,0x6c,0x69,0x6e,0x65,0x61,0x72,0x47,0x72,0x61,0x64,0x69,0x65,0x6e,0x74,0x34,
  0x33,0x34,0x34,0x22,0x3e,0xa,0x20,0x20,0x20,0x3c,0x73,0x74,0x6f,0x70,0x20,0x73,
  0x74,0x79,0x6c,0x65,0x3d,0x22,0x73,0x74,0x6f,0x70,0x2d,0x63,0x6f,0x6c,0x6f,0x72,
  0x3a,0x23,0x65,0x64,0x38,0x36,0x38,0x64,0x22,0x20,0x69,0x64,0x3d,0x22,0x73,0x74,
  0x6f,0x70,0x34,0x33,0x34,0x36,0x22,0x2f,0x3e,0xa,0x20,0x20,0x20,0x3c,0x73,0x74,
  0x6f,0x70,0x20,0x6f,0x66,0x66,0x73,0x65,0x74,0x3d,0x22,0x31,0x22,0x20,0x73,0x74,
  0x79,0x6c,0x65,0x3d,0x22,0x73,0x74,0x6f,0x70,0x2d,0x63,0x6f,0x6c,0x6f,0x72,0x3a,
  0x23,0x66,0x62,0x65,0x36,0x65,0x38,0x22,0x20,0x69,0x64,0x3d,0x22,0x73,0x74,0x6f,
  0x70,0x34,0x33,0x34,0x38,0x22,0x2f,0x3e,0xa,0x20,0x20,0x3c,0x2f,0x6c,0x69,0x6e,
  0x65,0x61,0x72,0x47,0x72,0x61,0x64,0x69,0x65,0x6e,0x74,0x3e,0xa,0x20,0x20,0x3c,
  0x6c,0x69,0x6e,0x65,0x61,0x72,0x47,0x72,0x61,0x64,0x69,0x65,0x6e,0x74,0x20,0x69,
  0x6e,0x6b,0x73,0x63,0x61,0x70,0x65,0x3a,0x63,0x6f,0x6c,0x6c,0x65,0x63,0x74,0x3d,
  0x22,0x61,0x6c,0x77,0x61,0x79,0x73,0x22,0x20,0x69,0x64,0x3d,0x22,0x6c,0x69,0x6e,
  0x65,0x61,0x72,0x47,0x72,0x61,0x64,0x69,0x65,0x6e,0x74,0x34,0x34,0x33,0x35,0x22,
  0x3e,0xa,0x20,0x20,0x20,0x3c,0x73,0x74,0x6f,0x70,0x20,0x73,0x74,0x79,0x6c,0x65,
  0x3d,0x22,0x73,0x74,0x6f,0x70,0x2d,0x63,0x6f,0x6c,0x6f,0x72,0x3a,0x23,0x63,0x36,
  0x31,0x34,0x32,0x33,0x22,0x20,0x69,0x64,0x3d,0x22,0x73,0x74,0x6f,0x70,0x34,0x34,
  0x33,0x37,0x22,0x2f,0x3e,0xa,0x20,0x20,0x20,0x3c,0x73,0x74,0x6f,0x70,0x20,0x6f,
  0x66,0x66,0x73,0x65,0x74,0x3d,0x22,0x31,0x22,0x20,0x73,0x74,0x79,0x6c,0x65,0x3d,
  0x22,0x73,0x74,0x6f,0x70,0x2d,0x63,0x6f,0x6c,0x6f,0x72,0x3a,0x23,0x64,0x63,0x32,
  0x62,0x34,0x31,0x22,0x20,0x69,0x64,0x3d,0x22,0x73,0x74,0x6f,0x70,0x34,0x34,0x33,
  0x39,0x22,0x2f,0x3e,0xa,0x20,0x20,0x3c,0x2f,0x6c,0x69,0x6e,0x65,0x61,0x72,0x47,
  0x72,0x61,0x64,0x69,0x65,0x6e,0x74,0x3e,0xa,0x20,0x20,0x3c,0x6c,0x69,0x6e,0x65,
  0x61,0x72,0x47,0x72,0x61,0x64,0x69,0x65,0x6e,0x74,0x20,0x69,0x6e,0x6b,0x73,0x63,
  0x61,0x70,0x65,0x3a,0x63,0x6f,0x6c,0x6c,0x65,0x63,0x74,0x3d,0x22,0x61,0x6c,0x77,
  0x61,0x79,0x73,0x22,0x20,0x69,0x64,0x3d,0x22,0x6c,0x69,0x6e,0x65,0x61,0x72,0x47,
  0x72,0x61,0x64,0x69,0x65,0x6e,0x74,0x34,0x31,0x37,0x39,0x22,0x20,0x78,0x6c,0x69,
  0x6e,0x6b,0x3a,0x68,0x72,0x65,0x66,0x3d,0x22,0x23,0x6c,0x69,0x6e,0x65,0x61,0x72,
  0x47,0x72,0x61,0x64,0x69,0x65,0x6e,0x74,0x34,0x33,0x34,0x34,0x22,0x20,0x79,0x31,
  0x3d,0x22,0x32,0x30,0x31,0x2e,0x39,0x33,0x33,0x36,0x31,0x22,0x20,0x79,0x32,0x3d,
  0x22,0x31,0x37,0x37,0x2e,0x39,0x33,0x33,0x36,0x31,0x22,0x20,0x67,0x72,0x61,0x64,
  0x69,0x65,0x6e,0x74,0x55,0x6e,0x69,0x74,0x73,0x3d,0x22,0x75,0x73,0x65,0x72,0x53,
  0x70,0x61,0x63,0x65,0x4f,0x6e,0x55,0x73,0x65,0x22,0x20,0x78,0x32,0x3d,0x22,0x30,
  0x22,0x20,0x67,0x72,0x61,0x64,0x69,0x65,0x6e,0x74,0x54,0x72,0x61,0x6e,0x73,0x66,
  0x6f,0x72,0x6d,0x3d,0x22,0x6d,0x61,0x74,0x72,0x69,0x78,0x28,0x31,0x20,0x30,0x20,
  0x30,0x20,0x31,0x20,0x30,0x2e,0x30,0x30,0x30,0x30,0x30,0x32,0x20,0x2d,0x32,0x2e,
  0x39,0x39,0x39,0x39,0x39,0x39,0x29,0x22,0x2f,0x3e,0xa,0x20,0x20,0x3c,0x6c,0x69,
  0x6e,0x65,0x61,0x72,0x47,0x72,0x61,0x64,0x69,0x65,0x6e,0x74,0x20,0x69,0x6e,0x6b,
  0x73,0x63,0x61,0x70,0x65,0x3a,0x63,0x6f,0x6c,0x6c,0x65,0x63,0x74,0x3d,0x22,0x61,
  0x6c,0x77,0x61,0x79,0x73,0x22,0x20,0x78,0x6c,0x69,0x6e,0x6b,0x3a,0x68,0x72,0x65,
  0x66,0x3d,0x22,0x23,0x6c,0x69,0x6e,0x65,0x61,0x72,0x47,0x72,0x61,0x64,0x69,0x65,
  0x6e,0x74,0x34,0x34,0x33,0x35,0x22,0x20,0x69,0x64,0x3d,0x22,0x6c,0x69,0x6e,0x65,
  0x61,0x72,0x47,0x72,0x61,0x64,0x69,0x65,0x6e,0x74,0x34,0x34,0x32,0x34,0x22,0x20,
  0x79,0x31,0x3d,0x22,0x35,0x38,0x22,0x20,0x79,0x32,0x3d,0x22,0x36,0x22,0x20,0x78,
  0x32,0x3d,0x22,0x30,0x22,0x20,0x67,0x72,0x61,0x64,0x69,0x65,0x6e,0x74,0x55,0x6e,
  0x69,0x74,0x73,0x3d,0x22,0x75,0x73,0x65,0x72,0x53,0x70,0x61,0x63,0x65,0x4f,0x6e,
  0x55,0x73,0x65,0x22,0x2f,0x3e,0xa,0x20,0x3c,0x2f,0x64,0x65,0x66,0x73,0x3e,0xa,
  0x20,0x3c,0x6d,0x65,0x74,0x61,0x64,0x61,0x74,0x61,0x20,0x69,0x64,0x3d,0x22,0x6d,
  0x65,0x74,0x61,0x64,0x61,0x74,0x61,0x33,0x38,0x31,0x34,0x22,0x2f,0x3e,0xa,0x20,
  0x3c,0x67,0x20,0x69,0x6e,0x6b,0x73,0x63,0x61,0x70,0x65,0x3a,0x6c,0x61,0x62,0x65,
  0x6c,0x3d,0x22,0x4c,0x61,0x79,0x65,0x72,0x20,0x31,0x22,0x20,0x69,0x6e,0x6b,0x73,
  0x63,0x61,0x70,0x65,0x3a,0x67,0x72,0x6f,0x75,0x70,0x6d,0x6f,0x64,0x65,0x3d,0x22,
  0x6c,0x61,0x79,0x65,0x72,0x22,0x20,0x69,0x64,0x3d,0x22,0x6c,0x61,0x79,0x65,0x72,
  0x31,0x22,0x20,0x74,0x72,0x61,0x6e,0x73,0x66,0x6f,0x72,0x6d,0x3d,0x22,0x6d,0x61,
  0x74,0x72,0x69,0x78,0x28,0x31,0x20,0x30,0x20,0x30,0x20,0x31,0x20,0x2d,0x37,0x33,
  0x36,0x2e,0x38,0x35,0x37,0x31,0x38,0x20,0x2d,0x31,0x35,0x37,0x2e,0x39,0x33,0x33,
  0x36,0x31,0x29,0x22,0x3e,0xa,0x20,0x20,0x3c,0x70,0x61,0x74,0x68,0x20,0x73,0x74,
  0x79,0x6c,0x65,0x3d,0x22,0x66,0x69,0x6c,0x6c,0x3a,0x75,0x72,0x6c,0x28,0x23,0x6c,
  0x69,0x6e,0x65,0x61,0x72,0x47,0x72,0x61,0x64,0x69,0x65,0x6e,0x74,0x34,0x34,0x32,
  0x34,0x29,0x3b,0x73,0x74,0x72,0x6f,0x6b,0x65,0x2d,0x6c,0x69,0x6e,0x65,0x63,0x61,
  0x70,0x3a,0x73,0x71,0x75,0x61,0x72,0x65,0x3b,0x73,0x74,0x72,0x6f,0x6b,0x65,0x2d,
  0x77,0x69,0x64,0x74,0x68,0x3a,0x32,0x22,0x20,0x69,0x64,0x3d,0x22,0x72,0x65,0x63,
  0x74,0x34,0x31,0x38,0x36,0x2d,0x32,0x2d,0x31,0x22,0x20,0x64,0x3d,0x22,0x4d,0x20,
  0x33,0x32,0x20,0x36,0x20,0x43,0x20,0x32,0x35,0x2e,0x36,0x36,0x36,0x36,0x37,0x20,
  0x39,0x2e,0x33,0x35,0x34,0x34,0x37,0x20,0x31,0x39,0x2e,0x33,0x33,0x33,0x33,0x33,
  0x20,0x31,0x30,0x2e,0x37,0x32,0x34,0x39,0x31,0x20,0x31,0x33,0x20,0x31,0x32,0x20,
  0x4c,0x20,0x31,0x33,0x20,0x33,0x37,0x20,0x43,0x20,0x31,0x33,0x20,0x34,0x34,0x20,
  0x32,0x33,0x2e,0x32,0x36,0x33,0x33,0x31,0x20,0x35,0x33,0x2e,0x35,0x36,0x31,0x33,
  0x33,0x37,0x20,0x33,0x32,0x20,0x35,0x37,0x2e,0x39,0x39,0x38,0x30,0x34,0x37,0x20,
  0x43,0x20,0x34,0x30,0x2e,0x37,0x33,0x36,0x36,0x39,0x20,0x35,0x33,0x2e,0x35,0x36,
  0x31,0x33,0x33,0x37,0x20,0x35,0x31,0x20,0x34,0x34,0x20,0x35,0x31,0x20,0x33,0x37,
  0x20,0x4c,0x20,0x35,0x31,0x20,0x31,0x32,0x20,0x43,0x20,0x34,0x34,0x2e,0x36,0x36,
  0x36,0x36,0x37,0x20,0x31,0x30,0x2e,0x37,0x32,0x34,0x39,0x31,0x20,0x33,0x38,0x2e,
  0x33,0x33,0x33,0x33,0x33,0x20,0x39,0x2e,0x33,0x35,0x34,0x34,0x37,0x20,0x33,0x32,
  0x20,0x36,0x20,0x7a,0x20,0x22,0x20,0x74,0x72,0x61,0x6e,0x73,0x66,0x6f,0x72,0x6d,
  0x3d,0x22,0x6d,0x61,0x74,0x72,0x69,0x78,0x28,0x31,0x20,0x30,0x20,0x30,0x20,0x31,
  0x20,0x37,0x33,0x36,0x2e,0x38,0x35,0x37,0x31,0x38,0x20,0x31,0x35,0x37,0x2e,0x39,
  0x33,0x33,0x36,0x31,0x29,0x22,0x2f,0x3e,0xa,0x20,0x20,0x3c,0x70,0x61,0x74,0x68,
  0x20,0x69,0x6e,0x6b,0x73,0x63,0x61,0x70,0x65,0x3a,0x63,0x6f,0x6e,0x6e,0x65,0x63,
  0x74,0x6f,0x72,0x2d,0x63,0x75,0x72,0x76,0x61,0x74,0x75,0x72,0x65,0x3d,0x22,0x30,
  0x22,0x20,0x73,0x74,0x79,0x6c,0x65,0x3d,0x22,0x66,0x69,0x6c,0x6c,0x3a,0x75,0x72,
  0x6c,0x28,0x23,0x6c,0x69,0x6e,0x65,0x61,0x72,0x47,0x72,0x61,0x64,0x69,0x65,0x6e,
  0x74,0x34,0x31,0x39,0x31,0x2d,0x31,0x2d,0x37,0x29,0x3b,0x6f,0x70,0x61,0x63,0x69,
  0x74,0x79,0x3a,0x30,0x2e,0x32,0x3b,0x66,0x69,0x6c,0x6c,0x2d,0x72,0x75,0x6c,0x65,
  0x3a,0x65,0x76,0x65,0x6e,0x6f,0x64,0x64,0x22,0x20,0x69,0x64,0x3d,0x22,0x70,0x61,
  0x74,0x68,0x34,0x31,0x38,0x34,0x2d,0x35,0x22,0x20,0x64,0x3d,0x22,0x6d,0x20,0x37,
  0x37,0x39,0x2e,0x36,0x32,0x32,0x35,0x37,0x2c,0x31,0x37,0x35,0x2e,0x31,0x36,0x38,
  0x32,0x33,0x20,0x2d,0x38,0x2e,0x37,0x36,0x35,0x33,0x39,0x2c,0x39,0x2e,0x37,0x36,
  0x35,0x33,0x38,0x20,0x2d,0x32,0x2c,0x32,0x20,0x2d,0x31,0x30,0x2c,0x31,0x30,0x20,
  0x2d,0x31,0x2e,0x33,0x35,0x31,0x39,0x32,0x2c,0x31,0x2e,0x31,0x31,0x37,0x33,0x31,
  0x20,0x31,0x37,0x2e,0x30,0x33,0x39,0x31,0x2c,0x31,0x37,0x2e,0x38,0x38,0x32,0x36,
  0x39,0x20,0x32,0x30,0x2e,0x33,0x31,0x32,0x38,0x32,0x2c,0x30,0x20,0x30,0x2c,0x2d,
  0x32,0x35,0x2e,0x35,0x33,0x30,0x37,0x37,0x20,0x7a,0x22,0x2f,0x3e,0xa,0x20,0x20,
  0x3c,0x70,0x61,0x74,0x68,0x20,0x69,0x6e,0x6b,0x73,0x63,0x61,0x70,0x65,0x3a,0x63,
  0x6f,0x6e,0x6e,0x65,0x63,0x74,0x6f,0x72,0x2d,0x63,0x75,0x72,0x76,0x61,0x74,0x75,
  0x72,0x65,0x3d,0x22,0x30,0x22,0x20,0x73,0x74,0x79,0x6c,0x65,0x3d,0x22,0x66,0x69,
  0x6c,0x6c,0x3a,0x75,0x72,0x6c,0x28,0x23,0x6c,0x69,0x6e,0x65,0x61,0x72,0x47,0x72,
  0x61,0x64,0x69,0x65,0x6e,0x74,0x34,0x31,0x37,0x39,0x29,0x22,0x20,0x69,0x64,0x3d,
  0x22,0x72,0x65,0x63,0x74,0x34,0x31,0x36,0x38,0x22,0x20,0x64,0x3d,0x22,0x6d,0x20,
  0x37,0x37,0x39,0x2e,0x34,0x34,0x33,0x31,0x32,0x2c,0x31,0x37,0x34,0x2e,0x39,0x33,
  0x33,0x36,0x31,0x20,0x31,0x2e,0x34,0x31,0x34,0x30,0x36,0x2c,0x31,0x2e,0x34,0x31,
  0x34,0x30,0x36,0x20,0x2d,0x31,0x30,0x2e,0x35,0x38,0x35,0x39,0x34,0x2c,0x31,0x30,
  0x2e,0x35,0x38,0x35,0x39,0x34,0x20,0x31,0x30,0x2e,0x35,0x38,0x35,0x39,0x34,0x2c,
  0x31,0x30,0x2e,0x35,0x38,0x35,0x39,0x34,0x20,0x2d,0x31,0x2e,0x34,0x31,0x34,0x30,
  0x36,0x2c,0x31,0x2e,0x34,0x31,0x34,0x30,0x36,0x20,0x2d,0x31,0x30,0x2e,0x35,0x38,
  0x35,0x39,0x34,0x2c,0x2d,0x31,0x30,0x2e,0x35,0x38,0x35,0x39,0x34,0x20,0x2d,0x31,
  0x30,0x2e,0x35,0x38,0x35,0x39,0x34,0x2c,0x31,0x30,0x2e,0x35,0x38,0x35,0x39,0x34,
  0x20,0x2d,0x31,0x2e,0x34,0x31,0x34,0x30,0x36,0x2c,0x2d,0x31,0x2e,0x34,0x31,0x34,
  0x30,0x36,0x20,0x31,0x30,0x2e,0x35,0x38,0x35,0x39,0x34,0x2c,0x2d,0x31,0x30,0x2e,
  0x35,0x38,0x35,0x39,0x34,0x20,0x2d,0x31,0x30,0x2e,0x35,0x38,0x35,0x39,0x34,0x2c,
  0x2d,0x31,0x30,0x2e,0x35,0x38,0x35,0x39,0x34,0x20,0x31,0x2e,0x34,0x31,0x34,0x30,
  0x36,0x2c,0x2d,0x31,0x2e,0x34,0x31,0x34,0x30,0x36,0x20,0x31,0x30,0x2e,0x35,0x38,
  0x35,0x39,0x34,0x2c,0x31,0x30,0x2e,0x35,0x38,0x35,0x39,0x34,0x20,0x31,0x30,0x2e,
  0x35,0x38,0x35,0x39,0x34,0x2c,0x2d,0x31,0x30,0x2e,0x35,0x38,0x35,0x39,0x34,0x20,
  0x7a,0x22,0x2f,0x3e,0xa,0x20,0x20,0x3c,0x70,0x61,0x74,0x68,0x20,0x69,0x6e,0x6b,
  0x73,0x63,0x61,0x70,0x65,0x3a,0x63,0x6f,0x6e,0x6e,0x65,0x63,0x74,0x6f,0x72,0x2d,
  0x63,0x75,0x72,0x76,0x61,0x74,0x75,0x72,0x65,0x3d,0x22,0x30,0x22,0x20,0x73,0x74,
  0x79,0x6c,0x65,0x3d,0x22,0x66,0x69,0x6c,0x6c,0x3a,0x23,0x61,0x61,0x31,0x31,0x31,
  0x65,0x3b,0x73,0x74,0x72,0x6f,0x6b,0x65,0x2d,0x6c,0x69,0x6e,0x65,0x63,0x61,0x70,
  0x3a,0x73,0x71,0x75,0x61,0x72,0x65,0x3b,0x73,0x74,0x72,0x6f,0x6b,0x65,0x2d,0x77,
  0x69,0x64,0x74,0x68,0x3a,0x32,0x22,0x20,0x69,0x64,0x3d,0x22,0x72,0x65,0x63,0x74,
  0x34,0x31,0x38,0x36,0x2d,0x32,0x2d,0x31,0x2d,0x35,0x22,0x20,0x64,0x3d,0x22,0x6d,
  0x20,0x37,0x34,0x39,0x2e,0x38,0x35,0x37,0x31,0x38,0x2c,0x31,0x39,0x32,0x2e,0x39,
  0x33,0x33,0x36,0x31,0x20,0x30,0x2c,0x32,0x20,0x63,0x20,0x30,0x2c,0x37,0x20,0x31,
  0x30,0x2e,0x32,0x36,0x33,0x33,0x31,0x2c,0x31,0x36,0x2e,0x35,0x36,0x31,0x33,0x34,
  0x20,0x31,0x39,0x2c,0x32,0x30,0x2e,0x39,0x39,0x38,0x30,0x35,0x20,0x38,0x2e,0x37,
  0x33,0x36,0x36,0x39,0x2c,0x2d,0x34,0x2e,0x34,0x33,0x36,0x37,0x31,0x20,0x31,0x39,
  0x2c,0x2d,0x31,0x33,0x2e,0x39,0x39,0x38,0x30,0x35,0x20,0x31,0x39,0x2c,0x2d,0x32,
  0x30,0x2e,0x39,0x39,0x38,0x30,0x35,0x20,0x6c,0x20,0x30,0x2c,0x2d,0x32,0x20,0x63,
  0x20,0x30,0x2c,0x37,0x20,0x2d,0x31,0x30,0x2e,0x32,0x36,0x33,0x33,0x31,0x2c,0x31,
  0x36,0x2e,0x35,0x36,0x31,0x33,0x34,0x20,0x2d,0x31,0x39,0x2c,0x32,0x30,0x2e,0x39,
  0x39,0x38,0x30,0x35,0x20,0x2d,0x38,0x2e,0x37,0x33,0x36,0x36,0x39,0x2c,0x2d,0x34,
  0x2e,0x34,0x33,0x36,0x37,0x31,0x20,0x2d,0x31,0x39,0x2c,0x2d,0x31,0x33,0x2e,0x39,
  0x39,0x38,0x30,0x35,0x20,0x2d,0x31,0x39,0x2c,0x2d,0x32,0x30,0x2e,0x39,0x39,0x38,
  0x30,0x35,0x20,0x7a,0x22,0x2f,0x3e,0xa,0x20,0x3c,0x2f,0x67,0x3e,0xa,0x3c,0x2f,
  0x73,0x76,0x67,0x3e,0xa,
    // dialog-question.svg
  0x0,0x0,0x9,0xb8,
  0x3c,
  0x73,0x76,0x67,0x20,0x66,0x69,0x6c,0x6c,0x3d,0x22,0x6e,0x6f,0x6e,0x65,0x22,0x20,
  0x76,0x65,0x72,0x73,0x69,0x6f,0x6e,0x3d,0x22,0x31,0x2e,0x31,0x22,0x20,0x76,0x69,
  0x65,0x77,0x42,0x6f,0x78,0x3d,0x22,0x30,0x20,0x30,0x20,0x36,0x34,0x20,0x36,0x34,
  0x22,0x20,0x78,0x6d,0x6c,0x6e,0x73,0x3d,0x22,0x68,0x74,0x74,0x70,0x3a,0x2f,0x2f,
  0x77,0x77,0x77,0x2e,0x77,0x33,0x2e,0x6f,0x72,0x67,0x2f,0x32,0x30,0x30,0x30,0x2f,
  0x73,0x76,0x67,0x22,0x3e,0xa,0x20,0x20,0x20,0x20,0x3c,0x63,0x69,0x72,0x63,0x6c,
  0x65,0x20,0x63,0x78,0x3d,0x22,0x33,0x32,0x22,0x20,0x63,0x79,0x3d,0x22,0x33,0x33,
  0x22,0x20,0x72,0x3d,0x22,0x32,0x36,0x22,0x20,0x66,0x69,0x6c,0x6c,0x3d,0x22,0x75,
  0x72,0x6c,0x28,0x23,0x70,0x61,0x69,0x6e,0x74,0x30,0x5f,0x6c,0x69,0x6e,0x65,0x61,
  0x72,0x5f,0x31,0x37,0x30,0x30,0x5f,0x31,0x39,0x39,0x38,0x34,0x29,0x22,0x2f,0x3e,
  0xa,0x20,0x20,0x20,0x20,0x3c,0x63,0x69,0x72,0x63,0x6c,0x65,0x20,0x63,0x78,0x3d,
  0x22,0x33,0x32,0x22,0x20,0x63,0x79,0x3d,0x22,0x33,0x33,0x22,0x20,0x72,0x3d,0x22,
  0x32,0x36,0x22,0x20,0x66,0x69,0x6c,0x6c,0x3d,0x22,0x23,0x30,0x30,0x30,0x22,0x20,
  0x66,0x69,0x6c,0x6c,0x2d,0x6f,0x70,0x61,0x63,0x69,0x74,0x79,0x3d,0x22,0x2e,0x32,
  0x22,0x2f,0x3e,0xa,0x20,0x20,0x20,0x20,0x3c,0x63,0x69,0x72,0x63,0x6c,0x65,0x20,
  0x63,0x78,0x3d,0x22,0x33,0x32,0x22,0x20,0x63,0x79,0x3d,0x22,0x33,0x32,0x22,0x20,
  0x72,0x3d,0x22,0x32,0x36,0x22,0x20,0x66,0x69,0x6c,0x6c,0x3d,0x22,0x75,0x72,0x6c,
  0x28,0x23,0x70,0x61,0x69,0x6e,0x74,0x31,0x5f,0x6c,0x69,0x6e,0x65,0x61,0x72,0x5f,
  0x31,0x37,0x30,0x30,0x5f,0x31,0x39,0x39,0x38,0x34,0x29,0x22,0x2f,0x3e,0xa,0x20,
  0x20,0x20,0x20,0x3c,0x70,0x61,0x74,0x68,0x20,0x64,0x3d,0x22,0x6d,0x33,0x35,0x2e,
  0x36,0x30,0x34,0x31,0x20,0x35,0x37,0x2e,0x37,0x35,0x32,0x32,0x2d,0x36,0x2e,0x34,
  0x39,0x33,0x2d,0x36,0x2e,0x34,0x39,0x32,0x39,0x68,0x34,0x2e,0x38,0x31,0x34,0x38,
  0x76,0x2d,0x34,0x2e,0x38,0x31,0x34,0x38,0x6c,0x2d,0x34,0x2e,0x38,0x31,0x34,0x38,
  0x2d,0x34,0x2e,0x38,0x31,0x34,0x39,0x68,0x31,0x2e,0x39,0x32,0x35,0x39,0x76,0x2d,
  0x35,0x2e,0x37,0x37,0x37,0x37,0x6c,0x2d,0x31,0x31,0x2e,0x35,0x31,0x34,0x39,0x2d,
  0x31,0x31,0x2e,0x35,0x31,0x34,0x39,0x20,0x31,0x32,0x2e,0x34,0x37,0x37,0x39,0x2d,
  0x31,0x31,0x2e,0x35,0x39,0x36,0x33,0x20,0x31,0x31,0x2e,0x30,0x37,0x34,0x31,0x20,
  0x35,0x2e,0x32,0x39,0x36,0x33,0x20,0x31,0x34,0x2e,0x33,0x32,0x37,0x20,0x31,0x39,
  0x2e,0x35,0x33,0x36,0x39,0x63,0x2d,0x32,0x2e,0x33,0x30,0x30,0x37,0x20,0x31,0x30,
  0x2e,0x35,0x33,0x33,0x32,0x2d,0x31,0x30,0x2e,0x39,0x38,0x36,0x33,0x20,0x31,0x38,
  0x2e,0x36,0x37,0x39,0x32,0x2d,0x32,0x31,0x2e,0x37,0x39,0x37,0x20,0x32,0x30,0x2e,
  0x31,0x37,0x38,0x33,0x7a,0x22,0x20,0x63,0x6c,0x69,0x70,0x2d,0x72,0x75,0x6c,0x65,
  0x3d,0x22,0x65,0x76,0x65,0x6e,0x6f,0x64,0x64,0x22,0x20,0x66,0x69,0x6c,0x6c,0x3d,
  0x22,0x75,0x72,0x6c,0x28,0x23,0x70,0x61,0x69,0x6e,0x74,0x32,0x5f,0x6c,0x69,0x6e,
  0x65,0x61,0x72,0x5f,0x31,0x37,0x30,0x30,0x5f,0x31,0x39,0x39,0x38,0x34,0x29,0x22,
  0x20,0x66,0x69,0x6c,0x6c,0x2d,0x72,0x75,0x6c,0x65,0x3d,0x22,0x65,0x76,0x65,0x6e,
  0x6f,0x64,0x64,0x22,0x20,0x6f,0x70,0x61,0x63,0x69,0x74,0x79,0x3d,0x22,0x2e,0x32,
  0x22,0x2f,0x3e,0xa,0x20,0x20,0x20,0x20,0x3c,0x70,0x61,0x74,0x68,0x20,0x64,0x3d,
  0x22,0x6d,0x32,0x35,0x2e,0x33,0x37,0x30,0x34,0x20,0x32,0x34,0x2e,0x32,0x39,0x36,
  0x33,0x63,0x30,0x2d,0x32,0x2e,0x32,0x35,0x32,0x35,0x20,0x30,0x2e,0x37,0x36,0x30,
  0x33,0x2d,0x33,0x2e,0x35,0x31,0x30,0x36,0x20,0x31,0x2e,0x37,0x30,0x36,0x31,0x2d,
  0x34,0x2e,0x32,0x37,0x35,0x20,0x31,0x2e,0x30,0x34,0x34,0x32,0x2d,0x30,0x2e,0x38,
  0x34,0x33,0x39,0x20,0x32,0x2e,0x37,0x30,0x34,0x2d,0x31,0x2e,0x33,0x39,0x31,0x37,
  0x20,0x34,0x2e,0x39,0x32,0x33,0x35,0x2d,0x31,0x2e,0x33,0x39,0x31,0x37,0x20,0x32,
  0x2e,0x32,0x31,0x37,0x36,0x20,0x30,0x20,0x33,0x2e,0x39,0x33,0x34,0x20,0x30,0x2e,
  0x35,0x34,0x38,0x20,0x35,0x2e,0x30,0x31,0x35,0x33,0x20,0x31,0x2e,0x33,0x35,0x34,
  0x36,0x20,0x30,0x2e,0x39,0x37,0x38,0x34,0x20,0x30,0x2e,0x37,0x32,0x39,0x39,0x20,
  0x31,0x2e,0x36,0x31,0x34,0x33,0x20,0x31,0x2e,0x37,0x38,0x35,0x39,0x20,0x31,0x2e,
  0x36,0x31,0x34,0x33,0x20,0x33,0x2e,0x34,0x34,0x35,0x34,0x20,0x30,0x20,0x30,0x2e,
  0x39,0x31,0x33,0x37,0x2d,0x30,0x2e,0x33,0x30,0x34,0x39,0x20,0x31,0x2e,0x37,0x35,
  0x36,0x37,0x2d,0x30,0x2e,0x39,0x38,0x33,0x34,0x20,0x32,0x2e,0x37,0x35,0x32,0x2d,
  0x30,0x2e,0x36,0x33,0x35,0x32,0x20,0x30,0x2e,0x39,0x33,0x31,0x37,0x2d,0x31,0x2e,
  0x34,0x35,0x34,0x36,0x20,0x31,0x2e,0x38,0x30,0x36,0x34,0x2d,0x32,0x2e,0x34,0x39,
  0x37,0x36,0x20,0x32,0x2e,0x39,0x31,0x39,0x38,0x68,0x2d,0x31,0x65,0x2d,0x34,0x63,
  0x2d,0x30,0x2e,0x31,0x37,0x30,0x32,0x20,0x30,0x2e,0x31,0x38,0x31,0x38,0x2d,0x30,
  0x2e,0x33,0x34,0x36,0x35,0x20,0x30,0x2e,0x33,0x36,0x39,0x39,0x2d,0x30,0x2e,0x35,
  0x32,0x38,0x38,0x20,0x30,0x2e,0x35,0x36,0x35,0x36,0x2d,0x32,0x2e,0x34,0x34,0x34,
  0x37,0x20,0x32,0x2e,0x36,0x32,0x34,0x34,0x2d,0x35,0x2e,0x36,0x31,0x39,0x37,0x20,
  0x36,0x2e,0x32,0x33,0x35,0x34,0x2d,0x35,0x2e,0x36,0x31,0x39,0x37,0x20,0x31,0x31,
  0x2e,0x39,0x36,0x32,0x36,0x68,0x36,0x63,0x30,0x2d,0x33,0x2e,0x32,0x32,0x35,0x37,
  0x20,0x31,0x2e,0x36,0x33,0x39,0x38,0x2d,0x35,0x2e,0x33,0x32,0x38,0x35,0x20,0x34,
  0x2e,0x30,0x30,0x39,0x39,0x2d,0x37,0x2e,0x38,0x37,0x32,0x39,0x20,0x30,0x2e,0x31,
  0x35,0x31,0x38,0x2d,0x30,0x2e,0x31,0x36,0x32,0x39,0x20,0x30,0x2e,0x33,0x30,0x39,
  0x34,0x2d,0x30,0x2e,0x33,0x33,0x30,0x35,0x20,0x30,0x2e,0x34,0x37,0x31,0x32,0x2d,
  0x30,0x2e,0x35,0x30,0x32,0x36,0x20,0x31,0x2e,0x30,0x31,0x38,0x39,0x2d,0x31,0x2e,
  0x30,0x38,0x33,0x39,0x20,0x32,0x2e,0x32,0x30,0x32,0x31,0x2d,0x32,0x2e,0x33,0x34,
  0x32,0x34,0x20,0x33,0x2e,0x31,0x32,0x32,0x37,0x2d,0x33,0x2e,0x36,0x39,0x32,0x38,
  0x20,0x31,0x2e,0x31,0x32,0x37,0x2d,0x31,0x2e,0x36,0x35,0x33,0x32,0x20,0x32,0x2e,
  0x30,0x32,0x35,0x38,0x2d,0x33,0x2e,0x36,0x35,0x39,0x31,0x20,0x32,0x2e,0x30,0x32,
  0x35,0x38,0x2d,0x36,0x2e,0x31,0x33,0x31,0x37,0x20,0x30,0x2d,0x33,0x2e,0x35,0x34,
  0x30,0x34,0x2d,0x31,0x2e,0x35,0x31,0x39,0x37,0x2d,0x36,0x2e,0x33,0x38,0x34,0x34,
  0x2d,0x34,0x2e,0x30,0x32,0x36,0x36,0x2d,0x38,0x2e,0x32,0x35,0x34,0x36,0x2d,0x32,
  0x2e,0x34,0x30,0x33,0x39,0x2d,0x31,0x2e,0x37,0x39,0x33,0x33,0x2d,0x35,0x2e,0x35,
  0x30,0x32,0x33,0x2d,0x32,0x2e,0x35,0x34,0x35,0x34,0x2d,0x38,0x2e,0x36,0x30,0x33,
  0x2d,0x32,0x2e,0x35,0x34,0x35,0x34,0x2d,0x33,0x2e,0x30,0x39,0x38,0x38,0x20,0x30,
  0x2d,0x36,0x2e,0x32,0x35,0x33,0x38,0x20,0x30,0x2e,0x37,0x35,0x32,0x33,0x2d,0x38,
  0x2e,0x36,0x39,0x34,0x39,0x20,0x32,0x2e,0x37,0x32,0x35,0x31,0x2d,0x32,0x2e,0x35,
  0x33,0x39,0x34,0x20,0x32,0x2e,0x30,0x35,0x32,0x33,0x2d,0x33,0x2e,0x39,0x33,0x34,
  0x37,0x20,0x35,0x2e,0x31,0x32,0x37,0x35,0x2d,0x33,0x2e,0x39,0x33,0x34,0x37,0x20,
  0x38,0x2e,0x39,0x34,0x31,0x36,0x68,0x36,0x7a,0x6d,0x33,0x2e,0x36,0x32,0x39,0x36,
  0x20,0x32,0x31,0x2e,0x31,0x38,0x35,0x32,0x76,0x35,0x2e,0x37,0x37,0x37,0x38,0x68,
  0x36,0x76,0x2d,0x35,0x2e,0x37,0x37,0x37,0x38,0x68,0x2d,0x36,0x7a,0x22,0x20,0x63,
  0x6c,0x69,0x70,0x2d,0x72,0x75,0x6c,0x65,0x3d,0x22,0x65,0x76,0x65,0x6e,0x6f,0x64,
  0x64,0x22,0x20,0x66,0x69,0x6c,0x6c,0x3d,0x22,0x75,0x72,0x6c,0x28,0x23,0x70,0x61,
  0x69,0x6e,0x74,0x33,0x5f,0x6c,0x69,0x6e,0x65,0x61,0x72,0x5f,0x31,0x37,0x30,0x30,
  0x5f,0x31,0x39,0x39,0x38,0x34,0x29,0x22,0x20,0x66,0x69,0x6c,0x6c,0x2d,0x72,0x75,
  0x6c,0x65,0x3d,0x22,0x65,0x76,0x65,0x6e,0x6f,0x64,0x64,0x22,0x2f,0x3e,0xa,0x20,
  0x20,0x20,0x20,0x3c,0x64,0x65,0x66,0x73,0x3e,0xa,0x20,0x20,0x20,0x20,0x20,0x20,
  0x20,0x20,0x3c,0x6c,0x69,0x6e,0x65,0x61,0x72,0x47,0x72,0x61,0x64,0x69,0x65,0x6e,
  0x74,0x20,0x69,0x64,0x3d,0x22,0x70,0x61,0x69,0x6e,0x74,0x30,0x5f,0x6c,0x69,0x6e,
  0x65,0x61,0x72,0x5f,0x31,0x37,0x30,0x30,0x5f,0x31,0x39,0x39,0x38,0x34,0x22,0x20,
  0x78,0x31,0x3d,0x22,0x36,0x34,0x22,0x20,0x78,0x32,0x3d,0x22,0x32,0x2e,0x31,0x33,
  0x32,0x35,0x35,0x65,0x2d,0x36,0x22,0x20,0x79,0x31,0x3d,0x22,0x36,0x35,0x22,0x20,
  0x79,0x32,0x3d,0x22,0x2e,0x39,0x39,0x39,0x39,0x39,0x38,0x22,0x20,0x67,0x72,0x61,
  0x64,0x69,0x65,0x6e,0x74,0x55,0x6e,0x69,0x74,0x73,0x3d,0x22,0x75,0x73,0x65,0x72,
  0x53,0x70,0x61,0x63,0x65,0x4f,0x6e,0x55,0x73,0x65,0x22,0x3e,0xa,0x20,0x20,0x20,
  0x20,0x20,0x20,0x20,0x20,0x20,0x20,0x20,0x20,0x3c,0x73,0x74,0x6f,0x70,0x20,0x73,
  0x74,0x6f,0x70,0x2d,0x63,0x6f,0x6c,0x6f,0x72,0x3d,0x22,0x23,0x38,0x45,0x34,0x34,
  0x41,0x44,0x22,0x20,0x6f,0x66,0x66,0x73,0x65,0x74,0x3d,0x22,0x30,0x22,0x2f,0x3e,
  0xa,0x20,0x20,0x20,0x20,0x20,0x20,0x20,0x20,0x20,0x20,0x20,0x20,0x3c,0x73,0x74,
  0x6f,0x70,0x20,0x73,0x74,0x6f,0x70,0x2d,0x63,0x6f,0x6c,0x6f,0x72,0x3d,0x22,0x23,
  0x39,0x42,0x35,0x39,0x42,0x36,0x22,0x20,0x6f,0x66,0x66,0x73,0x65,0x74,0x3d,0x22,
  0x31,0x22,0x2f,0x3e,0xa,0x20,0x20,0x20,0x20,0x20,0x20,0x20,0x20,0x3c,0x2f,0x6c,
  0x69,0x6e,0x65,0x61,0x72,0x47,0x72,0x61,0x64,0x69,0x65,0x6e,0x74,0x3e,0xa,0x20,
  0x20,0x20,0x20,0x20,0x20,0x20,0x20,0x3c,0x6c,0x69,0x6e,0x65,0x61,0x72,0x47,0x72,
  0x61,0x64,0x69,0x65,0x6e,0x74,0x20,0x69,0x64,0x3d,0x22,0x70,0x61,0x69,0x6e,0x74,
  0x31,0x5f,0x6c,0x69,0x6e,0x65,0x61,0x72,0x5f,0x31,0x37,0x30,0x30,0x5f,0x31,0x39,
  0x39,0x38,0x34,0x22,0x20,0x78,0x31,0x3d,0x22,0x36,0x34,0x22,0x20,0x78,0x32,0x3d,
  0x22,0x32,0x2e,0x31,0x33,0x32,0x35,0x35,0x65,0x2d,0x36,0x22,0x20,0x79,0x31,0x3d,
  0x22,0x36,0x34,0x22,0x20,0x79,0x32,0x3d,0x22,0x2d,0x32,0x2e,0x31,0x33,0x32,0x35,
  0x35,0x65,0x2d,0x36,0x22,0x20,0x67,0x72,0x61,0x64,0x69,0x65,0x6e,0x74,0x55,0x6e,
  0x69,0x74,0x73,0x3d,0x22,0x75,0x73,0x65,0x72,0x53,0x70,0x61,0x63,0x65,0x4f,0x6e,
  0x55,0x73,0x65,0x22,0x3e,0xa,0x20,0x20,0x20,0x20,0x20,0x20,0x20,0x20,0x20,0x20,
  0x20,0x20,0x3c,0x73,0x74,0x6f,0x70,0x20,0x73,0x74,0x6f,0x70,0x2d,0x63,0x6f,0x6c,
  0x6f,0x72,0x3d,0x22,0x23,0x38,0x45,0x34,0x34,0x41,0x44,0x22,0x20,0x6f,0x66,0x66,
  0x73,0x65,0x74,0x3d,0x22,0x30,0x22,0x2f,0x3e,0xa,0x20,0x20,0x20,0x20,0x20,0x20,
  0x20,0x20,0x20,0x20,0x20,0x20,0x3c,0x73,0x74,0x6f,0x70,0x20,0x73,0x74,0x6f,0x70,
  0x2d,0x63,0x6f,0x6c,0x6f,0x72,0x3d,0x22,0x23,0x39,0x42,0x35,0x39,0x42,0x36,0x22,
  0x20,0x6f,0x66,0x66,0x73,0x65,0x74,0x3d,0x22,0x31,0x22,0x2f,0x3e,0xa,0x20,0x20,
  0x20,0x20,0x20,0x20,0x20,0x20,0x3c,0x2f,0x6c,0x69,0x6e,0x65,0x61,0x72,0x47,0x72,
  0x61,0x64,0x69,0x65,0x6e,0x74,0x3e,0xa,0x20,0x20,0x20,0x20,0x20,0x20,0x20,0x20,
  0x3c,0x6c,0x69,0x6e,0x65,0x61,0x72,0x47,0x72,0x61,0x64,0x69,0x65,0x6e,0x74,0x20,
  0x69,0x64,0x3d,0x22,0x70,0x61,0x69,0x6e,0x74,0x32,0x5f,0x6c,0x69,0x6e,0x65,0x61,
  0x72,0x5f,0x31,0x37,0x30,0x30,0x5f,0x31,0x39,0x39,0x38,0x34,0x22,0x20,0x78,0x31,
  0x3d,0x22,0x31,0x36,0x2e,0x35,0x39,0x31,0x33,0x22,0x20,0x78,0x32,0x3d,0x22,0x34,
  0x34,0x2e,0x33,0x33,0x37,0x31,0x22,0x20,0x79,0x31,0x3d,0x22,0x32,0x36,0x2e,0x38,
  0x38,0x33,0x38,0x22,0x20,0x79,0x32,0x3d,0x22,0x35,0x34,0x2e,0x36,0x34,0x32,0x31,
  0x22,0x20,0x67,0x72,0x61,0x64,0x69,0x65,0x6e,0x74,0x55,0x6e,0x69,0x74,0x73,0x3d,
  0x22,0x75,0x73,0x65,0x72,0x53,0x70,0x61,0x63,0x65,0x4f,0x6e,0x55,0x73,0x65,0x22,
  0x3e,0xa,0x20,0x20,0x20,0x20,0x20,0x20,0x20,0x20,0x20,0x20,0x20,0x20,0x3c,0x73,
  0x74,0x6f,0x70,0x20,0x73,0x74,0x6f,0x70,0x2d,0x6f,0x70,0x61,0x63,0x69,0x74,0x79,
  0x3d,0x22,0x2e,0x36,0x22,0x20,0x6f,0x66,0x66,0x73,0x65,0x74,0x3d,0x22,0x2e,0x34,
  0x39,0x37,0x34,0x39,0x39,0x22,0x2f,0x3e,0xa,0x20,0x20,0x20,0x20,0x20,0x20,0x20,
  0x20,0x20,0x20,0x20,0x20,0x3c,0x73,0x74,0x6f,0x70,0x20,0x73,0x74,0x6f,0x70,0x2d,
  0x6f,0x70,0x61,0x63,0x69,0x74,0x79,0x3d,0x22,0x30,0x22,0x20,0x6f,0x66,0x66,0x73,
  0x65,0x74,0x3d,0x22,0x2e,0x39,0x39,0x34,0x30,0x39,0x32,0x22,0x2f,0x3e,0xa,0x20,
  0x20,0x20,0x20,0x20,0x20,0x20,0x20,0x3c,0x2f,0x6c,0x69,0x6e,0x65,0x61,0x72,0x47,
  0x72,0x61,0x64,0x69,0x65,0x6e,0x74,0x3e,0xa,0x20,0x20,0x20,0x20,0x20,0x20,0x20,
  0x20,0x3c,0x6c,0x69,0x6e,0x65,0x61,0x72,0x47,0x72,0x61,0x64,0x69,0x65,0x6e,0x74,
  0x20,0x69,0x64,0x3d,0x22,0x70,0x61,0x69,0x6e,0x74,0x33,0x5f,0x6c,0x69,0x6e,0x65,
  0x61,0x72,0x5f,0x31,0x37,0x30,0x30,0x5f,0x31,0x39,0x39,0x38,0x34,0x22,0x20,0x78,
  0x31,0x3d,0x22,0x2d,0x32,0x33,0x2e,0x39,0x33,0x31,0x32,0x22,0x20,0x78,0x32,0x3d,
  0x22,0x2d,0x32,0x33,0x2e,0x39,0x33,0x31,0x32,0x22,0x20,0x79,0x31,0x3d,0x22,0x36,
  0x35,0x2e,0x32,0x36,0x32,0x35,0x22,0x20,0x79,0x32,0x3d,0x22,0x31,0x32,0x2e,0x36,
  0x32,0x39,0x36,0x22,0x20,0x67,0x72,0x61,0x64,0x69,0x65,0x6e,0x74,0x55,0x6e,0x69,
  0x74,0x73,0x3d,0x22,0x75,0x73,0x65,0x72,0x53,0x70,0x61,0x63,0x65,0x4f,0x6e,0x55,
  0x73,0x65,0x22,0x3e,0xa,0x20,0x20,0x20,0x20,0x20,0x20,0x20,0x20,0x20,0x20,0x20,
  0x20,0x3c,0x73,0x74,0x6f,0x70,0x20,0x73,0x74,0x6f,0x70,0x2d,0x63,0x6f,0x6c,0x6f,
  0x72,0x3d,0x22,0x23,0x45,0x32,0x44,0x42,0x45,0x36,0x22,0x20,0x6f,0x66,0x66,0x73,
  0x65,0x74,0x3d,0x22,0x30,0x22,0x2f,0x3e,0xa,0x20,0x20,0x20,0x20,0x20,0x20,0x20,
  0x20,0x20,0x20,0x20,0x20,0x3c,0x73,0x74,0x6f,0x70,0x20,0x73,0x74,0x6f,0x70,0x2d,
  0x63,0x6f,0x6c,0x6f,0x72,0x3d,0x22,0x23,0x66,0x66,0x66,0x22,0x20,0x6f,0x66,0x66,
  0x73,0x65,0x74,0x3d,0x22,0x31,0x22,0x2f,0x3e,0xa,0x20,0x20,0x20,0x20,0x20,0x20,
  0x20,0x20,0x3c,0x2f,0x6c,0x69,0x6e,0x65,0x61,0x72,0x47,0x72,0x61,0x64,0x69,0x65,
  0x6e,0x74,0x3e,0xa,0x20,0x20,0x20,0x20,0x3c,0x2f,0x64,0x65,0x66,0x73,0x3e,0xa,
  0x3c,0x2f,0x73,0x76,0x67,0x3e,0xa,
    // video-display.svg
  0x0,0x0,0x6,0xad,
  0x0,
  0x0,0x22,0x66,0x78,0xda,0xcd,0x5a,0xc9,0x72,0xa3,0x48,0x10,0xbd,0xfb,0x2b,0x18,
  0x7c,0x69,0x47,0x8,0x54,0xfb,0xa2,0x96,0xdc,0x87,0x8e,0x98,0x89,0x39,0xcd,0x61,
  0xba,0x3f,0xa0,0x4,0x25,0x59,0xd1,0x32,0x38,0x10,0xde,0xe6,0xeb,0x27,0x8b,0x45,
  0x2,0x4b,0xd,0xa6,0xd,0x13,0x3,0x97,0x2,0x55,0x52,0x2f,0xf3,0xe5,0x46,0xa1,
  0xe5,0x97,0x97,0xfb,0xbd,0xf7,0x64,0xb3,0xc3,0x2e,0x4d,0x56,0x3e,0xe,0x91,0xef,
  0xd9,0x24,0x4a,0xe3,0x5d,0xb2,0x5d,0xf9,0xdf,0xbf,0xfd,0x1e,0x28,0xdf,0x3b,0xe4,
  0x26,0x89,0xcd,0x3e,0x4d,0xec,0xca,0x4f,0x52,0xff,0xcb,0xed,0xd5,0xd5,0xf2,0xb7,
  0x20,0xf0,0xbe,0x66,0xd6,0xe4,0x36,0xf6,0x9e,0x77,0xf9,0x9d,0xf7,0x67,0xf2,0xe3,
  0x10,0x99,0x7,0xeb,0x7d,0xba,0xcb,0xf3,0x87,0xc5,0x7c,0xfe,0xfc,0xfc,0x1c,0xee,
  0xaa,0x9b,0x61,0x9a,0x6d,0xe7,0x37,0x5e,0x10,0xdc,0x5e,0x2d,0xf,0x4f,0x5b,0x90,
  0x88,0xf3,0xbb,0x95,0x2f,0x98,0xdf,0x5c,0x1b,0xfb,0x1e,0xa0,0x49,0xe,0x2b,0xbf,
  0xf1,0x88,0x67,0x5a,0x8,0x13,0x84,0xd0,0x1c,0x44,0x7d,0xef,0xce,0xee,0xb6,0x77,
  0x79,0x29,0x5c,0x4c,0x5f,0xbc,0xec,0x61,0x9d,0x4b,0x42,0x58,0x6b,0x3d,0x2f,0x7e,
  0xad,0xa7,0xd6,0x80,0x5a,0xb3,0x5b,0x28,0x13,0x73,0x6f,0xf,0xf,0x26,0xb2,0x87,
  0x79,0x7d,0xdf,0xbf,0xbd,0xf2,0x96,0xb1,0xdd,0x1c,0xbc,0x5d,0xbc,0xf2,0xdd,0x80,
  0x33,0xce,0xdd,0x5d,0x6f,0x9,0xf,0xb7,0x26,0xfb,0x23,0x33,0xf1,0xce,0x26,0xb9,
  0x57,0x8b,0x2c,0xa2,0x74,0xbf,0xb7,0x11,0xc0,0x34,0xfb,0x67,0xf3,0x7a,0xf0,0xb,
  0xd1,0xf6,0x64,0x86,0xb9,0x2e,0x1e,0xe2,0x2d,0xf,0x79,0xfa,0x0,0x66,0x7e,0xdd,
  0x3,0x30,0x37,0xe,0x40,0x3c,0xcd,0x16,0xd7,0xc4,0x90,0x88,0x6c,0x4a,0x61,0x77,
  0x9f,0x61,0x81,0xfd,0x79,0x43,0x26,0xdd,0x6c,0xe,0x16,0x56,0xc1,0xfe,0x25,0x71,
  0x46,0x98,0x60,0xba,0x25,0x4e,0x4b,0xf1,0xe5,0xbc,0x8d,0xe5,0xc3,0xba,0x10,0xe,
  0x9e,0x53,0x98,0x7a,0x71,0x97,0xd9,0xcd,0xca,0xbf,0xbe,0xa0,0xac,0xf7,0x8a,0x57,
  0x3e,0xa7,0x22,0x94,0x1a,0x4e,0xb8,0x24,0x70,0x89,0x28,0x5c,0x82,0x97,0x6d,0xab,
  0x99,0xdf,0x93,0x5d,0xe,0x2e,0xf0,0x78,0xb0,0xd9,0xdf,0x8e,0x87,0xbf,0x92,0xef,
  0x7,0xb,0xcf,0x86,0xb9,0xe8,0x34,0xeb,0x5b,0x66,0x92,0xc3,0x26,0xcd,0xee,0x57,
  0xfe,0xbd,0xc9,0xb3,0xdd,0xcb,0x27,0xf0,0x5d,0x45,0xe1,0xc0,0x1e,0x82,0x13,0xae,
  0xb4,0x3b,0x89,0x17,0x50,0x16,0x22,0x26,0x39,0xf5,0x2,0xa6,0x61,0x29,0xad,0x91,
  0xba,0xa9,0xac,0xf0,0x21,0x8d,0x25,0xe9,0xd6,0x98,0x22,0x5a,0x69,0xcc,0x64,0x4b,
  0xe3,0x93,0x1,0x3e,0xae,0x33,0x16,0x70,0x48,0xf6,0x56,0x67,0xa1,0x60,0xcc,0x39,
  0x3e,0xe9,0x2c,0xc6,0xd0,0xd9,0xa9,0xd4,0xed,0xb1,0x91,0x88,0xe2,0x18,0x37,0x5c,
  0x8e,0x22,0x3e,0xc0,0x63,0x2d,0xb2,0xdc,0xca,0x96,0xb8,0x9c,0xc8,0x63,0xb9,0xc6,
  0x3d,0xba,0x48,0xab,0x36,0xda,0x36,0xc0,0x70,0x4d,0x7,0xe8,0xa2,0x58,0x64,0x63,
  0xde,0x12,0xe7,0x93,0xe9,0x22,0x3,0xde,0xed,0x8d,0x4e,0xdd,0xca,0x1b,0x71,0xd3,
  0x1b,0x99,0xd2,0xe3,0xc5,0x9f,0xc4,0x48,0xea,0xca,0x17,0x31,0x72,0x7,0xf8,0x22,
  0x63,0x21,0x95,0x88,0x8,0x18,0xc9,0x10,0x16,0xd6,0x98,0x8c,0xe1,0x8b,0x42,0xe1,
  0x6e,0x8d,0x85,0xe4,0x75,0xc6,0xe1,0xad,0xf8,0x23,0xa4,0xbe,0x7c,0x81,0x5f,0xa9,
  0x66,0x21,0x97,0x98,0xb1,0x77,0x99,0x80,0xa1,0xb3,0xd9,0x17,0x4d,0xa1,0xdd,0x21,
  0x6b,0x53,0x30,0xa2,0xb8,0x60,0x45,0x30,0x32,0x2e,0x9d,0x51,0x24,0xa,0x85,0xe2,
  0x88,0x8f,0x62,0x9,0xc9,0x7b,0x3c,0xd9,0x32,0xc3,0x45,0xdc,0x70,0x45,0x21,0xe5,
  0x0,0x4f,0x36,0x72,0x1d,0x4b,0xd5,0x12,0xd7,0x13,0x79,0xb2,0x50,0xba,0x87,0x55,
  0x45,0x4b,0xde,0x2e,0x30,0xd1,0xc5,0x1b,0xc1,0xef,0xe2,0x4d,0x6a,0x4e,0x18,0x6b,
  0xf1,0x26,0x81,0x37,0x18,0x4b,0x4a,0x74,0xcd,0x1b,0x16,0xe3,0x78,0x70,0x6f,0x36,
  0xa5,0x86,0xb4,0xd,0xaf,0x86,0x64,0x53,0x21,0x94,0x32,0xa6,0x25,0x3e,0x55,0x36,
  0x95,0x44,0x75,0xf3,0x26,0x9,0xb9,0x5c,0xff,0x9,0x6b,0x46,0x23,0x24,0xfc,0x21,
  0xac,0x52,0x19,0x32,0xad,0xa1,0xab,0xe9,0x2e,0x92,0x48,0x2a,0xa4,0xf8,0xdb,0x68,
  0xe4,0x34,0x64,0x90,0xfe,0xe4,0x31,0x1a,0x47,0x61,0xd5,0x29,0xda,0xcd,0xaa,0xe0,
  0x40,0x4b,0xb3,0xab,0x93,0x84,0xd,0xa9,0x2b,0x6b,0xa3,0xa2,0xb8,0x25,0x2e,0x26,
  0x62,0x55,0xb1,0x9e,0xae,0x4e,0x51,0x56,0xf1,0x76,0x1e,0x5f,0x9d,0xbc,0xa9,0x77,
  0x45,0x23,0xb0,0xa3,0xb8,0x7c,0x5b,0x50,0x88,0xc,0x5,0x47,0xba,0x8,0xcc,0xaa,
  0xa2,0xe0,0x31,0x98,0x73,0xca,0x74,0x33,0xa7,0xb4,0x89,0xd5,0xba,0x61,0x7a,0x45,
  0xc5,0x10,0xe6,0xc8,0x9a,0x46,0xb2,0x25,0xae,0xa6,0x8a,0x47,0xc5,0x7a,0xe2,0xd1,
  0xe5,0x95,0x22,0x1e,0x49,0xbb,0x3a,0x62,0xda,0xaa,0x8e,0x4a,0xe,0xaa,0x8e,0x78,
  0x78,0x75,0x24,0x92,0x43,0x48,0x8a,0x66,0x75,0xc4,0x2e,0xae,0x31,0x80,0x18,0x25,
  0x20,0x41,0xd3,0x9e,0xf2,0x88,0xd7,0x58,0xb4,0x2,0x52,0xa1,0x1,0xb4,0x6a,0xbd,
  0xde,0xb8,0xaa,0xd4,0x10,0x27,0x53,0xd1,0xaa,0x7b,0x5e,0x3a,0xa4,0x12,0x15,0xad,
  0x18,0x95,0x7d,0x5d,0xd1,0xe4,0x69,0x55,0x5e,0xc,0x2f,0x9c,0x54,0xff,0x2,0xa5,
  0xa7,0xde,0xef,0x48,0xe9,0xa8,0xbd,0x9f,0xd3,0xb2,0x9b,0x52,0xad,0x23,0xa6,0x64,
  0x8b,0x13,0x35,0x80,0xd2,0x35,0x8b,0x75,0xab,0xf5,0x97,0x1a,0x4d,0x95,0x63,0x51,
  0x4f,0xe5,0x54,0xa8,0xae,0x9c,0x8,0x9f,0x28,0x75,0x17,0x2,0xb,0xac,0x26,0xec,
  0x86,0x30,0x96,0x82,0x89,0xb3,0x86,0x9e,0x8b,0x90,0x6b,0xc1,0xf5,0xc8,0xa4,0x3a,
  0x3d,0x7b,0x5e,0xc8,0x78,0xcc,0xdb,0xf9,0x13,0xb1,0x41,0xed,0x90,0xd9,0xac,0x75,
  0x4b,0x7c,0xaa,0xc2,0x29,0xa5,0xe8,0x4b,0xbf,0xa8,0x24,0x95,0x69,0xde,0x24,0x95,
  0x35,0xe2,0x94,0xa8,0xa9,0x4a,0xea,0x71,0x8f,0x44,0x10,0xf0,0xa3,0xba,0xa2,0x4a,
  0x4,0x94,0x12,0x1d,0x12,0xa,0xc1,0x32,0x4e,0xe6,0x45,0x3d,0x8c,0x2,0x9d,0xeb,
  0x76,0x9c,0x49,0x32,0xa4,0xa0,0x52,0x1d,0x47,0xa8,0x25,0xce,0xa6,0xa,0x53,0xdc,
  0xc3,0xa8,0xc2,0xe8,0x97,0x5a,0x21,0x24,0xde,0xc5,0xdb,0x7f,0xfa,0x6e,0xed,0x74,
  0xe9,0x9,0xc5,0xcd,0x3a,0x8a,0x44,0x33,0x96,0xf0,0x20,0xe2,0xac,0x65,0x96,0xb6,
  0xc4,0x27,0x23,0x8e,0xb0,0x3e,0xe2,0xd4,0xaf,0xf5,0xb0,0xff,0x4b,0xe2,0xfa,0x7a,
  0x1d,0xc5,0x62,0x1e,0xb7,0x72,0x28,0x41,0x83,0x36,0xb5,0xc,0xbc,0x7f,0xb4,0xc4,
  0x7f,0xde,0xeb,0x2c,0xe7,0x6e,0xb3,0xdc,0xd,0xee,0x6d,0x6e,0x62,0x93,0x9b,0x42,
  0xae,0xbe,0xe0,0x8c,0x97,0x35,0x79,0xb9,0x3d,0x69,0xb9,0x37,0x6b,0xbb,0x5f,0xf9,
  0x5f,0xcd,0x83,0xf1,0xdc,0x3e,0x62,0x7d,0x7f,0x9b,0xa5,0x8f,0xf,0xf7,0x69,0xc,
  0x78,0xf6,0xe6,0xd5,0x66,0x95,0xfa,0x6e,0x8,0xd3,0xf2,0x73,0xcb,0x97,0x16,0xf7,
  0x2,0x2a,0x2b,0x9e,0x5c,0x37,0x52,0x6d,0x7d,0xdd,0x94,0x9b,0xf7,0xf,0x26,0xbf,
  0x6b,0xda,0x37,0x49,0xc0,0xbe,0x69,0x16,0x44,0x8f,0xd9,0x93,0xc9,0x1f,0x33,0x5b,
  0x6c,0x79,0x1d,0xad,0x90,0xa5,0x3f,0x6c,0x90,0x82,0x1b,0xec,0xf2,0xd7,0x5,0xbc,
  0xa6,0x72,0xe0,0x8f,0x7f,0xde,0xec,0xf6,0xfb,0xc5,0x63,0xb6,0xff,0x74,0x7d,0xbe,
  0x41,0x7c,0xf3,0xb9,0x92,0x2a,0x3e,0x78,0x2c,0x48,0x58,0xbd,0xcb,0x67,0xb0,0xe,
  0x23,0x1c,0x5c,0xc7,0x99,0xc3,0xab,0xdb,0x66,0x3a,0x3b,0x6e,0x55,0x79,0x68,0x6,
  0x39,0x99,0xc2,0x9,0x23,0x12,0x62,0x20,0x96,0x34,0x46,0x98,0xcd,0x40,0xbd,0x59,
  0x70,0xfa,0xa5,0x39,0xac,0x25,0xff,0xa9,0x98,0x71,0xcb,0xd5,0xdf,0x5c,0x38,0xe,
  0x5d,0xa7,0x56,0x6c,0xb3,0xb8,0xf6,0x9e,0xd4,0x4e,0xfc,0xea,0x6a,0x91,0xae,0x7b,
  0xff,0xfa,0x2b,0xb,0x85,0x72,0x20,0x89,0xa4,0x1f,0x30,0x3,0x47,0x9d,0x66,0xc0,
  0xb2,0xfe,0x26,0x31,0x88,0x8e,0x9f,0xae,0x57,0xec,0x85,0xde,0x94,0xb,0xb8,0x27,
  0x82,0x93,0x69,0xb7,0x39,0x5a,0x58,0x9a,0x2a,0x56,0x5b,0x1a,0x95,0xbe,0xa0,0xc0,
  0x60,0x94,0x7a,0x10,0x85,0x8a,0x12,0x59,0x99,0x95,0xd2,0x22,0x2e,0xeb,0x3b,0xff,
  0x8c,0xa,0x50,0x28,0x7c,0x53,0x98,0x2b,0xc8,0x1e,0xf7,0x76,0x61,0x9f,0x6c,0x92,
  0xc6,0x71,0x3,0x30,0x93,0x22,0xd0,0x35,0x60,0x68,0xf,0x2a,0xc0,0x58,0x15,0x80,
  0xa1,0x46,0x63,0x3c,0x83,0xbe,0x1a,0xd2,0x8a,0x63,0x1b,0xbc,0x5b,0x69,0x22,0x3d,
  0xb8,0x59,0x60,0xc7,0xbc,0x20,0x58,0x8f,0x8e,0x5a,0xf7,0xa1,0x56,0x1,0xbb,0x80,
  0xba,0xd8,0x5e,0x6,0x60,0x98,0x95,0x8e,0xe7,0x81,0x1e,0x14,0x6e,0xe3,0xd1,0xd,
  0x2b,0x89,0xea,0x81,0xa8,0x54,0x80,0xdc,0x17,0xcd,0x32,0xea,0x28,0xb9,0x60,0x5a,
  0x3d,0x3b,0x1a,0xd0,0x8d,0x91,0xd,0xc4,0xc8,0x30,0x15,0x43,0xdd,0x30,0x31,0xc0,
  0xa4,0x35,0x48,0x7c,0x74,0x58,0x68,0x7,0x71,0xe5,0xb0,0x1,0x81,0xf2,0x51,0x62,
  0x54,0x80,0x17,0x60,0xab,0xd9,0x44,0xbc,0x4b,0xc5,0x7a,0xd0,0x6a,0x12,0x88,0xb,
  0xe1,0xa5,0x2b,0x93,0x42,0xd2,0x82,0x2a,0x8,0x7,0x76,0x2e,0xa,0xbe,0x3b,0x36,
  0x40,0x4d,0xfa,0x0,0x9e,0xcc,0x79,0x39,0xfe,0xa1,0x73,0x86,0xda,0xaf,0xbd,0x32,
  0xae,0xb8,0x54,0xb4,0xcc,0xa2,0x65,0xad,0x46,0x13,0x80,0x86,0x97,0xbe,0x6e,0xd0,
  0x4,0xa1,0x0,0x9f,0x47,0x53,0x3,0x34,0x60,0x72,0x35,0xa2,0xc4,0x8,0xae,0x1a,
  0x60,0x51,0x99,0x39,0xa0,0xe0,0x20,0x63,0x5b,0x59,0x8a,0x3e,0xc0,0xe4,0x8,0x18,
  0x72,0x7a,0x88,0x9,0xc2,0x4d,0xc0,0x50,0x9f,0x38,0xbc,0x91,0x43,0x5,0xab,0x7c,
  0xa1,0x70,0x5c,0xb0,0xad,0x98,0xc6,0xc0,0xb8,0x17,0x2f,0x24,0xd9,0x80,0x1c,0x11,
  0xe3,0x37,0x26,0xd6,0x1e,0x9d,0x95,0x75,0x75,0x6c,0x64,0x84,0xf5,0x21,0x53,0x1,
  0x6e,0xd8,0x92,0x9d,0x21,0x83,0x90,0xf2,0x5a,0x1c,0x37,0xb,0x3c,0xa1,0x45,0x1e,
  0x10,0x55,0x81,0xd7,0xa2,0x51,0xe0,0x39,0x13,0x6f,0xb,0x7c,0x19,0x9b,0xe4,0x7d,
  0xf5,0xfd,0x5a,0x6b,0x83,0x8d,0xec,0xec,0x6a,0xaa,0x8f,0x9c,0xcb,0xf9,0xf6,0xf6,
  0x6a,0xe9,0xfe,0xb2,0x71,0x7b,0xf5,0x2f,0xf0,0x2d,0x7c,0x3b,
    // index.theme
  0x0,0x0,0x2,0xeb,
  0x0,
  0x0,0xe,0x6d,0x78,0xda,0xcd,0x96,0x5f,0x4f,0xdb,0x30,0x10,0xc0,0xdf,0xfd,0x29,
  0x8c,0x78,0xd,0x43,0xb5,0xb3,0x88,0x87,0x65,0x1a,0x23,0x81,0x21,0x46,0x41,0x4b,
  0xb7,0x9,0x21,0x54,0xb9,0xc9,0x41,0x23,0xdc,0x38,0x4a,0xc,0xa4,0x7c,0xfa,0x5d,
  0x9c,0x26,0x4d,0x97,0x82,0x58,0x4b,0xab,0xf5,0xa5,0xe7,0xfb,0x63,0xff,0x7c,0x77,
  0xb1,0xee,0xfa,0x34,0x54,0x9,0x1d,0x8c,0x61,0x2,0x37,0xa4,0x2f,0x26,0xe0,0x46,
  0x90,0xdf,0xdf,0x4a,0xf5,0xb4,0x17,0x89,0xec,0x9e,0x90,0x23,0x35,0x99,0x40,0xa2,
  0xdd,0x40,0x67,0x71,0xa,0x11,0x8d,0xd4,0x53,0x42,0xbf,0x66,0x0,0xcf,0x40,0x3d,
  0xf4,0xa0,0xa3,0x29,0xd5,0x63,0xa0,0x67,0x9e,0x4f,0x7f,0x79,0x27,0x84,0x78,0x71,
  0x9e,0x4a,0x31,0xf5,0x20,0xd5,0x63,0x97,0x33,0x42,0x76,0x4f,0x93,0x31,0x64,0xb1,
  0xce,0xdd,0x91,0x9,0x33,0x1b,0x5b,0xe3,0x38,0x54,0x52,0x65,0x84,0xf8,0x85,0x98,
  0xa4,0x12,0xdc,0x5b,0x25,0x23,0xc0,0xf5,0xb1,0x92,0x78,0x7a,0x7e,0x54,0x5a,0x83,
  0xb0,0x4,0x73,0x75,0xf6,0x0,0xb8,0x31,0x82,0x69,0x95,0x7a,0x70,0x2b,0x1e,0xa4,
  0x76,0xed,0x83,0x5a,0x13,0xc4,0xcf,0x90,0xbb,0x3d,0xc7,0x62,0xcc,0xe2,0xcc,0xb2,
  0xf,0x2c,0xc7,0xb6,0x7a,0xec,0xc0,0x62,0x1f,0x1d,0x32,0x50,0x4a,0x8e,0x44,0x56,
  0x47,0x31,0x56,0x6b,0x3a,0x51,0xe4,0x5c,0xc4,0x49,0xd7,0xbd,0xa5,0xed,0x86,0x4,
  0x13,0x21,0x65,0xed,0xdc,0x73,0xaa,0x75,0xd7,0xed,0x52,0x24,0x20,0x5b,0xe0,0x66,
  0xfd,0x2a,0xb6,0x17,0xb,0xa9,0xee,0xea,0x10,0x4c,0x63,0xa5,0x78,0x35,0x86,0x60,
  0xd,0xf6,0xfc,0x42,0x43,0x92,0xc7,0x2a,0xc9,0xdd,0xf,0xf9,0xe3,0x1d,0xa6,0xbf,
  0xf9,0x51,0x2f,0xce,0x20,0xd4,0x2a,0x8b,0x21,0x6f,0xab,0x55,0x86,0x89,0xc7,0xd2,
  0x62,0x25,0x43,0xa1,0xe1,0x4e,0x65,0x53,0x2a,0x92,0x88,0xa,0x99,0x8e,0xc5,0x8,
  0x74,0x1c,0xe2,0xa5,0xa6,0x65,0x65,0x9b,0x70,0x57,0x84,0xba,0x3c,0x63,0x1f,0x51,
  0x6a,0x11,0x91,0x1a,0xd1,0x6e,0x44,0xa4,0x14,0x69,0x9a,0xef,0x23,0x67,0x4,0x8f,
  0x71,0x8,0x46,0xc4,0xe,0x99,0x49,0xb9,0x16,0xfa,0xc1,0xec,0x33,0x93,0x70,0x9b,
  0x4a,0xb2,0x58,0x63,0xe5,0xb5,0xe,0x23,0x48,0x80,0x38,0x10,0x2d,0x87,0xf9,0xc2,
  0xa,0xab,0xb5,0xe2,0x45,0x8b,0xae,0x6d,0xc3,0x55,0xdb,0x66,0x2f,0xd8,0xec,0xb6,
  0x8d,0x2f,0xc4,0xf1,0x32,0x8e,0x90,0xeb,0xd9,0x95,0x6e,0x48,0x59,0x10,0x17,0xa1,
  0x8e,0x54,0xa2,0xa1,0xd0,0xee,0x61,0x9a,0x4a,0xcc,0x97,0xf1,0x26,0x83,0x69,0xa,
  0x6e,0x89,0x2b,0x46,0x12,0xc8,0x79,0x9c,0x18,0x6f,0xd3,0x53,0x45,0x25,0x96,0x55,
  0x6b,0x97,0xe2,0xb0,0x3a,0xe7,0x85,0xea,0xe4,0x18,0x83,0xee,0x3d,0xa7,0xe8,0x39,
  0x74,0x8f,0x1e,0xc7,0x5,0xea,0x4b,0x65,0xb9,0x50,0x19,0xd5,0x55,0x9b,0x52,0xfc,
  0xb4,0x92,0x9c,0x7e,0xde,0xd9,0xd9,0xb9,0xe8,0x7f,0xbf,0xc2,0xbf,0x4f,0xe8,0xe0,
  0x5d,0xc,0xfb,0x17,0x83,0xe1,0xcf,0xc0,0x1f,0x1e,0xf6,0xaf,0x7e,0x7f,0xf3,0x7f,
  0xf8,0x43,0xff,0x7b,0xe0,0xa3,0xe9,0x5c,0x25,0x2a,0x1c,0x67,0x6a,0x2,0x78,0xb3,
  0x26,0x7b,0xb3,0xcb,0x61,0x57,0x37,0x97,0xb,0x5f,0xbb,0x17,0x3a,0x2e,0xdc,0xab,
  0xe2,0xc4,0xec,0x6d,0x1e,0x15,0xf,0x99,0xd3,0x9a,0xfe,0x70,0xd9,0x7a,0xd4,0x7c,
  0x1b,0xd4,0xbc,0x43,0xcd,0x57,0xa4,0x26,0xbb,0x8c,0x15,0x8c,0x6d,0x9a,0x99,0xb1,
  0x19,0x30,0x5b,0x39,0xbd,0x86,0x73,0xb,0x4d,0x61,0xe,0x99,0xd3,0xae,0xd9,0x14,
  0x15,0x35,0xdf,0x6,0x35,0xef,0x50,0xf3,0x95,0xa9,0xed,0x82,0xd9,0x7f,0x23,0x9f,
  0xc,0xce,0xde,0x7,0xb5,0x7e,0xfd,0x98,0xbd,0x16,0xdf,0x92,0x5e,0x78,0x3f,0xc4,
  0x56,0xf,0xd8,0x6b,0xf7,0x80,0xa1,0xe5,0x9b,0xa4,0xe5,0x1d,0xda,0x95,0x6b,0xcf,
  0x59,0xc1,0x37,0xfe,0x1e,0xf0,0xfa,0x3d,0xe0,0x6c,0x2d,0xce,0x2d,0xbc,0x7,0xbc,
  0xf5,0x1e,0xf0,0xb5,0xdf,0x83,0x8a,0x9a,0x6f,0x83,0x9a,0x77,0xa8,0x57,0xee,0x9,
  0xc7,0x2e,0x1c,0x7b,0x19,0x72,0x35,0x7b,0xff,0x33,0xb1,0x99,0xd1,0xc9,0x75,0x33,
  0xcc,0xcd,0xc7,0xa1,0x45,0xa0,0x1a,0xf7,0xd2,0x38,0x36,0x7c,0x66,0xe4,0x7e,0x53,
  0xcf,0x46,0x66,0xf8,0x5d,0x95,0xaf,0x19,0x22,0xbb,0xcd,0x1a,0x18,0xd3,0x1b,0x7,
  0xb5,0x97,0xf3,0xf7,0x2e,0x7c,0xcb,0xc6,0xc9,0xff,0x82,0x6f,0x3e,0xb7,0x77,0x1,
  0xbd,0xca,0xf6,0x36,0xc2,0x3f,0x4f,0x7b,0x7c,0xe9,
    // org.deskflow.deskflow-symbolic.svg
  0x0,0x0,0xa,0xb5,
  0x3c,
  0x73,0x76,0x67,0x20,0x76,0x65,0x72,0x73,0x69,0x6f,0x6e,0x3d,0x22,0x31,0x2e,0x31,
  0x22,0x20,0x76,0x69,0x65,0x77,0x42,0x6f,0x78,0x3d,0x22,0x30,0x20,0x30,0x20,0x36,
  0x34,0x20,0x36,0x34,0x22,0x20,0x78,0x6d,0x6c,0x6e,0x73,0x3d,0x22,0x68,0x74,0x74,
  0x70,0x3a,0x2f,0x2f,0x77,0x77,0x77,0x2e,0x77,0x33,0x2e,0x6f,0x72,0x67,0x2f,0x32,
  0x30,0x30,0x30,0x2f,0x73,0x76,0x67,0x22,0x3e,0xa,0x20,0x20,0x20,0x20,0x3c,0x64,
  0x65,0x66,0x73,0x20,0x69,0x64,0x3d,0x22,0x64,0x65,0x66,0x73,0x36,0x32,0x22,0x3e,
  0xa,0x20,0x20,0x20,0x20,0x20,0x20,0x3c,0x73,0x74,0x79,0x6c,0x65,0x20,0x74,0x79,
  0x70,0x65,0x3d,0x22,0x74,0x65,0x78,0x74,0x2f,0x63,0x73,0x73,0x22,0x20,0x69,0x64,
  0x3d,0x22,0x63,0x75,0x72,0x72,0x65,0x6e,0x74,0x2d,0x63,0x6f,0x6c,0x6f,0x72,0x2d,
  0x73,0x63,0x68,0x65,0x6d,0x65,0x22,0x3e,0x2e,0x43,0x6f,0x6c,0x6f,0x72,0x53,0x63,
  0x68,0x65,0x6d,0x65,0x2d,0x54,0x65,0x78,0x74,0x20,0x7b,0x20,0x63,0x6f,0x6c,0x6f,
  0x72,0x3a,0x20,0x23,0x66,0x63,0x66,0x63,0x66,0x63,0x3b,0x20,0x7d,0x20,0x3c,0x2f,
  0x73,0x74,0x79,0x6c,0x65,0x3e,0xa,0x20,0x20,0x3c,0x2f,0x64,0x65,0x66,0x73,0x3e,
  0xa,0x20,0x20,0x20,0x20,0x3c,0x67,0x20,0x66,0x69,0x6c,0x6c,0x3d,0x22,0x63,0x75,
  0x72,0x72,0x65,0x6e,0x74,0x43,0x6f,0x6c,0x6f,0x72,0x22,0x20,0x63,0x6c,0x61,0x73,
  0x73,0x3d,0x22,0x43,0x6f,0x6c,0x6f,0x72,0x53,0x63,0x68,0x65,0x6d,0x65,0x2d,0x54,
  0x65,0x78,0x74,0x22,0x3e,0xa,0x20,0x20,0x20,0x20,0x20,0x20,0x20,0x20,0x3c,0x70,
  0x61,0x74,0x68,0x20,0x74,0x72,0x61,0x6e,0x73,0x66,0x6f,0x72,0x6d,0x3d,0x22,0x6d,
  0x61,0x74,0x72,0x69,0x78,0x28,0x2e,0x30,0x30,0x33,0x35,0x37,0x39,0x32,0x20,0x30,
  0x20,0x30,0x20,0x2e,0x30,0x30,0x33,0x33,0x32,0x31,0x33,0x31,0x20,0x33,0x2e,0x33,
  0x36,0x34,0x30,0x35,0x30,0x32,0x20,0x38,0x2e,0x35,0x31,0x30,0x33,0x38,0x36,0x37,
  0x29,0x22,0x20,0x64,0x3d,0x22,0x6d,0x31,0x30,0x38,0x32,0x32,0x2e,0x37,0x37,0x35,
  0x20,0x31,0x34,0x32,0x37,0x37,0x2e,0x36,0x39,0x63,0x2d,0x31,0x31,0x39,0x35,0x2e,
  0x35,0x38,0x33,0x32,0x2d,0x31,0x34,0x33,0x2e,0x35,0x30,0x38,0x2d,0x32,0x32,0x32,
  0x30,0x2e,0x32,0x30,0x36,0x33,0x2d,0x38,0x34,0x31,0x2e,0x31,0x34,0x38,0x2d,0x33,
  0x32,0x36,0x38,0x2e,0x33,0x36,0x36,0x37,0x2d,0x31,0x33,0x37,0x39,0x2e,0x31,0x32,
  0x37,0x2d,0x37,0x31,0x38,0x2e,0x38,0x35,0x33,0x33,0x2d,0x33,0x35,0x35,0x2e,0x33,
  0x30,0x31,0x2d,0x31,0x34,0x33,0x31,0x2e,0x31,0x32,0x39,0x37,0x2d,0x38,0x33,0x38,
  0x2e,0x39,0x37,0x36,0x2d,0x32,0x32,0x35,0x31,0x2e,0x34,0x33,0x36,0x33,0x2d,0x38,
  0x39,0x36,0x2e,0x30,0x38,0x35,0x2d,0x34,0x39,0x31,0x2e,0x30,0x30,0x35,0x37,0x2d,
  0x33,0x34,0x2e,0x36,0x33,0x34,0x2d,0x39,0x39,0x33,0x2e,0x39,0x31,0x34,0x32,0x20,
  0x31,0x36,0x2e,0x37,0x30,0x31,0x2d,0x31,0x34,0x31,0x39,0x2e,0x38,0x36,0x35,0x38,
  0x20,0x32,0x38,0x32,0x2e,0x39,0x34,0x36,0x2d,0x36,0x33,0x32,0x2e,0x39,0x30,0x39,
  0x37,0x20,0x33,0x32,0x33,0x2e,0x36,0x38,0x39,0x2d,0x31,0x30,0x34,0x31,0x2e,0x34,
  0x38,0x36,0x37,0x20,0x39,0x32,0x34,0x2e,0x35,0x33,0x38,0x2d,0x31,0x35,0x35,0x36,
  0x2e,0x35,0x37,0x31,0x38,0x20,0x31,0x33,0x38,0x37,0x2e,0x37,0x30,0x32,0x2d,0x35,
  0x34,0x33,0x2e,0x32,0x38,0x33,0x20,0x33,0x32,0x34,0x2e,0x39,0x33,0x38,0x2d,0x31,
  0x30,0x32,0x34,0x2e,0x34,0x31,0x36,0x2d,0x33,0x32,0x34,0x2e,0x35,0x30,0x33,0x2d,
  0x39,0x39,0x39,0x2e,0x39,0x34,0x33,0x39,0x2d,0x38,0x33,0x31,0x2e,0x38,0x35,0x34,
  0x2d,0x36,0x36,0x2e,0x37,0x35,0x31,0x35,0x2d,0x37,0x30,0x36,0x2e,0x34,0x36,0x20,
  0x35,0x32,0x36,0x2e,0x37,0x37,0x37,0x35,0x2d,0x31,0x32,0x31,0x35,0x2e,0x31,0x30,
  0x36,0x20,0x39,0x37,0x31,0x2e,0x34,0x37,0x39,0x39,0x2d,0x31,0x36,0x37,0x35,0x2e,
  0x33,0x32,0x38,0x20,0x37,0x39,0x36,0x2e,0x37,0x30,0x34,0x32,0x2d,0x37,0x38,0x38,
  0x2e,0x39,0x38,0x35,0x20,0x31,0x39,0x30,0x38,0x2e,0x39,0x37,0x33,0x35,0x2d,0x31,
  0x33,0x33,0x39,0x2e,0x32,0x39,0x38,0x35,0x20,0x33,0x30,0x35,0x31,0x2e,0x37,0x38,
  0x39,0x39,0x2d,0x31,0x31,0x39,0x38,0x2e,0x33,0x35,0x38,0x38,0x20,0x31,0x33,0x34,
  0x38,0x2e,0x32,0x34,0x37,0x37,0x20,0x31,0x35,0x31,0x2e,0x36,0x35,0x32,0x38,0x20,
  0x32,0x34,0x39,0x30,0x2e,0x30,0x37,0x38,0x36,0x20,0x39,0x35,0x34,0x2e,0x31,0x39,
  0x39,0x38,0x20,0x33,0x36,0x37,0x31,0x2e,0x39,0x36,0x33,0x39,0x20,0x31,0x35,0x35,
  0x31,0x2e,0x37,0x38,0x36,0x38,0x20,0x38,0x31,0x32,0x2e,0x38,0x34,0x37,0x33,0x20,
  0x34,0x33,0x30,0x2e,0x33,0x36,0x38,0x20,0x31,0x37,0x33,0x32,0x2e,0x32,0x37,0x32,
  0x38,0x20,0x39,0x33,0x37,0x2e,0x33,0x30,0x39,0x20,0x32,0x36,0x38,0x30,0x2e,0x36,
  0x36,0x39,0x38,0x20,0x36,0x35,0x36,0x2e,0x39,0x39,0x39,0x20,0x38,0x36,0x35,0x2e,
  0x31,0x38,0x32,0x2d,0x32,0x34,0x30,0x2e,0x32,0x31,0x31,0x20,0x31,0x33,0x34,0x35,
  0x2e,0x33,0x31,0x37,0x2d,0x31,0x30,0x34,0x39,0x2e,0x35,0x33,0x36,0x20,0x31,0x39,
  0x31,0x38,0x2e,0x30,0x37,0x32,0x2d,0x31,0x36,0x36,0x39,0x2e,0x37,0x30,0x39,0x20,
  0x34,0x31,0x39,0x2e,0x33,0x31,0x39,0x2d,0x33,0x36,0x39,0x2e,0x35,0x33,0x20,0x39,
  0x39,0x39,0x2e,0x35,0x36,0x20,0x39,0x39,0x2e,0x30,0x32,0x37,0x20,0x31,0x30,0x33,
  0x37,0x2e,0x33,0x30,0x33,0x20,0x35,0x37,0x35,0x2e,0x36,0x32,0x20,0x31,0x34,0x34,
  0x2e,0x38,0x34,0x39,0x20,0x35,0x39,0x31,0x2e,0x34,0x33,0x39,0x2d,0x32,0x32,0x38,
  0x2e,0x38,0x31,0x20,0x31,0x30,0x39,0x39,0x2e,0x37,0x39,0x33,0x2d,0x35,0x38,0x34,
  0x2e,0x38,0x35,0x38,0x20,0x31,0x35,0x32,0x37,0x2e,0x38,0x37,0x32,0x2d,0x36,0x37,
  0x34,0x2e,0x39,0x39,0x31,0x20,0x38,0x37,0x38,0x2e,0x37,0x35,0x38,0x2d,0x31,0x36,
  0x34,0x36,0x2e,0x34,0x30,0x34,0x20,0x31,0x36,0x31,0x32,0x2e,0x34,0x39,0x39,0x2d,
  0x32,0x37,0x38,0x38,0x2e,0x31,0x33,0x32,0x20,0x31,0x36,0x37,0x38,0x2e,0x34,0x39,
  0x32,0x2d,0x31,0x35,0x33,0x2e,0x39,0x39,0x36,0x20,0x31,0x39,0x2e,0x37,0x39,0x34,
  0x2d,0x33,0x30,0x38,0x2e,0x36,0x39,0x38,0x20,0x36,0x2e,0x32,0x35,0x37,0x2d,0x34,
  0x36,0x32,0x2e,0x31,0x30,0x34,0x2d,0x31,0x30,0x2e,0x39,0x35,0x36,0x7a,0x22,0x2f,
  0x3e,0xa,0x20,0x20,0x20,0x20,0x20,0x20,0x20,0x20,0x3c,0x70,0x61,0x74,0x68,0x20,
  0x74,0x72,0x61,0x6e,0x73,0x66,0x6f,0x72,0x6d,0x3d,0x22,0x6d,0x61,0x74,0x72,0x69,
  0x78,0x28,0x2e,0x30,0x30,0x33,0x35,0x37,0x39,0x32,0x20,0x30,0x20,0x30,0x20,0x2e,
  0x30,0x30,0x33,0x33,0x32,0x31,0x33,0x31,0x20,0x33,0x2e,0x33,0x36,0x34,0x30,0x35,
  0x30,0x32,0x20,0x38,0x2e,0x35,0x31,0x30,0x33,0x38,0x36,0x37,0x29,0x22,0x20,0x64,
  0x3d,0x22,0x6d,0x31,0x30,0x36,0x39,0x31,0x2e,0x39,0x37,0x35,0x20,0x39,0x32,0x33,
  0x32,0x2e,0x32,0x39,0x35,0x34,0x63,0x2d,0x31,0x33,0x34,0x36,0x2e,0x37,0x38,0x36,
  0x36,0x2d,0x32,0x33,0x33,0x2e,0x34,0x34,0x32,0x2d,0x32,0x34,0x38,0x32,0x2e,0x32,
  0x31,0x32,0x37,0x2d,0x31,0x30,0x35,0x36,0x2e,0x36,0x32,0x32,0x37,0x2d,0x33,0x36,
  0x37,0x38,0x2e,0x35,0x37,0x35,0x38,0x2d,0x31,0x36,0x36,0x34,0x2e,0x37,0x34,0x32,
  0x34,0x2d,0x36,0x39,0x35,0x2e,0x34,0x39,0x38,0x36,0x2d,0x33,0x37,0x38,0x2e,0x34,
  0x37,0x39,0x39,0x2d,0x31,0x34,0x37,0x30,0x2e,0x35,0x37,0x34,0x35,0x2d,0x37,0x31,
  0x34,0x2e,0x30,0x37,0x31,0x32,0x2d,0x32,0x32,0x38,0x30,0x2e,0x37,0x34,0x36,0x34,
  0x2d,0x35,0x39,0x38,0x2e,0x31,0x38,0x38,0x32,0x2d,0x39,0x34,0x31,0x2e,0x35,0x36,
  0x37,0x36,0x20,0x31,0x30,0x33,0x2e,0x37,0x38,0x32,0x35,0x2d,0x31,0x36,0x33,0x36,
  0x2e,0x32,0x36,0x36,0x35,0x20,0x38,0x33,0x38,0x2e,0x37,0x32,0x34,0x36,0x2d,0x32,
  0x32,0x32,0x31,0x2e,0x33,0x37,0x30,0x39,0x20,0x31,0x35,0x31,0x37,0x2e,0x36,0x39,
  0x36,0x38,0x2d,0x33,0x35,0x37,0x2e,0x37,0x38,0x32,0x32,0x20,0x34,0x37,0x35,0x2e,
  0x35,0x33,0x36,0x33,0x2d,0x31,0x30,0x31,0x39,0x2e,0x30,0x39,0x36,0x32,0x20,0x31,
  0x37,0x35,0x2e,0x38,0x35,0x33,0x35,0x2d,0x31,0x31,0x34,0x31,0x2e,0x32,0x38,0x32,
  0x34,0x2d,0x33,0x33,0x35,0x2e,0x33,0x32,0x39,0x37,0x2d,0x32,0x30,0x38,0x2e,0x39,
  0x38,0x32,0x39,0x2d,0x35,0x34,0x38,0x2e,0x36,0x30,0x34,0x31,0x20,0x34,0x37,0x2e,
  0x32,0x34,0x33,0x35,0x2d,0x31,0x31,0x33,0x32,0x2e,0x37,0x39,0x35,0x36,0x20,0x34,
  0x33,0x34,0x2e,0x31,0x37,0x39,0x37,0x2d,0x31,0x35,0x33,0x30,0x2e,0x38,0x30,0x37,
  0x39,0x20,0x38,0x34,0x32,0x2e,0x37,0x35,0x38,0x31,0x2d,0x39,0x39,0x35,0x2e,0x39,
  0x33,0x37,0x36,0x20,0x32,0x30,0x36,0x32,0x2e,0x38,0x33,0x34,0x33,0x2d,0x31,0x38,
  0x33,0x30,0x2e,0x30,0x39,0x33,0x34,0x20,0x33,0x34,0x32,0x32,0x2e,0x38,0x34,0x35,
  0x33,0x2d,0x31,0x37,0x31,0x38,0x2e,0x38,0x30,0x31,0x20,0x31,0x35,0x33,0x38,0x2e,
  0x32,0x34,0x32,0x34,0x20,0x31,0x32,0x32,0x2e,0x31,0x39,0x32,0x36,0x20,0x32,0x38,
  0x30,0x32,0x2e,0x37,0x39,0x37,0x39,0x20,0x31,0x30,0x39,0x36,0x2e,0x38,0x39,0x37,
  0x38,0x20,0x34,0x31,0x35,0x30,0x2e,0x30,0x34,0x36,0x34,0x20,0x31,0x37,0x34,0x37,
  0x2e,0x32,0x32,0x31,0x38,0x20,0x36,0x38,0x39,0x2e,0x34,0x38,0x33,0x31,0x20,0x33,
  0x37,0x33,0x2e,0x33,0x35,0x33,0x37,0x20,0x31,0x34,0x38,0x30,0x2e,0x38,0x32,0x37,
  0x31,0x20,0x36,0x39,0x35,0x2e,0x35,0x32,0x31,0x33,0x20,0x32,0x32,0x37,0x35,0x2e,
  0x36,0x38,0x31,0x31,0x20,0x34,0x39,0x38,0x2e,0x32,0x31,0x35,0x39,0x20,0x38,0x34,
  0x33,0x2e,0x34,0x34,0x33,0x2d,0x32,0x32,0x35,0x2e,0x34,0x36,0x37,0x35,0x20,0x31,
  0x33,0x35,0x35,0x2e,0x31,0x35,0x35,0x2d,0x39,0x38,0x36,0x2e,0x36,0x38,0x37,0x33,
  0x20,0x31,0x38,0x37,0x34,0x2e,0x34,0x36,0x33,0x2d,0x31,0x36,0x32,0x35,0x2e,0x39,
  0x32,0x38,0x20,0x33,0x30,0x33,0x2e,0x38,0x33,0x39,0x2d,0x34,0x32,0x39,0x2e,0x32,
  0x34,0x31,0x32,0x20,0x39,0x33,0x35,0x2e,0x30,0x30,0x34,0x2d,0x32,0x30,0x32,0x2e,
  0x36,0x39,0x38,0x34,0x20,0x31,0x30,0x37,0x33,0x2e,0x31,0x33,0x34,0x20,0x32,0x34,
  0x37,0x2e,0x30,0x39,0x34,0x36,0x20,0x32,0x32,0x39,0x2e,0x35,0x30,0x33,0x20,0x35,
  0x32,0x35,0x2e,0x36,0x34,0x33,0x39,0x20,0x35,0x30,0x2e,0x31,0x35,0x39,0x20,0x31,
  0x31,0x32,0x37,0x2e,0x30,0x34,0x39,0x2d,0x33,0x31,0x31,0x2e,0x39,0x31,0x38,0x20,
  0x31,0x35,0x34,0x35,0x2e,0x31,0x36,0x31,0x38,0x2d,0x37,0x33,0x31,0x2e,0x38,0x38,
  0x31,0x20,0x31,0x30,0x33,0x31,0x2e,0x31,0x39,0x34,0x37,0x2d,0x31,0x38,0x34,0x37,
  0x2e,0x38,0x38,0x39,0x20,0x31,0x39,0x37,0x31,0x2e,0x33,0x34,0x33,0x37,0x2d,0x33,
  0x31,0x38,0x30,0x2e,0x34,0x33,0x35,0x20,0x31,0x39,0x33,0x38,0x2e,0x37,0x33,0x36,
  0x34,0x2d,0x31,0x33,0x38,0x2e,0x38,0x35,0x33,0x20,0x31,0x2e,0x36,0x37,0x37,0x35,
  0x2d,0x32,0x37,0x38,0x2e,0x32,0x37,0x33,0x2d,0x31,0x2e,0x35,0x38,0x33,0x34,0x2d,
  0x34,0x31,0x36,0x2e,0x30,0x32,0x31,0x2d,0x32,0x30,0x2e,0x33,0x33,0x30,0x31,0x7a,
  0x22,0x2f,0x3e,0xa,0x20,0x20,0x20,0x20,0x20,0x20,0x20,0x20,0x3c,0x70,0x61,0x74,
  0x68,0x20,0x74,0x72,0x61,0x6e,0x73,0x66,0x6f,0x72,0x6d,0x3d,0x22,0x6d,0x61,0x74,
  0x72,0x69,0x78,0x28,0x2e,0x30,0x30,0x33,0x35,0x37,0x39,0x32,0x20,0x30,0x20,0x30,
  0x20,0x2e,0x30,0x30,0x33,0x33,0x32,0x31,0x33,0x31,0x20,0x33,0x2e,0x33,0x36,0x34,
  0x30,0x35,0x30,0x32,0x20,0x38,0x2e,0x35,0x31,0x30,0x33,0x38,0x36,0x37,0x29,0x22,
  0x20,0x64,0x3d,0x22,0x6d,0x31,0x30,0x35,0x37,0x36,0x2e,0x37,0x34,0x34,0x20,0x34,
  0x31,0x37,0x32,0x2e,0x34,0x35,0x34,0x34,0x63,0x2d,0x31,0x37,0x30,0x31,0x2e,0x38,
  0x38,0x30,0x33,0x2d,0x33,0x30,0x37,0x2e,0x33,0x39,0x39,0x37,0x2d,0x33,0x30,0x33,
  0x32,0x2e,0x31,0x35,0x39,0x39,0x2d,0x31,0x35,0x33,0x36,0x2e,0x37,0x31,0x34,0x39,
  0x2d,0x34,0x36,0x33,0x36,0x2e,0x32,0x38,0x30,0x35,0x2d,0x32,0x31,0x30,0x33,0x2e,
  0x30,0x33,0x31,0x31,0x2d,0x37,0x36,0x30,0x2e,0x32,0x32,0x35,0x32,0x2d,0x32,0x33,
  0x31,0x2e,0x36,0x31,0x31,0x38,0x2d,0x31,0x36,0x33,0x34,0x2e,0x38,0x32,0x35,0x36,
  0x2d,0x31,0x38,0x33,0x2e,0x37,0x38,0x35,0x31,0x2d,0x32,0x32,0x39,0x32,0x2e,0x30,
  0x32,0x39,0x34,0x20,0x32,0x39,0x37,0x2e,0x38,0x38,0x37,0x32,0x2d,0x35,0x32,0x32,
  0x2e,0x30,0x34,0x36,0x20,0x33,0x31,0x35,0x2e,0x37,0x36,0x33,0x33,0x2d,0x38,0x37,
  0x30,0x2e,0x33,0x37,0x37,0x33,0x20,0x38,0x32,0x38,0x2e,0x35,0x35,0x33,0x36,0x2d,
  0x31,0x33,0x30,0x37,0x2e,0x36,0x39,0x35,0x20,0x31,0x32,0x33,0x35,0x2e,0x37,0x36,
  0x33,0x33,0x2d,0x34,0x30,0x38,0x2e,0x30,0x32,0x34,0x31,0x20,0x32,0x38,0x37,0x2e,
  0x36,0x30,0x35,0x31,0x2d,0x38,0x38,0x32,0x2e,0x38,0x30,0x36,0x35,0x2d,0x31,0x30,
  0x30,0x2e,0x33,0x39,0x32,0x35,0x2d,0x39,0x37,0x36,0x2e,0x35,0x38,0x36,0x34,0x2d,
  0x35,0x31,0x36,0x2e,0x30,0x38,0x35,0x36,0x2d,0x32,0x30,0x37,0x2e,0x30,0x31,0x31,
  0x2d,0x35,0x36,0x36,0x2e,0x34,0x35,0x37,0x38,0x20,0x38,0x34,0x2e,0x32,0x34,0x34,
  0x35,0x2d,0x31,0x31,0x36,0x36,0x2e,0x39,0x30,0x32,0x34,0x20,0x34,0x39,0x31,0x2e,
  0x35,0x35,0x39,0x2d,0x31,0x35,0x36,0x34,0x2e,0x32,0x38,0x33,0x35,0x20,0x38,0x32,
  0x34,0x2e,0x31,0x37,0x39,0x37,0x2d,0x39,0x37,0x38,0x2e,0x38,0x34,0x32,0x35,0x36,
  0x20,0x32,0x30,0x33,0x34,0x2e,0x38,0x33,0x37,0x39,0x2d,0x31,0x37,0x37,0x36,0x2e,
  0x30,0x37,0x32,0x39,0x20,0x33,0x33,0x36,0x33,0x2e,0x37,0x31,0x36,0x34,0x2d,0x31,
  0x36,0x36,0x36,0x2e,0x32,0x33,0x30,0x39,0x20,0x31,0x35,0x35,0x33,0x2e,0x36,0x34,
  0x35,0x39,0x20,0x31,0x32,0x38,0x2e,0x35,0x35,0x33,0x36,0x34,0x20,0x32,0x38,0x33,
  0x38,0x2e,0x35,0x31,0x31,0x20,0x31,0x31,0x30,0x34,0x2e,0x39,0x33,0x36,0x34,0x20,
  0x34,0x31,0x39,0x33,0x2e,0x36,0x37,0x34,0x36,0x20,0x31,0x37,0x37,0x38,0x2e,0x30,
  0x31,0x32,0x38,0x20,0x37,0x34,0x38,0x2e,0x35,0x31,0x35,0x33,0x20,0x34,0x30,0x39,
  0x2e,0x32,0x38,0x35,0x35,0x20,0x31,0x36,0x36,0x36,0x2e,0x33,0x32,0x33,0x33,0x20,
  0x37,0x33,0x36,0x2e,0x38,0x37,0x31,0x31,0x20,0x32,0x35,0x30,0x30,0x2e,0x33,0x33,
  0x37,0x33,0x20,0x33,0x37,0x34,0x2e,0x39,0x35,0x35,0x39,0x20,0x37,0x34,0x32,0x2e,
  0x38,0x36,0x32,0x2d,0x33,0x30,0x31,0x2e,0x39,0x34,0x32,0x35,0x20,0x31,0x31,0x38,
  0x34,0x2e,0x39,0x33,0x2d,0x31,0x30,0x30,0x33,0x2e,0x36,0x30,0x38,0x32,0x20,0x31,
  0x36,0x36,0x39,0x2e,0x33,0x34,0x34,0x2d,0x31,0x35,0x39,0x39,0x2e,0x33,0x36,0x34,
  0x20,0x33,0x39,0x30,0x2e,0x35,0x31,0x33,0x2d,0x34,0x30,0x34,0x2e,0x34,0x34,0x37,
  0x37,0x34,0x20,0x31,0x30,0x31,0x31,0x2e,0x36,0x33,0x37,0x20,0x32,0x32,0x2e,0x35,
  0x30,0x39,0x38,0x36,0x20,0x31,0x30,0x37,0x38,0x2e,0x37,0x38,0x31,0x20,0x34,0x39,
  0x34,0x2e,0x32,0x30,0x31,0x31,0x36,0x20,0x31,0x34,0x33,0x2e,0x31,0x32,0x39,0x20,
  0x35,0x31,0x30,0x2e,0x34,0x38,0x32,0x31,0x32,0x2d,0x37,0x36,0x2e,0x35,0x37,0x38,
  0x20,0x31,0x30,0x32,0x32,0x2e,0x37,0x39,0x30,0x36,0x2d,0x34,0x30,0x37,0x2e,0x33,
  0x34,0x36,0x20,0x31,0x34,0x30,0x38,0x2e,0x37,0x35,0x30,0x33,0x2d,0x37,0x31,0x35,
  0x2e,0x38,0x35,0x36,0x20,0x31,0x30,0x30,0x32,0x2e,0x33,0x33,0x30,0x31,0x2d,0x31,
  0x37,0x39,0x35,0x2e,0x31,0x20,0x31,0x39,0x30,0x37,0x2e,0x37,0x37,0x33,0x34,0x2d,
  0x33,0x30,0x38,0x38,0x2e,0x33,0x38,0x31,0x20,0x31,0x39,0x30,0x36,0x2e,0x34,0x39,
  0x31,0x31,0x2d,0x31,0x39,0x37,0x2e,0x32,0x36,0x34,0x20,0x32,0x2e,0x32,0x37,0x33,
  0x37,0x2d,0x33,0x39,0x34,0x2e,0x36,0x2d,0x31,0x34,0x2e,0x33,0x33,0x34,0x38,0x2d,
  0x35,0x38,0x39,0x2e,0x30,0x39,0x34,0x2d,0x34,0x37,0x2e,0x30,0x36,0x36,0x37,0x7a,
  0x22,0x2f,0x3e,0xa,0x20,0x20,0x20,0x20,0x3c,0x2f,0x67,0x3e,0xa,0x3c,0x2f,0x73,
  0x76,0x67,0x3e,0xa,
    // org.deskflow.deskflow.svg
  0x0,0x0,0xa,0x28,
  0x3c,
  0x73,0x76,0x67,0x20,0x76,0x65,0x72,0x73,0x69,0x6f,0x6e,0x3d,0x22,0x31,0x2e,0x31,
  0x22,0x20,0x76,0x69,0x65,0x77,0x42,0x6f,0x78,0x3d,0x22,0x30,0x20,0x30,0x20,0x36,
  0x34,0x20,0x36,0x34,0x22,0x20,0x78,0x6d,0x6c,0x6e,0x73,0x3d,0x22,0x68,0x74,0x74,
  0x70,0x3a,0x2f,0x2f,0x77,0x77,0x77,0x2e,0x77,0x33,0x2e,0x6f,0x72,0x67,0x2f,0x32,
  0x30,0x30,0x30,0x2f,0x73,0x76,0x67,0x22,0x3e,0xa,0x20,0x20,0x20,0x20,0x3c,0x67,
  0x3e,0xa,0x20,0x20,0x20,0x20,0x20,0x20,0x20,0x20,0x3c,0x70,0x61,0x74,0x68,0x20,
  0x74,0x72,0x61,0x6e,0x73,0x66,0x6f,0x72,0x6d,0x3d,0x22,0x6d,0x61,0x74,0x72,0x69,
  0x78,0x28,0x2e,0x30,0x30,0x33,0x35,0x37,0x39,0x32,0x20,0x30,0x20,0x30,0x20,0x2e,
  0x30,0x30,0x33,0x33,0x32,0x31,0x33,0x31,0x20,0x33,0x2e,0x33,0x36,0x34,0x30,0x35,
  0x30,0x32,0x20,0x38,0x2e,0x35,0x31,0x30,0x33,0x38,0x36,0x37,0x29,0x22,0x20,0x64,
  0x3d,0x22,0x6d,0x31,0x30,0x38,0x32,0x32,0x2e,0x37,0x37,0x35,0x20,0x31,0x34,0x32,
  0x37,0x37,0x2e,0x36,0x39,0x63,0x2d,0x31,0x31,0x39,0x35,0x2e,0x35,0x38,0x33,0x32,
  0x2d,0x31,0x34,0x33,0x2e,0x35,0x30,0x38,0x2d,0x32,0x32,0x32,0x30,0x2e,0x32,0x30,
  0x36,0x33,0x2d,0x38,0x34,0x31,0x2e,0x31,0x34,0x38,0x2d,0x33,0x32,0x36,0x38,0x2e,
  0x33,0x36,0x36,0x37,0x2d,0x31,0x33,0x37,0x39,0x2e,0x31,0x32,0x37,0x2d,0x37,0x31,
  0x38,0x2e,0x38,0x35,0x33,0x33,0x2d,0x33,0x35,0x35,0x2e,0x33,0x30,0x31,0x2d,0x31,
  0x34,0x33,0x31,0x2e,0x31,0x32,0x39,0x37,0x2d,0x38,0x33,0x38,0x2e,0x39,0x37,0x36,
  0x2d,0x32,0x32,0x35,0x31,0x2e,0x34,0x33,0x36,0x33,0x2d,0x38,0x39,0x36,0x2e,0x30,
  0x38,0x35,0x2d,0x34,0x39,0x31,0x2e,0x30,0x30,0x35,0x37,0x2d,0x33,0x34,0x2e,0x36,
  0x33,0x34,0x2d,0x39,0x39,0x33,0x2e,0x39,0x31,0x34,0x32,0x20,0x31,0x36,0x2e,0x37,
  0x30,0x31,0x2d,0x31,0x34,0x31,0x39,0x2e,0x38,0x36,0x35,0x38,0x20,0x32,0x38,0x32,
  0x2e,0x39,0x34,0x36,0x2d,0x36,0x33,0x32,0x2e,0x39,0x30,0x39,0x37,0x20,0x33,0x32,
  0x33,0x2e,0x36,0x38,0x39,0x2d,0x31,0x30,0x34,0x31,0x2e,0x34,0x38,0x36,0x37,0x20,
  0x39,0x32,0x34,0x2e,0x35,0x33,0x38,0x2d,0x31,0x35,0x35,0x36,0x2e,0x35,0x37,0x31,
  0x38,0x20,0x31,0x33,0x38,0x37,0x2e,0x37,0x30,0x32,0x2d,0x35,0x34,0x33,0x2e,0x32,
  0x38,0x33,0x20,0x33,0x32,0x34,0x2e,0x39,0x33,0x38,0x2d,0x31,0x30,0x32,0x34,0x2e,
  0x34,0x31,0x36,0x2d,0x33,0x32,0x34,0x2e,0x35,0x30,0x33,0x2d,0x39,0x39,0x39,0x2e,
  0x39,0x34,0x33,0x39,0x2d,0x38,0x33,0x31,0x2e,0x38,0x35,0x34,0x2d,0x36,0x36,0x2e,
  0x37,0x35,0x31,0x35,0x2d,0x37,0x30,0x36,0x2e,0x34,0x36,0x20,0x35,0x32,0x36,0x2e,
  0x37,0x37,0x37,0x35,0x2d,0x31,0x32,0x31,0x35,0x2e,0x31,0x30,0x36,0x20,0x39,0x37,
  0x31,0x2e,0x34,0x37,0x39,0x39,0x2d,0x31,0x36,0x37,0x35,0x2e,0x33,0x32,0x38,0x20,
  0x37,0x39,0x36,0x2e,0x37,0x30,0x34,0x32,0x2d,0x37,0x38,0x38,0x2e,0x39,0x38,0x35,
  0x20,0x31,0x39,0x30,0x38,0x2e,0x39,0x37,0x33,0x35,0x2d,0x31,0x33,0x33,0x39,0x2e,
  0x32,0x39,0x38,0x35,0x20,0x33,0x30,0x35,0x31,0x2e,0x37,0x38,0x39,0x39,0x2d,0x31,
  0x31,0x39,0x38,0x2e,0x33,0x35,0x38,0x38,0x20,0x31,0x33,0x34,0x38,0x2e,0x32,0x34,
  0x37,0x37,0x20,0x31,0x35,0x31,0x2e,0x36,0x35,0x32,0x38,0x20,0x32,0x34,0x39,0x30,
  0x2e,0x30,0x37,0x38,0x36,0x20,0x39,0x35,0x34,0x2e,0x31,0x39,0x39,0x38,0x20,0x33,
  0x36,0x37,0x31,0x2e,0x39,0x36,0x33,0x39,0x20,0x31,0x35,0x35,0x31,0x2e,0x37,0x38,
  0x36,0x38,0x20,0x38,0x31,0x32,0x2e,0x38,0x34,0x37,0x33,0x20,0x34,0x33,0x30,0x2e,
  0x33,0x36,0x38,0x20,0x31,0x37,0x33,0x32,0x2e,0x32,0x37,0x32,0x38,0x20,0x39,0x33,
  0x37,0x2e,0x33,0x30,0x39,0x20,0x32,0x36,0x38,0x30,0x2e,0x36,0x36,0x39,0x38,0x20,
  0x36,0x35,0x36,0x2e,0x39,0x39,0x39,0x20,0x38,0x36,0x35,0x2e,0x31,0x38,0x32,0x2d,
  0x32,0x34,0x30,0x2e,0x32,0x31,0x31,0x20,0x31,0x33,0x34,0x35,0x2e,0x33,0x31,0x37,
  0x2d,0x31,0x30,0x34,0x39,0x2e,0x35,0x33,0x36,0x20,0x31,0x39,0x31,0x38,0x2e,0x30,
  0x37,0x32,0x2d,0x31,0x36,0x36,0x39,0x2e,0x37,0x30,0x39,0x20,0x34,0x31,0x39,0x2e,
  0x33,0x31,0x39,0x2d,0x33,0x36,0x39,0x2e,0x35,0x33,0x20,0x39,0x39,0x39,0x2e,0x35,
  0x36,0x20,0x39,0x39,0x2e,0x30,0x32,0x37,0x20,0x31,0x30,0x33,0x37,0x2e,0x33,0x30,
  0x33,0x20,0x35,0x37,0x35,0x2e,0x36,0x32,0x20,0x31,0x34,0x34,0x2e,0x38,0x34,0x39,
  0x20,0x35,0x39,0x31,0x2e,0x34,0x33,0x39,0x2d,0x32,0x32,0x38,0x2e,0x38,0x31,0x20,
  0x31,0x30,0x39,0x39,0x2e,0x37,0x39,0x33,0x2d,0x35,0x38,0x34,0x2e,0x38,0x35,0x38,
  0x20,0x31,0x35,0x32,0x37,0x2e,0x38,0x37,0x32,0x2d,0x36,0x37,0x34,0x2e,0x39,0x39,
  0x31,0x20,0x38,0x37,0x38,0x2e,0x37,0x35,0x38,0x2d,0x31,0x36,0x34,0x36,0x2e,0x34,
  0x30,0x34,0x20,0x31,0x36,0x31,0x32,0x2e,0x34,0x39,0x39,0x2d,0x32,0x37,0x38,0x38,
  0x2e,0x31,0x33,0x32,0x20,0x31,0x36,0x37,0x38,0x2e,0x34,0x39,0x32,0x2d,0x31,0x35,
  0x33,0x2e,0x39,0x39,0x36,0x20,0x31,0x39,0x2e,0x37,0x39,0x34,0x2d,0x33,0x30,0x38,
  0x2e,0x36,0x39,0x38,0x20,0x36,0x2e,0x32,0x35,0x37,0x2d,0x34,0x36,0x32,0x2e,0x31,
  0x30,0x34,0x2d,0x31,0x30,0x2e,0x39,0x35,0x36,0x7a,0x22,0x20,0x66,0x69,0x6c,0x6c,
  0x3d,0x22,0x23,0x33,0x36,0x63,0x22,0x2f,0x3e,0xa,0x20,0x20,0x20,0x20,0x20,0x20,
  0x20,0x20,0x3c,0x70,0x61,0x74,0x68,0x20,0x74,0x72,0x61,0x6e,0x73,0x66,0x6f,0x72,
  0x6d,0x3d,0x22,0x6d,0x61,0x74,0x72,0x69,0x78,0x28,0x2e,0x30,0x30,0x33,0x35,0x37,
  0x39,0x32,0x20,0x30,0x20,0x30,0x20,0x2e,0x30,0x30,0x33,0x33,0x32,0x31,0x33,0x31,
  0x20,0x33,0x2e,0x33,0x36,0x34,0x30,0x35,0x30,0x32,0x20,0x38,0x2e,0x35,0x31,0x30,
  0x33,0x38,0x36,0x37,0x29,0x22,0x20,0x64,0x3d,0x22,0x6d,0x31,0x30,0x36,0x39,0x31,
  0x2e,0x39,0x37,0x35,0x20,0x39,0x32,0x33,0x32,0x2e,0x32,0x39,0x35,0x34,0x63,0x2d,
  0x31,0x33,0x34,0x36,0x2e,0x37,0x38,0x36,0x36,0x2d,0x32,0x33,0x33,0x2e,0x34,0x34,
  0x32,0x2d,0x32,0x34,0x38,0x32,0x2e,0x32,0x31,0x32,0x37,0x2d,0x31,0x30,0x35,0x36,
  0x2e,0x36,0x32,0x32,0x37,0x2d,0x33,0x36,0x37,0x38,0x2e,0x35,0x37,0x35,0x38,0x2d,
  0x31,0x36,0x36,0x34,0x2e,0x37,0x34,0x32,0x34,0x2d,0x36,0x39,0x35,0x2e,0x34,0x39,
  0x38,0x36,0x2d,0x33,0x37,0x38,0x2e,0x34,0x37,0x39,0x39,0x2d,0x31,0x34,0x37,0x30,
  0x2e,0x35,0x37,0x34,0x35,0x2d,0x37,0x31,0x34,0x2e,0x30,0x37,0x31,0x32,0x2d,0x32,
  0x32,0x38,0x30,0x2e,0x37,0x34,0x36,0x34,0x2d,0x35,0x39,0x38,0x2e,0x31,0x38,0x38,
  0x32,0x2d,0x39,0x34,0x31,0x2e,0x35,0x36,0x37,0x36,0x20,0x31,0x30,0x33,0x2e,0x37,
  0x38,0x32,0x35,0x2d,0x31,0x36,0x33,0x36,0x2e,0x32,0x36,0x36,0x35,0x20,0x38,0x33,
  0x38,0x2e,0x37,0x32,0x34,0x36,0x2d,0x32,0x32,0x32,0x31,0x2e,0x33,0x37,0x30,0x39,
  0x20,0x31,0x35,0x31,0x37,0x2e,0x36,0x39,0x36,0x38,0x2d,0x33,0x35,0x37,0x2e,0x37,
  0x38,0x32,0x32,0x20,0x34,0x37,0x35,0x2e,0x35,0x33,0x36,0x33,0x2d,0x31,0x30,0x31,
  0x39,0x2e,0x30,0x39,0x36,0x32,0x20,0x31,0x37,0x35,0x2e,0x38,0x35,0x33,0x35,0x2d,
  0x31,0x31,0x34,0x31,0x2e,0x32,0x38,0x32,0x34,0x2d,0x33,0x33,0x35,0x2e,0x33,0x32,
  0x39,0x37,0x2d,0x32,0x30,0x38,0x2e,0x39,0x38,0x32,0x39,0x2d,0x35,0x34,0x38,0x2e,
  0x36,0x30,0x34,0x31,0x20,0x34,0x37,0x2e,0x32,0x34,0x33,0x35,0x2d,0x31,0x31,0x33,
  0x32,0x2e,0x37,0x39,0x35,0x36,0x20,0x34,0x33,0x34,0x2e,0x31,0x37,0x39,0x37,0x2d,
  0x31,0x35,0x33,0x30,0x2e,0x38,0x30,0x37,0x39,0x20,0x38,0x34,0x32,0x2e,0x37,0x35,
  0x38,0x31,0x2d,0x39,0x39,0x35,0x2e,0x39,0x33,0x37,0x36,0x20,0x32,0x30,0x36,0x32,
  0x2e,0x38,0x33,0x34,0x33,0x2d,0x31,0x38,0x33,0x30,0x2e,0x30,0x39,0x33,0x34,0x20,
  0x33,0x34,0x32,0x32,0x2e,0x38,0x34,0x35,0x33,0x2d,0x31,0x37,0x31,0x38,0x2e,0x38,
  0x30,0x31,0x20,0x31,0x35,0x33,0x38,0x2e,0x32,0x34,0x32,0x34,0x20,0x31,0x32,0x32,
  0x2e,0x31,0x39,0x32,0x36,0x20,0x32,0x38,0x30,0x32,0x2e,0x37,0x39,0x37,0x39,0x20,
  0x31,0x30,0x39,0x36,0x2e,0x38,0x39,0x37,0x38,0x20,0x34,0x31,0x35,0x30,0x2e,0x30,
  0x34,0x36,0x34,0x20,0x31,0x37,0x34,0x37,0x2e,0x32,0x32,0x31,0x38,0x20,0x36,0x38,
  0x39,0x2e,0x34,0x38,0x33,0x31,0x20,0x33,0x37,0x33,0x2e,0x33,0x35,0x33,0x37,0x20,
  0x31,0x34,0x38,0x30,0x2e,0x38,0x32,0x37,0x31,0x20,0x36,0x39,0x35,0x2e,0x35,0x32,
  0x31,0x33,0x20,0x32,0x32,0x37,0x35,0x2e,0x36,0x38,0x31,0x31,0x20,0x34,0x39,0x38,
  0x2e,0x32,0x31,0x35,0x39,0x20,0x38,0x34,0x33,0x2e,0x34,0x34,0x33,0x2d,0x32,0x32,
  0x35,0x2e,0x34,0x36,0x37,0x35,0x20,0x31,0x33,0x35,0x35,0x2e,0x31,0x35,0x35,0x2d,
  0x39,0x38,0x36,0x2e,0x36,0x38,0x37,0x33,0x20,0x31,0x38,0x37,0x34,0x2e,0x34,0x36,
  0x33,0x2d,0x31,0x36,0x32,0x35,0x2e,0x39,0x32,0x38,0x20,0x33,0x30,0x33,0x2e,0x38,
  0x33,0x39,0x2d,0x34,0x32,0x39,0x2e,0x32,0x34,0x31,0x32,0x20,0x39,0x33,0x35,0x2e,
  0x30,0x30,0x34,0x2d,0x32,0x30,0x32,0x2e,0x36,0x39,0x38,0x34,0x20,0x31,0x30,0x37,
  0x33,0x2e,0x31,0x33,0x34,0x20,0x32,0x34,0x37,0x2e,0x30,0x39,0x34,0x36,0x20,0x32,
  0x32,0x39,0x2e,0x35,0x30,0x33,0x20,0x35,0x32,0x35,0x2e,0x36,0x34,0x33,0x39,0x20,
  0x35,0x30,0x2e,0x31,0x35,0x39,0x20,0x31,0x31,0x32,0x37,0x2e,0x30,0x34,0x39,0x2d,
  0x33,0x31,0x31,0x2e,0x39,0x31,0x38,0x20,0x31,0x35,0x34,0x35,0x2e,0x31,0x36,0x31,
  0x38,0x2d,0x37,0x33,0x31,0x2e,0x38,0x38,0x31,0x20,0x31,0x30,0x33,0x31,0x2e,0x31,
  0x39,0x34,0x37,0x2d,0x31,0x38,0x34,0x37,0x2e,0x38,0x38,0x39,0x20,0x31,0x39,0x37,
  0x31,0x2e,0x33,0x34,0x33,0x37,0x2d,0x33,0x31,0x38,0x30,0x2e,0x34,0x33,0x35,0x20,
  0x31,0x39,0x33,0x38,0x2e,0x37,0x33,0x36,0x34,0x2d,0x31,0x33,0x38,0x2e,0x38,0x35,
  0x33,0x20,0x31,0x2e,0x36,0x37,0x37,0x35,0x2d,0x32,0x37,0x38,0x2e,0x32,0x37,0x33,
  0x2d,0x31,0x2e,0x35,0x38,0x33,0x34,0x2d,0x34,0x31,0x36,0x2e,0x30,0x32,0x31,0x2d,
  0x32,0x30,0x2e,0x33,0x33,0x30,0x31,0x7a,0x22,0x20,0x66,0x69,0x6c,0x6c,0x3d,0x22,
  0x23,0x33,0x33,0x62,0x32,0x63,0x63,0x22,0x2f,0x3e,0xa,0x20,0x20,0x20,0x20,0x20,
  0x20,0x20,0x20,0x3c,0x70,0x61,0x74,0x68,0x20,0x74,0x72,0x61,0x6e,0x73,0x66,0x6f,
  0x72,0x6d,0x3d,0x22,0x6d,0x61,0x74,0x72,0x69,0x78,0x28,0x2e,0x30,0x30,0x33,0x35,
  0x37,0x39,0x32,0x20,0x30,0x20,0x30,0x20,0x2e,0x30,0x30,0x33,0x33,0x32,0x31,0x33,
  0x31,0x20,0x33,0x2e,0x33,0x36,0x34,0x30,0x35,0x30,0x32,0x20,0x38,0x2e,0x35,0x31,
  0x30,0x33,0x38,0x36,0x37,0x29,0x22,0x20,0x64,0x3d,0x22,0x6d,0x31,0x30,0x35,0x37,
  0x36,0x2e,0x37,0x34,0x34,0x20,0x34,0x31,0x37,0x32,0x2e,0x34,0x35,0x34,0x34,0x63,
  0x2d,0x31,0x37,0x30,0x31,0x2e,0x38,0x38,0x30,0x33,0x2d,0x33,0x30,0x37,0x2e,0x33,
  0x39,0x39,0x37,0x2d,0x33,0x30,0x33,0x32,0x2e,0x31,0x35,0x39,0x39,0x2d,0x31,0x35,
  0x33,0x36,0x2e,0x37,0x31,0x34,0x39,0x2d,0x34,0x36,0x33,0x36,0x2e,0x32,0x38,0x30,
  0x35,0x2d,0x32,0x31,0x30,0x33,0x2e,0x30,0x33,0x31,0x31,0x2d,0x37,0x36,0x30,0x2e,
  0x32,0x32,0x35,0x32,0x2d,0x32,0x33,0x31,0x2e,0x36,0x31,0x31,0x38,0x2d,0x31,0x36,
  0x33,0x34,0x2e,0x38,0x32,0x35,0x36,0x2d,0x31,0x38,0x33,0x2e,0x37,0x38,0x35,0x31,
  0x2d,0x32,0x32,0x39,0x32,0x2e,0x30,0x32,0x39,0x34,0x20,0x32,0x39,0x37,0x2e,0x38,
  0x38,0x37,0x32,0x2d,0x35,0x32,0x32,0x2e,0x30,0x34,0x36,0x20,0x33,0x31,0x35,0x2e,
  0x37,0x36,0x33,0x33,0x2d,0x38,0x37,0x30,0x2e,0x33,0x37,0x37,0x33,0x20,0x38,0x32,
  0x38,0x2e,0x35,0x35,0x33,0x36,0x2d,0x31,0x33,0x30,0x37,0x2e,0x36,0x39,0x35,0x20,
  0x31,0x32,0x33,0x35,0x2e,0x37,0x36,0x33,0x33,0x2d,0x34,0x30,0x38,0x2e,0x30,0x32,
  0x34,0x31,0x20,0x32,0x38,0x37,0x2e,0x36,0x30,0x35,0x31,0x2d,0x38,0x38,0x32,0x2e,
  0x38,0x30,0x36,0x35,0x2d,0x31,0x30,0x30,0x2e,0x33,0x39,0x32,0x35,0x2d,0x39,0x37,
  0x36,0x2e,0x35,0x38,0x36,0x34,0x2d,0x35,0x31,0x36,0x2e,0x30,0x38,0x35,0x36,0x2d,
  0x32,0x30,0x37,0x2e,0x30,0x31,0x31,0x2d,0x35,0x36,0x36,0x2e,0x34,0x35,0x37,0x38,
  0x20,0x38,0x34,0x2e,0x32,0x34,0x34,0x35,0x2d,0x31,0x31,0x36,0x36,0x2e,0x39,0x30,
  0x32,0x34,0x20,0x34,0x39,0x31,0x2e,0x35,0x35,0x39,0x2d,0x31,0x35,0x36,0x34,0x2e,
  0x32,0x38,0x33,0x35,0x20,0x38,0x32,0x34,0x2e,0x31,0x37,0x39,0x37,0x2d,0x39,0x37,
  0x38,0x2e,0x38,0x34,0x32,0x35,0x36,0x20,0x32,0x30,0x33,0x34,0x2e,0x38,0x33,0x37,
  0x39,0x2d,0x31,0x37,0x37,0x36,0x2e,0x30,0x37,0x32,0x39,0x20,0x33,0x33,0x36,0x33,
  0x2e,0x37,0x31,0x36,0x34,0x2d,0x31,0x36,0x36,0x36,0x2e,0x32,0x33,0x30,0x39,0x20,
  0x31,0x35,0x35,0x33,0x2e,0x36,0x34,0x35,0x39,0x20,0x31,0x32,0x38,0x2e,0x35,0x35,
  0x33,0x36,0x34,0x20,0x32,0x38,0x33,0x38,0x2e,0x35,0x31,0x31,0x20,0x31,0x31,0x30,
  0x34,0x2e,0x39,0x33,0x36,0x34,0x20,0x34,0x31,0x39,0x33,0x2e,0x36,0x37,0x34,0x36,
  0x20,0x31,0x37,0x37,0x38,0x2e,0x30,0x31,0x32,0x38,0x20,0x37,0x34,0x38,0x2e,0x35,
  0x31,0x35,0x33,0x20,0x34,0x30,0x39,0x2e,0x32,0x38,0x35,0x35,0x20,0x31,0x36,0x36,
  0x36,0x2e,0x33,0x32,0x33,0x33,0x20,0x37,0x33,0x36,0x2e,0x38,0x37,0x31,0x31,0x20,
  0x32,0x35,0x30,0x30,0x2e,0x33,0x33,0x37,0x33,0x20,0x33,0x37,0x34,0x2e,0x39,0x35,
  0x35,0x39,0x20,0x37,0x34,0x32,0x2e,0x38,0x36,0x32,0x2d,0x33,0x30,0x31,0x2e,0x39,
  0x34,0x32,0x35,0x20,0x31,0x31,0x38,0x34,0x2e,0x39,0x33,0x2d,0x31,0x30,0x30,0x33,
  0x2e,0x36,0x30,0x38,0x32,0x20,0x31,0x36,0x36,0x39,0x2e,0x33,0x34,0x34,0x2d,0x31,
  0x35,0x39,0x39,0x2e,0x33,0x36,0x34,0x20,0x33,0x39,0x30,0x2e,0x35,0x31,0x33,0x2d,
  0x34,0x30,0x34,0x2e,0x34,0x34,0x37,0x37,0x34,0x20,0x31,0x30,0x31,0x31,0x2e,0x36,
  0x33,0x37,0x20,0x32,0x32,0x2e,0x35,0x30,0x39,0x38,0x36,0x20,0x31,0x30,0x37,0x38,
  0x2e,0x37,0x38,0x31,0x20,0x34,0x39,0x34,0x2e,0x32,0x30,0x31,0x31,0x36,0x20,0x31,
  0x34,0x33,0x2e,0x31,0x32,0x39,0x20,0x35,0x31,0x30,0x2e,0x34,0x38,0x32,0x31,0x32,
  0x2d,0x37,0x36,0x2e,0x35,0x37,0x38,0x20,0x31,0x30,0x32,0x32,0x2e,0x37,0x39,0x30,
  0x36,0x2d,0x34,0x30,0x37,0x2e,0x33,0x34,0x36,0x20,0x31,0x34,0x30,0x38,0x2e,0x37,
  0x35,0x30,0x33,0x2d,0x37,0x31,0x35,0x2e,0x38,0x35,0x36,0x20,0x31,0x30,0x30,0x32,
  0x2e,0x33,0x33,0x30,0x31,0x2d,0x31,0x37,0x39,0x35,0x2e,0x31,0x20,0x31,0x39,0x30,
  0x37,0x2e,0x37,0x37,0x33,0x34,0x2d,0x33,0x30,0x38,0x38,0x2e,0x33,0x38,0x31,0x20,
  0x31,0x39,0x30,0x36,0x2e,0x34,0x39,0x31,0x31,0x2d,0x31,0x39,0x37,0x2e,0x32,0x36,
  0x34,0x20,0x32,0x2e,0x32,0x37,0x33,0x37,0x2d,0x33,0x39,0x34,0x2e,0x36,0x2d,0x31,
  0x34,0x2e,0x33,0x33,0x34,0x38,0x2d,0x35,0x38,0x39,0x2e,0x30,0x39,0x34,0x2d,0x34,
  0x37,0x2e,0x30,0x36,0x36,0x37,0x7a,0x22,0x20,0x66,0x69,0x6c,0x6c,0x3d,0x22,0x23,
  0x33,0x63,0x39,0x22,0x2f,0x3e,0xa,0x20,0x20,0x20,0x20,0x3c,0x2f,0x67,0x3e,0xa,
  0x3c,0x2f,0x73,0x76,0x67,0x3e,0xa,
    // help-about.svg
  0x0,0x0,0xa,0x28,
  0x3c,
  0x3f,0x78,0x6d,0x6c,0x20,0x76,0x65,0x72,0x73,0x69,0x6f,0x6e,0x3d,0x22,0x31,0x2e,
  0x30,0x22,0x20,0x65,0x6e,0x63,0x6f,0x64,0x69,0x6e,0x67,0x3d,0x22,0x55,0x54,0x46,
  0x2d,0x38,0x22,0x20,0x73,0x74,0x61,0x6e,0x64,0x61,0x6c,0x6f,0x6e,0x65,0x3d,0x22,
  0x6e,0x6f,0x22,0x3f,0x3e,0xa,0xa,0x3c,0x21,0x2d,0x2d,0x20,0x43,0x72,0x65,0x61,
  0x74,0x65,0x64,0x20,0x77,0x69,0x74,0x68,0x20,0x49,0x6e,0x6b,0x73,0x63,0x61,0x70,
  0x65,0x20,0x28,0x68,0x74,0x74,0x70,0x3a,0x2f,0x2f,0x77,0x77,0x77,0x2e,0x69,0x6e,
  0x6b,0x73,0x63,0x61,0x70,0x65,0x2e,0x6f,0x72,0x67,0x2f,0x29,0x20,0x2d,0x2d,0x3e,
  0xa,0x3c,0x73,0x76,0x67,0x20,0x77,0x69,0x64,0x74,0x68,0x3d,0x22,0x33,0x32,0x22,
  0x20,0x76,0x65,0x72,0x73,0x69,0x6f,0x6e,0x3d,0x22,0x31,0x2e,0x31,0x22,0x20,0x78,
  0x6d,0x6c,0x6e,0x73,0x3d,0x22,0x68,0x74,0x74,0x70,0x3a,0x2f,0x2f,0x77,0x77,0x77,
  0x2e,0x77,0x33,0x2e,0x6f,0x72,0x67,0x2f,0x32,0x30,0x30,0x30,0x2f,0x73,0x76,0x67,
  0x22,0x20,0x68,0x65,0x69,0x67,0x68,0x74,0x3d,0x22,0x33,0x32,0x22,0x20,0x78,0x6d,
  0x6c,0x6e,0x73,0x3a,0x78,0x6c,0x69,0x6e,0x6b,0x3d,0x22,0x68,0x74,0x74,0x70,0x3a,
  0x2f,0x2f,0x77,0x77,0x77,0x2e,0x77,0x33,0x2e,0x6f,0x72,0x67,0x2f,0x31,0x39,0x39,
  0x39,0x2f,0x78,0x6c,0x69,0x6e,0x6b,0x22,0x20,0x78,0x6d,0x6c,0x6e,0x73,0x3a,0x69,
  0x6e,0x6b,0x73,0x63,0x61,0x70,0x65,0x3d,0x22,0x68,0x74,0x74,0x70,0x3a,0x2f,0x2f,
  0x77,0x77,0x77,0x2e,0x69,0x6e,0x6b,0x73,0x63,0x61,0x70,0x65,0x2e,0x6f,0x72,0x67,
  0x2f,0x6e,0x61,0x6d,0x65,0x73,0x70,0x61,0x63,0x65,0x73,0x2f,0x69,0x6e,0x6b,0x73,
  0x63,0x61,0x70,0x65,0x22,0x3e,0xa,0x20,0x3c,0x64,0x65,0x66,0x73,0x20,0x69,0x64,
  0x3d,0x22,0x64,0x65,0x66,0x73,0x35,0x34,0x35,0x35,0x22,0x3e,0xa,0x20,0x20,0x3c,
  0x6c,0x69,0x6e,0x65,0x61,0x72,0x47,0x72,0x61,0x64,0x69,0x65,0x6e,0x74,0x20,0x69,
  0x6e,0x6b,0x73,0x63,0x61,0x70,0x65,0x3a,0x63,0x6f,0x6c,0x6c,0x65,0x63,0x74,0x3d,
  0x22,0x61,0x6c,0x77,0x61,0x79,0x73,0x22,0x20,0x69,0x64,0x3d,0x22,0x6c,0x69,0x6e,
  0x65,0x61,0x72,0x47,0x72,0x61,0x64,0x69,0x65,0x6e,0x74,0x34,0x31,0x34,0x33,0x22,
  0x3e,0xa,0x20,0x20,0x20,0x3c,0x73,0x74,0x6f,0x70,0x20,0x73,0x74,0x79,0x6c,0x65,
  0x3d,0x22,0x73,0x74,0x6f,0x70,0x2d,0x63,0x6f,0x6c,0x6f,0x72,0x3a,0x23,0x31,0x39,
  0x37,0x63,0x66,0x31,0x22,0x20,0x69,0x64,0x3d,0x22,0x73,0x74,0x6f,0x70,0x34,0x31,
  0x34,0x35,0x22,0x2f,0x3e,0xa,0x20,0x20,0x20,0x3c,0x73,0x74,0x6f,0x70,0x20,0x6f,
  0x66,0x66,0x73,0x65,0x74,0x3d,0x22,0x31,0x22,0x20,0x73,0x74,0x79,0x6c,0x65,0x3d,
  0x22,0x73,0x74,0x6f,0x70,0x2d,0x63,0x6f,0x6c,0x6f,0x72,0x3a,0x23,0x32,0x30,0x62,
  0x63,0x66,0x61,0x22,0x20,0x69,0x64,0x3d,0x22,0x73,0x74,0x6f,0x70,0x34,0x31,0x34,
  0x37,0x22,0x2f,0x3e,0xa,0x20,0x20,0x3c,0x2f,0x6c,0x69,0x6e,0x65,0x61,0x72,0x47,
  0x72,0x61,0x64,0x69,0x65,0x6e,0x74,0x3e,0xa,0x20,0x20,0x3c,0x6c,0x69,0x6e,0x65,
  0x61,0x72,0x47,0x72,0x61,0x64,0x69,0x65,0x6e,0x74,0x20,0x69,0x6e,0x6b,0x73,0x63,
  0x61,0x70,0x65,0x3a,0x63,0x6f,0x6c,0x6c,0x65,0x63,0x74,0x3d,0x22,0x61,0x6c,0x77,
  0x61,0x79,0x73,0x22,0x20,0x78,0x6c,0x69,0x6e,0x6b,0x3a,0x68,0x72,0x65,0x66,0x3d,
  0x22,0x23,0x6c,0x69,0x6e,0x65,0x61,0x72,0x47,0x72,0x61,0x64,0x69,0x65,0x6e,0x74,
  0x34,0x31,0x34,0x33,0x22,0x20,0x69,0x64,0x3d,0x22,0x6c,0x69,0x6e,0x65,0x61,0x72,
  0x47,0x72,0x61,0x64,0x69,0x65,0x6e,0x74,0x34,0x31,0x34,0x39,0x22,0x20,0x79,0x31,
  0x3d,0x22,0x35,0x34,0x35,0x2e,0x37,0x39,0x37,0x39,0x37,0x22,0x20,0x79,0x32,0x3d,
  0x22,0x35,0x31,0x37,0x2e,0x37,0x39,0x37,0x39,0x37,0x22,0x20,0x78,0x32,0x3d,0x22,
  0x30,0x22,0x20,0x67,0x72,0x61,0x64,0x69,0x65,0x6e,0x74,0x55,0x6e,0x69,0x74,0x73,
  0x3d,0x22,0x75,0x73,0x65,0x72,0x53,0x70,0x61,0x63,0x65,0x4f,0x6e,0x55,0x73,0x65,
  0x22,0x20,0x67,0x72,0x61,0x64,0x69,0x65,0x6e,0x74,0x54,0x72,0x61,0x6e,0x73,0x66,
  0x6f,0x72,0x6d,0x3d,0x22,0x6d,0x61,0x74,0x72,0x69,0x78,0x28,0x30,0x2e,0x39,0x32,
  0x38,0x35,0x37,0x31,0x30,0x38,0x20,0x30,0x20,0x30,0x20,0x30,0x2e,0x39,0x32,0x38,
  0x35,0x37,0x30,0x35,0x37,0x20,0x32,0x38,0x2e,0x36,0x31,0x32,0x33,0x35,0x34,0x20,
  0x33,0x37,0x2e,0x39,0x38,0x36,0x31,0x34,0x32,0x29,0x22,0x2f,0x3e,0xa,0x20,0x20,
  0x3c,0x6c,0x69,0x6e,0x65,0x61,0x72,0x47,0x72,0x61,0x64,0x69,0x65,0x6e,0x74,0x20,
  0x69,0x6e,0x6b,0x73,0x63,0x61,0x70,0x65,0x3a,0x63,0x6f,0x6c,0x6c,0x65,0x63,0x74,
  0x3d,0x22,0x61,0x6c,0x77,0x61,0x79,0x73,0x22,0x20,0x69,0x64,0x3d,0x22,0x6c,0x69,
  0x6e,0x65,0x61,0x72,0x47,0x72,0x61,0x64,0x69,0x65,0x6e,0x74,0x34,0x32,0x39,0x30,
  0x22,0x3e,0xa,0x20,0x20,0x20,0x3c,0x73,0x74,0x6f,0x70,0x20,0x73,0x74,0x79,0x6c,
  0x65,0x3d,0x22,0x73,0x74,0x6f,0x70,0x2d,0x63,0x6f,0x6c,0x6f,0x72,0x3a,0x23,0x37,
  0x63,0x62,0x61,0x66,0x38,0x22,0x20,0x69,0x64,0x3d,0x22,0x73,0x74,0x6f,0x70,0x34,
  0x32,0x39,0x32,0x22,0x2f,0x3e,0xa,0x20,0x20,0x20,0x3c,0x73,0x74,0x6f,0x70,0x20,
  0x6f,0x66,0x66,0x73,0x65,0x74,0x3d,0x22,0x31,0x22,0x20,0x73,0x74,0x79,0x6c,0x65,
  0x3d,0x22,0x73,0x74,0x6f,0x70,0x2d,0x63,0x6f,0x6c,0x6f,0x72,0x3a,0x23,0x66,0x34,
  0x66,0x63,0x66,0x66,0x22,0x20,0x69,0x64,0x3d,0x22,0x73,0x74,0x6f,0x70,0x34,0x32,
  0x39,0x34,0x22,0x2f,0x3e,0xa,0x20,0x20,0x3c,0x2f,0x6c,0x69,0x6e,0x65,0x61,0x72,
  0x47,0x72,0x61,0x64,0x69,0x65,0x6e,0x74,0x3e,0xa,0x20,0x20,0x3c,0x6c,0x69,0x6e,
  0x65,0x61,0x72,0x47,0x72,0x61,0x64,0x69,0x65,0x6e,0x74,0x20,0x69,0x6e,0x6b,0x73,
  0x63,0x61,0x70,0x65,0x3a,0x63,0x6f,0x6c,0x6c,0x65,0x63,0x74,0x3d,0x22,0x61,0x6c,
  0x77,0x61,0x79,0x73,0x22,0x20,0x78,0x6c,0x69,0x6e,0x6b,0x3a,0x68,0x72,0x65,0x66,
  0x3d,0x22,0x23,0x6c,0x69,0x6e,0x65,0x61,0x72,0x47,0x72,0x61,0x64,0x69,0x65,0x6e,
  0x74,0x34,0x32,0x39,0x30,0x22,0x20,0x69,0x64,0x3d,0x22,0x6c,0x69,0x6e,0x65,0x61,
  0x72,0x47,0x72,0x61,0x64,0x69,0x65,0x6e,0x74,0x34,0x31,0x34,0x34,0x22,0x20,0x79,
  0x31,0x3d,0x22,0x32,0x39,0x2e,0x39,0x39,0x39,0x39,0x37,0x33,0x22,0x20,0x79,0x32,
  0x3d,0x22,0x32,0x22,0x20,0x78,0x32,0x3d,0x22,0x30,0x22,0x20,0x67,0x72,0x61,0x64,
  0x69,0x65,0x6e,0x74,0x55,0x6e,0x69,0x74,0x73,0x3d,0x22,0x75,0x73,0x65,0x72,0x53,
  0x70,0x61,0x63,0x65,0x4f,0x6e,0x55,0x73,0x65,0x22,0x2f,0x3e,0xa,0x20,0x20,0x3c,
  0x6c,0x69,0x6e,0x65,0x61,0x72,0x47,0x72,0x61,0x64,0x69,0x65,0x6e,0x74,0x20,0x69,
  0x6e,0x6b,0x73,0x63,0x61,0x70,0x65,0x3a,0x63,0x6f,0x6c,0x6c,0x65,0x63,0x74,0x3d,
  0x22,0x61,0x6c,0x77,0x61,0x79,0x73,0x22,0x20,0x69,0x64,0x3d,0x22,0x6c,0x69,0x6e,
  0x65,0x61,0x72,0x47,0x72,0x61,0x64,0x69,0x65,0x6e,0x74,0x34,0x32,0x32,0x37,0x22,
  0x3e,0xa,0x20,0x20,0x20,0x3c,0x73,0x74,0x6f,0x70,0x20,0x73,0x74,0x79,0x6c,0x65,
  0x3d,0x22,0x73,0x74,0x6f,0x70,0x2d,0x63,0x6f,0x6c,0x6f,0x72,0x3a,0x23,0x32,0x39,
  0x32,0x63,0x32,0x66,0x22,0x20,0x69,0x64,0x3d,0x22,0x73,0x74,0x6f,0x70,0x34,0x32,
  0x32,0x39,0x22,0x2f,0x3e,0xa,0x20,0x20,0x20,0x3c,0x73,0x74,0x6f,0x70,0x20,0x6f,
  0x66,0x66,0x73,0x65,0x74,0x3d,0x22,0x31,0x22,0x20,0x73,0x74,0x79,0x6c,0x65,0x3d,
  0x22,0x73,0x74,0x6f,0x70,0x2d,0x6f,0x70,0x61,0x63,0x69,0x74,0x79,0x3a,0x30,0x22,
  0x20,0x69,0x64,0x3d,0x22,0x73,0x74,0x6f,0x70,0x34,0x32,0x33,0x31,0x22,0x2f,0x3e,
  0xa,0x20,0x20,0x3c,0x2f,0x6c,0x69,0x6e,0x65,0x61,0x72,0x47,0x72,0x61,0x64,0x69,
  0x65,0x6e,0x74,0x3e,0xa,0x20,0x20,0x3c,0x6c,0x69,0x6e,0x65,0x61,0x72,0x47,0x72,
  0x61,0x64,0x69,0x65,0x6e,0x74,0x20,0x69,0x6e,0x6b,0x73,0x63,0x61,0x70,0x65,0x3a,
  0x63,0x6f,0x6c,0x6c,0x65,0x63,0x74,0x3d,0x22,0x61,0x6c,0x77,0x61,0x79,0x73,0x22,
  0x20,0x78,0x6c,0x69,0x6e,0x6b,0x3a,0x68,0x72,0x65,0x66,0x3d,0x22,0x23,0x6c,0x69,
  0x6e,0x65,0x61,0x72,0x47,0x72,0x61,0x64,0x69,0x65,0x6e,0x74,0x34,0x32,0x32,0x37,
  0x22,0x20,0x69,0x64,0x3d,0x22,0x6c,0x69,0x6e,0x65,0x61,0x72,0x47,0x72,0x61,0x64,
  0x69,0x65,0x6e,0x74,0x34,0x31,0x39,0x31,0x22,0x20,0x79,0x31,0x3d,0x22,0x39,0x22,
  0x20,0x78,0x31,0x3d,0x22,0x39,0x2e,0x30,0x30,0x30,0x30,0x31,0x22,0x20,0x79,0x32,
  0x3d,0x22,0x32,0x33,0x22,0x20,0x78,0x32,0x3d,0x22,0x32,0x33,0x2e,0x30,0x30,0x30,
  0x30,0x34,0x22,0x20,0x67,0x72,0x61,0x64,0x69,0x65,0x6e,0x74,0x55,0x6e,0x69,0x74,
  0x73,0x3d,0x22,0x75,0x73,0x65,0x72,0x53,0x70,0x61,0x63,0x65,0x4f,0x6e,0x55,0x73,
  0x65,0x22,0x2f,0x3e,0xa,0x20,0x3c,0x2f,0x64,0x65,0x66,0x73,0x3e,0xa,0x20,0x3c,
  0x6d,0x65,0x74,0x61,0x64,0x61,0x74,0x61,0x20,0x69,0x64,0x3d,0x22,0x6d,0x65,0x74,
  0x61,0x64,0x61,0x74,0x61,0x35,0x34,0x35,0x38,0x22,0x2f,0x3e,0xa,0x20,0x3c,0x67,
  0x20,0x69,0x6e,0x6b,0x73,0x63,0x61,0x70,0x65,0x3a,0x6c,0x61,0x62,0x65,0x6c,0x3d,
  0x22,0x43,0x61,0x70,0x61,0x20,0x31,0x22,0x20,0x69,0x6e,0x6b,0x73,0x63,0x61,0x70,
  0x65,0x3a,0x67,0x72,0x6f,0x75,0x70,0x6d,0x6f,0x64,0x65,0x3d,0x22,0x6c,0x61,0x79,
  0x65,0x72,0x22,0x20,0x69,0x64,0x3d,0x22,0x6c,0x61,0x79,0x65,0x72,0x31,0x22,0x20,
  0x74,0x72,0x61,0x6e,0x73,0x66,0x6f,0x72,0x6d,0x3d,0x22,0x6d,0x61,0x74,0x72,0x69,
  0x78,0x28,0x31,0x20,0x30,0x20,0x30,0x20,0x31,0x20,0x2d,0x33,0x38,0x34,0x2e,0x35,
  0x37,0x31,0x34,0x33,0x20,0x2d,0x35,0x31,0x35,0x2e,0x37,0x39,0x38,0x29,0x22,0x3e,
  0xa,0x20,0x20,0x3c,0x72,0x65,0x63,0x74,0x20,0x77,0x69,0x64,0x74,0x68,0x3d,0x22,
  0x32,0x36,0x22,0x20,0x78,0x3d,0x22,0x33,0x38,0x37,0x2e,0x35,0x37,0x31,0x34,0x34,
  0x22,0x20,0x79,0x3d,0x22,0x35,0x31,0x38,0x2e,0x37,0x39,0x37,0x39,0x37,0x22,0x20,
  0x72,0x78,0x3d,0x22,0x31,0x32,0x2e,0x39,0x39,0x39,0x39,0x39,0x33,0x22,0x20,0x68,
  0x65,0x69,0x67,0x68,0x74,0x3d,0x22,0x32,0x36,0x22,0x20,0x73,0x74,0x79,0x6c,0x65,
  0x3d,0x22,0x66,0x69,0x6c,0x6c,0x3a,0x75,0x72,0x6c,0x28,0x23,0x6c,0x69,0x6e,0x65,
  0x61,0x72,0x47,0x72,0x61,0x64,0x69,0x65,0x6e,0x74,0x34,0x31,0x34,0x39,0x29,0x22,
  0x20,0x69,0x64,0x3d,0x22,0x72,0x65,0x63,0x74,0x34,0x31,0x33,0x30,0x22,0x2f,0x3e,
  0xa,0x20,0x20,0x3c,0x70,0x61,0x74,0x68,0x20,0x73,0x74,0x79,0x6c,0x65,0x3d,0x22,
  0x66,0x69,0x6c,0x6c,0x3a,0x75,0x72,0x6c,0x28,0x23,0x6c,0x69,0x6e,0x65,0x61,0x72,
  0x47,0x72,0x61,0x64,0x69,0x65,0x6e,0x74,0x34,0x31,0x39,0x31,0x29,0x3b,0x6f,0x70,
  0x61,0x63,0x69,0x74,0x79,0x3a,0x30,0x2e,0x32,0x3b,0x66,0x69,0x6c,0x6c,0x2d,0x72,
  0x75,0x6c,0x65,0x3a,0x65,0x76,0x65,0x6e,0x6f,0x64,0x64,0x22,0x20,0x69,0x64,0x3d,
  0x22,0x70,0x61,0x74,0x68,0x34,0x31,0x38,0x34,0x22,0x20,0x64,0x3d,0x22,0x4d,0x20,
  0x31,0x37,0x20,0x39,0x20,0x4c,0x20,0x31,0x35,0x20,0x31,0x31,0x20,0x4c,0x20,0x31,
  0x37,0x20,0x31,0x33,0x20,0x4c,0x20,0x31,0x35,0x20,0x32,0x33,0x20,0x4c,0x20,0x32,
  0x33,0x20,0x33,0x31,0x20,0x4c,0x20,0x32,0x36,0x20,0x33,0x31,0x20,0x4c,0x20,0x32,
  0x39,0x20,0x33,0x31,0x20,0x4c,0x20,0x33,0x31,0x20,0x33,0x31,0x20,0x4c,0x20,0x33,
  0x31,0x20,0x32,0x37,0x20,0x4c,0x20,0x33,0x31,0x20,0x32,0x33,0x20,0x4c,0x20,0x31,
  0x37,0x20,0x39,0x20,0x7a,0x20,0x22,0x20,0x74,0x72,0x61,0x6e,0x73,0x66,0x6f,0x72,
  0x6d,0x3d,0x22,0x6d,0x61,0x74,0x72,0x69,0x78,0x28,0x31,0x20,0x30,0x20,0x30,0x20,
  0x31,0x20,0x33,0x38,0x34,0x2e,0x35,0x37,0x31,0x34,0x33,0x20,0x35,0x31,0x35,0x2e,
  0x37,0x39,0x38,0x29,0x22,0x2f,0x3e,0xa,0x20,0x20,0x3c,0x70,0x61,0x74,0x68,0x20,
  0x69,0x6e,0x6b,0x73,0x63,0x61,0x70,0x65,0x3a,0x63,0x6f,0x6e,0x6e,0x65,0x63,0x74,
  0x6f,0x72,0x2d,0x63,0x75,0x72,0x76,0x61,0x74,0x75,0x72,0x65,0x3d,0x22,0x30,0x22,
  0x20,0x73,0x74,0x79,0x6c,0x65,0x3d,0x22,0x66,0x69,0x6c,0x6c,0x3a,0x75,0x72,0x6c,
  0x28,0x23,0x6c,0x69,0x6e,0x65,0x61,0x72,0x47,0x72,0x61,0x64,0x69,0x65,0x6e,0x74,
  0x34,0x31,0x34,0x34,0x29,0x22,0x20,0x69,0x64,0x3d,0x22,0x72,0x65,0x63,0x74,0x34,
  0x31,0x33,0x33,0x22,0x20,0x64,0x3d,0x22,0x4d,0x20,0x31,0x36,0x2c,0x32,0x20,0x43,
  0x20,0x38,0x2e,0x34,0x31,0x32,0x38,0x34,0x39,0x31,0x2c,0x32,0x20,0x32,0x2e,0x32,
  0x38,0x39,0x31,0x33,0x32,0x39,0x2c,0x37,0x2e,0x39,0x37,0x39,0x34,0x33,0x39,0x31,
  0x20,0x32,0x2e,0x30,0x32,0x35,0x33,0x39,0x30,0x36,0x2c,0x31,0x35,0x2e,0x35,0x20,
  0x32,0x2e,0x30,0x31,0x39,0x35,0x32,0x31,0x34,0x2c,0x31,0x35,0x2e,0x36,0x36,0x37,
  0x33,0x36,0x20,0x32,0x2c,0x31,0x35,0x2e,0x38,0x33,0x31,0x31,0x35,0x38,0x20,0x32,
  0x2c,0x31,0x36,0x20,0x63,0x20,0x30,0x2c,0x37,0x2e,0x37,0x35,0x36,0x30,0x30,0x33,
  0x20,0x36,0x2e,0x32,0x34,0x33,0x39,0x39,0x36,0x38,0x2c,0x31,0x34,0x20,0x31,0x34,
  0x2c,0x31,0x34,0x20,0x37,0x2e,0x37,0x35,0x36,0x30,0x30,0x33,0x2c,0x30,0x20,0x31,
  0x34,0x2c,0x2d,0x36,0x2e,0x32,0x34,0x33,0x39,0x39,0x37,0x20,0x31,0x34,0x2c,0x2d,
  0x31,0x34,0x20,0x30,0x2c,0x2d,0x30,0x2e,0x31,0x36,0x38,0x38,0x34,0x32,0x20,0x2d,
  0x30,0x2e,0x30,0x31,0x39,0x35,0x32,0x2c,0x2d,0x30,0x2e,0x33,0x33,0x32,0x36,0x34,
  0x20,0x2d,0x30,0x2e,0x30,0x32,0x35,0x33,0x39,0x2c,0x2d,0x30,0x2e,0x35,0x20,0x43,
  0x20,0x32,0x39,0x2e,0x37,0x31,0x30,0x38,0x36,0x37,0x2c,0x37,0x2e,0x39,0x37,0x39,
  0x34,0x33,0x39,0x31,0x20,0x32,0x33,0x2e,0x35,0x38,0x37,0x31,0x35,0x31,0x2c,0x32,
  0x20,0x31,0x36,0x2c,0x32,0x20,0x5a,0x20,0x6d,0x20,0x30,0x2c,0x31,0x20,0x43,0x20,
  0x32,0x33,0x2e,0x32,0x30,0x31,0x39,0x39,0x33,0x2c,0x33,0x20,0x32,0x39,0x2c,0x38,
  0x2e,0x37,0x39,0x38,0x30,0x30,0x37,0x34,0x20,0x32,0x39,0x2c,0x31,0x36,0x20,0x32,
  0x39,0x2c,0x32,0x33,0x2e,0x32,0x30,0x31,0x39,0x39,0x33,0x20,0x32,0x33,0x2e,0x32,
  0x30,0x31,0x39,0x39,0x33,0x2c,0x32,0x39,0x20,0x31,0x36,0x2c,0x32,0x39,0x20,0x38,
  0x2e,0x37,0x39,0x38,0x30,0x30,0x37,0x34,0x2c,0x32,0x39,0x20,0x33,0x2c,0x32,0x33,
  0x2e,0x32,0x30,0x31,0x39,0x39,0x33,0x20,0x33,0x2c,0x31,0x36,0x20,0x33,0x2c,0x38,
  0x2e,0x37,0x39,0x38,0x30,0x30,0x37,0x34,0x20,0x38,0x2e,0x37,0x39,0x38,0x30,0x30,
  0x37,0x34,0x2c,0x33,0x20,0x31,0x36,0x2c,0x33,0x20,0x5a,0x20,0x6d,0x20,0x2d,0x31,
  0x2c,0x36,0x20,0x30,0x2c,0x32,0x20,0x32,0x2c,0x30,0x20,0x30,0x2c,0x2d,0x32,0x20,
  0x7a,0x20,0x6d,0x20,0x30,0x2c,0x34,0x20,0x30,0x2c,0x31,0x30,0x20,0x32,0x2c,0x30,
  0x20,0x30,0x2c,0x2d,0x31,0x30,0x20,0x7a,0x22,0x20,0x74,0x72,0x61,0x6e,0x73,0x66,
  0x6f,0x72,0x6d,0x3d,0x22,0x6d,0x61,0x74,0x72,0x69,0x78,0x28,0x31,0x20,0x30,0x20,
  0x30,0x20,0x31,0x20,0x33,0x38,0x34,0x2e,0x35,0x37,0x31,0x34,0x33,0x20,0x35,0x31,
  0x35,0x2e,0x37,0x39,0x38,0x29,0x22,0x2f,0x3e,0xa,0x20,0x3c,0x2f,0x67,0x3e,0xa,
  0x3c,0x2f,0x73,0x76,0x67,0x3e,0xa,
    // go-up.svg
  0x0,0x0,0x1,0x44,
  0x3c,
  0x3f,0x78,0x6d,0x6c,0x20,0x76,0x65,0x72,0x73,0x69,0x6f,0x6e,0x3d,0x22,0x31,0x2e,
  0x30,0x22,0x20,0x65,0x6e,0x63,0x6f,0x64,0x69,0x6e,0x67,0x3d,0x22,0x55,0x54,0x46,
  0x2d,0x38,0x22,0x3f,0x3e,0xa,0x3c,0x73,0x76,0x67,0x20,0x76,0x69,0x65,0x77,0x42,
  0x6f,0x78,0x3d,0x22,0x30,0x20,0x30,0x20,0x33,0x32,0x20,0x33,0x32,0x22,0x20,0x78,
  0x6d,0x6c,0x6e,0x73,0x3d,0x22,0x68,0x74,0x74,0x70,0x3a,0x2f,0x2f,0x77,0x77,0x77,
  0x2e,0x77,0x33,0x2e,0x6f,0x72,0x67,0x2f,0x32,0x30,0x30,0x30,0x2f,0x73,0x76,0x67,
  0x22,0x3e,0xa,0x20,0x20,0x20,0x20,0x3c,0x73,0x74,0x79,0x6c,0x65,0x20,0x74,0x79,
  0x70,0x65,0x3d,0x22,0x74,0x65,0x78,0x74,0x2f,0x63,0x73,0x73,0x22,0x20,0x69,0x64,
  0x3d,0x22,0x63,0x75,0x72,0x72,0x65,0x6e,0x74,0x2d,0x63,0x6f,0x6c,0x6f,0x72,0x2d,
  0x73,0x63,0x68,0x65,0x6d,0x65,0x22,0x3e,0x2e,0x43,0x6f,0x6c,0x6f,0x72,0x53,0x63,
  0x68,0x65,0x6d,0x65,0x2d,0x54,0x65,0x78,0x74,0x20,0x7b,0x20,0x63,0x6f,0x6c,0x6f,
  0x72,0x3a,0x20,0x23,0x66,0x63,0x66,0x63,0x66,0x63,0x3b,0x20,0x7d,0x20,0x3c,0x2f,
  0x73,0x74,0x79,0x6c,0x65,0x3e,0xa,0x20,0x20,0x20,0x20,0x3c,0x70,0x61,0x74,0x68,
  0x20,0x64,0x3d,0x22,0x4d,0x31,0x36,0x20,0x38,0x2e,0x32,0x39,0x33,0x6c,0x2d,0x31,
  0x34,0x20,0x31,0x34,0x20,0x2e,0x37,0x30,0x37,0x2e,0x37,0x30,0x37,0x4c,0x31,0x36,
  0x20,0x39,0x2e,0x37,0x30,0x37,0x20,0x32,0x39,0x2e,0x32,0x39,0x33,0x20,0x32,0x33,
  0x6c,0x2e,0x37,0x30,0x37,0x2d,0x2e,0x37,0x30,0x37,0x7a,0x22,0x20,0x63,0x6c,0x61,
  0x73,0x73,0x3d,0x22,0x43,0x6f,0x6c,0x6f,0x72,0x53,0x63,0x68,0x65,0x6d,0x65,0x2d,
  0x54,0x65,0x78,0x74,0x22,0x20,0x66,0x69,0x6c,0x6c,0x3d,0x22,0x63,0x75,0x72,0x72,
  0x65,0x6e,0x74,0x43,0x6f,0x6c,0x6f,0x72,0x22,0x2f,0x3e,0xa,0x3c,0x2f,0x73,0x76,
  0x67,0x3e,0xa,
    // configure.svg
  0x0,0x0,0x2,0xb8,
  0x3c,
  0x3f,0x78,0x6d,0x6c,0x20,0x76,0x65,0x72,0x73,0x69,0x6f,0x6e,0x3d,0x22,0x31,0x2e,
  0x30,0x22,0x20,0x65,0x6e,0x63,0x6f,0x64,0x69,0x6e,0x67,0x3d,0x22,0x55,0x54,0x46,
  0x2d,0x38,0x22,0x3f,0x3e,0xa,0x3c,0x73,0x76,0x67,0x20,0x78,0x6d,0x6c,0x6e,0x73,
  0x3d,0x22,0x68,0x74,0x74,0x70,0x3a,0x2f,0x2f,0x77,0x77,0x77,0x2e,0x77,0x33,0x2e,
  0x6f,0x72,0x67,0x2f,0x32,0x30,0x30,0x30,0x2f,0x73,0x76,0x67,0x22,0x20,0x76,0x69,
  0x65,0x77,0x42,0x6f,0x78,0x3d,0x22,0x30,0x20,0x30,0x20,0x33,0x32,0x20,0x33,0x32,
  0x22,0x3e,0xa,0x20,0x20,0x3c,0x64,0x65,0x66,0x73,0x20,0x69,0x64,0x3d,0x22,0x64,
  0x65,0x66,0x73,0x33,0x30,0x35,0x31,0x22,0x3e,0xa,0x20,0x20,0x20,0x20,0x3c,0x73,
  0x74,0x79,0x6c,0x65,0x20,0x74,0x79,0x70,0x65,0x3d,0x22,0x74,0x65,0x78,0x74,0x2f,
  0x63,0x73,0x73,0x22,0x20,0x69,0x64,0x3d,0x22,0x63,0x75,0x72,0x72,0x65,0x6e,0x74,
  0x2d,0x63,0x6f,0x6c,0x6f,0x72,0x2d,0x73,0x63,0x68,0x65,0x6d,0x65,0x22,0x3e,0x2e,
  0x43,0x6f,0x6c,0x6f,0x72,0x53,0x63,0x68,0x65,0x6d,0x65,0x2d,0x41,0x63,0x63,0x65,
  0x6e,0x74,0x20,0x7b,0x20,0x63,0x6f,0x6c,0x6f,0x72,0x3a,0x20,0x23,0x33,0x64,0x61,
  0x65,0x65,0x39,0x3b,0x20,0x7d,0x20,0x2e,0x43,0x6f,0x6c,0x6f,0x72,0x53,0x63,0x68,
  0x65,0x6d,0x65,0x2d,0x54,0x65,0x78,0x74,0x20,0x7b,0x20,0x63,0x6f,0x6c,0x6f,0x72,
  0x3a,0x20,0x23,0x66,0x63,0x66,0x63,0x66,0x63,0x3b,0x20,0x7d,0x20,0x3c,0x2f,0x73,
  0x74,0x79,0x6c,0x65,0x3e,0xa,0x20,0x20,0x3c,0x2f,0x64,0x65,0x66,0x73,0x3e,0xa,
  0x20,0x3c,0x70,0x61,0x74,0x68,0x20,0x73,0x74,0x79,0x6c,0x65,0x3d,0x22,0x66,0x69,
  0x6c,0x6c,0x3a,0x63,0x75,0x72,0x72,0x65,0x6e,0x74,0x43,0x6f,0x6c,0x6f,0x72,0x3b,
  0x66,0x69,0x6c,0x6c,0x2d,0x6f,0x70,0x61,0x63,0x69,0x74,0x79,0x3a,0x31,0x3b,0x73,
  0x74,0x72,0x6f,0x6b,0x65,0x3a,0x6e,0x6f,0x6e,0x65,0x22,0x20,0x64,0x3d,0x22,0x4d,
  0x31,0x38,0x2e,0x35,0x20,0x36,0x41,0x33,0x2e,0x35,0x20,0x33,0x2e,0x35,0x20,0x30,
  0x20,0x30,0x20,0x30,0x20,0x31,0x35,0x2e,0x30,0x34,0x31,0x30,0x32,0x20,0x39,0x48,
  0x34,0x56,0x31,0x30,0x48,0x31,0x35,0x2e,0x30,0x34,0x41,0x33,0x2e,0x35,0x20,0x33,
  0x2e,0x35,0x20,0x30,0x20,0x30,0x20,0x30,0x20,0x31,0x38,0x2e,0x35,0x20,0x31,0x33,
  0x20,0x33,0x2e,0x35,0x20,0x33,0x2e,0x35,0x20,0x30,0x20,0x30,0x20,0x30,0x20,0x32,
  0x31,0x2e,0x39,0x35,0x38,0x39,0x38,0x34,0x20,0x31,0x30,0x48,0x32,0x38,0x56,0x39,
  0x48,0x32,0x31,0x2e,0x39,0x36,0x31,0x41,0x33,0x2e,0x35,0x20,0x33,0x2e,0x35,0x20,
  0x30,0x20,0x30,0x20,0x30,0x20,0x31,0x38,0x2e,0x35,0x20,0x36,0x4d,0x37,0x2e,0x35,
  0x20,0x31,0x39,0x41,0x33,0x2e,0x35,0x20,0x33,0x2e,0x35,0x20,0x30,0x20,0x30,0x20,
  0x30,0x20,0x34,0x20,0x32,0x32,0x2e,0x35,0x20,0x33,0x2e,0x35,0x20,0x33,0x2e,0x35,
  0x20,0x30,0x20,0x30,0x20,0x30,0x20,0x37,0x2e,0x35,0x20,0x32,0x36,0x20,0x33,0x2e,
  0x35,0x20,0x33,0x2e,0x35,0x20,0x30,0x20,0x30,0x20,0x30,0x20,0x31,0x30,0x2e,0x39,
  0x36,0x30,0x39,0x33,0x38,0x20,0x32,0x33,0x48,0x32,0x38,0x56,0x32,0x32,0x48,0x31,
  0x30,0x2e,0x39,0x35,0x39,0x41,0x33,0x2e,0x35,0x20,0x33,0x2e,0x35,0x20,0x30,0x20,
  0x30,0x20,0x30,0x20,0x37,0x2e,0x35,0x20,0x31,0x39,0x6d,0x30,0x20,0x31,0x41,0x32,
  0x2e,0x35,0x20,0x32,0x2e,0x35,0x20,0x30,0x20,0x30,0x20,0x31,0x20,0x31,0x30,0x20,
  0x32,0x32,0x2e,0x35,0x20,0x32,0x2e,0x35,0x20,0x32,0x2e,0x35,0x20,0x30,0x20,0x30,
  0x20,0x31,0x20,0x37,0x2e,0x35,0x20,0x32,0x35,0x20,0x32,0x2e,0x35,0x20,0x32,0x2e,
  0x35,0x20,0x30,0x20,0x30,0x20,0x31,0x20,0x35,0x20,0x32,0x32,0x2e,0x35,0x20,0x32,
  0x2e,0x35,0x20,0x32,0x2e,0x35,0x20,0x30,0x20,0x30,0x20,0x31,0x20,0x37,0x2e,0x35,
  0x20,0x32,0x30,0x22,0x20,0x63,0x6c,0x61,0x73,0x73,0x3d,0x22,0x43,0x6f,0x6c,0x6f,
  0x72,0x53,0x63,0x68,0x65,0x6d,0x65,0x2d,0x54,0x65,0x78,0x74,0x22,0x2f,0x3e,0xa,
  0x3c,0x2f,0x73,0x76,0x67,0x3e,0xa,
    // view-refresh.svg
  0x0,0x0,0x2,0xc8,
  0x3c,
  0x3f,0x78,0x6d,0x6c,0x20,0x76,0x65,0x72,0x73,0x69,0x6f,0x6e,0x3d,0x22,0x31,0x2e,
  0x30,0x22,0x20,0x65,0x6e,0x63,0x6f,0x64,0x69,0x6e,0x67,0x3d,0x22,0x55,0x54,0x46,
  0x2d,0x38,0x22,0x3f,0x3e,0xa,0x3c,0x73,0x76,0x67,0x20,0x76,0x65,0x72,0x73,0x69,
  0x6f,0x6e,0x3d,0x22,0x31,0x2e,0x31,0x22,0x20,0x76,0x69,0x65,0x77,0x42,0x6f,0x78,
  0x3d,0x22,0x30,0x20,0x30,0x20,0x33,0x32,0x20,0x33,0x32,0x22,0x20,0x78,0x6d,0x6c,
  0x6e,0x73,0x3d,0x22,0x68,0x74,0x74,0x70,0x3a,0x2f,0x2f,0x77,0x77,0x77,0x2e,0x77,
  0x33,0x2e,0x6f,0x72,0x67,0x2f,0x32,0x30,0x30,0x30,0x2f,0x73,0x76,0x67,0x22,0x3e,
  0xa,0x3c,0x64,0x65,0x66,0x73,0x3e,0xa,0x3c,0x73,0x74,0x79,0x6c,0x65,0x20,0x74,
  0x79,0x70,0x65,0x3d,0x22,0x74,0x65,0x78,0x74,0x2f,0x63,0x73,0x73,0x22,0x20,0x69,
  0x64,0x3d,0x22,0x63,0x75,0x72,0x72,0x65,0x6e,0x74,0x2d,0x63,0x6f,0x6c,0x6f,0x72,
  0x2d,0x73,0x63,0x68,0x65,0x6d,0x65,0x22,0x3e,0x2e,0x43,0x6f,0x6c,0x6f,0x72,0x53,
  0x63,0x68,0x65,0x6d,0x65,0x2d,0x54,0x65,0x78,0x74,0x20,0x7b,0x20,0x63,0x6f,0x6c,
  0x6f,0x72,0x3a,0x20,0x23,0x66,0x63,0x66,0x63,0x66,0x63,0x3b,0x20,0x7d,0x20,0x3c,
  0x2f,0x73,0x74,0x79,0x6c,0x65,0x3e,0xa,0x3c,0x2f,0x64,0x65,0x66,0x73,0x3e,0xa,
  0x3c,0x70,0x61,0x74,0x68,0x20,0x64,0x3d,0x22,0x6d,0x31,0x36,0x20,0x34,0x61,0x31,
  0x32,0x20,0x31,0x32,0x20,0x30,0x20,0x30,0x20,0x30,0x2d,0x31,0x32,0x20,0x31,0x32,
  0x20,0x31,0x32,0x20,0x31,0x32,0x20,0x30,0x20,0x30,0x20,0x30,0x20,0x30,0x2e,0x30,
  0x37,0x32,0x32,0x36,0x35,0x36,0x20,0x31,0x68,0x31,0x2e,0x30,0x30,0x35,0x38,0x35,
  0x39,0x34,0x61,0x31,0x31,0x20,0x31,0x31,0x20,0x30,0x20,0x30,0x20,0x31,0x2d,0x30,
  0x2e,0x30,0x37,0x38,0x31,0x32,0x35,0x2d,0x31,0x20,0x31,0x31,0x20,0x31,0x31,0x20,
  0x30,0x20,0x30,0x20,0x31,0x20,0x31,0x31,0x2d,0x31,0x31,0x20,0x31,0x31,0x20,0x31,
  0x31,0x20,0x30,0x20,0x30,0x20,0x31,0x20,0x39,0x2e,0x31,0x38,0x33,0x35,0x39,0x34,
  0x20,0x35,0x68,0x2d,0x34,0x2e,0x31,0x38,0x33,0x35,0x39,0x34,0x76,0x31,0x68,0x34,
  0x2e,0x37,0x39,0x36,0x38,0x37,0x35,0x20,0x30,0x2e,0x32,0x30,0x33,0x31,0x32,0x35,
  0x20,0x30,0x2e,0x39,0x30,0x36,0x32,0x35,0x20,0x30,0x2e,0x30,0x39,0x33,0x37,0x35,
  0x76,0x2d,0x36,0x68,0x2d,0x31,0x76,0x34,0x2e,0x33,0x38,0x38,0x36,0x37,0x31,0x39,
  0x61,0x31,0x32,0x20,0x31,0x32,0x20,0x30,0x20,0x30,0x20,0x30,0x2d,0x31,0x30,0x2d,
  0x35,0x2e,0x33,0x38,0x38,0x36,0x37,0x31,0x39,0x7a,0x6d,0x31,0x30,0x2e,0x39,0x35,
  0x31,0x31,0x37,0x32,0x20,0x31,0x31,0x61,0x31,0x31,0x20,0x31,0x31,0x20,0x30,0x20,
  0x30,0x20,0x31,0x20,0x30,0x2e,0x30,0x34,0x38,0x38,0x32,0x38,0x20,0x31,0x20,0x31,
  0x31,0x20,0x31,0x31,0x20,0x30,0x20,0x30,0x20,0x31,0x2d,0x31,0x31,0x20,0x31,0x31,
  0x20,0x31,0x31,0x20,0x31,0x31,0x20,0x30,0x20,0x30,0x20,0x31,0x2d,0x39,0x2e,0x31,
  0x38,0x33,0x35,0x39,0x33,0x38,0x2d,0x35,0x68,0x34,0x2e,0x31,0x38,0x33,0x35,0x39,
  0x33,0x38,0x76,0x2d,0x31,0x68,0x2d,0x34,0x2e,0x37,0x39,0x36,0x38,0x37,0x35,0x2d,
  0x31,0x2e,0x31,0x31,0x31,0x33,0x32,0x38,0x31,0x2d,0x30,0x2e,0x30,0x39,0x31,0x37,
  0x39,0x36,0x39,0x76,0x31,0x20,0x35,0x68,0x31,0x76,0x2d,0x34,0x2e,0x33,0x38,0x34,
  0x37,0x36,0x36,0x61,0x31,0x32,0x20,0x31,0x32,0x20,0x30,0x20,0x30,0x20,0x30,0x20,
  0x31,0x30,0x20,0x35,0x2e,0x33,0x38,0x34,0x37,0x36,0x36,0x20,0x31,0x32,0x20,0x31,
  0x32,0x20,0x30,0x20,0x30,0x20,0x30,0x20,0x31,0x32,0x2d,0x31,0x32,0x20,0x31,0x32,
  0x20,0x31,0x32,0x20,0x30,0x20,0x30,0x20,0x30,0x2d,0x30,0x2e,0x30,0x34,0x34,0x39,
  0x32,0x32,0x2d,0x31,0x68,0x2d,0x31,0x2e,0x30,0x30,0x33,0x39,0x30,0x36,0x7a,0x22,
  0x20,0x63,0x6c,0x61,0x73,0x73,0x3d,0x22,0x43,0x6f,0x6c,0x6f,0x72,0x53,0x63,0x68,
  0x65,0x6d,0x65,0x2d,0x54,0x65,0x78,0x74,0x22,0x20,0x66,0x69,0x6c,0x6c,0x3d,0x22,
  0x63,0x75,0x72,0x72,0x65,0x6e,0x74,0x43,0x6f,0x6c,0x6f,0x72,0x22,0x2f,0x3e,0xa,
  0x3c,0x2f,0x73,0x76,0x67,0x3e,0xa,
    // system-search.svg
  0x0,0x0,0x3,0xc5,
  0x3c,
  0x3f,0x78,0x6d,0x6c,0x20,0x76,0x65,0x72,0x73,0x69,0x6f,0x6e,0x3d,0x22,0x31,0x2e,
  0x30,0x22,0x20,0x65,0x6e,0x63,0x6f,0x64,0x69,0x6e,0x67,0x3d,0x22,0x55,0x54,0x46,
  0x2d,0x38,0x22,0x3f,0x3e,0xa,0x3c,0x73,0x76,0x67,0x20,0x78,0x6d,0x6c,0x6e,0x73,
  0x3d,0x22,0x68,0x74,0x74,0x70,0x3a,0x2f,0x2f,0x77,0x77,0x77,0x2e,0x77,0x33,0x2e,
  0x6f,0x72,0x67,0x2f,0x32,0x30,0x30,0x30,0x2f,0x73,0x76,0x67,0x22,0x20,0x78,0x6d,
  0x6c,0x6e,0x73,0x3a,0x78,0x6c,0x69,0x6e,0x6b,0x3d,0x22,0x68,0x74,0x74,0x70,0x3a,
  0x2f,0x2f,0x77,0x77,0x77,0x2e,0x77,0x33,0x2e,0x6f,0x72,0x67,0x2f,0x31,0x39,0x39,
  0x39,0x2f,0x78,0x6c,0x69,0x6e,0x6b,0x22,0x20,0x78,0x6d,0x6c,0x6e,0x73,0x3a,0x63,
  0x63,0x3d,0x22,0x68,0x74,0x74,0x70,0x3a,0x2f,0x2f,0x63,0x72,0x65,0x61,0x74,0x69,
  0x76,0x65,0x63,0x6f,0x6d,0x6d,0x6f,0x6e,0x73,0x2e,0x6f,0x72,0x67,0x2f,0x6e,0x73,
  0x23,0x22,0x20,0x78,0x6d,0x6c,0x6e,0x73,0x3a,0x64,0x63,0x3d,0x22,0x68,0x74,0x74,
  0x70,0x3a,0x2f,0x2f,0x70,0x75,0x72,0x6c,0x2e,0x6f,0x72,0x67,0x2f,0x64,0x63,0x2f,
  0x65,0x6c,0x65,0x6d,0x65,0x6e,0x74,0x73,0x2f,0x31,0x2e,0x31,0x2f,0x22,0x20,0x78,
  0x6d,0x6c,0x6e,0x73,0x3a,0x72,0x64,0x66,0x3d,0x22,0x68,0x74,0x74,0x70,0x3a,0x2f,
  0x2f,0x77,0x77,0x77,0x2e,0x77,0x33,0x2e,0x6f,0x72,0x67,0x2f,0x31,0x39,0x39,0x39,
  0x2f,0x30,0x32,0x2f,0x32,0x32,0x2d,0x72,0x64,0x66,0x2d,0x73,0x79,0x6e,0x74,0x61,
  0x78,0x2d,0x6e,0x73,0x23,0x22,0x20,0x78,0x6d,0x6c,0x6e,0x73,0x3a,0x69,0x6e,0x6b,
  0x73,0x63,0x61,0x70,0x65,0x3d,0x22,0x68,0x74,0x74,0x70,0x3a,0x2f,0x2f,0x77,0x77,
  0x77,0x2e,0x69,0x6e,0x6b,0x73,0x63,0x61,0x70,0x65,0x2e,0x6f,0x72,0x67,0x2f,0x6e,
  0x61,0x6d,0x65,0x73,0x70,0x61,0x63,0x65,0x73,0x2f,0x69,0x6e,0x6b,0x73,0x63,0x61,
  0x70,0x65,0x22,0x20,0x78,0x6d,0x6c,0x6e,0x73,0x3a,0x73,0x6f,0x64,0x69,0x70,0x6f,
  0x64,0x69,0x3d,0x22,0x68,0x74,0x74,0x70,0x3a,0x2f,0x2f,0x73,0x6f,0x64,0x69,0x70,
  0x6f,0x64,0x69,0x2e,0x73,0x6f,0x75,0x72,0x63,0x65,0x66,0x6f,0x72,0x67,0x65,0x2e,
  0x6e,0x65,0x74,0x2f,0x44,0x54,0x44,0x2f,0x73,0x6f,0x64,0x69,0x70,0x6f,0x64,0x69,
  0x2d,0x30,0x2e,0x64,0x74,0x64,0x22,0x20,0x77,0x69,0x64,0x74,0x68,0x3d,0x22,0x33,
  0x32,0x22,0x20,0x68,0x65,0x69,0x67,0x68,0x74,0x3d,0x22,0x33,0x32,0x22,0x3e,0xa,
  0x20,0x20,0x20,0x20,0x3c,0x73,0x74,0x79,0x6c,0x65,0x20,0x74,0x79,0x70,0x65,0x3d,
  0x22,0x74,0x65,0x78,0x74,0x2f,0x63,0x73,0x73,0x22,0x20,0x69,0x64,0x3d,0x22,0x63,
  0x75,0x72,0x72,0x65,0x6e,0x74,0x2d,0x63,0x6f,0x6c,0x6f,0x72,0x2d,0x73,0x63,0x68,
  0x65,0x6d,0x65,0x22,0x3e,0x2e,0x43,0x6f,0x6c,0x6f,0x72,0x53,0x63,0x68,0x65,0x6d,
  0x65,0x2d,0x54,0x65,0x78,0x74,0x20,0x7b,0x20,0x63,0x6f,0x6c,0x6f,0x72,0x3a,0x20,
  0x23,0x66,0x63,0x66,0x63,0x66,0x63,0x3b,0x20,0x7d,0x20,0x3c,0x2f,0x73,0x74,0x79,
  0x6c,0x65,0x3e,0xa,0x20,0x20,0x20,0x20,0x3c,0x67,0x20,0x69,0x64,0x3d,0x22,0x73,
  0x79,0x73,0x74,0x65,0x6d,0x2d,0x73,0x65,0x61,0x72,0x63,0x68,0x22,0x20,0x74,0x72,
  0x61,0x6e,0x73,0x66,0x6f,0x72,0x6d,0x3d,0x22,0x74,0x72,0x61,0x6e,0x73,0x6c,0x61,
  0x74,0x65,0x28,0x30,0x20,0x2d,0x33,0x32,0x29,0x20,0x74,0x72,0x61,0x6e,0x73,0x6c,
  0x61,0x74,0x65,0x28,0x2d,0x32,0x32,0x2c,0x33,0x32,0x29,0x22,0x3e,0xa,0x20,0x20,
  0x20,0x20,0x20,0x20,0x20,0x20,0x3c,0x70,0x61,0x74,0x68,0x20,0x69,0x64,0x3d,0x22,
  0x70,0x61,0x74,0x68,0x36,0x36,0x22,0x20,0x63,0x6c,0x61,0x73,0x73,0x3d,0x22,0x43,
  0x6f,0x6c,0x6f,0x72,0x53,0x63,0x68,0x65,0x6d,0x65,0x2d,0x54,0x65,0x78,0x74,0x22,
  0x20,0x64,0x3d,0x22,0x6d,0x33,0x35,0x20,0x34,0x61,0x39,0x20,0x39,0x20,0x30,0x20,
  0x30,0x20,0x30,0x2d,0x39,0x20,0x39,0x20,0x39,0x20,0x39,0x20,0x30,0x20,0x30,0x20,
  0x30,0x20,0x39,0x20,0x39,0x20,0x39,0x20,0x39,0x20,0x30,0x20,0x30,0x20,0x30,0x20,
  0x35,0x2e,0x39,0x39,0x34,0x31,0x34,0x31,0x2d,0x32,0x2e,0x32,0x39,0x38,0x38,0x32,
  0x38,0x6c,0x38,0x2e,0x32,0x39,0x38,0x38,0x32,0x38,0x20,0x38,0x2e,0x32,0x39,0x38,
  0x38,0x32,0x38,0x20,0x30,0x2e,0x37,0x30,0x37,0x30,0x33,0x31,0x2d,0x30,0x2e,0x37,
  0x30,0x37,0x30,0x33,0x31,0x2d,0x38,0x2e,0x33,0x30,0x30,0x37,0x38,0x31,0x2d,0x38,
  0x2e,0x33,0x30,0x30,0x37,0x38,0x32,0x61,0x39,0x20,0x39,0x20,0x30,0x20,0x30,0x20,
  0x30,0x20,0x32,0x2e,0x33,0x30,0x30,0x37,0x38,0x31,0x2d,0x35,0x2e,0x39,0x39,0x32,
  0x31,0x38,0x37,0x20,0x39,0x20,0x39,0x20,0x30,0x20,0x30,0x20,0x30,0x2d,0x39,0x2d,
  0x39,0x7a,0x6d,0x30,0x20,0x31,0x61,0x38,0x20,0x38,0x20,0x30,0x20,0x30,0x20,0x31,
  0x20,0x38,0x20,0x38,0x20,0x38,0x20,0x38,0x20,0x30,0x20,0x30,0x20,0x31,0x2d,0x38,
  0x20,0x38,0x20,0x38,0x20,0x38,0x20,0x30,0x20,0x30,0x20,0x31,0x2d,0x38,0x2d,0x38,
  0x20,0x38,0x20,0x38,0x20,0x30,0x20,0x30,0x20,0x31,0x20,0x38,0x2d,0x38,0x7a,0x22,
  0x20,0x66,0x69,0x6c,0x6c,0x3d,0x22,0x63,0x75,0x72,0x72,0x65,0x6e,0x74,0x43,0x6f,
  0x6c,0x6f,0x72,0x22,0x2f,0x3e,0xa,0x20,0x20,0x20,0x20,0x20,0x20,0x20,0x20,0x3c,
  0x70,0x61,0x74,0x68,0x20,0x69,0x64,0x3d,0x22,0x70,0x61,0x74,0x68,0x36,0x38,0x22,
  0x20,0x64,0x3d,0x22,0x6d,0x32,0x32,0x20,0x30,0x76,0x33,0x32,0x68,0x33,0x32,0x76,
  0x2d,0x33,0x32,0x7a,0x22,0x20,0x66,0x69,0x6c,0x6c,0x3d,0x22,0x6e,0x6f,0x6e,0x65,
  0x22,0x2f,0x3e,0xa,0x20,0x20,0x20,0x20,0x3c,0x2f,0x67,0x3e,0xa,0x3c,0x2f,0x73,
  0x76,0x67,0x3e,0xa,
    // application-exit.svg
  0x0,0x0,0x1,0xa5,
  0x3c,
  0x73,0x76,0x67,0x20,0x78,0x6d,0x6c,0x6e,0x73,0x3d,0x22,0x68,0x74,0x74,0x70,0x3a,
  0x2f,0x2f,0x77,0x77,0x77,0x2e,0x77,0x33,0x2e,0x6f,0x72,0x67,0x2f,0x32,0x30,0x30,
  0x30,0x2f,0x73,0x76,0x67,0x22,0x20,0x76,0x69,0x65,0x77,0x42,0x6f,0x78,0x3d,0x22,
  0x30,0x20,0x30,0x20,0x33,0x32,0x20,0x33,0x32,0x22,0x3e,0x3c,0x64,0x65,0x66,0x73,
  0x20,0x69,0x64,0x3d,0x22,0x64,0x65,0x66,0x73,0x33,0x30,0x35,0x31,0x22,0x3e,0xa,
  0x20,0x20,0x20,0x20,0x20,0x20,0x20,0x20,0x3c,0x73,0x74,0x79,0x6c,0x65,0x20,0x74,
  0x79,0x70,0x65,0x3d,0x22,0x74,0x65,0x78,0x74,0x2f,0x63,0x73,0x73,0x22,0x20,0x69,
  0x64,0x3d,0x22,0x63,0x75,0x72,0x72,0x65,0x6e,0x74,0x2d,0x63,0x6f,0x6c,0x6f,0x72,
  0x2d,0x73,0x63,0x68,0x65,0x6d,0x65,0x22,0x3e,0xa,0x20,0x20,0x20,0x20,0x20,0x20,
  0x20,0x20,0x20,0x20,0x20,0x20,0x2e,0x43,0x6f,0x6c,0x6f,0x72,0x53,0x63,0x68,0x65,
  0x6d,0x65,0x2d,0x4e,0x65,0x67,0x61,0x74,0x69,0x76,0x65,0x54,0x65,0x78,0x74,0x20,
  0x7b,0xa,0x20,0x20,0x20,0x20,0x20,0x20,0x20,0x20,0x20,0x20,0x20,0x20,0x20,0x20,
  0x20,0x20,0x63,0x6f,0x6c,0x6f,0x72,0x3a,0x23,0x64,0x61,0x34,0x34,0x35,0x33,0x3b,
  0xa,0x20,0x20,0x20,0x20,0x20,0x20,0x20,0x20,0x20,0x20,0x20,0x20,0x7d,0xa,0x20,
  0x20,0x20,0x20,0x20,0x20,0x20,0x20,0x3c,0x2f,0x73,0x74,0x79,0x6c,0x65,0x3e,0xa,
  0x20,0x20,0x20,0x20,0x3c,0x2f,0x64,0x65,0x66,0x73,0x3e,0xa,0x20,0x20,0x20,0x20,
  0x3c,0x67,0x20,0x73,0x74,0x79,0x6c,0x65,0x3d,0x22,0x66,0x69,0x6c,0x6c,0x3a,0x63,
  0x75,0x72,0x72,0x65,0x6e,0x74,0x43,0x6f,0x6c,0x6f,0x72,0x3b,0x66,0x69,0x6c,0x6c,
  0x2d,0x6f,0x70,0x61,0x63,0x69,0x74,0x79,0x3a,0x31,0x3b,0x73,0x74,0x72,0x6f,0x6b,
  0x65,0x3a,0x6e,0x6f,0x6e,0x65,0x22,0x20,0x63,0x6c,0x61,0x73,0x73,0x3d,0x22,0x43,
  0x6f,0x6c,0x6f,0x72,0x53,0x63,0x68,0x65,0x6d,0x65,0x2d,0x4e,0x65,0x67,0x61,0x74,
  0x69,0x76,0x65,0x54,0x65,0x78,0x74,0x22,0x3e,0x3c,0x70,0x61,0x74,0x68,0x20,0x64,
  0x3d,0x22,0x4d,0x34,0x20,0x34,0x76,0x32,0x34,0x68,0x32,0x34,0x56,0x34,0x7a,0x6d,
  0x31,0x20,0x36,0x68,0x32,0x32,0x76,0x31,0x37,0x48,0x35,0x7a,0x22,0x2f,0x3e,0x3c,
  0x70,0x61,0x74,0x68,0x20,0x64,0x3d,0x22,0x4d,0x31,0x32,0x20,0x31,0x37,0x68,0x38,
  0x76,0x33,0x68,0x2d,0x38,0x7a,0x22,0x2f,0x3e,0x3c,0x2f,0x67,0x3e,0x3c,0x2f,0x73,
  0x76,0x67,0x3e,0xa,
    // document-save-as.svg
  0x0,0x0,0x4,0x3c,
  0x3c,
  0x3f,0x78,0x6d,0x6c,0x20,0x76,0x65,0x72,0x73,0x69,0x6f,0x6e,0x3d,0x22,0x31,0x2e,
  0x30,0x22,0x20,0x65,0x6e,0x63,0x6f,0x64,0x69,0x6e,0x67,0x3d,0x22,0x55,0x54,0x46,
  0x2d,0x38,0x22,0x3f,0x3e,0xa,0x3c,0x73,0x76,0x67,0x20,0x78,0x6d,0x6c,0x6e,0x73,
  0x3d,0x22,0x68,0x74,0x74,0x70,0x3a,0x2f,0x2f,0x77,0x77,0x77,0x2e,0x77,0x33,0x2e,
  0x6f,0x72,0x67,0x2f,0x32,0x30,0x30,0x30,0x2f,0x73,0x76,0x67,0x22,0x20,0x76,0x69,
  0x65,0x77,0x42,0x6f,0x78,0x3d,0x22,0x30,0x20,0x30,0x20,0x33,0x32,0x20,0x33,0x32,
  0x22,0x3e,0xa,0x20,0x20,0x3c,0x64,0x65,0x66,0x73,0x20,0x69,0x64,0x3d,0x22,0x64,
  0x65,0x66,0x73,0x33,0x30,0x35,0x31,0x22,0x3e,0xa,0x20,0x20,0x20,0x20,0x3c,0x73,
  0x74,0x79,0x6c,0x65,0x20,0x74,0x79,0x70,0x65,0x3d,0x22,0x74,0x65,0x78,0x74,0x2f,
  0x63,0x73,0x73,0x22,0x20,0x69,0x64,0x3d,0x22,0x63,0x75,0x72,0x72,0x65,0x6e,0x74,
  0x2d,0x63,0x6f,0x6c,0x6f,0x72,0x2d,0x73,0x63,0x68,0x65,0x6d,0x65,0x22,0x3e,0x2e,
  0x43,0x6f,0x6c,0x6f,0x72,0x53,0x63,0x68,0x65,0x6d,0x65,0x2d,0x54,0x65,0x78,0x74,
  0x20,0x7b,0x20,0x63,0x6f,0x6c,0x6f,0x72,0x3a,0x20,0x23,0x66,0x63,0x66,0x63,0x66,
  0x63,0x3b,0x20,0x7d,0x20,0x3c,0x2f,0x73,0x74,0x79,0x6c,0x65,0x3e,0xa,0x20,0x20,
  0x3c,0x2f,0x64,0x65,0x66,0x73,0x3e,0xa,0x20,0x20,0x3c,0x70,0x61,0x74,0x68,0x20,
  0x73,0x74,0x79,0x6c,0x65,0x3d,0x22,0x66,0x69,0x6c,0x6c,0x3a,0x63,0x75,0x72,0x72,
  0x65,0x6e,0x74,0x43,0x6f,0x6c,0x6f,0x72,0x3b,0x66,0x69,0x6c,0x6c,0x2d,0x6f,0x70,
  0x61,0x63,0x69,0x74,0x79,0x3a,0x31,0x3b,0x73,0x74,0x72,0x6f,0x6b,0x65,0x3a,0x6e,
  0x6f,0x6e,0x65,0x22,0x20,0x64,0x3d,0x22,0x4d,0x20,0x34,0x20,0x34,0x20,0x4c,0x20,
  0x34,0x20,0x32,0x38,0x20,0x4c,0x20,0x31,0x35,0x20,0x32,0x38,0x20,0x4c,0x20,0x31,
  0x35,0x20,0x32,0x37,0x20,0x4c,0x20,0x31,0x30,0x20,0x32,0x37,0x20,0x4c,0x20,0x31,
  0x30,0x20,0x32,0x30,0x20,0x4c,0x20,0x31,0x38,0x20,0x32,0x30,0x20,0x4c,0x20,0x31,
  0x38,0x20,0x31,0x39,0x20,0x4c,0x20,0x39,0x20,0x31,0x39,0x20,0x4c,0x20,0x39,0x20,
  0x32,0x37,0x20,0x4c,0x20,0x35,0x20,0x32,0x37,0x20,0x4c,0x20,0x35,0x20,0x35,0x20,
  0x4c,0x20,0x31,0x30,0x20,0x35,0x20,0x4c,0x20,0x31,0x30,0x20,0x31,0x33,0x20,0x4c,
  0x20,0x32,0x31,0x20,0x31,0x33,0x20,0x4c,0x20,0x32,0x31,0x20,0x35,0x20,0x4c,0x20,
  0x32,0x31,0x2e,0x35,0x38,0x35,0x39,0x33,0x38,0x20,0x35,0x20,0x4c,0x20,0x32,0x37,
  0x20,0x31,0x30,0x2e,0x34,0x31,0x34,0x30,0x36,0x32,0x20,0x4c,0x20,0x32,0x37,0x20,
  0x31,0x36,0x20,0x4c,0x20,0x32,0x38,0x20,0x31,0x36,0x20,0x4c,0x20,0x32,0x38,0x20,
  0x31,0x30,0x20,0x4c,0x20,0x32,0x32,0x20,0x34,0x20,0x4c,0x20,0x31,0x30,0x20,0x34,
  0x20,0x4c,0x20,0x34,0x20,0x34,0x20,0x7a,0x20,0x4d,0x20,0x31,0x31,0x20,0x35,0x20,
  0x4c,0x20,0x31,0x37,0x20,0x35,0x20,0x4c,0x20,0x31,0x37,0x20,0x31,0x32,0x20,0x4c,
  0x20,0x31,0x31,0x20,0x31,0x32,0x20,0x4c,0x20,0x31,0x31,0x20,0x35,0x20,0x7a,0x20,
  0x4d,0x20,0x32,0x34,0x2e,0x33,0x39,0x38,0x34,0x33,0x38,0x20,0x31,0x36,0x20,0x4c,
  0x20,0x31,0x39,0x2e,0x32,0x38,0x37,0x31,0x30,0x39,0x20,0x32,0x31,0x2e,0x31,0x31,
  0x31,0x33,0x32,0x38,0x20,0x4c,0x20,0x31,0x36,0x20,0x32,0x34,0x2e,0x33,0x39,0x38,
  0x34,0x33,0x38,0x20,0x4c,0x20,0x31,0x36,0x20,0x32,0x38,0x20,0x4c,0x20,0x31,0x39,
  0x2e,0x36,0x30,0x31,0x35,0x36,0x32,0x20,0x32,0x38,0x20,0x4c,0x20,0x32,0x38,0x20,
  0x31,0x39,0x2e,0x36,0x30,0x31,0x35,0x36,0x32,0x20,0x4c,0x20,0x32,0x34,0x2e,0x33,
  0x39,0x38,0x34,0x33,0x38,0x20,0x31,0x36,0x20,0x7a,0x20,0x4d,0x20,0x32,0x32,0x2e,
  0x33,0x34,0x39,0x36,0x30,0x39,0x20,0x31,0x39,0x2e,0x34,0x39,0x30,0x32,0x33,0x34,
  0x20,0x4c,0x20,0x32,0x34,0x2e,0x35,0x30,0x39,0x37,0x36,0x36,0x20,0x32,0x31,0x2e,
  0x36,0x35,0x30,0x33,0x39,0x31,0x20,0x4c,0x20,0x32,0x31,0x2e,0x33,0x33,0x35,0x39,
  0x33,0x38,0x20,0x32,0x34,0x2e,0x38,0x32,0x34,0x32,0x31,0x39,0x20,0x4c,0x20,0x32,
  0x31,0x2e,0x33,0x33,0x35,0x39,0x33,0x38,0x20,0x32,0x34,0x2e,0x31,0x35,0x30,0x33,
  0x39,0x31,0x20,0x4c,0x20,0x32,0x30,0x2e,0x33,0x32,0x32,0x32,0x36,0x36,0x20,0x32,
  0x34,0x2e,0x31,0x37,0x33,0x38,0x32,0x38,0x20,0x4c,0x20,0x31,0x39,0x2e,0x32,0x38,
  0x37,0x31,0x30,0x39,0x20,0x32,0x34,0x2e,0x31,0x37,0x33,0x38,0x32,0x38,0x20,0x4c,
  0x20,0x31,0x39,0x2e,0x32,0x38,0x37,0x31,0x30,0x39,0x20,0x32,0x33,0x2e,0x31,0x33,
  0x36,0x37,0x31,0x39,0x20,0x4c,0x20,0x31,0x39,0x2e,0x32,0x38,0x37,0x31,0x30,0x39,
  0x20,0x32,0x32,0x2e,0x35,0x35,0x32,0x37,0x33,0x34,0x20,0x4c,0x20,0x32,0x32,0x2e,
  0x33,0x34,0x39,0x36,0x30,0x39,0x20,0x31,0x39,0x2e,0x34,0x39,0x30,0x32,0x33,0x34,
  0x20,0x7a,0x20,0x4d,0x20,0x31,0x38,0x2e,0x32,0x37,0x33,0x34,0x33,0x38,0x20,0x32,
  0x33,0x2e,0x35,0x36,0x34,0x34,0x35,0x33,0x20,0x4c,0x20,0x31,0x38,0x2e,0x32,0x37,
  0x33,0x34,0x33,0x38,0x20,0x32,0x35,0x2e,0x31,0x38,0x35,0x35,0x34,0x37,0x20,0x4c,
  0x20,0x32,0x30,0x2e,0x33,0x30,0x30,0x37,0x38,0x31,0x20,0x32,0x35,0x2e,0x31,0x38,
  0x35,0x35,0x34,0x37,0x20,0x4c,0x20,0x32,0x30,0x2e,0x33,0x32,0x32,0x32,0x36,0x36,
  0x20,0x32,0x35,0x2e,0x38,0x33,0x39,0x38,0x34,0x34,0x20,0x4c,0x20,0x31,0x39,0x2e,
  0x32,0x34,0x30,0x32,0x33,0x34,0x20,0x32,0x36,0x2e,0x39,0x31,0x39,0x39,0x32,0x32,
  0x20,0x4c,0x20,0x31,0x37,0x2e,0x38,0x30,0x30,0x37,0x38,0x31,0x20,0x32,0x36,0x2e,
  0x39,0x31,0x39,0x39,0x32,0x32,0x20,0x4c,0x20,0x31,0x37,0x2e,0x30,0x38,0x30,0x30,
  0x37,0x38,0x20,0x32,0x36,0x2e,0x31,0x39,0x39,0x32,0x31,0x39,0x20,0x4c,0x20,0x31,
  0x37,0x2e,0x30,0x38,0x30,0x30,0x37,0x38,0x20,0x32,0x34,0x2e,0x37,0x35,0x37,0x38,
  0x31,0x32,0x20,0x4c,0x20,0x31,0x38,0x2e,0x32,0x37,0x33,0x34,0x33,0x38,0x20,0x32,
  0x33,0x2e,0x35,0x36,0x34,0x34,0x35,0x33,0x20,0x7a,0x20,0x22,0x20,0x69,0x64,0x3d,
  0x22,0x70,0x61,0x74,0x68,0x37,0x36,0x22,0x20,0x63,0x6c,0x61,0x73,0x73,0x3d,0x22,
  0x43,0x6f,0x6c,0x6f,0x72,0x53,0x63,0x68,0x65,0x6d,0x65,0x2d,0x54,0x65,0x78,0x74,
  0x22,0x2f,0x3e,0xa,0x3c,0x2f,0x73,0x76,0x67,0x3e,0xa,
    // dialog-ok.svg
  0x0,0x0,0x0,0x13,
  0x64,
  0x69,0x61,0x6c,0x6f,0x67,0x2d,0x6f,0x6b,0x2d,0x61,0x70,0x70,0x6c,0x79,0x2e,0x73,
  0x76,0x67,
    // document-open.svg
  0x0,0x0,0x2,0xbd,
  0x3c,
  0x3f,0x78,0x6d,0x6c,0x20,0x76,0x65,0x72,0x73,0x69,0x6f,0x6e,0x3d,0x22,0x31,0x2e,
  0x30,0x22,0x20,0x65,0x6e,0x63,0x6f,0x64,0x69,0x6e,0x67,0x3d,0x22,0x55,0x54,0x46,
  0x2d,0x38,0x22,0x3f,0x3e,0xa,0x3c,0x73,0x76,0x67,0x20,0x78,0x6d,0x6c,0x6e,0x73,
  0x3d,0x22,0x68,0x74,0x74,0x70,0x3a,0x2f,0x2f,0x77,0x77,0x77,0x2e,0x77,0x33,0x2e,
  0x6f,0x72,0x67,0x2f,0x32,0x30,0x30,0x30,0x2f,0x73,0x76,0x67,0x22,0x20,0x76,0x69,
  0x65,0x77,0x42,0x6f,0x78,0x3d,0x22,0x30,0x20,0x30,0x20,0x33,0x32,0x20,0x33,0x32,
  0x22,0x3e,0xa,0x20,0x20,0x3c,0x64,0x65,0x66,0x73,0x20,0x69,0x64,0x3d,0x22,0x64,
  0x65,0x66,0x73,0x33,0x30,0x35,0x31,0x22,0x3e,0xa,0x20,0x20,0x20,0x20,0x3c,0x73,
  0x74,0x79,0x6c,0x65,0x20,0x74,0x79,0x70,0x65,0x3d,0x22,0x74,0x65,0x78,0x74,0x2f,
  0x63,0x73,0x73,0x22,0x20,0x69,0x64,0x3d,0x22,0x63,0x75,0x72,0x72,0x65,0x6e,0x74,
  0x2d,0x63,0x6f,0x6c,0x6f,0x72,0x2d,0x73,0x63,0x68,0x65,0x6d,0x65,0x22,0x3e,0x2e,
  0x43,0x6f,0x6c,0x6f,0x72,0x53,0x63,0x68,0x65,0x6d,0x65,0x2d,0x54,0x65,0x78,0x74,
  0x20,0x7b,0x20,0x63,0x6f,0x6c,0x6f,0x72,0x3a,0x20,0x23,0x66,0x63,0x66,0x63,0x66,
  0x63,0x3b,0x20,0x7d,0x20,0x3c,0x2f,0x73,0x74,0x79,0x6c,0x65,0x3e,0xa,0x20,0x20,
  0x3c,0x2f,0x64,0x65,0x66,0x73,0x3e,0xa,0x20,0x3c,0x70,0x61,0x74,0x68,0x20,0x73,
  0x74,0x79,0x6c,0x65,0x3d,0x22,0x66,0x69,0x6c,0x6c,0x3a,0x63,0x75,0x72,0x72,0x65,
  0x6e,0x74,0x43,0x6f,0x6c,0x6f,0x72,0x3b,0x66,0x69,0x6c,0x6c,0x2d,0x6f,0x70,0x61,
  0x63,0x69,0x74,0x79,0x3a,0x31,0x3b,0x73,0x74,0x72,0x6f,0x6b,0x65,0x3a,0x6e,0x6f,
  0x6e,0x65,0x22,0x20,0x64,0x3d,0x22,0x4d,0x20,0x36,0x20,0x34,0x20,0x4c,0x20,0x36,
  0x20,0x32,0x38,0x20,0x4c,0x20,0x31,0x33,0x20,0x32,0x38,0x20,0x4c,0x20,0x31,0x33,
  0x20,0x32,0x37,0x20,0x4c,0x20,0x37,0x20,0x32,0x37,0x20,0x4c,0x20,0x37,0x20,0x35,
  0x20,0x4c,0x20,0x31,0x38,0x20,0x35,0x20,0x4c,0x20,0x31,0x38,0x20,0x31,0x32,0x20,
  0x4c,0x20,0x32,0x35,0x20,0x31,0x32,0x20,0x4c,0x20,0x32,0x35,0x20,0x31,0x36,0x20,
  0x4c,0x20,0x32,0x36,0x20,0x31,0x36,0x20,0x4c,0x20,0x32,0x36,0x20,0x31,0x31,0x20,
  0x4c,0x20,0x31,0x39,0x20,0x34,0x20,0x4c,0x20,0x31,0x38,0x20,0x34,0x20,0x4c,0x20,
  0x36,0x20,0x34,0x20,0x7a,0x20,0x4d,0x20,0x31,0x34,0x20,0x31,0x36,0x20,0x4c,0x20,
  0x31,0x34,0x20,0x31,0x37,0x20,0x4c,0x20,0x31,0x34,0x20,0x32,0x30,0x20,0x4c,0x20,
  0x31,0x34,0x20,0x32,0x31,0x20,0x4c,0x20,0x31,0x34,0x20,0x32,0x37,0x20,0x4c,0x20,
  0x31,0x34,0x20,0x32,0x38,0x20,0x4c,0x20,0x32,0x36,0x20,0x32,0x38,0x20,0x4c,0x20,
  0x32,0x36,0x20,0x32,0x37,0x20,0x4c,0x20,0x32,0x36,0x20,0x32,0x30,0x20,0x4c,0x20,
  0x32,0x36,0x20,0x31,0x39,0x20,0x4c,0x20,0x32,0x36,0x20,0x31,0x38,0x20,0x4c,0x20,
  0x32,0x31,0x20,0x31,0x38,0x20,0x4c,0x20,0x31,0x39,0x20,0x31,0x36,0x20,0x4c,0x20,
  0x31,0x39,0x20,0x31,0x36,0x20,0x4c,0x20,0x31,0x39,0x20,0x31,0x36,0x20,0x4c,0x20,
  0x31,0x35,0x20,0x31,0x36,0x20,0x4c,0x20,0x31,0x34,0x20,0x31,0x36,0x20,0x7a,0x20,
  0x4d,0x20,0x31,0x35,0x20,0x31,0x37,0x20,0x4c,0x20,0x31,0x38,0x2e,0x36,0x20,0x31,
  0x37,0x20,0x4c,0x20,0x31,0x39,0x2e,0x36,0x20,0x31,0x38,0x20,0x4c,0x20,0x31,0x39,
  0x20,0x31,0x38,0x20,0x4c,0x20,0x31,0x39,0x20,0x31,0x38,0x20,0x4c,0x20,0x31,0x39,
  0x20,0x31,0x38,0x20,0x4c,0x20,0x31,0x37,0x20,0x32,0x30,0x20,0x4c,0x20,0x31,0x35,
  0x20,0x32,0x30,0x20,0x4c,0x20,0x31,0x35,0x20,0x31,0x37,0x20,0x7a,0x20,0x4d,0x20,
  0x31,0x35,0x20,0x32,0x31,0x20,0x4c,0x20,0x32,0x35,0x20,0x32,0x31,0x20,0x4c,0x20,
  0x32,0x35,0x20,0x32,0x37,0x20,0x4c,0x20,0x31,0x35,0x20,0x32,0x37,0x20,0x4c,0x20,
  0x31,0x35,0x20,0x32,0x31,0x20,0x7a,0x20,0x22,0x20,0x63,0x6c,0x61,0x73,0x73,0x3d,
  0x22,0x43,0x6f,0x6c,0x6f,0x72,0x53,0x63,0x68,0x65,0x6d,0x65,0x2d,0x54,0x65,0x78,
  0x74,0x22,0x2f,0x3e,0xa,0x3c,0x2f,0x73,0x76,0x67,0x3e,0xa,
    // dialog-cancel.svg
  0x0,0x0,0x2,0xdd,
  0x3c,
  0x73,0x76,0x67,0x20,0x78,0x6d,0x6c,0x6e,0x73,0x3d,0x22,0x68,0x74,0x74,0x70,0x3a,
  0x2f,0x2f,0x77,0x77,0x77,0x2e,0x77,0x33,0x2e,0x6f,0x72,0x67,0x2f,0x32,0x30,0x30,
  0x30,0x2f,0x73,0x76,0x67,0x22,0x20,0x76,0x69,0x65,0x77,0x42,0x6f,0x78,0x3d,0x22,
  0x30,0x20,0x30,0x20,0x33,0x32,0x20,0x33,0x32,0x22,0x3e,0xa,0x20,0x20,0x3c,0x64,
  0x65,0x66,0x73,0x20,0x69,0x64,0x3d,0x22,0x64,0x65,0x66,0x73,0x33,0x30,0x35,0x31,
  0x22,0x3e,0xa,0x20,0x20,0x20,0x20,0x3c,0x73,0x74,0x79,0x6c,0x65,0x20,0x74,0x79,
  0x70,0x65,0x3d,0x22,0x74,0x65,0x78,0x74,0x2f,0x63,0x73,0x73,0x22,0x20,0x69,0x64,
  0x3d,0x22,0x63,0x75,0x72,0x72,0x65,0x6e,0x74,0x2d,0x63,0x6f,0x6c,0x6f,0x72,0x2d,
  0x73,0x63,0x68,0x65,0x6d,0x65,0x22,0x3e,0xa,0x20,0x20,0x20,0x20,0x20,0x20,0x2e,
  0x43,0x6f,0x6c,0x6f,0x72,0x53,0x63,0x68,0x65,0x6d,0x65,0x2d,0x54,0x65,0x78,0x74,
  0x20,0x7b,0xa,0x20,0x20,0x20,0x20,0x20,0x20,0x20,0x20,0x63,0x6f,0x6c,0x6f,0x72,
  0x3a,0x23,0x65,0x66,0x66,0x30,0x66,0x31,0x3b,0xa,0x20,0x20,0x20,0x20,0x20,0x20,
  0x7d,0xa,0x20,0x20,0x20,0x20,0x20,0x20,0x3c,0x2f,0x73,0x74,0x79,0x6c,0x65,0x3e,
  0xa,0x20,0x20,0x3c,0x2f,0x64,0x65,0x66,0x73,0x3e,0xa,0x20,0x3c,0x70,0x61,0x74,
  0x68,0x20,0x73,0x74,0x79,0x6c,0x65,0x3d,0x22,0x66,0x69,0x6c,0x6c,0x3a,0x63,0x75,
  0x72,0x72,0x65,0x6e,0x74,0x43,0x6f,0x6c,0x6f,0x72,0x3b,0x66,0x69,0x6c,0x6c,0x2d,
  0x6f,0x70,0x61,0x63,0x69,0x74,0x79,0x3a,0x31,0x3b,0x73,0x74,0x72,0x6f,0x6b,0x65,
  0x3a,0x6e,0x6f,0x6e,0x65,0x22,0x20,0xa,0x20,0x20,0x20,0x20,0x20,0x20,0x20,0x64,
  0x3d,0x22,0x4d,0x31,0x36,0x20,0x34,0x41,0x31,0x32,0x20,0x31,0x32,0x20,0x30,0x20,
  0x30,0x20,0x30,0x20,0x37,0x2e,0x38,0x38,0x36,0x37,0x31,0x39,0x20,0x37,0x2e,0x31,
  0x37,0x39,0x36,0x38,0x38,0x4c,0x37,0x2e,0x38,0x38,0x35,0x20,0x37,0x2e,0x31,0x37,
  0x38,0x41,0x31,0x32,0x20,0x31,0x32,0x20,0x30,0x20,0x30,0x20,0x30,0x20,0x37,0x2e,
  0x38,0x34,0x37,0x36,0x35,0x36,0x20,0x37,0x2e,0x32,0x31,0x34,0x38,0x34,0x34,0x20,
  0x31,0x32,0x20,0x31,0x32,0x20,0x30,0x20,0x30,0x20,0x30,0x20,0x34,0x20,0x31,0x36,
  0x20,0x31,0x32,0x20,0x31,0x32,0x20,0x30,0x20,0x30,0x20,0x30,0x20,0x31,0x36,0x20,
  0x32,0x38,0x20,0x31,0x32,0x20,0x31,0x32,0x20,0x30,0x20,0x30,0x20,0x30,0x20,0x32,
  0x34,0x2e,0x31,0x31,0x33,0x32,0x38,0x20,0x32,0x34,0x2e,0x38,0x32,0x30,0x33,0x31,
  0x32,0x4c,0x32,0x34,0x2e,0x31,0x32,0x20,0x32,0x34,0x2e,0x38,0x32,0x32,0x41,0x31,
  0x32,0x20,0x31,0x32,0x20,0x30,0x20,0x30,0x20,0x30,0x20,0x32,0x34,0x2e,0x31,0x35,
  0x32,0x33,0x34,0x20,0x32,0x34,0x2e,0x37,0x38,0x35,0x31,0x35,0x36,0x20,0x31,0x32,
  0x20,0x31,0x32,0x20,0x30,0x20,0x30,0x20,0x30,0x20,0x32,0x38,0x20,0x31,0x36,0x20,
  0x31,0x32,0x20,0x31,0x32,0x20,0x30,0x20,0x30,0x20,0x30,0x20,0x31,0x36,0x20,0x34,
  0x4d,0x31,0x36,0x20,0x35,0x41,0x31,0x31,0x20,0x31,0x31,0x20,0x30,0x20,0x30,0x20,
  0x31,0x20,0x32,0x37,0x20,0x31,0x36,0x20,0x31,0x31,0x20,0x31,0x31,0x20,0x30,0x20,
  0x30,0x20,0x31,0x20,0x32,0x34,0x2e,0x31,0x31,0x35,0x32,0x33,0x20,0x32,0x33,0x2e,
  0x34,0x30,0x38,0x32,0x30,0x33,0x4c,0x38,0x2e,0x35,0x39,0x32,0x20,0x37,0x2e,0x38,
  0x38,0x35,0x41,0x31,0x31,0x20,0x31,0x31,0x20,0x30,0x20,0x30,0x20,0x31,0x20,0x31,
  0x36,0x20,0x35,0x4d,0x37,0x2e,0x38,0x38,0x35,0x20,0x38,0x2e,0x35,0x39,0x32,0x4c,
  0x32,0x33,0x2e,0x34,0x30,0x38,0x20,0x32,0x34,0x2e,0x31,0x32,0x41,0x31,0x31,0x20,
  0x31,0x31,0x20,0x30,0x20,0x30,0x20,0x31,0x20,0x31,0x36,0x20,0x32,0x37,0x20,0x31,
  0x31,0x20,0x31,0x31,0x20,0x30,0x20,0x30,0x20,0x31,0x20,0x35,0x20,0x31,0x36,0x20,
  0x31,0x31,0x20,0x31,0x31,0x20,0x30,0x20,0x30,0x20,0x31,0x20,0x37,0x2e,0x38,0x38,
  0x34,0x37,0x36,0x36,0x20,0x38,0x2e,0x35,0x39,0x31,0x37,0x39,0x37,0x22,0xa,0x20,
  0x20,0x20,0x20,0x20,0x63,0x6c,0x61,0x73,0x73,0x3d,0x22,0x43,0x6f,0x6c,0x6f,0x72,
  0x53,0x63,0x68,0x65,0x6d,0x65,0x2d,0x54,0x65,0x78,0x74,0x22,0xa,0x20,0x20,0x20,
  0x20,0x20,0x2f,0x3e,0xa,0x3c,0x2f,0x73,0x76,0x67,0x3e,0xa,
    // go-down.svg
  0x0,0x0,0x1,0x43,
  0x3c,
  0x3f,0x78,0x6d,0x6c,0x20,0x76,0x65,0x72,0x73,0x69,0x6f,0x6e,0x3d,0x22,0x31,0x2e,
  0x30,0x22,0x20,0x65,0x6e,0x63,0x6f,0x64,0x69,0x6e,0x67,0x3d,0x22,0x55,0x54,0x46,
  0x2d,0x38,0x22,0x3f,0x3e,0xa,0x3c,0x73,0x76,0x67,0x20,0x76,0x69,0x65,0x77,0x42,
  0x6f,0x78,0x3d,0x22,0x30,0x20,0x30,0x20,0x33,0x32,0x20,0x33,0x32,0x22,0x20,0x78,
  0x6d,0x6c,0x6e,0x73,0x3d,0x22,0x68,0x74,0x74,0x70,0x3a,0x2f,0x2f,0x77,0x77,0x77,
  0x2e,0x77,0x33,0x2e,0x6f,0x72,0x67,0x2f,0x32,0x30,0x30,0x30,0x2f,0x73,0x76,0x67,
  0x22,0x3e,0xa,0x20,0x20,0x20,0x20,0x3c,0x73,0x74,0x79,0x6c,0x65,0x20,0x74,0x79,
  0x70,0x65,0x3d,0x22,0x74,0x65,0x78,0x74,0x2f,0x63,0x73,0x73,0x22,0x20,0x69,0x64,
  0x3d,0x22,0x63,0x75,0x72,0x72,0x65,0x6e,0x74,0x2d,0x63,0x6f,0x6c,0x6f,0x72,0x2d,
  0x73,0x63,0x68,0x65,0x6d,0x65,0x22,0x3e,0x2e,0x43,0x6f,0x6c,0x6f,0x72,0x53,0x63,
  0x68,0x65,0x6d,0x65,0x2d,0x54,0x65,0x78,0x74,0x20,0x7b,0x20,0x63,0x6f,0x6c,0x6f,
  0x72,0x3a,0x20,0x23,0x66,0x63,0x66,0x63,0x66,0x63,0x3b,0x20,0x7d,0x20,0x3c,0x2f,
  0x73,0x74,0x79,0x6c,0x65,0x3e,0xa,0x20,0x20,0x20,0x20,0x3c,0x70,0x61,0x74,0x68,
  0x20,0x64,0x3d,0x22,0x4d,0x31,0x36,0x20,0x32,0x33,0x2e,0x37,0x30,0x37,0x6c,0x2d,
  0x31,0x34,0x2d,0x31,0x34,0x4c,0x32,0x2e,0x37,0x30,0x37,0x20,0x39,0x20,0x31,0x36,
  0x20,0x32,0x32,0x2e,0x32,0x39,0x33,0x20,0x32,0x39,0x2e,0x32,0x39,0x33,0x20,0x39,
  0x6c,0x2e,0x37,0x30,0x37,0x2e,0x37,0x30,0x37,0x7a,0x22,0x20,0x63,0x6c,0x61,0x73,
  0x73,0x3d,0x22,0x43,0x6f,0x6c,0x6f,0x72,0x53,0x63,0x68,0x65,0x6d,0x65,0x2d,0x54,
  0x65,0x78,0x74,0x22,0x20,0x66,0x69,0x6c,0x6c,0x3d,0x22,0x63,0x75,0x72,0x72,0x65,
  0x6e,0x74,0x43,0x6f,0x6c,0x6f,0x72,0x22,0x2f,0x3e,0xa,0x3c,0x2f,0x73,0x76,0x67,
  0x3e,0xa,
    // dialog-ok-apply.svg
  0x0,0x0,0x1,0x63,
  0x3c,
  0x73,0x76,0x67,0x20,0x76,0x69,0x65,0x77,0x42,0x6f,0x78,0x3d,0x22,0x30,0x20,0x30,
  0x20,0x33,0x32,0x20,0x33,0x32,0x22,0x20,0x78,0x6d,0x6c,0x6e,0x73,0x3d,0x22,0x68,
  0x74,0x74,0x70,0x3a,0x2f,0x2f,0x77,0x77,0x77,0x2e,0x77,0x33,0x2e,0x6f,0x72,0x67,
  0x2f,0x32,0x30,0x30,0x30,0x2f,0x73,0x76,0x67,0x22,0x3e,0x3c,0x73,0x74,0x79,0x6c,
  0x65,0x20,0x74,0x79,0x70,0x65,0x3d,0x22,0x74,0x65,0x78,0x74,0x2f,0x63,0x73,0x73,
  0x22,0x20,0x69,0x64,0x3d,0x22,0x63,0x75,0x72,0x72,0x65,0x6e,0x74,0x2d,0x63,0x6f,
  0x6c,0x6f,0x72,0x2d,0x73,0x63,0x68,0x65,0x6d,0x65,0x22,0x3e,0x2e,0x43,0x6f,0x6c,
  0x6f,0x72,0x53,0x63,0x68,0x65,0x6d,0x65,0x2d,0x54,0x65,0x78,0x74,0x7b,0x63,0x6f,
  0x6c,0x6f,0x72,0x3a,0x23,0x65,0x66,0x66,0x30,0x66,0x31,0x3b,0x7d,0x3c,0x2f,0x73,
  0x74,0x79,0x6c,0x65,0x3e,0x3c,0x70,0x61,0x74,0x68,0x20,0x64,0x3d,0x22,0x6d,0x33,
  0x30,0x20,0x36,0x2e,0x35,0x39,0x36,0x31,0x39,0x34,0x38,0x2d,0x31,0x39,0x2e,0x33,
  0x30,0x33,0x33,0x30,0x31,0x20,0x31,0x39,0x2e,0x33,0x30,0x33,0x32,0x39,0x39,0x32,
  0x2d,0x38,0x2e,0x36,0x39,0x36,0x36,0x39,0x39,0x2d,0x38,0x2e,0x36,0x39,0x36,0x36,
  0x39,0x37,0x2e,0x37,0x30,0x37,0x31,0x30,0x37,0x36,0x2d,0x2e,0x37,0x30,0x37,0x31,
  0x30,0x36,0x20,0x37,0x2e,0x39,0x38,0x39,0x35,0x39,0x31,0x34,0x20,0x37,0x2e,0x39,
  0x38,0x39,0x35,0x39,0x32,0x20,0x31,0x38,0x2e,0x35,0x39,0x36,0x31,0x39,0x35,0x2d,
  0x31,0x38,0x2e,0x35,0x39,0x36,0x31,0x39,0x34,0x37,0x7a,0x22,0x20,0x73,0x74,0x79,
  0x6c,0x65,0x3d,0x22,0x66,0x69,0x6c,0x6c,0x3a,0x63,0x75,0x72,0x72,0x65,0x6e,0x74,
  0x43,0x6f,0x6c,0x6f,0x72,0x3b,0x66,0x69,0x6c,0x6c,0x2d,0x6f,0x70,0x61,0x63,0x69,
  0x74,0x79,0x3a,0x31,0x3b,0x73,0x74,0x72,0x6f,0x6b,0x65,0x3a,0x6e,0x6f,0x6e,0x65,
  0x22,0x20,0x63,0x6c,0x61,0x73,0x73,0x3d,0x22,0x43,0x6f,0x6c,0x6f,0x72,0x53,0x63,
  0x68,0x65,0x6d,0x65,0x2d,0x54,0x65,0x78,0x74,0x22,0x2f,0x3e,0x3c,0x2f,0x73,0x76,
  0x67,0x3e,
    // process-stop.svg
  0x0,0x0,0x3,0xb,
  0x3c,
  0x73,0x76,0x67,0x20,0x78,0x6d,0x6c,0x6e,0x73,0x3d,0x22,0x68,0x74,0x74,0x70,0x3a,
  0x2f,0x2f,0x77,0x77,0x77,0x2e,0x77,0x33,0x2e,0x6f,0x72,0x67,0x2f,0x32,0x30,0x30,
  0x30,0x2f,0x73,0x76,0x67,0x22,0x20,0x76,0x69,0x65,0x77,0x42,0x6f,0x78,0x3d,0x22,
  0x30,0x20,0x30,0x20,0x32,0x34,0x20,0x32,0x34,0x22,0x20,0x77,0x69,0x64,0x74,0x68,
  0x3d,0x22,0x32,0x34,0x22,0x20,0x68,0x65,0x69,0x67,0x68,0x74,0x3d,0x22,0x32,0x34,
  0x22,0x3e,0xa,0x20,0x20,0x3c,0x64,0x65,0x66,0x73,0x20,0x69,0x64,0x3d,0x22,0x64,
  0x65,0x66,0x73,0x33,0x30,0x35,0x31,0x22,0x3e,0xa,0x20,0x20,0x20,0x20,0x3c,0x73,
  0x74,0x79,0x6c,0x65,0x20,0x74,0x79,0x70,0x65,0x3d,0x22,0x74,0x65,0x78,0x74,0x2f,
  0x63,0x73,0x73,0x22,0x20,0x69,0x64,0x3d,0x22,0x63,0x75,0x72,0x72,0x65,0x6e,0x74,
  0x2d,0x63,0x6f,0x6c,0x6f,0x72,0x2d,0x73,0x63,0x68,0x65,0x6d,0x65,0x22,0x3e,0x2e,
  0x43,0x6f,0x6c,0x6f,0x72,0x53,0x63,0x68,0x65,0x6d,0x65,0x2d,0x4e,0x65,0x67,0x61,
  0x74,0x69,0x76,0x65,0x54,0x65,0x78,0x74,0x20,0x7b,0x20,0x63,0x6f,0x6c,0x6f,0x72,
  0x3a,0x20,0x23,0x64,0x61,0x34,0x34,0x35,0x33,0x3b,0x20,0x7d,0x20,0x3c,0x2f,0x73,
  0x74,0x79,0x6c,0x65,0x3e,0xa,0x20,0x20,0x3c,0x2f,0x64,0x65,0x66,0x73,0x3e,0xa,
  0x20,0x20,0x3c,0x67,0x20,0x74,0x72,0x61,0x6e,0x73,0x66,0x6f,0x72,0x6d,0x3d,0x22,
  0x74,0x72,0x61,0x6e,0x73,0x6c,0x61,0x74,0x65,0x28,0x31,0x2c,0x31,0x29,0x22,0x3e,
  0xa,0x20,0x20,0x20,0x20,0x3c,0x67,0x20,0x73,0x74,0x79,0x6c,0x65,0x3d,0x22,0x66,
  0x69,0x6c,0x6c,0x3a,0x63,0x75,0x72,0x72,0x65,0x6e,0x74,0x43,0x6f,0x6c,0x6f,0x72,
  0x3b,0x66,0x69,0x6c,0x6c,0x2d,0x6f,0x70,0x61,0x63,0x69,0x74,0x79,0x3a,0x31,0x3b,
  0x73,0x74,0x72,0x6f,0x6b,0x65,0x3a,0x6e,0x6f,0x6e,0x65,0x22,0x20,0x63,0x6c,0x61,
  0x73,0x73,0x3d,0x22,0x43,0x6f,0x6c,0x6f,0x72,0x53,0x63,0x68,0x65,0x6d,0x65,0x2d,
  0x4e,0x65,0x67,0x61,0x74,0x69,0x76,0x65,0x54,0x65,0x78,0x74,0x22,0x3e,0xa,0x20,
  0x20,0x20,0x20,0x20,0x20,0x3c,0x70,0x61,0x74,0x68,0x20,0x64,0x3d,0x22,0x4d,0x31,
  0x31,0x20,0x33,0x63,0x34,0x2e,0x34,0x33,0x32,0x20,0x30,0x20,0x38,0x20,0x33,0x2e,
  0x35,0x36,0x38,0x20,0x38,0x20,0x38,0x20,0x30,0x20,0x31,0x2e,0x34,0x34,0x32,0x2d,
  0x2e,0x33,0x38,0x33,0x20,0x32,0x2e,0x37,0x39,0x2d,0x31,0x2e,0x30,0x34,0x35,0x20,
  0x33,0x2e,0x39,0x35,0x35,0x6c,0x2d,0x2e,0x37,0x33,0x38,0x2d,0x2e,0x37,0x33,0x38,
  0x41,0x36,0x2e,0x39,0x38,0x35,0x20,0x36,0x2e,0x39,0x38,0x35,0x20,0x30,0x20,0x30,
  0x20,0x30,0x20,0x31,0x38,0x20,0x31,0x31,0x63,0x30,0x2d,0x33,0x2e,0x38,0x37,0x38,
  0x2d,0x33,0x2e,0x31,0x32,0x32,0x2d,0x37,0x2d,0x37,0x2d,0x37,0x61,0x36,0x2e,0x39,
  0x38,0x35,0x20,0x36,0x2e,0x39,0x38,0x35,0x20,0x30,0x20,0x30,0x20,0x30,0x2d,0x33,
  0x2e,0x32,0x31,0x37,0x2e,0x37,0x38,0x33,0x6c,0x2d,0x2e,0x37,0x33,0x38,0x2d,0x2e,
  0x37,0x33,0x38,0x41,0x37,0x2e,0x39,0x38,0x32,0x20,0x37,0x2e,0x39,0x38,0x32,0x20,
  0x30,0x20,0x30,0x20,0x31,0x20,0x31,0x31,0x20,0x33,0x4d,0x34,0x2e,0x30,0x34,0x35,
  0x20,0x37,0x2e,0x30,0x34,0x35,0x6c,0x2e,0x37,0x33,0x38,0x2e,0x37,0x33,0x38,0x41,
  0x36,0x2e,0x39,0x38,0x35,0x20,0x36,0x2e,0x39,0x38,0x35,0x20,0x30,0x20,0x30,0x20,
  0x30,0x20,0x34,0x20,0x31,0x31,0x63,0x30,0x20,0x33,0x2e,0x38,0x37,0x38,0x20,0x33,
  0x2e,0x31,0x32,0x32,0x20,0x37,0x20,0x37,0x20,0x37,0x61,0x36,0x2e,0x39,0x38,0x35,
  0x20,0x36,0x2e,0x39,0x38,0x35,0x20,0x30,0x20,0x30,0x20,0x30,0x20,0x33,0x2e,0x32,
  0x31,0x37,0x2d,0x2e,0x37,0x38,0x33,0x6c,0x2e,0x37,0x33,0x38,0x2e,0x37,0x33,0x38,
  0x41,0x37,0x2e,0x39,0x38,0x32,0x20,0x37,0x2e,0x39,0x38,0x32,0x20,0x30,0x20,0x30,
  0x20,0x31,0x20,0x31,0x31,0x20,0x31,0x39,0x63,0x2d,0x34,0x2e,0x34,0x33,0x32,0x20,
  0x30,0x2d,0x38,0x2d,0x33,0x2e,0x35,0x36,0x38,0x2d,0x38,0x2d,0x38,0x20,0x30,0x2d,
  0x31,0x2e,0x34,0x34,0x32,0x2e,0x33,0x38,0x33,0x2d,0x32,0x2e,0x37,0x39,0x20,0x31,
  0x2e,0x30,0x34,0x35,0x2d,0x33,0x2e,0x39,0x35,0x35,0x22,0x2f,0x3e,0xa,0x20,0x20,
  0x20,0x20,0x20,0x20,0x3c,0x70,0x61,0x74,0x68,0x20,0x64,0x3d,0x22,0x4d,0x37,0x2e,
  0x35,0x20,0x39,0x2e,0x39,0x39,0x38,0x68,0x37,0x76,0x32,0x68,0x2d,0x37,0x7a,0x22,
  0x2f,0x3e,0xa,0x20,0x20,0x20,0x20,0x3c,0x2f,0x67,0x3e,0xa,0x20,0x20,0x3c,0x2f,
  0x67,0x3e,0xa,0x3c,0x2f,0x73,0x76,0x67,0x3e,0xa,
    // help-about.svg
  0x0,0x0,0x2,0x91,
  0x3c,
  0x73,0x76,0x67,0x20,0x78,0x6d,0x6c,0x6e,0x73,0x3d,0x22,0x68,0x74,0x74,0x70,0x3a,
  0x2f,0x2f,0x77,0x77,0x77,0x2e,0x77,0x33,0x2e,0x6f,0x72,0x67,0x2f,0x32,0x30,0x30,
  0x30,0x2f,0x73,0x76,0x67,0x22,0x20,0x76,0x69,0x65,0x77,0x42,0x6f,0x78,0x3d,0x22,
  0x30,0x20,0x30,0x20,0x32,0x34,0x20,0x32,0x34,0x22,0x20,0x77,0x69,0x64,0x74,0x68,
  0x3d,0x22,0x32,0x34,0x22,0x20,0x68,0x65,0x69,0x67,0x68,0x74,0x3d,0x22,0x32,0x34,
  0x22,0x3e,0xa,0x20,0x20,0x3c,0x64,0x65,0x66,0x73,0x20,0x69,0x64,0x3d,0x22,0x64,
  0x65,0x66,0x73,0x33,0x30,0x35,0x31,0x22,0x3e,0xa,0x20,0x20,0x20,0x20,0x3c,0x73,
  0x74,0x79,0x6c,0x65,0x20,0x74,0x79,0x70,0x65,0x3d,0x22,0x74,0x65,0x78,0x74,0x2f,
  0x63,0x73,0x73,0x22,0x20,0x69,0x64,0x3d,0x22,0x63,0x75,0x72,0x72,0x65,0x6e,0x74,
  0x2d,0x63,0x6f,0x6c,0x6f,0x72,0x2d,0x73,0x63,0x68,0x65,0x6d,0x65,0x22,0x3e,0x2e,
  0x43,0x6f,0x6c,0x6f,0x72,0x53,0x63,0x68,0x65,0x6d,0x65,0x2d,0x54,0x65,0x78,0x74,
  0x20,0x7b,0x20,0x63,0x6f,0x6c,0x6f,0x72,0x3a,0x20,0x23,0x66,0x63,0x66,0x63,0x66,
  0x63,0x3b,0x20,0x7d,0x20,0x3c,0x2f,0x73,0x74,0x79,0x6c,0x65,0x3e,0xa,0x20,0x20,
  0x3c,0x2f,0x64,0x65,0x66,0x73,0x3e,0xa,0x20,0x20,0x3c,0x67,0x20,0x74,0x72,0x61,
  0x6e,0x73,0x66,0x6f,0x72,0x6d,0x3d,0x22,0x74,0x72,0x61,0x6e,0x73,0x6c,0x61,0x74,
  0x65,0x28,0x31,0x2c,0x31,0x29,0x22,0x3e,0xa,0x20,0x20,0x20,0x20,0x3c,0x70,0x61,
  0x74,0x68,0x20,0x73,0x74,0x79,0x6c,0x65,0x3d,0x22,0x66,0x69,0x6c,0x6c,0x3a,0x63,
  0x75,0x72,0x72,0x65,0x6e,0x74,0x43,0x6f,0x6c,0x6f,0x72,0x3b,0x66,0x69,0x6c,0x6c,
  0x2d,0x6f,0x70,0x61,0x63,0x69,0x74,0x79,0x3a,0x31,0x3b,0x73,0x74,0x72,0x6f,0x6b,
  0x65,0x3a,0x6e,0x6f,0x6e,0x65,0x22,0x20,0x64,0x3d,0x22,0x4d,0x20,0x31,0x31,0x20,
  0x33,0x20,0x43,0x20,0x36,0x2e,0x35,0x36,0x38,0x20,0x33,0x20,0x33,0x20,0x36,0x2e,
  0x35,0x36,0x38,0x20,0x33,0x20,0x31,0x31,0x20,0x43,0x20,0x33,0x20,0x31,0x35,0x2e,
  0x34,0x33,0x32,0x20,0x36,0x2e,0x35,0x36,0x38,0x20,0x31,0x39,0x20,0x31,0x31,0x20,
  0x31,0x39,0x20,0x43,0x20,0x31,0x35,0x2e,0x34,0x33,0x32,0x20,0x31,0x39,0x20,0x31,
  0x39,0x20,0x31,0x35,0x2e,0x34,0x33,0x32,0x20,0x31,0x39,0x20,0x31,0x31,0x20,0x43,
  0x20,0x31,0x39,0x20,0x36,0x2e,0x35,0x36,0x38,0x20,0x31,0x35,0x2e,0x34,0x33,0x32,
  0x20,0x33,0x20,0x31,0x31,0x20,0x33,0x20,0x7a,0x20,0x4d,0x20,0x31,0x31,0x20,0x34,
  0x20,0x43,0x20,0x31,0x34,0x2e,0x38,0x37,0x38,0x20,0x34,0x20,0x31,0x38,0x20,0x37,
  0x2e,0x31,0x32,0x32,0x20,0x31,0x38,0x20,0x31,0x31,0x20,0x43,0x20,0x31,0x38,0x20,
  0x31,0x34,0x2e,0x38,0x37,0x38,0x20,0x31,0x34,0x2e,0x38,0x37,0x38,0x20,0x31,0x38,
  0x20,0x31,0x31,0x20,0x31,0x38,0x20,0x43,0x20,0x37,0x2e,0x31,0x32,0x32,0x20,0x31,
  0x38,0x20,0x34,0x20,0x31,0x34,0x2e,0x38,0x37,0x38,0x20,0x34,0x20,0x31,0x31,0x20,
  0x43,0x20,0x34,0x20,0x37,0x2e,0x31,0x32,0x32,0x20,0x37,0x2e,0x31,0x32,0x32,0x20,
  0x34,0x20,0x31,0x31,0x20,0x34,0x20,0x7a,0x20,0x4d,0x20,0x31,0x30,0x20,0x36,0x20,
  0x4c,0x20,0x31,0x30,0x20,0x38,0x20,0x4c,0x20,0x31,0x32,0x20,0x38,0x20,0x4c,0x20,
  0x31,0x32,0x20,0x36,0x20,0x4c,0x20,0x31,0x30,0x20,0x36,0x20,0x7a,0x20,0x4d,0x20,
  0x31,0x30,0x20,0x39,0x20,0x4c,0x20,0x31,0x30,0x20,0x31,0x36,0x20,0x4c,0x20,0x31,
  0x32,0x20,0x31,0x36,0x20,0x4c,0x20,0x31,0x32,0x20,0x39,0x20,0x4c,0x20,0x31,0x30,
  0x20,0x39,0x20,0x7a,0x20,0x22,0x20,0x63,0x6c,0x61,0x73,0x73,0x3d,0x22,0x43,0x6f,
  0x6c,0x6f,0x72,0x53,0x63,0x68,0x65,0x6d,0x65,0x2d,0x54,0x65,0x78,0x74,0x22,0x2f,
  0x3e,0xa,0x20,0x20,0x3c,0x2f,0x67,0x3e,0xa,0x3c,0x2f,0x73,0x76,0x67,0x3e,0xa,
  
    // go-up.svg
  0x0,0x0,0x1,0xbb,
  0x3c,
  0x3f,0x78,0x6d,0x6c,0x20,0x76,0x65,0x72,0x73,0x69,0x6f,0x6e,0x3d,0x22,0x31,0x2e,
  0x30,0x22,0x20,0x65,0x6e,0x63,0x6f,0x64,0x69,0x6e,0x67,0x3d,0x22,0x55,0x54,0x46,
  0x2d,0x38,0x22,0x3f,0x3e,0xa,0x3c,0x73,0x76,0x67,0x20,0x78,0x6d,0x6c,0x6e,0x73,
  0x3d,0x22,0x68,0x74,0x74,0x70,0x3a,0x2f,0x2f,0x77,0x77,0x77,0x2e,0x77,0x33,0x2e,
  0x6f,0x72,0x67,0x2f,0x32,0x30,0x30,0x30,0x2f,0x73,0x76,0x67,0x22,0x20,0x76,0x69,
  0x65,0x77,0x42,0x6f,0x78,0x3d,0x22,0x30,0x20,0x30,0x20,0x32,0x34,0x20,0x32,0x34,
  0x22,0x20,0x77,0x69,0x64,0x74,0x68,0x3d,0x22,0x32,0x34,0x22,0x20,0x68,0x65,0x69,
  0x67,0x68,0x74,0x3d,0x22,0x32,0x34,0x22,0x3e,0xa,0x20,0x20,0x3c,0x73,0x74,0x79,
  0x6c,0x65,0x20,0x74,0x79,0x70,0x65,0x3d,0x22,0x74,0x65,0x78,0x74,0x2f,0x63,0x73,
  0x73,0x22,0x20,0x69,0x64,0x3d,0x22,0x63,0x75,0x72,0x72,0x65,0x6e,0x74,0x2d,0x63,
  0x6f,0x6c,0x6f,0x72,0x2d,0x73,0x63,0x68,0x65,0x6d,0x65,0x22,0x3e,0x2e,0x43,0x6f,
  0x6c,0x6f,0x72,0x53,0x63,0x68,0x65,0x6d,0x65,0x2d,0x54,0x65,0x78,0x74,0x20,0x7b,
  0x20,0x63,0x6f,0x6c,0x6f,0x72,0x3a,0x20,0x23,0x66,0x63,0x66,0x63,0x66,0x63,0x3b,
  0x20,0x7d,0x20,0x3c,0x2f,0x73,0x74,0x79,0x6c,0x65,0x3e,0xa,0x20,0x20,0x3c,0x67,
  0x20,0x74,0x72,0x61,0x6e,0x73,0x66,0x6f,0x72,0x6d,0x3d,0x22,0x74,0x72,0x61,0x6e,
  0x73,0x6c,0x61,0x74,0x65,0x28,0x31,0x2c,0x31,0x29,0x22,0x3e,0xa,0x20,0x20,0x20,
  0x20,0x3c,0x70,0x61,0x74,0x68,0x20,0x64,0x3d,0x22,0x4d,0x33,0x2e,0x37,0x30,0x37,
  0x20,0x31,0x35,0x4c,0x33,0x20,0x31,0x34,0x2e,0x32,0x39,0x33,0x6c,0x36,0x2e,0x31,
  0x32,0x35,0x2d,0x36,0x2e,0x31,0x32,0x35,0x4c,0x31,0x31,0x20,0x36,0x2e,0x32,0x39,
  0x33,0x6c,0x31,0x2e,0x38,0x37,0x35,0x20,0x31,0x2e,0x38,0x37,0x35,0x4c,0x31,0x39,
  0x20,0x31,0x34,0x2e,0x32,0x39,0x33,0x6c,0x2d,0x2e,0x37,0x30,0x37,0x2e,0x37,0x30,
  0x37,0x2d,0x36,0x2e,0x31,0x32,0x35,0x2d,0x36,0x2e,0x31,0x32,0x35,0x4c,0x31,0x31,
  0x20,0x37,0x2e,0x37,0x30,0x37,0x20,0x39,0x2e,0x38,0x33,0x32,0x20,0x38,0x2e,0x38,
  0x37,0x35,0x20,0x33,0x2e,0x37,0x30,0x37,0x20,0x31,0x35,0x22,0x20,0x63,0x6c,0x61,
  0x73,0x73,0x3d,0x22,0x43,0x6f,0x6c,0x6f,0x72,0x53,0x63,0x68,0x65,0x6d,0x65,0x2d,
  0x54,0x65,0x78,0x74,0x22,0x20,0x66,0x69,0x6c,0x6c,0x3d,0x22,0x63,0x75,0x72,0x72,
  0x65,0x6e,0x74,0x43,0x6f,0x6c,0x6f,0x72,0x22,0x2f,0x3e,0xa,0x20,0x20,0x3c,0x2f,
  0x67,0x3e,0xa,0x3c,0x2f,0x73,0x76,0x67,0x3e,0xa,
    // document-edit.svg
  0x0,0x0,0x2,0xbe,
  0x3c,
  0x73,0x76,0x67,0x20,0x78,0x6d,0x6c,0x6e,0x73,0x3d,0x22,0x68,0x74,0x74,0x70,0x3a,
  0x2f,0x2f,0x77,0x77,0x77,0x2e,0x77,0x33,0x2e,0x6f,0x72,0x67,0x2f,0x32,0x30,0x30,
  0x30,0x2f,0x73,0x76,0x67,0x22,0x20,0x76,0x69,0x65,0x77,0x42,0x6f,0x78,0x3d,0x22,
  0x30,0x20,0x30,0x20,0x32,0x34,0x20,0x32,0x34,0x22,0x20,0x77,0x69,0x64,0x74,0x68,
  0x3d,0x22,0x32,0x34,0x22,0x20,0x68,0x65,0x69,0x67,0x68,0x74,0x3d,0x22,0x32,0x34,
  0x22,0x3e,0xa,0x20,0x20,0x3c,0x64,0x65,0x66,0x73,0x20,0x69,0x64,0x3d,0x22,0x64,
  0x65,0x66,0x73,0x33,0x30,0x35,0x31,0x22,0x3e,0xa,0x20,0x20,0x20,0x20,0x3c,0x73,
  0x74,0x79,0x6c,0x65,0x20,0x74,0x79,0x70,0x65,0x3d,0x22,0x74,0x65,0x78,0x74,0x2f,
  0x63,0x73,0x73,0x22,0x20,0x69,0x64,0x3d,0x22,0x63,0x75,0x72,0x72,0x65,0x6e,0x74,
  0x2d,0x63,0x6f,0x6c,0x6f,0x72,0x2d,0x73,0x63,0x68,0x65,0x6d,0x65,0x22,0x3e,0x2e,
  0x43,0x6f,0x6c,0x6f,0x72,0x53,0x63,0x68,0x65,0x6d,0x65,0x2d,0x54,0x65,0x78,0x74,
  0x20,0x7b,0x20,0x63,0x6f,0x6c,0x6f,0x72,0x3a,0x20,0x23,0x66,0x63,0x66,0x63,0x66,
  0x63,0x3b,0x20,0x7d,0x20,0x3c,0x2f,0x73,0x74,0x79,0x6c,0x65,0x3e,0xa,0x20,0x20,
  0x3c,0x2f,0x64,0x65,0x66,0x73,0x3e,0xa,0x20,0x20,0x3c,0x67,0x20,0x74,0x72,0x61,
  0x6e,0x73,0x66,0x6f,0x72,0x6d,0x3d,0x22,0x74,0x72,0x61,0x6e,0x73,0x6c,0x61,0x74,
  0x65,0x28,0x31,0x2c,0x31,0x29,0x22,0x3e,0xa,0x20,0x20,0x20,0x20,0x3c,0x70,0x61,
  0x74,0x68,0x20,0x73,0x74,0x79,0x6c,0x65,0x3d,0x22,0x66,0x69,0x6c,0x6c,0x3a,0x63,
  0x75,0x72,0x72,0x65,0x6e,0x74,0x43,0x6f,0x6c,0x6f,0x72,0x3b,0x66,0x69,0x6c,0x6c,
  0x2d,0x6f,0x70,0x61,0x63,0x69,0x74,0x79,0x3a,0x31,0x3b,0x73,0x74,0x72,0x6f,0x6b,
  0x65,0x3a,0x6e,0x6f,0x6e,0x65,0x22,0x20,0x64,0x3d,0x22,0x6d,0x31,0x34,0x2e,0x39,
  0x39,0x36,0x30,0x39,0x34,0x20,0x33,0x6c,0x2d,0x31,0x31,0x2e,0x39,0x39,0x32,0x31,
  0x38,0x38,0x20,0x31,0x31,0x2e,0x39,0x39,0x32,0x31,0x38,0x38,0x68,0x2d,0x2e,0x30,
  0x30,0x33,0x39,0x30,0x36,0x76,0x34,0x2e,0x30,0x30,0x37,0x38,0x31,0x68,0x31,0x20,
  0x32,0x20,0x31,0x2e,0x30,0x30,0x37,0x38,0x31,0x76,0x2d,0x2e,0x30,0x30,0x33,0x39,
  0x30,0x36,0x6c,0x31,0x31,0x2e,0x39,0x39,0x32,0x31,0x38,0x38,0x2d,0x31,0x31,0x2e,
  0x39,0x39,0x32,0x31,0x38,0x38,0x2d,0x2e,0x30,0x30,0x31,0x39,0x35,0x33,0x2d,0x2e,
  0x30,0x30,0x31,0x39,0x35,0x33,0x2e,0x30,0x30,0x31,0x39,0x35,0x33,0x2d,0x2e,0x30,
  0x30,0x31,0x39,0x35,0x33,0x2d,0x34,0x2d,0x34,0x2d,0x2e,0x30,0x30,0x31,0x39,0x35,
  0x33,0x2e,0x30,0x30,0x31,0x39,0x35,0x33,0x2d,0x2e,0x30,0x30,0x31,0x39,0x35,0x33,
  0x2d,0x2e,0x30,0x30,0x31,0x39,0x35,0x33,0x6d,0x2d,0x31,0x2e,0x39,0x39,0x38,0x30,
  0x34,0x37,0x20,0x33,0x2e,0x34,0x31,0x32,0x31,0x30,0x39,0x6c,0x32,0x2e,0x35,0x38,
  0x39,0x38,0x34,0x34,0x20,0x32,0x2e,0x35,0x38,0x39,0x38,0x34,0x34,0x2d,0x37,0x2e,
  0x35,0x38,0x37,0x38,0x39,0x31,0x20,0x37,0x2e,0x35,0x38,0x37,0x38,0x39,0x31,0x76,
  0x2d,0x31,0x2e,0x35,0x38,0x39,0x38,0x34,0x34,0x68,0x2d,0x31,0x2d,0x31,0x76,0x2d,
  0x31,0x2d,0x2e,0x35,0x38,0x39,0x38,0x34,0x34,0x6c,0x36,0x2e,0x39,0x39,0x38,0x30,
  0x34,0x37,0x2d,0x36,0x2e,0x39,0x39,0x38,0x30,0x34,0x37,0x6d,0x2d,0x37,0x2e,0x39,
  0x39,0x38,0x30,0x34,0x37,0x20,0x37,0x2e,0x39,0x39,0x38,0x30,0x34,0x37,0x76,0x31,
  0x2e,0x35,0x38,0x39,0x38,0x34,0x34,0x68,0x31,0x20,0x31,0x76,0x31,0x20,0x2e,0x35,
  0x38,0x39,0x38,0x34,0x34,0x6c,0x2d,0x2e,0x34,0x31,0x30,0x31,0x35,0x36,0x2e,0x34,
  0x31,0x30,0x31,0x35,0x36,0x68,0x2d,0x31,0x2e,0x35,0x38,0x39,0x38,0x34,0x34,0x6c,
  0x2d,0x31,0x2d,0x31,0x76,0x2d,0x31,0x2e,0x35,0x38,0x39,0x38,0x34,0x34,0x6c,0x31,
  0x2d,0x31,0x22,0x20,0x63,0x6c,0x61,0x73,0x73,0x3d,0x22,0x43,0x6f,0x6c,0x6f,0x72,
  0x53,0x63,0x68,0x65,0x6d,0x65,0x2d,0x54,0x65,0x78,0x74,0x22,0x2f,0x3e,0xa,0x20,
  0x20,0x3c,0x2f,0x67,0x3e,0xa,0x3c,0x2f,0x73,0x76,0x67,0x3e,0xa,
    // fingerprint.svg
  0x0,0x0,0x11,0xdd,
  0x3c,
  0x73,0x76,0x67,0x20,0x78,0x6d,0x6c,0x6e,0x73,0x3d,0x22,0x68,0x74,0x74,0x70,0x3a,
  0x2f,0x2f,0x77,0x77,0x77,0x2e,0x77,0x33,0x2e,0x6f,0x72,0x67,0x2f,0x32,0x30,0x30,
  0x30,0x2f,0x73,0x76,0x67,0x22,0x20,0x78,0x6d,0x6c,0x6e,0x73,0x3a,0x69,0x6e,0x6b,
  0x73,0x63,0x61,0x70,0x65,0x3d,0x22,0x68,0x74,0x74,0x70,0x3a,0x2f,0x2f,0x77,0x77,
  0x77,0x2e,0x69,0x6e,0x6b,0x73,0x63,0x61,0x70,0x65,0x2e,0x6f,0x72,0x67,0x2f,0x6e,
  0x61,0x6d,0x65,0x73,0x70,0x61,0x63,0x65,0x73,0x2f,0x69,0x6e,0x6b,0x73,0x63,0x61,
  0x70,0x65,0x22,0x20,0x78,0x6d,0x6c,0x6e,0x73,0x3a,0x73,0x6f,0x64,0x69,0x70,0x6f,
  0x64,0x69,0x3d,0x22,0x68,0x74,0x74,0x70,0x3a,0x2f,0x2f,0x73,0x6f,0x64,0x69,0x70,
  0x6f,0x64,0x69,0x2e,0x73,0x6f,0x75,0x72,0x63,0x65,0x66,0x6f,0x72,0x67,0x65,0x2e,
  0x6e,0x65,0x74,0x2f,0x44,0x54,0x44,0x2f,0x73,0x6f,0x64,0x69,0x70,0x6f,0x64,0x69,
  0x2d,0x30,0x2e,0x64,0x74,0x64,0x22,0x20,0x78,0x6d,0x6c,0x6e,0x73,0x3a,0x73,0x76,
  0x67,0x3d,0x22,0x68,0x74,0x74,0x70,0x3a,0x2f,0x2f,0x77,0x77,0x77,0x2e,0x77,0x33,
  0x2e,0x6f,0x72,0x67,0x2f,0x32,0x30,0x30,0x30,0x2f,0x73,0x76,0x67,0x22,0x20,0x69,
  0x64,0x3d,0x22,0x73,0x76,0x67,0x32,0x22,0x20,0x68,0x65,0x69,0x67,0x68,0x74,0x3d,
  0x22,0x32,0x34,0x22,0x20,0x73,0x74,0x79,0x6c,0x65,0x3d,0x22,0x22,0x20,0x76,0x69,
  0x65,0x77,0x42,0x6f,0x78,0x3d,0x22,0x30,0x20,0x30,0x20,0x32,0x34,0x20,0x32,0x34,
  0x22,0x20,0x77,0x69,0x64,0x74,0x68,0x3d,0x22,0x32,0x34,0x22,0x20,0x73,0x6f,0x64,
  0x69,0x70,0x6f,0x64,0x69,0x3a,0x64,0x6f,0x63,0x6e,0x61,0x6d,0x65,0x3d,0x22,0x66,
  0x69,0x6e,0x67,0x65,0x72,0x70,0x72,0x69,0x6e,0x74,0x2e,0x73,0x76,0x67,0x22,0x20,
  0x69,0x6e,0x6b,0x73,0x63,0x61,0x70,0x65,0x3a,0x76,0x65,0x72,0x73,0x69,0x6f,0x6e,
  0x3d,0x22,0x31,0x2e,0x33,0x2e,0x32,0x20,0x28,0x30,0x39,0x31,0x65,0x32,0x30,0x65,
  0x66,0x30,0x66,0x2c,0x20,0x32,0x30,0x32,0x33,0x2d,0x31,0x31,0x2d,0x32,0x35,0x29,
  0x22,0x3e,0xa,0x20,0x20,0x3c,0x64,0x65,0x66,0x73,0x20,0x69,0x64,0x3d,0x22,0x64,
  0x65,0x66,0x73,0x33,0x30,0x35,0x31,0x22,0x3e,0xa,0x20,0x20,0x20,0x20,0x3c,0x73,
  0x74,0x79,0x6c,0x65,0x20,0x74,0x79,0x70,0x65,0x3d,0x22,0x74,0x65,0x78,0x74,0x2f,
  0x63,0x73,0x73,0x22,0x20,0x69,0x64,0x3d,0x22,0x63,0x75,0x72,0x72,0x65,0x6e,0x74,
  0x2d,0x63,0x6f,0x6c,0x6f,0x72,0x2d,0x73,0x63,0x68,0x65,0x6d,0x65,0x22,0x3e,0x2e,
  0x43,0x6f,0x6c,0x6f,0x72,0x53,0x63,0x68,0x65,0x6d,0x65,0x2d,0x54,0x65,0x78,0x74,
  0x20,0x7b,0x20,0x63,0x6f,0x6c,0x6f,0x72,0x3a,0x20,0x23,0x66,0x63,0x66,0x63,0x66,
  0x63,0x3b,0x20,0x7d,0x20,0x3c,0x2f,0x73,0x74,0x79,0x6c,0x65,0x3e,0xa,0x20,0x20,
  0x3c,0x2f,0x64,0x65,0x66,0x73,0x3e,0xa,0x20,0x20,0x3c,0x67,0x20,0x74,0x72,0x61,
  0x6e,0x73,0x66,0x6f,0x72,0x6d,0x3d,0x22,0x74,0x72,0x61,0x6e,0x73,0x6c,0x61,0x74,
  0x65,0x28,0x31,0x2c,0x31,0x29,0x22,0x3e,0xa,0x20,0x20,0x20,0x20,0x3c,0x70,0x61,
  0x74,0x68,0x20,0x69,0x64,0x3d,0x22,0x70,0x61,0x74,0x68,0x31,0x22,0x20,0x64,0x3d,
  0x22,0x6d,0x20,0x31,0x30,0x2e,0x39,0x36,0x34,0x38,0x34,0x34,0x20,0x32,0x2e,0x39,
  0x39,0x38,0x30,0x34,0x36,0x39,0x20,0x63,0x20,0x2d,0x31,0x2e,0x35,0x38,0x34,0x35,
  0x32,0x33,0x36,0x20,0x2d,0x2e,0x30,0x30,0x37,0x32,0x33,0x35,0x33,0x20,0x2d,0x32,
  0x2e,0x39,0x34,0x32,0x32,0x37,0x34,0x34,0x20,0x2e,0x32,0x38,0x35,0x37,0x33,0x39,
  0x34,0x20,0x2d,0x34,0x2e,0x31,0x37,0x37,0x37,0x33,0x34,0x36,0x20,0x2e,0x39,0x30,
  0x34,0x32,0x39,0x36,0x39,0x20,0x63,0x20,0x2d,0x2e,0x34,0x31,0x31,0x32,0x38,0x39,
  0x39,0x20,0x2e,0x32,0x30,0x35,0x39,0x31,0x30,0x39,0x20,0x2d,0x2e,0x34,0x37,0x35,
  0x38,0x34,0x33,0x34,0x20,0x2e,0x32,0x37,0x37,0x36,0x39,0x35,0x35,0x20,0x2d,0x2e,
  0x34,0x34,0x39,0x32,0x31,0x38,0x38,0x20,0x2e,0x35,0x20,0x63,0x20,0x2e,0x30,0x35,
  0x34,0x33,0x37,0x33,0x35,0x20,0x2e,0x34,0x35,0x33,0x37,0x30,0x36,0x37,0x20,0x2e,
  0x32,0x38,0x38,0x35,0x35,0x39,0x33,0x20,0x2e,0x34,0x39,0x38,0x38,0x38,0x33,0x20,
  0x2e,0x39,0x38,0x32,0x34,0x32,0x31,0x39,0x20,0x2e,0x31,0x38,0x37,0x35,0x20,0x63,
  0x20,0x31,0x2e,0x32,0x38,0x39,0x39,0x32,0x39,0x34,0x20,0x2d,0x2e,0x35,0x37,0x38,
  0x38,0x35,0x36,0x20,0x31,0x2e,0x39,0x31,0x37,0x38,0x34,0x35,0x33,0x20,0x2d,0x2e,
  0x37,0x30,0x33,0x33,0x31,0x30,0x39,0x20,0x33,0x2e,0x35,0x34,0x34,0x39,0x32,0x31,
  0x35,0x20,0x2d,0x2e,0x37,0x30,0x35,0x30,0x37,0x38,0x32,0x20,0x63,0x20,0x31,0x2e,
  0x38,0x36,0x37,0x33,0x36,0x36,0x20,0x2d,0x2e,0x30,0x30,0x31,0x35,0x33,0x20,0x32,
  0x2e,0x35,0x35,0x34,0x34,0x38,0x32,0x20,0x2e,0x31,0x35,0x38,0x31,0x37,0x31,0x38,
  0x20,0x34,0x2e,0x30,0x38,0x35,0x39,0x33,0x38,0x20,0x2e,0x39,0x35,0x31,0x31,0x37,
  0x31,0x39,0x20,0x63,0x20,0x2e,0x32,0x36,0x33,0x31,0x32,0x32,0x20,0x2e,0x31,0x33,
  0x36,0x30,0x35,0x37,0x31,0x20,0x31,0x2e,0x30,0x39,0x37,0x32,0x39,0x32,0x20,0x2e,
  0x37,0x37,0x38,0x39,0x33,0x32,0x33,0x20,0x31,0x2e,0x34,0x30,0x38,0x32,0x30,0x33,
  0x20,0x2e,0x34,0x33,0x33,0x35,0x39,0x33,0x37,0x20,0x63,0x20,0x2e,0x33,0x30,0x37,
  0x39,0x32,0x34,0x20,0x2d,0x2e,0x33,0x30,0x37,0x38,0x39,0x34,0x35,0x20,0x2e,0x31,
  0x34,0x34,0x35,0x31,0x33,0x20,0x2d,0x2e,0x35,0x36,0x30,0x39,0x31,0x34,0x32,0x20,
  0x2d,0x2e,0x36,0x34,0x38,0x34,0x33,0x37,0x20,0x2d,0x31,0x2e,0x30,0x31,0x31,0x37,
  0x31,0x38,0x37,0x20,0x63,0x20,0x2d,0x31,0x2e,0x35,0x36,0x33,0x38,0x30,0x31,0x20,
  0x2d,0x2e,0x38,0x38,0x39,0x30,0x34,0x33,0x31,0x20,0x2d,0x32,0x2e,0x39,0x33,0x30,
  0x35,0x31,0x32,0x20,0x2d,0x31,0x2e,0x32,0x35,0x31,0x31,0x36,0x35,0x33,0x20,0x2d,
  0x34,0x2e,0x37,0x34,0x36,0x30,0x39,0x34,0x20,0x2d,0x31,0x2e,0x32,0x35,0x39,0x37,
  0x36,0x35,0x36,0x20,0x7a,0x20,0x6d,0x20,0x2d,0x2e,0x30,0x34,0x36,0x38,0x37,0x35,
  0x20,0x31,0x2e,0x38,0x33,0x32,0x30,0x33,0x31,0x32,0x20,0x63,0x20,0x2d,0x32,0x2e,
  0x30,0x39,0x30,0x36,0x35,0x37,0x37,0x20,0x2d,0x2e,0x30,0x30,0x31,0x35,0x39,0x30,
  0x34,0x20,0x2d,0x34,0x2e,0x31,0x38,0x30,0x37,0x36,0x36,0x34,0x20,0x2e,0x38,0x32,
  0x35,0x36,0x35,0x35,0x39,0x20,0x2d,0x35,0x2e,0x37,0x31,0x32,0x38,0x39,0x30,0x39,
  0x20,0x32,0x2e,0x34,0x38,0x30,0x34,0x36,0x38,0x38,0x20,0x63,0x20,0x2d,0x2e,0x35,
  0x39,0x32,0x36,0x39,0x38,0x37,0x20,0x2e,0x36,0x34,0x30,0x31,0x36,0x39,0x20,0x2d,
  0x31,0x2e,0x32,0x38,0x33,0x32,0x30,0x33,0x31,0x20,0x31,0x2e,0x36,0x38,0x39,0x37,
  0x39,0x35,0x20,0x2d,0x31,0x2e,0x32,0x38,0x33,0x32,0x30,0x33,0x31,0x20,0x31,0x2e,
  0x39,0x34,0x39,0x32,0x31,0x38,0x37,0x20,0x63,0x20,0x30,0x20,0x2e,0x33,0x30,0x32,
  0x34,0x38,0x35,0x38,0x20,0x2e,0x31,0x32,0x33,0x34,0x34,0x35,0x31,0x20,0x2e,0x34,
  0x36,0x38,0x37,0x35,0x20,0x2e,0x33,0x34,0x39,0x36,0x30,0x39,0x34,0x20,0x2e,0x34,
  0x36,0x38,0x37,0x35,0x20,0x63,0x20,0x2e,0x31,0x37,0x37,0x32,0x37,0x38,0x38,0x20,
  0x30,0x20,0x2e,0x33,0x35,0x37,0x38,0x34,0x38,0x39,0x20,0x2d,0x2e,0x31,0x39,0x30,
  0x38,0x32,0x31,0x20,0x2e,0x37,0x38,0x37,0x31,0x30,0x39,0x34,0x20,0x2d,0x2e,0x38,
  0x33,0x35,0x39,0x33,0x37,0x35,0x20,0x63,0x20,0x2e,0x39,0x36,0x30,0x30,0x34,0x35,
  0x38,0x20,0x2d,0x31,0x2e,0x34,0x34,0x32,0x37,0x39,0x30,0x38,0x20,0x32,0x2e,0x32,
  0x30,0x35,0x31,0x33,0x38,0x39,0x20,0x2d,0x32,0x2e,0x34,0x30,0x30,0x36,0x32,0x30,
  0x34,0x20,0x33,0x2e,0x38,0x30,0x38,0x35,0x39,0x33,0x37,0x20,0x2d,0x32,0x2e,0x39,
  0x32,0x39,0x36,0x38,0x37,0x35,0x20,0x63,0x20,0x31,0x2e,0x32,0x34,0x33,0x35,0x34,
  0x31,0x35,0x20,0x2d,0x2e,0x34,0x30,0x35,0x38,0x36,0x31,0x34,0x20,0x32,0x2e,0x37,
  0x30,0x30,0x31,0x39,0x39,0x35,0x20,0x2d,0x2e,0x33,0x35,0x38,0x38,0x37,0x35,0x34,
  0x20,0x34,0x2e,0x30,0x39,0x39,0x36,0x30,0x39,0x35,0x20,0x30,0x20,0x63,0x20,0x31,
  0x2e,0x38,0x30,0x36,0x38,0x38,0x38,0x20,0x2e,0x35,0x39,0x33,0x38,0x39,0x34,0x38,
  0x20,0x33,0x2e,0x33,0x35,0x35,0x39,0x31,0x35,0x20,0x31,0x2e,0x39,0x31,0x36,0x32,
  0x37,0x39,0x20,0x34,0x2e,0x32,0x30,0x35,0x30,0x37,0x38,0x20,0x33,0x2e,0x35,0x38,
  0x39,0x38,0x34,0x33,0x38,0x20,0x63,0x20,0x2e,0x31,0x38,0x34,0x37,0x38,0x32,0x20,
  0x2e,0x33,0x36,0x34,0x31,0x35,0x31,0x35,0x20,0x2e,0x32,0x39,0x35,0x35,0x37,0x32,
  0x20,0x2e,0x34,0x37,0x36,0x35,0x36,0x32,0x36,0x20,0x2e,0x34,0x37,0x36,0x35,0x36,
  0x33,0x20,0x2e,0x34,0x37,0x36,0x35,0x36,0x32,0x36,0x20,0x63,0x20,0x2e,0x33,0x31,
  0x31,0x37,0x30,0x34,0x20,0x30,0x20,0x2e,0x34,0x39,0x35,0x33,0x30,0x33,0x20,0x2d,
  0x2e,0x32,0x33,0x33,0x34,0x34,0x20,0x2e,0x34,0x31,0x30,0x31,0x35,0x36,0x20,0x2d,
  0x2e,0x35,0x32,0x31,0x34,0x38,0x34,0x35,0x20,0x63,0x20,0x2d,0x2e,0x31,0x33,0x37,
  0x32,0x39,0x33,0x20,0x2d,0x2e,0x34,0x36,0x34,0x35,0x39,0x38,0x38,0x20,0x2d,0x2e,
  0x38,0x36,0x39,0x32,0x37,0x31,0x20,0x2d,0x31,0x2e,0x35,0x39,0x30,0x34,0x39,0x31,
  0x39,0x20,0x2d,0x31,0x2e,0x34,0x32,0x33,0x38,0x32,0x38,0x20,0x2d,0x32,0x2e,0x31,
  0x38,0x39,0x34,0x35,0x33,0x31,0x20,0x63,0x20,0x2d,0x31,0x2e,0x35,0x33,0x34,0x32,
  0x35,0x38,0x20,0x2d,0x31,0x2e,0x36,0x35,0x37,0x31,0x34,0x36,0x20,0x2d,0x33,0x2e,
  0x36,0x32,0x36,0x31,0x34,0x31,0x20,0x2d,0x32,0x2e,0x34,0x38,0x36,0x36,0x39,0x39,
  0x36,0x20,0x2d,0x35,0x2e,0x37,0x31,0x36,0x37,0x39,0x37,0x20,0x2d,0x32,0x2e,0x34,
  0x38,0x38,0x32,0x38,0x31,0x33,0x20,0x7a,0x20,0x6d,0x20,0x2e,0x30,0x39,0x37,0x36,
  0x35,0x36,0x20,0x31,0x2e,0x38,0x32,0x32,0x32,0x36,0x35,0x37,0x20,0x63,0x20,0x2d,
  0x2e,0x34,0x34,0x35,0x36,0x30,0x34,0x20,0x2d,0x2e,0x30,0x30,0x37,0x37,0x35,0x20,
  0x2d,0x2e,0x38,0x39,0x37,0x38,0x32,0x35,0x20,0x2e,0x30,0x33,0x34,0x34,0x38,0x37,
  0x36,0x20,0x2d,0x31,0x2e,0x33,0x34,0x39,0x36,0x30,0x39,0x34,0x20,0x2e,0x31,0x32,
  0x38,0x39,0x30,0x36,0x32,0x20,0x63,0x20,0x2d,0x32,0x2e,0x31,0x34,0x36,0x38,0x34,
  0x35,0x20,0x2e,0x34,0x34,0x38,0x37,0x34,0x32,0x35,0x20,0x2d,0x33,0x2e,0x39,0x34,
  0x31,0x32,0x32,0x32,0x31,0x20,0x32,0x2e,0x31,0x38,0x37,0x32,0x32,0x38,0x39,0x20,
  0x2d,0x34,0x2e,0x35,0x31,0x35,0x36,0x32,0x35,0x20,0x34,0x2e,0x33,0x37,0x35,0x20,
  0x63,0x20,0x2d,0x2e,0x33,0x30,0x34,0x38,0x32,0x35,0x35,0x20,0x31,0x2e,0x31,0x36,
  0x30,0x39,0x38,0x34,0x20,0x2d,0x2e,0x31,0x36,0x35,0x30,0x35,0x30,0x36,0x20,0x33,
  0x2e,0x30,0x35,0x37,0x34,0x32,0x31,0x20,0x2e,0x33,0x33,0x37,0x38,0x39,0x30,0x36,
  0x20,0x34,0x2e,0x35,0x37,0x34,0x32,0x31,0x39,0x20,0x63,0x20,0x2e,0x31,0x35,0x30,
  0x33,0x30,0x37,0x36,0x20,0x2e,0x34,0x35,0x33,0x32,0x38,0x38,0x20,0x2e,0x32,0x32,
  0x33,0x39,0x39,0x32,0x20,0x2e,0x35,0x34,0x37,0x31,0x37,0x33,0x20,0x2e,0x34,0x33,
  0x39,0x34,0x35,0x33,0x32,0x20,0x2e,0x35,0x37,0x32,0x32,0x36,0x35,0x20,0x63,0x20,
  0x2e,0x34,0x39,0x35,0x33,0x37,0x30,0x37,0x20,0x2e,0x30,0x35,0x37,0x35,0x37,0x20,
  0x2e,0x35,0x34,0x32,0x35,0x31,0x39,0x34,0x20,0x2d,0x2e,0x31,0x37,0x37,0x39,0x35,
  0x38,0x20,0x2e,0x32,0x34,0x36,0x30,0x39,0x33,0x37,0x20,0x2d,0x31,0x2e,0x32,0x30,
  0x33,0x31,0x32,0x35,0x20,0x63,0x20,0x2d,0x2e,0x38,0x34,0x38,0x31,0x39,0x37,0x33,
  0x20,0x2d,0x32,0x2e,0x39,0x33,0x33,0x34,0x32,0x33,0x20,0x2d,0x2e,0x31,0x31,0x37,
  0x33,0x36,0x37,0x20,0x2d,0x35,0x2e,0x34,0x32,0x38,0x32,0x37,0x35,0x31,0x20,0x31,
  0x2e,0x39,0x38,0x36,0x33,0x32,0x38,0x31,0x20,0x2d,0x36,0x2e,0x37,0x38,0x39,0x30,
  0x36,0x32,0x31,0x20,0x63,0x20,0x32,0x2e,0x30,0x37,0x39,0x38,0x38,0x31,0x38,0x20,
  0x2d,0x31,0x2e,0x33,0x34,0x35,0x33,0x38,0x34,0x33,0x20,0x34,0x2e,0x39,0x34,0x30,
  0x36,0x32,0x39,0x38,0x20,0x2d,0x2e,0x39,0x34,0x38,0x35,0x35,0x39,0x20,0x36,0x2e,
  0x35,0x36,0x38,0x33,0x35,0x39,0x38,0x20,0x2e,0x39,0x31,0x32,0x31,0x30,0x39,0x33,
  0x20,0x63,0x20,0x31,0x2e,0x30,0x32,0x30,0x30,0x30,0x35,0x20,0x31,0x2e,0x31,0x36,
  0x35,0x39,0x38,0x34,0x38,0x20,0x31,0x2e,0x35,0x37,0x39,0x38,0x37,0x32,0x20,0x33,
  0x2e,0x31,0x33,0x39,0x33,0x30,0x35,0x38,0x20,0x31,0x2e,0x31,0x33,0x34,0x37,0x36,
  0x35,0x20,0x33,0x2e,0x39,0x39,0x39,0x39,0x39,0x39,0x38,0x20,0x63,0x20,0x2d,0x2e,
  0x32,0x39,0x34,0x30,0x33,0x34,0x20,0x2e,0x35,0x36,0x38,0x35,0x39,0x38,0x20,0x2d,
  0x31,0x2e,0x30,0x30,0x39,0x35,0x39,0x31,0x20,0x2e,0x39,0x30,0x39,0x33,0x30,0x34,
  0x20,0x2d,0x31,0x2e,0x35,0x39,0x37,0x36,0x35,0x36,0x20,0x2e,0x37,0x36,0x31,0x37,
  0x31,0x39,0x20,0x63,0x20,0x2d,0x2e,0x34,0x32,0x39,0x37,0x34,0x35,0x20,0x2d,0x2e,
  0x31,0x30,0x37,0x38,0x35,0x31,0x20,0x2d,0x2e,0x39,0x34,0x30,0x36,0x35,0x32,0x20,
  0x2d,0x2e,0x36,0x33,0x35,0x38,0x33,0x32,0x20,0x2d,0x31,0x2e,0x30,0x30,0x35,0x38,
  0x35,0x39,0x20,0x2d,0x31,0x2e,0x30,0x34,0x31,0x30,0x31,0x36,0x20,0x63,0x20,0x2d,
  0x2e,0x32,0x33,0x30,0x31,0x32,0x33,0x20,0x2d,0x31,0x2e,0x34,0x32,0x39,0x38,0x34,
  0x34,0x20,0x2d,0x2e,0x35,0x35,0x34,0x37,0x36,0x31,0x20,0x2d,0x31,0x2e,0x39,0x38,
  0x38,0x32,0x39,0x39,0x20,0x2d,0x31,0x2e,0x33,0x37,0x36,0x39,0x35,0x34,0x20,0x2d,
  0x32,0x2e,0x33,0x37,0x31,0x30,0x39,0x33,0x20,0x63,0x20,0x2d,0x2e,0x37,0x30,0x31,
  0x33,0x35,0x33,0x20,0x2d,0x2e,0x33,0x32,0x36,0x35,0x35,0x20,0x2d,0x31,0x2e,0x32,
  0x38,0x34,0x33,0x38,0x35,0x20,0x2d,0x2e,0x33,0x31,0x37,0x33,0x34,0x35,0x20,0x2d,
  0x31,0x2e,0x39,0x37,0x32,0x36,0x35,0x35,0x38,0x20,0x2e,0x30,0x33,0x31,0x32,0x35,
  0x20,0x63,0x20,0x2d,0x2e,0x36,0x34,0x31,0x33,0x31,0x32,0x34,0x20,0x2e,0x33,0x32,
  0x34,0x38,0x32,0x33,0x20,0x2d,0x31,0x2e,0x31,0x33,0x32,0x39,0x32,0x30,0x32,0x20,
  0x2e,0x39,0x37,0x39,0x30,0x32,0x34,0x20,0x2d,0x31,0x2e,0x32,0x33,0x32,0x34,0x32,
  0x31,0x38,0x20,0x31,0x2e,0x36,0x34,0x32,0x35,0x37,0x38,0x20,0x63,0x20,0x2d,0x2e,
  0x30,0x33,0x35,0x39,0x30,0x36,0x20,0x2e,0x32,0x33,0x39,0x31,0x31,0x35,0x20,0x2d,
  0x2e,0x30,0x32,0x30,0x36,0x33,0x30,0x37,0x20,0x2e,0x37,0x35,0x37,0x36,0x37,0x31,
  0x20,0x2e,0x30,0x33,0x35,0x31,0x35,0x36,0x32,0x20,0x31,0x2e,0x31,0x35,0x30,0x33,
  0x39,0x20,0x63,0x20,0x2e,0x33,0x34,0x36,0x39,0x36,0x30,0x36,0x20,0x32,0x2e,0x34,
  0x34,0x36,0x32,0x37,0x31,0x20,0x32,0x2e,0x30,0x39,0x36,0x35,0x35,0x34,0x34,0x20,
  0x34,0x2e,0x33,0x38,0x31,0x32,0x34,0x37,0x20,0x34,0x2e,0x35,0x30,0x30,0x30,0x30,
  0x30,0x34,0x20,0x34,0x2e,0x39,0x37,0x36,0x35,0x36,0x33,0x20,0x63,0x20,0x2e,0x33,
  0x30,0x32,0x32,0x36,0x32,0x20,0x2e,0x30,0x37,0x34,0x38,0x34,0x20,0x2e,0x37,0x39,
  0x37,0x33,0x34,0x36,0x20,0x2e,0x31,0x32,0x37,0x35,0x35,0x34,0x20,0x31,0x2e,0x30,
  0x39,0x39,0x36,0x30,0x39,0x20,0x2e,0x31,0x31,0x37,0x31,0x38,0x37,0x20,0x6c,0x20,
  0x2e,0x35,0x34,0x38,0x38,0x32,0x38,0x20,0x2d,0x2e,0x30,0x31,0x37,0x35,0x37,0x38,
  0x20,0x63,0x20,0x2e,0x33,0x31,0x30,0x36,0x33,0x32,0x20,0x2d,0x2e,0x31,0x35,0x37,
  0x36,0x37,0x36,0x20,0x2e,0x33,0x32,0x37,0x36,0x33,0x32,0x20,0x2d,0x2e,0x35,0x32,
  0x32,0x32,0x38,0x20,0x30,0x20,0x2d,0x2e,0x37,0x30,0x31,0x31,0x37,0x32,0x20,0x6c,
  0x20,0x2d,0x2e,0x37,0x37,0x37,0x33,0x34,0x34,0x20,0x2d,0x2e,0x31,0x31,0x37,0x31,
  0x38,0x37,0x20,0x63,0x20,0x2d,0x2e,0x39,0x37,0x38,0x38,0x36,0x36,0x20,0x2d,0x2e,
  0x31,0x34,0x39,0x31,0x35,0x38,0x20,0x2d,0x31,0x2e,0x33,0x38,0x33,0x38,0x30,0x33,
  0x20,0x2d,0x2e,0x32,0x37,0x39,0x34,0x33,0x37,0x20,0x2d,0x32,0x2e,0x30,0x35,0x36,
  0x36,0x34,0x20,0x2d,0x2e,0x36,0x35,0x38,0x32,0x30,0x33,0x20,0x63,0x20,0x2d,0x31,
  0x2e,0x34,0x36,0x33,0x31,0x38,0x20,0x2d,0x2e,0x38,0x32,0x33,0x36,0x37,0x34,0x20,
  0x2d,0x32,0x2e,0x35,0x31,0x31,0x37,0x31,0x39,0x20,0x2d,0x32,0x2e,0x36,0x30,0x39,
  0x32,0x33,0x39,0x20,0x2d,0x32,0x2e,0x35,0x31,0x31,0x37,0x31,0x39,0x20,0x2d,0x34,
  0x2e,0x32,0x37,0x37,0x33,0x34,0x34,0x20,0x63,0x20,0x30,0x20,0x2d,0x2e,0x37,0x33,
  0x35,0x31,0x31,0x33,0x20,0x2e,0x32,0x37,0x38,0x37,0x38,0x38,0x34,0x20,0x2d,0x31,
  0x2e,0x31,0x36,0x34,0x36,0x36,0x33,0x20,0x2e,0x39,0x32,0x37,0x37,0x33,0x34,0x20,
  0x2d,0x31,0x2e,0x34,0x33,0x33,0x35,0x39,0x34,0x20,0x63,0x20,0x2e,0x34,0x36,0x38,
  0x39,0x30,0x35,0x20,0x2d,0x2e,0x31,0x39,0x34,0x33,0x33,0x33,0x20,0x2e,0x34,0x37,
  0x34,0x34,0x35,0x35,0x20,0x2d,0x2e,0x31,0x39,0x34,0x33,0x33,0x33,0x20,0x2e,0x39,
  0x34,0x33,0x33,0x36,0x20,0x30,0x20,0x63,0x20,0x2e,0x35,0x39,0x33,0x34,0x32,0x38,
  0x20,0x2e,0x32,0x34,0x35,0x39,0x33,0x20,0x2e,0x38,0x37,0x39,0x36,0x31,0x32,0x20,
  0x2e,0x36,0x35,0x38,0x34,0x32,0x38,0x20,0x2e,0x39,0x35,0x33,0x31,0x32,0x35,0x20,
  0x31,0x2e,0x33,0x37,0x31,0x30,0x39,0x34,0x20,0x63,0x20,0x2e,0x31,0x33,0x34,0x39,
  0x39,0x36,0x20,0x31,0x2e,0x33,0x30,0x37,0x39,0x31,0x37,0x20,0x31,0x2e,0x30,0x34,
  0x32,0x36,0x30,0x31,0x20,0x32,0x2e,0x31,0x36,0x37,0x39,0x36,0x39,0x20,0x32,0x2e,
  0x32,0x38,0x37,0x31,0x30,0x39,0x20,0x32,0x2e,0x31,0x36,0x37,0x39,0x36,0x39,0x20,
  0x63,0x20,0x2e,0x39,0x39,0x38,0x37,0x37,0x36,0x20,0x30,0x20,0x31,0x2e,0x38,0x34,
  0x30,0x35,0x34,0x39,0x20,0x2d,0x2e,0x36,0x34,0x37,0x31,0x37,0x31,0x20,0x32,0x2e,
  0x31,0x33,0x38,0x36,0x37,0x32,0x20,0x2d,0x31,0x2e,0x36,0x34,0x36,0x34,0x38,0x35,
  0x20,0x63,0x20,0x2e,0x32,0x39,0x31,0x37,0x38,0x34,0x20,0x2d,0x2e,0x39,0x37,0x37,
  0x39,0x39,0x32,0x20,0x2d,0x2e,0x31,0x30,0x31,0x30,0x36,0x32,0x20,0x2d,0x32,0x2e,
  0x36,0x32,0x31,0x36,0x35,0x35,0x20,0x2d,0x2e,0x39,0x32,0x33,0x38,0x32,0x38,0x20,
  0x2d,0x33,0x2e,0x38,0x37,0x31,0x30,0x39,0x33,0x34,0x20,0x63,0x20,0x2d,0x31,0x2e,
  0x30,0x39,0x30,0x33,0x39,0x35,0x20,0x2d,0x31,0x2e,0x36,0x35,0x35,0x38,0x34,0x37,
  0x37,0x20,0x2d,0x32,0x2e,0x38,0x39,0x35,0x32,0x32,0x31,0x20,0x2d,0x32,0x2e,0x36,
  0x32,0x30,0x37,0x35,0x34,0x39,0x20,0x2d,0x34,0x2e,0x38,0x32,0x36,0x31,0x37,0x32,
  0x20,0x2d,0x32,0x2e,0x36,0x35,0x34,0x32,0x39,0x36,0x38,0x20,0x7a,0x20,0x6d,0x20,
  0x2d,0x2e,0x30,0x36,0x34,0x34,0x35,0x33,0x20,0x31,0x2e,0x38,0x39,0x34,0x35,0x33,
  0x31,0x32,0x20,0x63,0x20,0x2d,0x2e,0x36,0x32,0x31,0x38,0x39,0x31,0x20,0x2e,0x30,
  0x30,0x37,0x38,0x35,0x39,0x31,0x20,0x2d,0x31,0x2e,0x32,0x36,0x31,0x30,0x33,0x34,
  0x31,0x20,0x2e,0x31,0x32,0x32,0x30,0x36,0x34,0x38,0x20,0x2d,0x31,0x2e,0x37,0x38,
  0x35,0x31,0x35,0x36,0x34,0x20,0x2e,0x33,0x32,0x36,0x31,0x37,0x31,0x39,0x20,0x63,
  0x20,0x2d,0x2e,0x38,0x30,0x38,0x31,0x34,0x32,0x31,0x20,0x2e,0x33,0x39,0x35,0x37,
  0x37,0x37,0x34,0x20,0x2d,0x31,0x2e,0x35,0x37,0x38,0x32,0x34,0x33,0x34,0x20,0x31,
  0x2e,0x31,0x38,0x36,0x34,0x34,0x36,0x31,0x20,0x2d,0x31,0x2e,0x39,0x37,0x36,0x35,
  0x36,0x32,0x35,0x20,0x32,0x2e,0x30,0x32,0x37,0x33,0x34,0x34,0x31,0x20,0x63,0x20,
  0x2d,0x2e,0x33,0x30,0x33,0x30,0x39,0x33,0x37,0x20,0x2e,0x36,0x33,0x39,0x38,0x33,
  0x32,0x20,0x2d,0x2e,0x33,0x32,0x30,0x35,0x30,0x30,0x37,0x20,0x2e,0x37,0x33,0x39,
  0x39,0x30,0x35,0x20,0x2d,0x2e,0x33,0x32,0x30,0x33,0x31,0x32,0x35,0x20,0x31,0x2e,
  0x38,0x32,0x36,0x31,0x37,0x31,0x20,0x63,0x20,0x2e,0x30,0x30,0x30,0x32,0x32,0x34,
  0x32,0x20,0x31,0x2e,0x33,0x33,0x36,0x34,0x33,0x31,0x20,0x2e,0x31,0x36,0x30,0x38,
  0x32,0x39,0x33,0x20,0x32,0x2e,0x30,0x34,0x35,0x39,0x33,0x39,0x20,0x2e,0x37,0x33,
  0x36,0x33,0x32,0x38,0x32,0x20,0x33,0x2e,0x32,0x34,0x36,0x30,0x39,0x34,0x20,0x63,
  0x20,0x2e,0x34,0x39,0x35,0x38,0x39,0x34,0x36,0x20,0x31,0x2e,0x30,0x33,0x34,0x31,
  0x33,0x32,0x20,0x31,0x2e,0x31,0x38,0x33,0x35,0x38,0x34,0x34,0x20,0x31,0x2e,0x39,
  0x33,0x36,0x37,0x38,0x33,0x20,0x31,0x2e,0x39,0x34,0x37,0x32,0x36,0x35,0x36,0x20,
  0x32,0x2e,0x35,0x35,0x34,0x36,0x38,0x38,0x20,0x63,0x20,0x2e,0x36,0x36,0x31,0x39,
  0x34,0x30,0x36,0x20,0x2e,0x35,0x33,0x35,0x35,0x38,0x37,0x20,0x2e,0x37,0x33,0x32,
  0x32,0x35,0x31,0x36,0x20,0x2e,0x35,0x36,0x30,0x38,0x36,0x37,0x20,0x31,0x2e,0x30,
  0x30,0x37,0x38,0x31,0x32,0x36,0x20,0x2e,0x33,0x35,0x39,0x33,0x37,0x35,0x20,0x63,
  0x20,0x2e,0x32,0x38,0x32,0x31,0x30,0x37,0x20,0x2d,0x2e,0x32,0x30,0x36,0x32,0x36,
  0x20,0x2e,0x31,0x32,0x34,0x36,0x38,0x35,0x20,0x2d,0x2e,0x35,0x36,0x31,0x30,0x38,
  0x20,0x2d,0x2e,0x34,0x34,0x35,0x33,0x31,0x33,0x20,0x2d,0x2e,0x39,0x39,0x38,0x30,
  0x34,0x37,0x20,0x63,0x20,0x2d,0x2e,0x36,0x31,0x38,0x30,0x32,0x31,0x32,0x20,0x2d,
  0x2e,0x34,0x37,0x33,0x37,0x38,0x38,0x20,0x2d,0x31,0x2e,0x32,0x38,0x35,0x37,0x38,
  0x33,0x39,0x20,0x2d,0x31,0x2e,0x33,0x32,0x39,0x37,0x36,0x35,0x20,0x2d,0x31,0x2e,
  0x37,0x33,0x36,0x33,0x32,0x37,0x38,0x20,0x2d,0x32,0x2e,0x32,0x32,0x38,0x35,0x31,
  0x36,0x20,0x63,0x20,0x2d,0x2e,0x37,0x34,0x30,0x30,0x34,0x38,0x36,0x20,0x2d,0x31,
  0x2e,0x34,0x37,0x36,0x32,0x31,0x37,0x20,0x2d,0x2e,0x39,0x32,0x35,0x37,0x36,0x34,
  0x38,0x20,0x2d,0x33,0x2e,0x33,0x30,0x31,0x31,0x39,0x38,0x20,0x2d,0x2e,0x34,0x34,
  0x33,0x33,0x35,0x39,0x33,0x20,0x2d,0x34,0x2e,0x33,0x34,0x35,0x37,0x30,0x33,0x20,
  0x63,0x20,0x2e,0x33,0x35,0x30,0x31,0x30,0x39,0x34,0x20,0x2d,0x2e,0x37,0x35,0x38,
  0x30,0x36,0x31,0x20,0x2e,0x38,0x38,0x33,0x37,0x37,0x35,0x33,0x20,0x2d,0x31,0x2e,
  0x33,0x32,0x33,0x39,0x34,0x39,0x32,0x20,0x31,0x2e,0x35,0x36,0x34,0x34,0x35,0x33,
  0x31,0x20,0x2d,0x31,0x2e,0x36,0x35,0x38,0x32,0x30,0x33,0x20,0x63,0x20,0x2e,0x38,
  0x31,0x37,0x38,0x30,0x39,0x20,0x2d,0x2e,0x34,0x30,0x31,0x35,0x39,0x36,0x36,0x20,
  0x32,0x2e,0x30,0x31,0x32,0x32,0x36,0x39,0x20,0x2d,0x2e,0x34,0x30,0x31,0x35,0x39,
  0x36,0x36,0x20,0x32,0x2e,0x38,0x33,0x30,0x30,0x37,0x38,0x20,0x30,0x20,0x63,0x20,
  0x2e,0x39,0x37,0x36,0x31,0x30,0x39,0x20,0x2e,0x34,0x37,0x39,0x33,0x32,0x34,0x20,
  0x31,0x2e,0x35,0x39,0x39,0x33,0x33,0x33,0x20,0x31,0x2e,0x33,0x35,0x33,0x35,0x31,
  0x39,0x20,0x31,0x2e,0x38,0x32,0x30,0x33,0x31,0x33,0x20,0x32,0x2e,0x35,0x35,0x30,
  0x37,0x38,0x31,0x20,0x63,0x20,0x2e,0x31,0x33,0x31,0x39,0x20,0x2e,0x37,0x31,0x34,
  0x36,0x36,0x34,0x20,0x2e,0x33,0x33,0x32,0x30,0x36,0x38,0x20,0x2e,0x39,0x35,0x32,
  0x32,0x33,0x34,0x20,0x2e,0x36,0x33,0x36,0x37,0x31,0x38,0x20,0x2e,0x37,0x35,0x35,
  0x38,0x36,0x20,0x63,0x20,0x2e,0x31,0x34,0x31,0x31,0x36,0x34,0x20,0x2d,0x2e,0x30,
  0x39,0x30,0x39,0x39,0x20,0x2e,0x31,0x37,0x31,0x33,0x33,0x37,0x20,0x2d,0x2e,0x32,
  0x34,0x32,0x38,0x32,0x39,0x20,0x2e,0x31,0x35,0x38,0x32,0x30,0x33,0x20,0x2d,0x2e,
  0x37,0x38,0x37,0x31,0x31,0x20,0x63,0x20,0x2d,0x2e,0x30,0x33,0x31,0x39,0x31,0x34,
  0x20,0x2d,0x31,0x2e,0x33,0x32,0x33,0x30,0x38,0x39,0x20,0x2d,0x2e,0x39,0x35,0x37,
  0x38,0x33,0x34,0x20,0x2d,0x32,0x2e,0x36,0x35,0x31,0x31,0x39,0x37,0x32,0x20,0x2d,
  0x32,0x2e,0x33,0x31,0x32,0x35,0x20,0x2d,0x33,0x2e,0x33,0x31,0x36,0x34,0x30,0x36,
  0x20,0x63,0x20,0x2d,0x2e,0x34,0x35,0x34,0x37,0x34,0x33,0x20,0x2d,0x2e,0x32,0x32,
  0x31,0x32,0x36,0x30,0x39,0x20,0x2d,0x31,0x2e,0x30,0x35,0x39,0x37,0x34,0x39,0x20,
  0x2d,0x2e,0x33,0x32,0x30,0x33,0x36,0x36,0x32,0x20,0x2d,0x31,0x2e,0x36,0x38,0x31,
  0x36,0x34,0x20,0x2d,0x2e,0x33,0x31,0x32,0x35,0x20,0x7a,0x20,0x6d,0x20,0x2d,0x2e,
  0x30,0x30,0x33,0x39,0x30,0x36,0x20,0x33,0x2e,0x36,0x31,0x35,0x32,0x33,0x34,0x20,
  0x63,0x20,0x2d,0x2e,0x30,0x37,0x32,0x31,0x33,0x34,0x20,0x2d,0x2e,0x30,0x30,0x31,
  0x34,0x36,0x35,0x20,0x2d,0x2e,0x31,0x35,0x33,0x30,0x33,0x33,0x20,0x2e,0x30,0x32,
  0x33,0x35,0x30,0x39,0x20,0x2d,0x2e,0x32,0x34,0x34,0x31,0x34,0x31,0x20,0x2e,0x30,
  0x37,0x32,0x32,0x36,0x36,0x20,0x63,0x20,0x2d,0x2e,0x31,0x39,0x31,0x32,0x38,0x31,
  0x20,0x2e,0x31,0x30,0x32,0x34,0x30,0x32,0x20,0x2d,0x2e,0x32,0x30,0x38,0x38,0x32,
  0x39,0x20,0x2e,0x31,0x37,0x34,0x30,0x37,0x35,0x20,0x2d,0x2e,0x31,0x36,0x32,0x31,
  0x30,0x39,0x20,0x2e,0x37,0x32,0x36,0x35,0x36,0x33,0x20,0x63,0x20,0x2e,0x31,0x34,
  0x37,0x37,0x35,0x35,0x20,0x31,0x2e,0x37,0x34,0x38,0x30,0x38,0x38,0x20,0x31,0x2e,
  0x34,0x36,0x34,0x34,0x35,0x32,0x20,0x33,0x2e,0x32,0x35,0x32,0x35,0x36,0x20,0x33,
  0x2e,0x31,0x37,0x31,0x38,0x37,0x35,0x20,0x33,0x2e,0x36,0x32,0x35,0x20,0x63,0x20,
  0x2e,0x37,0x35,0x37,0x33,0x30,0x31,0x20,0x2e,0x31,0x36,0x35,0x31,0x32,0x34,0x20,
  0x2e,0x39,0x36,0x30,0x36,0x31,0x36,0x20,0x2e,0x31,0x36,0x32,0x34,0x32,0x33,0x20,
  0x31,0x2e,0x31,0x34,0x32,0x35,0x37,0x38,0x20,0x2d,0x2e,0x30,0x31,0x39,0x35,0x33,
  0x32,0x20,0x63,0x20,0x2e,0x33,0x36,0x33,0x34,0x32,0x39,0x20,0x2d,0x2e,0x33,0x36,
  0x33,0x34,0x31,0x36,0x20,0x2e,0x31,0x31,0x39,0x35,0x31,0x39,0x20,0x2d,0x2e,0x36,
  0x35,0x32,0x37,0x30,0x36,0x20,0x2d,0x2e,0x36,0x33,0x34,0x37,0x36,0x36,0x20,0x2d,
  0x2e,0x37,0x35,0x35,0x38,0x35,0x39,0x20,0x63,0x20,0x2d,0x31,0x2e,0x35,0x34,0x31,
  0x36,0x39,0x33,0x20,0x2d,0x2e,0x32,0x31,0x30,0x38,0x33,0x20,0x2d,0x32,0x2e,0x36,
  0x38,0x37,0x38,0x30,0x36,0x20,0x2d,0x31,0x2e,0x33,0x38,0x37,0x38,0x37,0x37,0x20,
  0x2d,0x32,0x2e,0x38,0x37,0x31,0x30,0x39,0x34,0x20,0x2d,0x32,0x2e,0x39,0x34,0x37,
  0x32,0x36,0x36,0x20,0x63,0x20,0x2d,0x2e,0x30,0x35,0x34,0x36,0x37,0x31,0x20,0x2d,
  0x2e,0x34,0x36,0x35,0x30,0x34,0x36,0x20,0x2d,0x2e,0x31,0x38,0x35,0x39,0x34,0x33,
  0x20,0x2d,0x2e,0x36,0x39,0x36,0x37,0x37,0x36,0x20,0x2d,0x2e,0x34,0x30,0x32,0x33,
  0x34,0x33,0x20,0x2d,0x2e,0x37,0x30,0x31,0x31,0x37,0x32,0x20,0x7a,0x22,0x20,0x63,
  0x6c,0x61,0x73,0x73,0x3d,0x22,0x43,0x6f,0x6c,0x6f,0x72,0x53,0x63,0x68,0x65,0x6d,
  0x65,0x2d,0x54,0x65,0x78,0x74,0x22,0x20,0x66,0x69,0x6c,0x6c,0x3d,0x22,0x63,0x75,
  0x72,0x72,0x65,0x6e,0x74,0x43,0x6f,0x6c,0x6f,0x72,0x22,0x2f,0x3e,0xa,0x20,0x20,
  0x3c,0x2f,0x67,0x3e,0xa,0x3c,0x2f,0x73,0x76,0x67,0x3e,0xa,
    // configure.svg
  0x0,0x0,0x3,0x9f,
  0x3c,
  0x73,0x76,0x67,0x20,0x78,0x6d,0x6c,0x6e,0x73,0x3d,0x22,0x68,0x74,0x74,0x70,0x3a,
  0x2f,0x2f,0x77,0x77,0x77,0x2e,0x77,0x33,0x2e,0x6f,0x72,0x67,0x2f,0x32,0x30,0x30,
  0x30,0x2f,0x73,0x76,0x67,0x22,0x20,0x76,0x69,0x65,0x77,0x42,0x6f,0x78,0x3d,0x22,
  0x30,0x20,0x30,0x20,0x32,0x34,0x20,0x32,0x34,0x22,0x20,0x77,0x69,0x64,0x74,0x68,
  0x3d,0x22,0x32,0x34,0x22,0x20,0x68,0x65,0x69,0x67,0x68,0x74,0x3d,0x22,0x32,0x34,
  0x22,0x3e,0xa,0x20,0x20,0x3c,0x64,0x65,0x66,0x73,0x20,0x69,0x64,0x3d,0x22,0x64,
  0x65,0x66,0x73,0x33,0x30,0x35,0x31,0x22,0x3e,0xa,0x20,0x20,0x20,0x20,0x3c,0x73,
  0x74,0x79,0x6c,0x65,0x20,0x74,0x79,0x70,0x65,0x3d,0x22,0x74,0x65,0x78,0x74,0x2f,
  0x63,0x73,0x73,0x22,0x20,0x69,0x64,0x3d,0x22,0x63,0x75,0x72,0x72,0x65,0x6e,0x74,
  0x2d,0x63,0x6f,0x6c,0x6f,0x72,0x2d,0x73,0x63,0x68,0x65,0x6d,0x65,0x22,0x3e,0x2e,
  0x43,0x6f,0x6c,0x6f,0x72,0x53,0x63,0x68,0x65,0x6d,0x65,0x2d,0x54,0x65,0x78,0x74,
  0x20,0x7b,0x20,0x63,0x6f,0x6c,0x6f,0x72,0x3a,0x20,0x23,0x66,0x63,0x66,0x63,0x66,
  0x63,0x3b,0x20,0x7d,0x20,0x3c,0x2f,0x73,0x74,0x79,0x6c,0x65,0x3e,0xa,0x20,0x20,
  0x3c,0x2f,0x64,0x65,0x66,0x73,0x3e,0xa,0x20,0x20,0x3c,0x67,0x20,0x74,0x72,0x61,
  0x6e,0x73,0x66,0x6f,0x72,0x6d,0x3d,0x22,0x74,0x72,0x61,0x6e,0x73,0x6c,0x61,0x74,
  0x65,0x28,0x31,0x2c,0x31,0x29,0x22,0x3e,0xa,0x20,0x20,0x20,0x20,0x3c,0x70,0x61,
  0x74,0x68,0x20,0x73,0x74,0x79,0x6c,0x65,0x3d,0x22,0x66,0x69,0x6c,0x6c,0x3a,0x63,
  0x75,0x72,0x72,0x65,0x6e,0x74,0x43,0x6f,0x6c,0x6f,0x72,0x3b,0x66,0x69,0x6c,0x6c,
  0x2d,0x6f,0x70,0x61,0x63,0x69,0x74,0x79,0x3a,0x31,0x3b,0x73,0x74,0x72,0x6f,0x6b,
  0x65,0x3a,0x6e,0x6f,0x6e,0x65,0x22,0x20,0x64,0x3d,0x22,0x4d,0x20,0x31,0x31,0x2e,
  0x35,0x20,0x33,0x20,0x43,0x20,0x31,0x30,0x2e,0x32,0x38,0x36,0x31,0x33,0x39,0x20,
  0x33,0x20,0x39,0x2e,0x32,0x38,0x30,0x39,0x37,0x37,0x38,0x20,0x33,0x2e,0x38,0x35,
  0x35,0x39,0x32,0x37,0x39,0x20,0x39,0x2e,0x30,0x35,0x30,0x37,0x38,0x31,0x32,0x20,
  0x35,0x20,0x4c,0x20,0x33,0x20,0x35,0x20,0x4c,0x20,0x33,0x20,0x36,0x20,0x4c,0x20,
  0x39,0x2e,0x30,0x35,0x30,0x37,0x38,0x31,0x32,0x20,0x36,0x20,0x43,0x20,0x39,0x2e,
  0x32,0x38,0x30,0x39,0x37,0x37,0x38,0x20,0x37,0x2e,0x31,0x34,0x34,0x30,0x37,0x32,
  0x31,0x20,0x31,0x30,0x2e,0x32,0x38,0x36,0x31,0x33,0x39,0x20,0x38,0x20,0x31,0x31,
  0x2e,0x35,0x20,0x38,0x20,0x43,0x20,0x31,0x32,0x2e,0x37,0x31,0x33,0x38,0x36,0x31,
  0x20,0x38,0x20,0x31,0x33,0x2e,0x37,0x31,0x39,0x30,0x32,0x32,0x20,0x37,0x2e,0x31,
  0x34,0x34,0x30,0x37,0x32,0x31,0x20,0x31,0x33,0x2e,0x39,0x34,0x39,0x32,0x31,0x39,
  0x20,0x36,0x20,0x4c,0x20,0x31,0x39,0x20,0x36,0x20,0x4c,0x20,0x31,0x39,0x20,0x35,
  0x20,0x4c,0x20,0x31,0x33,0x2e,0x39,0x34,0x39,0x32,0x31,0x39,0x20,0x35,0x20,0x43,
  0x20,0x31,0x33,0x2e,0x37,0x31,0x39,0x30,0x32,0x32,0x20,0x33,0x2e,0x38,0x35,0x35,
  0x39,0x32,0x37,0x39,0x20,0x31,0x32,0x2e,0x37,0x31,0x33,0x38,0x36,0x31,0x20,0x33,
  0x20,0x31,0x31,0x2e,0x35,0x20,0x33,0x20,0x7a,0x20,0x4d,0x20,0x35,0x2e,0x35,0x20,
  0x31,0x34,0x20,0x43,0x20,0x34,0x2e,0x31,0x31,0x34,0x39,0x39,0x39,0x39,0x20,0x31,
  0x34,0x20,0x33,0x20,0x31,0x35,0x2e,0x31,0x31,0x35,0x20,0x33,0x20,0x31,0x36,0x2e,
  0x35,0x20,0x43,0x20,0x33,0x20,0x31,0x37,0x2e,0x38,0x38,0x35,0x20,0x34,0x2e,0x31,
  0x31,0x34,0x39,0x39,0x39,0x39,0x20,0x31,0x39,0x20,0x35,0x2e,0x35,0x20,0x31,0x39,
  0x20,0x43,0x20,0x36,0x2e,0x37,0x31,0x33,0x38,0x36,0x30,0x34,0x20,0x31,0x39,0x20,
  0x37,0x2e,0x37,0x31,0x39,0x30,0x32,0x32,0x33,0x20,0x31,0x38,0x2e,0x31,0x34,0x34,
  0x30,0x37,0x32,0x20,0x37,0x2e,0x39,0x34,0x39,0x32,0x31,0x38,0x38,0x20,0x31,0x37,
  0x20,0x4c,0x20,0x31,0x39,0x20,0x31,0x37,0x20,0x4c,0x20,0x31,0x39,0x20,0x31,0x36,
  0x20,0x4c,0x20,0x37,0x2e,0x39,0x34,0x39,0x32,0x31,0x38,0x38,0x20,0x31,0x36,0x20,
  0x43,0x20,0x37,0x2e,0x37,0x31,0x39,0x30,0x32,0x32,0x33,0x20,0x31,0x34,0x2e,0x38,
  0x35,0x35,0x39,0x32,0x38,0x20,0x36,0x2e,0x37,0x31,0x33,0x38,0x36,0x30,0x34,0x20,
  0x31,0x34,0x20,0x35,0x2e,0x35,0x20,0x31,0x34,0x20,0x7a,0x20,0x4d,0x20,0x35,0x2e,
  0x35,0x20,0x31,0x35,0x20,0x43,0x20,0x36,0x2e,0x33,0x33,0x31,0x30,0x30,0x30,0x31,
  0x20,0x31,0x35,0x20,0x37,0x20,0x31,0x35,0x2e,0x36,0x36,0x39,0x20,0x37,0x20,0x31,
  0x36,0x2e,0x35,0x20,0x43,0x20,0x37,0x20,0x31,0x37,0x2e,0x33,0x33,0x31,0x20,0x36,
  0x2e,0x33,0x33,0x31,0x30,0x30,0x30,0x31,0x20,0x31,0x38,0x20,0x35,0x2e,0x35,0x20,
  0x31,0x38,0x20,0x43,0x20,0x34,0x2e,0x36,0x36,0x38,0x39,0x39,0x39,0x39,0x20,0x31,
  0x38,0x20,0x34,0x20,0x31,0x37,0x2e,0x33,0x33,0x31,0x20,0x34,0x20,0x31,0x36,0x2e,
  0x35,0x20,0x43,0x20,0x34,0x20,0x31,0x35,0x2e,0x36,0x36,0x39,0x20,0x34,0x2e,0x36,
  0x36,0x38,0x39,0x39,0x39,0x39,0x20,0x31,0x35,0x20,0x35,0x2e,0x35,0x20,0x31,0x35,
  0x20,0x7a,0x20,0x22,0x20,0x63,0x6c,0x61,0x73,0x73,0x3d,0x22,0x43,0x6f,0x6c,0x6f,
  0x72,0x53,0x63,0x68,0x65,0x6d,0x65,0x2d,0x54,0x65,0x78,0x74,0x22,0x2f,0x3e,0xa,
  0x20,0x20,0x3c,0x2f,0x67,0x3e,0xa,0x3c,0x2f,0x73,0x76,0x67,0x3e,0xa,
    // view-refresh.svg
  0x0,0x0,0x2,0x57,
  0x3c,
  0x73,0x76,0x67,0x20,0x78,0x6d,0x6c,0x6e,0x73,0x3d,0x22,0x68,0x74,0x74,0x70,0x3a,
  0x2f,0x2f,0x77,0x77,0x77,0x2e,0x77,0x33,0x2e,0x6f,0x72,0x67,0x2f,0x32,0x30,0x30,
  0x30,0x2f,0x73,0x76,0x67,0x22,0x20,0x76,0x65,0x72,0x73,0x69,0x6f,0x6e,0x3d,0x22,
  0x31,0x2e,0x31,0x22,0x20,0x76,0x69,0x65,0x77,0x42,0x6f,0x78,0x3d,0x22,0x30,0x20,
  0x30,0x20,0x32,0x34,0x20,0x32,0x34,0x22,0x20,0x77,0x69,0x64,0x74,0x68,0x3d,0x22,
  0x32,0x34,0x22,0x20,0x68,0x65,0x69,0x67,0x68,0x74,0x3d,0x22,0x32,0x34,0x22,0x3e,
  0xa,0x20,0x20,0x3c,0x64,0x65,0x66,0x73,0x3e,0xa,0x20,0x20,0x20,0x20,0x3c,0x73,
  0x74,0x79,0x6c,0x65,0x20,0x74,0x79,0x70,0x65,0x3d,0x22,0x74,0x65,0x78,0x74,0x2f,
  0x63,0x73,0x73,0x22,0x20,0x69,0x64,0x3d,0x22,0x63,0x75,0x72,0x72,0x65,0x6e,0x74,
  0x2d,0x63,0x6f,0x6c,0x6f,0x72,0x2d,0x73,0x63,0x68,0x65,0x6d,0x65,0x22,0x3e,0x2e,
  0x43,0x6f,0x6c,0x6f,0x72,0x53,0x63,0x68,0x65,0x6d,0x65,0x2d,0x54,0x65,0x78,0x74,
  0x20,0x7b,0x20,0x63,0x6f,0x6c,0x6f,0x72,0x3a,0x20,0x23,0x66,0x63,0x66,0x63,0x66,
  0x63,0x3b,0x20,0x7d,0x20,0x3c,0x2f,0x73,0x74,0x79,0x6c,0x65,0x3e,0xa,0x20,0x20,
  0x3c,0x2f,0x64,0x65,0x66,0x73,0x3e,0xa,0x20,0x20,0x3c,0x67,0x20,0x74,0x72,0x61,
  0x6e,0x73,0x66,0x6f,0x72,0x6d,0x3d,0x22,0x74,0x72,0x61,0x6e,0x73,0x6c,0x61,0x74,
  0x65,0x28,0x31,0x2c,0x31,0x29,0x22,0x3e,0xa,0x20,0x20,0x20,0x20,0x3c,0x70,0x61,
  0x74,0x68,0x20,0x64,0x3d,0x22,0x6d,0x31,0x31,0x20,0x33,0x61,0x38,0x20,0x38,0x20,
  0x30,0x20,0x30,0x20,0x30,0x2d,0x37,0x2e,0x39,0x32,0x37,0x37,0x33,0x34,0x34,0x20,
  0x37,0x68,0x31,0x2e,0x30,0x30,0x35,0x38,0x35,0x39,0x34,0x61,0x37,0x20,0x37,0x20,
  0x30,0x20,0x30,0x20,0x31,0x20,0x36,0x2e,0x39,0x32,0x31,0x38,0x37,0x35,0x2d,0x36,
  0x20,0x37,0x20,0x37,0x20,0x30,0x20,0x30,0x20,0x31,0x20,0x36,0x2e,0x33,0x32,0x30,
  0x33,0x31,0x32,0x20,0x34,0x68,0x2d,0x33,0x2e,0x33,0x32,0x30,0x33,0x31,0x32,0x76,
  0x31,0x68,0x35,0x76,0x2d,0x31,0x2d,0x34,0x68,0x2d,0x31,0x76,0x33,0x2e,0x31,0x36,
  0x37,0x39,0x36,0x38,0x38,0x61,0x38,0x20,0x38,0x20,0x30,0x20,0x30,0x20,0x30,0x2d,
  0x37,0x2d,0x34,0x2e,0x31,0x36,0x37,0x39,0x36,0x38,0x38,0x7a,0x6d,0x36,0x2e,0x39,
  0x32,0x31,0x38,0x37,0x35,0x20,0x39,0x61,0x37,0x20,0x37,0x20,0x30,0x20,0x30,0x20,
  0x31,0x2d,0x36,0x2e,0x39,0x32,0x31,0x38,0x37,0x35,0x20,0x36,0x20,0x37,0x20,0x37,
  0x20,0x30,0x20,0x30,0x20,0x31,0x2d,0x36,0x2e,0x33,0x31,0x30,0x35,0x34,0x36,0x39,
  0x2d,0x34,0x68,0x33,0x2e,0x33,0x31,0x30,0x35,0x34,0x36,0x39,0x76,0x2d,0x31,0x68,
  0x2d,0x35,0x76,0x31,0x20,0x34,0x68,0x31,0x76,0x2d,0x33,0x2e,0x31,0x39,0x35,0x33,
  0x31,0x32,0x61,0x38,0x20,0x38,0x20,0x30,0x20,0x30,0x20,0x30,0x20,0x37,0x20,0x34,
  0x2e,0x31,0x39,0x35,0x33,0x31,0x32,0x20,0x38,0x20,0x38,0x20,0x30,0x20,0x30,0x20,
  0x30,0x20,0x37,0x2e,0x39,0x32,0x37,0x37,0x33,0x34,0x2d,0x37,0x68,0x2d,0x31,0x2e,
  0x30,0x30,0x35,0x38,0x35,0x39,0x7a,0x22,0x20,0x63,0x6c,0x61,0x73,0x73,0x3d,0x22,
  0x43,0x6f,0x6c,0x6f,0x72,0x53,0x63,0x68,0x65,0x6d,0x65,0x2d,0x54,0x65,0x78,0x74,
  0x22,0x20,0x66,0x69,0x6c,0x6c,0x3d,0x22,0x63,0x75,0x72,0x72,0x65,0x6e,0x74,0x43,
  0x6f,0x6c,0x6f,0x72,0x22,0x2f,0x3e,0xa,0x20,0x20,0x3c,0x2f,0x67,0x3e,0xa,0x3c,
  0x2f,0x73,0x76,0x67,0x3e,0xa,
    // system-run.svg
  0x0,0x0,0x2,0xa,
  0x3c,
  0x73,0x76,0x67,0x20,0x78,0x6d,0x6c,0x6e,0x73,0x3d,0x22,0x68,0x74,0x74,0x70,0x3a,
  0x2f,0x2f,0x77,0x77,0x77,0x2e,0x77,0x33,0x2e,0x6f,0x72,0x67,0x2f,0x32,0x30,0x30,
  0x30,0x2f,0x73,0x76,0x67,0x22,0x20,0x76,0x69,0x65,0x77,0x42,0x6f,0x78,0x3d,0x22,
  0x30,0x20,0x30,0x20,0x32,0x34,0x20,0x32,0x34,0x22,0x20,0x77,0x69,0x64,0x74,0x68,
  0x3d,0x22,0x32,0x34,0x22,0x20,0x68,0x65,0x69,0x67,0x68,0x74,0x3d,0x22,0x32,0x34,
  0x22,0x3e,0xa,0x20,0x20,0x3c,0x64,0x65,0x66,0x73,0x20,0x69,0x64,0x3d,0x22,0x64,
  0x65,0x66,0x73,0x33,0x30,0x35,0x31,0x22,0x3e,0xa,0x20,0x20,0x20,0x20,0x3c,0x73,
  0x74,0x79,0x6c,0x65,0x20,0x74,0x79,0x70,0x65,0x3d,0x22,0x74,0x65,0x78,0x74,0x2f,
  0x63,0x73,0x73,0x22,0x20,0x69,0x64,0x3d,0x22,0x63,0x75,0x72,0x72,0x65,0x6e,0x74,
  0x2d,0x63,0x6f,0x6c,0x6f,0x72,0x2d,0x73,0x63,0x68,0x65,0x6d,0x65,0x22,0x3e,0x2e,
  0x43,0x6f,0x6c,0x6f,0x72,0x53,0x63,0x68,0x65,0x6d,0x65,0x2d,0x54,0x65,0x78,0x74,
  0x20,0x7b,0x20,0x63,0x6f,0x6c,0x6f,0x72,0x3a,0x20,0x23,0x66,0x63,0x66,0x63,0x66,
  0x63,0x3b,0x20,0x7d,0x20,0x3c,0x2f,0x73,0x74,0x79,0x6c,0x65,0x3e,0xa,0x20,0x20,
  0x3c,0x2f,0x64,0x65,0x66,0x73,0x3e,0xa,0x20,0x20,0x3c,0x67,0x20,0x74,0x72,0x61,
  0x6e,0x73,0x66,0x6f,0x72,0x6d,0x3d,0x22,0x74,0x72,0x61,0x6e,0x73,0x6c,0x61,0x74,
  0x65,0x28,0x31,0x2c,0x31,0x29,0x22,0x3e,0xa,0x20,0x20,0x20,0x20,0x3c,0x70,0x61,
  0x74,0x68,0x20,0x73,0x74,0x79,0x6c,0x65,0x3d,0x22,0x66,0x69,0x6c,0x6c,0x3a,0x63,
  0x75,0x72,0x72,0x65,0x6e,0x74,0x43,0x6f,0x6c,0x6f,0x72,0x3b,0x66,0x69,0x6c,0x6c,
  0x2d,0x6f,0x70,0x61,0x63,0x69,0x74,0x79,0x3a,0x31,0x3b,0x73,0x74,0x72,0x6f,0x6b,
  0x65,0x3a,0x6e,0x6f,0x6e,0x65,0x22,0x20,0x64,0x3d,0x22,0x4d,0x20,0x33,0x20,0x33,
  0x20,0x4c,0x20,0x33,0x20,0x37,0x20,0x4c,0x20,0x33,0x20,0x31,0x38,0x20,0x4c,0x20,
  0x33,0x20,0x31,0x39,0x20,0x4c,0x20,0x31,0x33,0x20,0x31,0x39,0x20,0x4c,0x20,0x31,
  0x39,0x20,0x31,0x39,0x20,0x4c,0x20,0x31,0x39,0x20,0x31,0x38,0x20,0x4c,0x20,0x31,
  0x39,0x20,0x31,0x33,0x20,0x4c,0x20,0x31,0x39,0x20,0x37,0x20,0x4c,0x20,0x31,0x39,
  0x20,0x33,0x20,0x4c,0x20,0x33,0x20,0x33,0x20,0x7a,0x20,0x4d,0x20,0x34,0x20,0x37,
  0x20,0x4c,0x20,0x31,0x38,0x20,0x37,0x20,0x4c,0x20,0x31,0x38,0x20,0x31,0x33,0x20,
  0x4c,0x20,0x31,0x38,0x20,0x31,0x38,0x20,0x4c,0x20,0x31,0x33,0x20,0x31,0x38,0x20,
  0x4c,0x20,0x34,0x20,0x31,0x38,0x20,0x4c,0x20,0x34,0x20,0x37,0x20,0x7a,0x20,0x4d,
  0x20,0x39,0x20,0x31,0x30,0x20,0x4c,0x20,0x39,0x20,0x31,0x36,0x20,0x4c,0x20,0x31,
  0x34,0x20,0x31,0x33,0x20,0x4c,0x20,0x39,0x20,0x31,0x30,0x20,0x7a,0x20,0x22,0x20,
  0x63,0x6c,0x61,0x73,0x73,0x3d,0x22,0x43,0x6f,0x6c,0x6f,0x72,0x53,0x63,0x68,0x65,
  0x6d,0x65,0x2d,0x54,0x65,0x78,0x74,0x22,0x2f,0x3e,0xa,0x20,0x20,0x3c,0x2f,0x67,
  0x3e,0xa,0x3c,0x2f,0x73,0x76,0x67,0x3e,0xa,
    // system-search.svg
  0x0,0x0,0x3,0x6,
  0x3c,
  0x3f,0x78,0x6d,0x6c,0x20,0x76,0x65,0x72,0x73,0x69,0x6f,0x6e,0x3d,0x22,0x31,0x2e,
  0x30,0x22,0x20,0x65,0x6e,0x63,0x6f,0x64,0x69,0x6e,0x67,0x3d,0x22,0x55,0x54,0x46,
  0x2d,0x38,0x22,0x3f,0x3e,0xa,0x3c,0x73,0x76,0x67,0x20,0x78,0x6d,0x6c,0x6e,0x73,
  0x3d,0x22,0x68,0x74,0x74,0x70,0x3a,0x2f,0x2f,0x77,0x77,0x77,0x2e,0x77,0x33,0x2e,
  0x6f,0x72,0x67,0x2f,0x32,0x30,0x30,0x30,0x2f,0x73,0x76,0x67,0x22,0x20,0x76,0x69,
  0x65,0x77,0x42,0x6f,0x78,0x3d,0x22,0x30,0x20,0x30,0x20,0x32,0x34,0x20,0x32,0x34,
  0x22,0x20,0x77,0x69,0x64,0x74,0x68,0x3d,0x22,0x32,0x34,0x22,0x20,0x68,0x65,0x69,
  0x67,0x68,0x74,0x3d,0x22,0x32,0x34,0x22,0x3e,0xa,0x20,0x20,0x3c,0x64,0x65,0x66,
  0x73,0x20,0x69,0x64,0x3d,0x22,0x64,0x65,0x66,0x73,0x33,0x30,0x35,0x31,0x22,0x3e,
  0xa,0x20,0x20,0x20,0x20,0x3c,0x73,0x74,0x79,0x6c,0x65,0x20,0x74,0x79,0x70,0x65,
  0x3d,0x22,0x74,0x65,0x78,0x74,0x2f,0x63,0x73,0x73,0x22,0x20,0x69,0x64,0x3d,0x22,
  0x63,0x75,0x72,0x72,0x65,0x6e,0x74,0x2d,0x63,0x6f,0x6c,0x6f,0x72,0x2d,0x73,0x63,
  0x68,0x65,0x6d,0x65,0x22,0x3e,0x2e,0x43,0x6f,0x6c,0x6f,0x72,0x53,0x63,0x68,0x65,
  0x6d,0x65,0x2d,0x54,0x65,0x78,0x74,0x20,0x7b,0x20,0x63,0x6f,0x6c,0x6f,0x72,0x3a,
  0x20,0x23,0x66,0x63,0x66,0x63,0x66,0x63,0x3b,0x20,0x7d,0x20,0x3c,0x2f,0x73,0x74,
  0x79,0x6c,0x65,0x3e,0xa,0x20,0x20,0x3c,0x2f,0x64,0x65,0x66,0x73,0x3e,0xa,0x20,
  0x20,0x3c,0x67,0x20,0x74,0x72,0x61,0x6e,0x73,0x66,0x6f,0x72,0x6d,0x3d,0x22,0x74,
  0x72,0x61,0x6e,0x73,0x6c,0x61,0x74,0x65,0x28,0x31,0x2c,0x31,0x29,0x22,0x3e,0xa,
  0x20,0x20,0x20,0x20,0x3c,0x70,0x61,0x74,0x68,0x20,0x73,0x74,0x79,0x6c,0x65,0x3d,
  0x22,0x66,0x69,0x6c,0x6c,0x3a,0x63,0x75,0x72,0x72,0x65,0x6e,0x74,0x43,0x6f,0x6c,
  0x6f,0x72,0x3b,0x66,0x69,0x6c,0x6c,0x2d,0x6f,0x70,0x61,0x63,0x69,0x74,0x79,0x3a,
  0x31,0x3b,0x73,0x74,0x72,0x6f,0x6b,0x65,0x3a,0x6e,0x6f,0x6e,0x65,0x22,0x20,0x64,
  0x3d,0x22,0x4d,0x20,0x39,0x20,0x33,0x20,0x43,0x20,0x35,0x2e,0x36,0x37,0x35,0x39,
  0x39,0x35,0x32,0x20,0x33,0x20,0x33,0x20,0x35,0x2e,0x36,0x37,0x35,0x39,0x39,0x35,
  0x32,0x20,0x33,0x20,0x39,0x20,0x43,0x20,0x33,0x20,0x31,0x32,0x2e,0x33,0x32,0x34,
  0x30,0x30,0x35,0x20,0x35,0x2e,0x36,0x37,0x35,0x39,0x39,0x35,0x32,0x20,0x31,0x35,
  0x20,0x39,0x20,0x31,0x35,0x20,0x43,0x20,0x31,0x30,0x2e,0x34,0x38,0x31,0x32,0x30,
  0x35,0x20,0x31,0x35,0x20,0x31,0x31,0x2e,0x38,0x33,0x30,0x35,0x38,0x34,0x20,0x31,
  0x34,0x2e,0x34,0x36,0x35,0x33,0x31,0x38,0x20,0x31,0x32,0x2e,0x38,0x37,0x35,0x20,
  0x31,0x33,0x2e,0x35,0x38,0x32,0x30,0x33,0x31,0x20,0x4c,0x20,0x31,0x38,0x2e,0x32,
  0x39,0x32,0x39,0x36,0x39,0x20,0x31,0x39,0x20,0x4c,0x20,0x31,0x39,0x20,0x31,0x38,
  0x2e,0x32,0x39,0x32,0x39,0x36,0x39,0x20,0x4c,0x20,0x31,0x33,0x2e,0x35,0x38,0x32,
  0x30,0x33,0x31,0x20,0x31,0x32,0x2e,0x38,0x37,0x35,0x20,0x43,0x20,0x31,0x34,0x2e,
  0x34,0x36,0x35,0x33,0x31,0x38,0x20,0x31,0x31,0x2e,0x38,0x33,0x30,0x35,0x38,0x34,
  0x20,0x31,0x35,0x20,0x31,0x30,0x2e,0x34,0x38,0x31,0x32,0x30,0x35,0x20,0x31,0x35,
  0x20,0x39,0x20,0x43,0x20,0x31,0x35,0x20,0x35,0x2e,0x36,0x37,0x35,0x39,0x39,0x35,
  0x32,0x20,0x31,0x32,0x2e,0x33,0x32,0x34,0x30,0x30,0x35,0x20,0x33,0x20,0x39,0x20,
  0x33,0x20,0x7a,0x20,0x4d,0x20,0x39,0x20,0x34,0x20,0x43,0x20,0x31,0x31,0x2e,0x37,
  0x37,0x30,0x30,0x30,0x35,0x20,0x34,0x20,0x31,0x34,0x20,0x36,0x2e,0x32,0x32,0x39,
  0x39,0x39,0x35,0x32,0x20,0x31,0x34,0x20,0x39,0x20,0x43,0x20,0x31,0x34,0x20,0x31,
  0x31,0x2e,0x37,0x37,0x30,0x30,0x30,0x35,0x20,0x31,0x31,0x2e,0x37,0x37,0x30,0x30,
  0x30,0x35,0x20,0x31,0x34,0x20,0x39,0x20,0x31,0x34,0x20,0x43,0x20,0x36,0x2e,0x32,
  0x32,0x39,0x39,0x39,0x35,0x32,0x20,0x31,0x34,0x20,0x34,0x20,0x31,0x31,0x2e,0x37,
  0x37,0x30,0x30,0x30,0x35,0x20,0x34,0x20,0x39,0x20,0x43,0x20,0x34,0x20,0x36,0x2e,
  0x32,0x32,0x39,0x39,0x39,0x35,0x32,0x20,0x36,0x2e,0x32,0x32,0x39,0x39,0x39,0x35,
  0x32,0x20,0x34,0x20,0x39,0x20,0x34,0x20,0x7a,0x20,0x22,0x20,0x63,0x6c,0x61,0x73,
  0x73,0x3d,0x22,0x43,0x6f,0x6c,0x6f,0x72,0x53,0x63,0x68,0x65,0x6d,0x65,0x2d,0x54,
  0x65,0x78,0x74,0x22,0x2f,0x3e,0xa,0x20,0x20,0x3c,0x2f,0x67,0x3e,0xa,0x3c,0x2f,
  0x73,0x76,0x67,0x3e,0xa,
    // document-save-as.svg
  0x0,0x0,0x4,0xae,
  0x3c,
  0x73,0x76,0x67,0x20,0x78,0x6d,0x6c,0x6e,0x73,0x3d,0x22,0x68,0x74,0x74,0x70,0x3a,
  0x2f,0x2f,0x77,0x77,0x77,0x2e,0x77,0x33,0x2e,0x6f,0x72,0x67,0x2f,0x32,0x30,0x30,
  0x30,0x2f,0x73,0x76,0x67,0x22,0x20,0x76,0x69,0x65,0x77,0x42,0x6f,0x78,0x3d,0x22,
  0x30,0x20,0x30,0x20,0x32,0x34,0x20,0x32,0x34,0x22,0x20,0x77,0x69,0x64,0x74,0x68,
  0x3d,0x22,0x32,0x34,0x22,0x20,0x68,0x65,0x69,0x67,0x68,0x74,0x3d,0x22,0x32,0x34,
  0x22,0x3e,0xa,0x20,0x20,0x3c,0x64,0x65,0x66,0x73,0x20,0x69,0x64,0x3d,0x22,0x64,
  0x65,0x66,0x73,0x33,0x30,0x35,0x31,0x22,0x3e,0xa,0x20,0x20,0x20,0x20,0x3c,0x73,
  0x74,0x79,0x6c,0x65,0x20,0x74,0x79,0x70,0x65,0x3d,0x22,0x74,0x65,0x78,0x74,0x2f,
  0x63,0x73,0x73,0x22,0x20,0x69,0x64,0x3d,0x22,0x63,0x75,0x72,0x72,0x65,0x6e,0x74,
  0x2d,0x63,0x6f,0x6c,0x6f,0x72,0x2d,0x73,0x63,0x68,0x65,0x6d,0x65,0x22,0x3e,0x2e,
  0x43,0x6f,0x6c,0x6f,0x72,0x53,0x63,0x68,0x65,0x6d,0x65,0x2d,0x54,0x65,0x78,0x74,
  0x20,0x7b,0x20,0x63,0x6f,0x6c,0x6f,0x72,0x3a,0x20,0x23,0x66,0x63,0x66,0x63,0x66,
  0x63,0x3b,0x20,0x7d,0x20,0x3c,0x2f,0x73,0x74,0x79,0x6c,0x65,0x3e,0xa,0x20,0x20,
  0x3c,0x2f,0x64,0x65,0x66,0x73,0x3e,0xa,0x20,0x20,0x3c,0x67,0x20,0x74,0x72,0x61,
  0x6e,0x73,0x66,0x6f,0x72,0x6d,0x3d,0x22,0x74,0x72,0x61,0x6e,0x73,0x6c,0x61,0x74,
  0x65,0x28,0x31,0x2c,0x31,0x29,0x22,0x3e,0xa,0x20,0x20,0x20,0x20,0x3c,0x70,0x61,
  0x74,0x68,0x20,0x73,0x74,0x79,0x6c,0x65,0x3d,0x22,0x66,0x69,0x6c,0x6c,0x3a,0x63,
  0x75,0x72,0x72,0x65,0x6e,0x74,0x43,0x6f,0x6c,0x6f,0x72,0x3b,0x66,0x69,0x6c,0x6c,
  0x2d,0x6f,0x70,0x61,0x63,0x69,0x74,0x79,0x3a,0x31,0x3b,0x73,0x74,0x72,0x6f,0x6b,
  0x65,0x3a,0x6e,0x6f,0x6e,0x65,0x22,0x20,0x64,0x3d,0x22,0x4d,0x20,0x32,0x20,0x32,
  0x2e,0x39,0x39,0x38,0x30,0x34,0x36,0x39,0x20,0x4c,0x20,0x32,0x20,0x33,0x20,0x4c,
  0x20,0x32,0x20,0x34,0x20,0x4c,0x20,0x32,0x20,0x31,0x39,0x20,0x4c,0x20,0x33,0x20,
  0x31,0x39,0x20,0x4c,0x20,0x31,0x31,0x20,0x31,0x39,0x20,0x4c,0x20,0x31,0x31,0x20,
  0x31,0x38,0x20,0x4c,0x20,0x36,0x20,0x31,0x38,0x20,0x4c,0x20,0x36,0x20,0x31,0x32,
  0x20,0x4c,0x20,0x31,0x31,0x20,0x31,0x32,0x20,0x4c,0x20,0x31,0x31,0x20,0x31,0x31,
  0x20,0x4c,0x20,0x36,0x20,0x31,0x31,0x20,0x4c,0x20,0x35,0x20,0x31,0x31,0x20,0x4c,
  0x20,0x35,0x20,0x31,0x38,0x20,0x4c,0x20,0x33,0x20,0x31,0x38,0x20,0x4c,0x20,0x33,
  0x20,0x34,0x20,0x4c,0x20,0x36,0x20,0x34,0x20,0x4c,0x20,0x36,0x20,0x38,0x20,0x4c,
  0x20,0x36,0x20,0x39,0x20,0x4c,0x20,0x31,0x34,0x20,0x39,0x20,0x4c,0x20,0x31,0x34,
  0x20,0x38,0x20,0x4c,0x20,0x31,0x34,0x20,0x34,0x20,0x4c,0x20,0x31,0x34,0x2e,0x32,
  0x39,0x32,0x39,0x36,0x39,0x20,0x34,0x20,0x4c,0x20,0x31,0x37,0x20,0x36,0x2e,0x37,
  0x30,0x37,0x30,0x33,0x31,0x32,0x20,0x4c,0x20,0x31,0x37,0x20,0x37,0x20,0x4c,0x20,
  0x31,0x37,0x20,0x31,0x30,0x20,0x4c,0x20,0x31,0x38,0x20,0x31,0x30,0x20,0x4c,0x20,
  0x31,0x38,0x20,0x37,0x20,0x4c,0x20,0x31,0x38,0x20,0x36,0x2e,0x33,0x30,0x30,0x37,
  0x38,0x31,0x32,0x20,0x4c,0x20,0x31,0x37,0x2e,0x39,0x39,0x32,0x31,0x38,0x38,0x20,
  0x36,0x2e,0x33,0x30,0x30,0x37,0x38,0x31,0x32,0x20,0x4c,0x20,0x31,0x38,0x20,0x36,
  0x2e,0x32,0x39,0x31,0x30,0x31,0x35,0x36,0x20,0x4c,0x20,0x31,0x34,0x2e,0x37,0x30,
  0x37,0x30,0x33,0x31,0x20,0x32,0x2e,0x39,0x39,0x38,0x30,0x34,0x36,0x39,0x20,0x4c,
  0x20,0x31,0x34,0x2e,0x36,0x39,0x39,0x32,0x31,0x39,0x20,0x33,0x2e,0x30,0x30,0x37,
  0x38,0x31,0x32,0x35,0x20,0x4c,0x20,0x31,0x34,0x2e,0x36,0x39,0x39,0x32,0x31,0x39,
  0x20,0x32,0x2e,0x39,0x39,0x38,0x30,0x34,0x36,0x39,0x20,0x4c,0x20,0x31,0x34,0x20,
  0x32,0x2e,0x39,0x39,0x38,0x30,0x34,0x36,0x39,0x20,0x4c,0x20,0x32,0x20,0x32,0x2e,
  0x39,0x39,0x38,0x30,0x34,0x36,0x39,0x20,0x7a,0x20,0x4d,0x20,0x37,0x20,0x34,0x20,
  0x4c,0x20,0x31,0x30,0x2e,0x39,0x30,0x30,0x33,0x39,0x31,0x20,0x34,0x20,0x4c,0x20,
  0x31,0x30,0x2e,0x39,0x30,0x30,0x33,0x39,0x31,0x20,0x38,0x20,0x4c,0x20,0x37,0x20,
  0x38,0x20,0x4c,0x20,0x37,0x20,0x34,0x20,0x7a,0x20,0x4d,0x20,0x31,0x38,0x20,0x31,
  0x31,0x20,0x4c,0x20,0x31,0x37,0x2e,0x30,0x30,0x33,0x39,0x30,0x36,0x20,0x31,0x31,
  0x2e,0x39,0x39,0x34,0x31,0x34,0x31,0x20,0x4c,0x20,0x31,0x37,0x20,0x31,0x31,0x2e,
  0x39,0x39,0x34,0x31,0x34,0x31,0x20,0x4c,0x20,0x31,0x32,0x20,0x31,0x36,0x2e,0x39,
  0x39,0x32,0x31,0x38,0x38,0x20,0x4c,0x20,0x31,0x32,0x2e,0x30,0x30,0x37,0x38,0x31,
  0x32,0x20,0x31,0x37,0x2e,0x30,0x30,0x31,0x39,0x35,0x33,0x20,0x4c,0x20,0x31,0x32,
  0x2e,0x30,0x30,0x33,0x39,0x30,0x36,0x20,0x31,0x38,0x2e,0x30,0x30,0x35,0x38,0x35,
  0x39,0x20,0x4c,0x20,0x31,0x32,0x20,0x31,0x38,0x2e,0x30,0x30,0x35,0x38,0x35,0x39,
  0x20,0x4c,0x20,0x31,0x32,0x20,0x31,0x38,0x2e,0x39,0x39,0x36,0x30,0x39,0x34,0x20,
  0x4c,0x20,0x31,0x32,0x20,0x31,0x39,0x2e,0x30,0x30,0x35,0x38,0x35,0x39,0x20,0x4c,
  0x20,0x31,0x34,0x20,0x31,0x39,0x2e,0x30,0x30,0x35,0x38,0x35,0x39,0x20,0x4c,0x20,
  0x31,0x34,0x2e,0x30,0x30,0x35,0x38,0x35,0x39,0x20,0x31,0x38,0x2e,0x39,0x39,0x36,
  0x30,0x39,0x34,0x20,0x4c,0x20,0x31,0x34,0x2e,0x30,0x30,0x39,0x37,0x36,0x36,0x20,
  0x31,0x38,0x2e,0x39,0x39,0x36,0x30,0x39,0x34,0x20,0x4c,0x20,0x31,0x34,0x2e,0x30,
  0x31,0x39,0x35,0x33,0x31,0x20,0x31,0x38,0x2e,0x39,0x39,0x36,0x30,0x39,0x34,0x20,
  0x4c,0x20,0x31,0x34,0x2e,0x30,0x31,0x33,0x36,0x37,0x32,0x20,0x31,0x38,0x2e,0x39,
  0x38,0x36,0x33,0x32,0x38,0x20,0x4c,0x20,0x31,0x35,0x20,0x31,0x38,0x20,0x4c,0x20,
  0x31,0x39,0x20,0x31,0x34,0x2e,0x30,0x30,0x33,0x39,0x30,0x36,0x20,0x4c,0x20,0x31,
  0x38,0x2e,0x32,0x39,0x34,0x39,0x32,0x32,0x20,0x31,0x33,0x2e,0x32,0x39,0x34,0x39,
  0x32,0x32,0x20,0x4c,0x20,0x31,0x33,0x2e,0x33,0x30,0x34,0x36,0x38,0x38,0x20,0x31,
  0x38,0x2e,0x32,0x38,0x31,0x32,0x35,0x20,0x4c,0x20,0x31,0x32,0x2e,0x37,0x31,0x30,
  0x39,0x33,0x38,0x20,0x31,0x37,0x2e,0x36,0x38,0x39,0x34,0x35,0x33,0x20,0x4c,0x20,
  0x31,0x37,0x2e,0x37,0x30,0x33,0x31,0x32,0x35,0x20,0x31,0x32,0x2e,0x37,0x30,0x31,
  0x31,0x37,0x32,0x20,0x4c,0x20,0x31,0x38,0x2e,0x32,0x39,0x34,0x39,0x32,0x32,0x20,
  0x31,0x33,0x2e,0x32,0x39,0x34,0x39,0x32,0x32,0x20,0x4c,0x20,0x31,0x39,0x20,0x31,
  0x33,0x2e,0x39,0x39,0x38,0x30,0x34,0x37,0x20,0x4c,0x20,0x32,0x30,0x20,0x31,0x32,
  0x2e,0x39,0x39,0x38,0x30,0x34,0x37,0x20,0x4c,0x20,0x31,0x38,0x20,0x31,0x31,0x20,
  0x7a,0x20,0x22,0x20,0x63,0x6c,0x61,0x73,0x73,0x3d,0x22,0x43,0x6f,0x6c,0x6f,0x72,
  0x53,0x63,0x68,0x65,0x6d,0x65,0x2d,0x54,0x65,0x78,0x74,0x22,0x2f,0x3e,0xa,0x20,
  0x20,0x3c,0x2f,0x67,0x3e,0xa,0x3c,0x2f,0x73,0x76,0x67,0x3e,0xa,
    // view-close.svg
  0x0,0x0,0x2,0xd8,
  0x3c,
  0x73,0x76,0x67,0x20,0x78,0x6d,0x6c,0x6e,0x73,0x3d,0x22,0x68,0x74,0x74,0x70,0x3a,
  0x2f,0x2f,0x77,0x77,0x77,0x2e,0x77,0x33,0x2e,0x6f,0x72,0x67,0x2f,0x32,0x30,0x30,
  0x30,0x2f,0x73,0x76,0x67,0x22,0x20,0x76,0x69,0x65,0x77,0x42,0x6f,0x78,0x3d,0x22,
  0x30,0x20,0x30,0x20,0x32,0x34,0x20,0x32,0x34,0x22,0x20,0x77,0x69,0x64,0x74,0x68,
  0x3d,0x22,0x32,0x34,0x22,0x20,0x68,0x65,0x69,0x67,0x68,0x74,0x3d,0x22,0x32,0x34,
  0x22,0x3e,0xa,0x20,0x20,0x3c,0x64,0x65,0x66,0x73,0x20,0x69,0x64,0x3d,0x22,0x64,
  0x65,0x66,0x73,0x33,0x30,0x35,0x31,0x22,0x3e,0xa,0x20,0x20,0x20,0x20,0x3c,0x73,
  0x74,0x79,0x6c,0x65,0x20,0x74,0x79,0x70,0x65,0x3d,0x22,0x74,0x65,0x78,0x74,0x2f,
  0x63,0x73,0x73,0x22,0x20,0x69,0x64,0x3d,0x22,0x63,0x75,0x72,0x72,0x65,0x6e,0x74,
  0x2d,0x63,0x6f,0x6c,0x6f,0x72,0x2d,0x73,0x63,0x68,0x65,0x6d,0x65,0x22,0x3e,0x2e,
  0x43,0x6f,0x6c,0x6f,0x72,0x53,0x63,0x68,0x65,0x6d,0x65,0x2d,0x41,0x63,0x63,0x65,
  0x6e,0x74,0x20,0x7b,0x20,0x63,0x6f,0x6c,0x6f,0x72,0x3a,0x20,0x23,0x33,0x64,0x61,
  0x65,0x65,0x39,0x3b,0x20,0x7d,0x20,0x2e,0x43,0x6f,0x6c,0x6f,0x72,0x53,0x63,0x68,
  0x65,0x6d,0x65,0x2d,0x54,0x65,0x78,0x74,0x20,0x7b,0x20,0x63,0x6f,0x6c,0x6f,0x72,
  0x3a,0x20,0x23,0x66,0x63,0x66,0x63,0x66,0x63,0x3b,0x20,0x7d,0x20,0x3c,0x2f,0x73,
  0x74,0x79,0x6c,0x65,0x3e,0xa,0x20,0x20,0x3c,0x2f,0x64,0x65,0x66,0x73,0x3e,0xa,
  0x20,0x20,0x3c,0x67,0x20,0x74,0x72,0x61,0x6e,0x73,0x66,0x6f,0x72,0x6d,0x3d,0x22,
  0x74,0x72,0x61,0x6e,0x73,0x6c,0x61,0x74,0x65,0x28,0x31,0x2c,0x31,0x29,0x22,0x3e,
  0xa,0x20,0x20,0x20,0x20,0x3c,0x70,0x61,0x74,0x68,0x20,0x73,0x74,0x79,0x6c,0x65,
  0x3d,0x22,0x66,0x69,0x6c,0x6c,0x3a,0x63,0x75,0x72,0x72,0x65,0x6e,0x74,0x43,0x6f,
  0x6c,0x6f,0x72,0x3b,0x66,0x69,0x6c,0x6c,0x2d,0x6f,0x70,0x61,0x63,0x69,0x74,0x79,
  0x3a,0x31,0x3b,0x73,0x74,0x72,0x6f,0x6b,0x65,0x3a,0x6e,0x6f,0x6e,0x65,0x22,0x20,
  0x64,0x3d,0x22,0x4d,0x20,0x33,0x20,0x33,0x20,0x4c,0x20,0x33,0x20,0x31,0x39,0x20,
  0x4c,0x20,0x31,0x39,0x20,0x31,0x39,0x20,0x4c,0x20,0x31,0x39,0x20,0x33,0x20,0x4c,
  0x20,0x33,0x20,0x33,0x20,0x7a,0x20,0x4d,0x20,0x34,0x20,0x37,0x20,0x4c,0x20,0x31,
  0x38,0x20,0x37,0x20,0x4c,0x20,0x31,0x38,0x20,0x31,0x38,0x20,0x4c,0x20,0x34,0x20,
  0x31,0x38,0x20,0x4c,0x20,0x34,0x20,0x37,0x20,0x7a,0x20,0x22,0x20,0x63,0x6c,0x61,
  0x73,0x73,0x3d,0x22,0x43,0x6f,0x6c,0x6f,0x72,0x53,0x63,0x68,0x65,0x6d,0x65,0x2d,
  0x54,0x65,0x78,0x74,0x22,0x2f,0x3e,0xa,0x20,0x20,0x20,0x20,0x3c,0x70,0x61,0x74,
  0x68,0x20,0x73,0x74,0x79,0x6c,0x65,0x3d,0x22,0x66,0x69,0x6c,0x6c,0x3a,0x23,0x64,
  0x61,0x34,0x34,0x35,0x33,0x3b,0x66,0x69,0x6c,0x6c,0x2d,0x6f,0x70,0x61,0x63,0x69,
  0x74,0x79,0x3a,0x31,0x3b,0x73,0x74,0x72,0x6f,0x6b,0x65,0x3a,0x6e,0x6f,0x6e,0x65,
  0x22,0x20,0x64,0x3d,0x22,0x4d,0x20,0x38,0x2e,0x37,0x30,0x37,0x30,0x33,0x31,0x32,
  0x20,0x39,0x20,0x4c,0x20,0x38,0x20,0x39,0x2e,0x37,0x30,0x37,0x30,0x33,0x31,0x32,
  0x20,0x4c,0x20,0x31,0x30,0x2e,0x32,0x39,0x32,0x39,0x36,0x39,0x20,0x31,0x32,0x20,
  0x4c,0x20,0x38,0x20,0x31,0x34,0x2e,0x32,0x39,0x32,0x39,0x36,0x39,0x20,0x4c,0x20,
  0x38,0x2e,0x37,0x30,0x37,0x30,0x33,0x31,0x32,0x20,0x31,0x35,0x20,0x4c,0x20,0x31,
  0x31,0x20,0x31,0x32,0x2e,0x37,0x30,0x37,0x30,0x33,0x31,0x20,0x4c,0x20,0x31,0x33,
  0x2e,0x32,0x39,0x32,0x39,0x36,0x39,0x20,0x31,0x35,0x20,0x4c,0x20,0x31,0x34,0x20,
  0x31,0x34,0x2e,0x32,0x39,0x32,0x39,0x36,0x39,0x20,0x4c,0x20,0x31,0x31,0x2e,0x37,
  0x30,0x37,0x30,0x33,0x31,0x20,0x31,0x32,0x20,0x4c,0x20,0x31,0x34,0x20,0x39,0x2e,
  0x37,0x30,0x37,0x30,0x33,0x31,0x32,0x20,0x4c,0x20,0x31,0x33,0x2e,0x32,0x39,0x32,
  0x39,0x36,0x39,0x20,0x39,0x20,0x4c,0x20,0x31,0x31,0x20,0x31,0x31,0x2e,0x32,0x39,
  0x32,0x39,0x36,0x39,0x20,0x4c,0x20,0x38,0x2e,0x37,0x30,0x37,0x30,0x33,0x31,0x32,
  0x20,0x39,0x20,0x7a,0x20,0x22,0x2f,0x3e,0xa,0x20,0x20,0x3c,0x2f,0x67,0x3e,0xa,
  0x3c,0x2f,0x73,0x76,0x67,0x3e,0xa,
    // edit-copy.svg
  0x0,0x0,0x2,0x50,
  0x3c,
  0x21,0x44,0x4f,0x43,0x54,0x59,0x50,0x45,0x20,0x73,0x76,0x67,0x3e,0xa,0x3c,0x73,
  0x76,0x67,0x20,0x78,0x6d,0x6c,0x6e,0x73,0x3d,0x22,0x68,0x74,0x74,0x70,0x3a,0x2f,
  0x2f,0x77,0x77,0x77,0x2e,0x77,0x33,0x2e,0x6f,0x72,0x67,0x2f,0x32,0x30,0x30,0x30,
  0x2f,0x73,0x76,0x67,0x22,0x20,0x76,0x69,0x65,0x77,0x42,0x6f,0x78,0x3d,0x22,0x30,
  0x20,0x30,0x20,0x32,0x34,0x20,0x32,0x34,0x22,0x20,0x76,0x65,0x72,0x73,0x69,0x6f,
  0x6e,0x3d,0x22,0x31,0x2e,0x31,0x22,0x20,0x77,0x69,0x64,0x74,0x68,0x3d,0x22,0x32,
  0x34,0x22,0x20,0x68,0x65,0x69,0x67,0x68,0x74,0x3d,0x22,0x32,0x34,0x22,0x3e,0xa,
  0x20,0x20,0x3c,0x64,0x65,0x66,0x73,0x3e,0xa,0x20,0x20,0x20,0x20,0x3c,0x73,0x74,
  0x79,0x6c,0x65,0x20,0x74,0x79,0x70,0x65,0x3d,0x22,0x74,0x65,0x78,0x74,0x2f,0x63,
  0x73,0x73,0x22,0x20,0x69,0x64,0x3d,0x22,0x63,0x75,0x72,0x72,0x65,0x6e,0x74,0x2d,
  0x63,0x6f,0x6c,0x6f,0x72,0x2d,0x73,0x63,0x68,0x65,0x6d,0x65,0x22,0x3e,0xa,0x20,
  0x20,0x20,0x20,0x20,0x20,0x20,0x20,0x20,0x20,0x20,0x20,0x2e,0x43,0x6f,0x6c,0x6f,
  0x72,0x53,0x63,0x68,0x65,0x6d,0x65,0x2d,0x54,0x65,0x78,0x74,0x20,0x7b,0xa,0x20,
  0x20,0x20,0x20,0x20,0x20,0x20,0x20,0x20,0x20,0x20,0x20,0x20,0x20,0x20,0x20,0x63,
  0x6f,0x6c,0x6f,0x72,0x3a,0x23,0x65,0x66,0x66,0x30,0x66,0x31,0x3b,0xa,0x20,0x20,
  0x20,0x20,0x20,0x20,0x20,0x20,0x20,0x20,0x20,0x20,0x7d,0xa,0x20,0x20,0x20,0x20,
  0x20,0x20,0x20,0x20,0x3c,0x2f,0x73,0x74,0x79,0x6c,0x65,0x3e,0xa,0x20,0x20,0x3c,
  0x2f,0x64,0x65,0x66,0x73,0x3e,0xa,0x20,0x20,0x3c,0x67,0x20,0x74,0x72,0x61,0x6e,
  0x73,0x66,0x6f,0x72,0x6d,0x3d,0x22,0x74,0x72,0x61,0x6e,0x73,0x6c,0x61,0x74,0x65,
  0x28,0x31,0x2c,0x31,0x29,0x22,0x3e,0xa,0x20,0x20,0x20,0x20,0x3c,0x70,0x61,0x74,
  0x68,0x20,0x63,0x6c,0x61,0x73,0x73,0x3d,0x22,0x43,0x6f,0x6c,0x6f,0x72,0x53,0x63,
  0x68,0x65,0x6d,0x65,0x2d,0x54,0x65,0x78,0x74,0x22,0x20,0x73,0x74,0x79,0x6c,0x65,
  0x3d,0x22,0x66,0x69,0x6c,0x6c,0x3a,0x63,0x75,0x72,0x72,0x65,0x6e,0x74,0x43,0x6f,
  0x6c,0x6f,0x72,0x3b,0x20,0x66,0x69,0x6c,0x6c,0x2d,0x6f,0x70,0x61,0x63,0x69,0x74,
  0x79,0x3a,0x31,0x3b,0x20,0x73,0x74,0x72,0x6f,0x6b,0x65,0x3a,0x6e,0x6f,0x6e,0x65,
  0x22,0x20,0x64,0x3d,0x22,0x4d,0x20,0x33,0x20,0x33,0x20,0x4c,0x20,0x33,0x20,0x31,
  0x37,0x20,0x4c,0x20,0x37,0x20,0x31,0x37,0x20,0x4c,0x20,0x37,0x20,0x31,0x39,0x20,
  0x4c,0x20,0x31,0x37,0x20,0x31,0x39,0x20,0x4c,0x20,0x31,0x37,0x20,0x31,0x30,0x20,
  0x4c,0x20,0x31,0x33,0x20,0x36,0x20,0x4c,0x20,0x31,0x32,0x20,0x36,0x20,0x4c,0x20,
  0x39,0x20,0x33,0x20,0x4c,0x20,0x33,0x20,0x33,0x20,0x5a,0x20,0x4d,0x20,0x34,0x20,
  0x34,0x20,0x4c,0x20,0x38,0x20,0x34,0x20,0x4c,0x20,0x38,0x20,0x36,0x20,0x4c,0x20,
  0x37,0x20,0x36,0x20,0x4c,0x20,0x37,0x20,0x31,0x36,0x20,0x4c,0x20,0x34,0x20,0x31,
  0x36,0x20,0x4c,0x20,0x34,0x20,0x34,0x20,0x5a,0x20,0x4d,0x20,0x38,0x20,0x37,0x20,
  0x4c,0x20,0x31,0x32,0x20,0x37,0x20,0x4c,0x20,0x31,0x32,0x20,0x31,0x31,0x20,0x4c,
  0x20,0x31,0x36,0x20,0x31,0x31,0x20,0x4c,0x20,0x31,0x36,0x20,0x31,0x38,0x20,0x4c,
  0x20,0x38,0x20,0x31,0x38,0x20,0x4c,0x20,0x38,0x20,0x37,0x20,0x5a,0x22,0x2f,0x3e,
  0xa,0x20,0x20,0x3c,0x2f,0x67,0x3e,0xa,0x3c,0x2f,0x73,0x76,0x67,0x3e,0xa,
    // document-open.svg
  0x0,0x0,0x2,0x66,
  0x3c,
  0x73,0x76,0x67,0x20,0x78,0x6d,0x6c,0x6e,0x73,0x3d,0x22,0x68,0x74,0x74,0x70,0x3a,
  0x2f,0x2f,0x77,0x77,0x77,0x2e,0x77,0x33,0x2e,0x6f,0x72,0x67,0x2f,0x32,0x30,0x30,
  0x30,0x2f,0x73,0x76,0x67,0x22,0x20,0x76,0x69,0x65,0x77,0x42,0x6f,0x78,0x3d,0x22,
  0x30,0x20,0x30,0x20,0x32,0x34,0x20,0x32,0x34,0x22,0x20,0x77,0x69,0x64,0x74,0x68,
  0x3d,0x22,0x32,0x34,0x22,0x20,0x68,0x65,0x69,0x67,0x68,0x74,0x3d,0x22,0x32,0x34,
  0x22,0x3e,0xa,0x20,0x20,0x3c,0x64,0x65,0x66,0x73,0x20,0x69,0x64,0x3d,0x22,0x64,
  0x65,0x66,0x73,0x33,0x30,0x35,0x31,0x22,0x3e,0xa,0x20,0x20,0x20,0x20,0x3c,0x73,
  0x74,0x79,0x6c,0x65,0x20,0x74,0x79,0x70,0x65,0x3d,0x22,0x74,0x65,0x78,0x74,0x2f,
  0x63,0x73,0x73,0x22,0x20,0x69,0x64,0x3d,0x22,0x63,0x75,0x72,0x72,0x65,0x6e,0x74,
  0x2d,0x63,0x6f,0x6c,0x6f,0x72,0x2d,0x73,0x63,0x68,0x65,0x6d,0x65,0x22,0x3e,0x2e,
  0x43,0x6f,0x6c,0x6f,0x72,0x53,0x63,0x68,0x65,0x6d,0x65,0x2d,0x54,0x65,0x78,0x74,
  0x20,0x7b,0x20,0x63,0x6f,0x6c,0x6f,0x72,0x3a,0x20,0x23,0x66,0x63,0x66,0x63,0x66,
  0x63,0x3b,0x20,0x7d,0x20,0x3c,0x2f,0x73,0x74,0x79,0x6c,0x65,0x3e,0xa,0x20,0x20,
  0x3c,0x2f,0x64,0x65,0x66,0x73,0x3e,0xa,0x20,0x20,0x3c,0x67,0x20,0x74,0x72,0x61,
  0x6e,0x73,0x66,0x6f,0x72,0x6d,0x3d,0x22,0x74,0x72,0x61,0x6e,0x73,0x6c,0x61,0x74,
  0x65,0x28,0x31,0x2c,0x31,0x29,0x22,0x3e,0xa,0x20,0x20,0x20,0x20,0x3c,0x70,0x61,
  0x74,0x68,0x20,0x73,0x74,0x79,0x6c,0x65,0x3d,0x22,0x66,0x69,0x6c,0x6c,0x3a,0x63,
  0x75,0x72,0x72,0x65,0x6e,0x74,0x43,0x6f,0x6c,0x6f,0x72,0x3b,0x66,0x69,0x6c,0x6c,
  0x2d,0x6f,0x70,0x61,0x63,0x69,0x74,0x79,0x3a,0x31,0x3b,0x73,0x74,0x72,0x6f,0x6b,
  0x65,0x3a,0x6e,0x6f,0x6e,0x65,0x22,0x20,0x64,0x3d,0x22,0x4d,0x20,0x34,0x20,0x33,
  0x20,0x4c,0x20,0x34,0x20,0x31,0x39,0x20,0x4c,0x20,0x39,0x20,0x31,0x39,0x20,0x4c,
  0x20,0x39,0x20,0x31,0x38,0x20,0x4c,0x20,0x35,0x20,0x31,0x38,0x20,0x4c,0x20,0x35,
  0x20,0x34,0x20,0x4c,0x20,0x31,0x33,0x20,0x34,0x20,0x4c,0x20,0x31,0x33,0x20,0x38,
  0x20,0x4c,0x20,0x31,0x37,0x20,0x38,0x20,0x4c,0x20,0x31,0x37,0x20,0x31,0x31,0x20,
  0x4c,0x20,0x31,0x38,0x20,0x31,0x31,0x20,0x4c,0x20,0x31,0x38,0x20,0x37,0x20,0x4c,
  0x20,0x31,0x34,0x20,0x33,0x20,0x4c,0x20,0x31,0x34,0x20,0x33,0x20,0x4c,0x20,0x31,
  0x34,0x20,0x33,0x20,0x4c,0x20,0x35,0x20,0x33,0x20,0x4c,0x20,0x34,0x20,0x33,0x20,
  0x7a,0x20,0x4d,0x20,0x31,0x30,0x20,0x31,0x32,0x20,0x4c,0x20,0x31,0x30,0x20,0x31,
  0x39,0x20,0x4c,0x20,0x31,0x38,0x20,0x31,0x39,0x20,0x4c,0x20,0x31,0x38,0x20,0x31,
  0x33,0x20,0x4c,0x20,0x31,0x35,0x20,0x31,0x33,0x20,0x4c,0x20,0x31,0x34,0x20,0x31,
  0x32,0x20,0x4c,0x20,0x31,0x34,0x20,0x31,0x32,0x20,0x4c,0x20,0x31,0x34,0x20,0x31,
  0x32,0x20,0x4c,0x20,0x31,0x30,0x20,0x31,0x32,0x20,0x7a,0x20,0x4d,0x20,0x31,0x33,
  0x2e,0x31,0x20,0x31,0x34,0x20,0x4c,0x20,0x31,0x37,0x20,0x31,0x34,0x20,0x4c,0x20,
  0x31,0x37,0x20,0x31,0x38,0x20,0x4c,0x20,0x31,0x31,0x20,0x31,0x38,0x20,0x4c,0x20,
  0x31,0x31,0x20,0x31,0x35,0x20,0x4c,0x20,0x31,0x32,0x20,0x31,0x35,0x20,0x4c,0x20,
  0x31,0x33,0x2e,0x31,0x20,0x31,0x34,0x20,0x7a,0x20,0x22,0x20,0x63,0x6c,0x61,0x73,
  0x73,0x3d,0x22,0x43,0x6f,0x6c,0x6f,0x72,0x53,0x63,0x68,0x65,0x6d,0x65,0x2d,0x54,
  0x65,0x78,0x74,0x22,0x2f,0x3e,0xa,0x20,0x20,0x3c,0x2f,0x67,0x3e,0xa,0x3c,0x2f,
  0x73,0x76,0x67,0x3e,0xa,
    // network-connect.svg
  0x0,0x0,0x2,0x67,
  0x3c,
  0x73,0x76,0x67,0x20,0x78,0x6d,0x6c,0x6e,0x73,0x3d,0x22,0x68,0x74,0x74,0x70,0x3a,
  0x2f,0x2f,0x77,0x77,0x77,0x2e,0x77,0x33,0x2e,0x6f,0x72,0x67,0x2f,0x32,0x30,0x30,
  0x30,0x2f,0x73,0x76,0x67,0x22,0x20,0x76,0x69,0x65,0x77,0x42,0x6f,0x78,0x3d,0x22,
  0x30,0x20,0x30,0x20,0x32,0x34,0x20,0x32,0x34,0x22,0x20,0x77,0x69,0x64,0x74,0x68,
  0x3d,0x22,0x32,0x34,0x22,0x20,0x68,0x65,0x69,0x67,0x68,0x74,0x3d,0x22,0x32,0x34,
  0x22,0x3e,0xa,0x20,0x20,0x3c,0x64,0x65,0x66,0x73,0x20,0x69,0x64,0x3d,0x22,0x64,
  0x65,0x66,0x73,0x33,0x30,0x35,0x31,0x22,0x3e,0xa,0x20,0x20,0x20,0x20,0x3c,0x73,
  0x74,0x79,0x6c,0x65,0x20,0x74,0x79,0x70,0x65,0x3d,0x22,0x74,0x65,0x78,0x74,0x2f,
  0x63,0x73,0x73,0x22,0x20,0x69,0x64,0x3d,0x22,0x63,0x75,0x72,0x72,0x65,0x6e,0x74,
  0x2d,0x63,0x6f,0x6c,0x6f,0x72,0x2d,0x73,0x63,0x68,0x65,0x6d,0x65,0x22,0x3e,0x2e,
  0x43,0x6f,0x6c,0x6f,0x72,0x53,0x63,0x68,0x65,0x6d,0x65,0x2d,0x54,0x65,0x78,0x74,
  0x20,0x7b,0x20,0x63,0x6f,0x6c,0x6f,0x72,0x3a,0x20,0x23,0x66,0x63,0x66,0x63,0x66,
  0x63,0x3b,0x20,0x7d,0x20,0x3c,0x2f,0x73,0x74,0x79,0x6c,0x65,0x3e,0xa,0x20,0x20,
  0x3c,0x2f,0x64,0x65,0x66,0x73,0x3e,0xa,0x20,0x20,0x3c,0x67,0x20,0x74,0x72,0x61,
  0x6e,0x73,0x66,0x6f,0x72,0x6d,0x3d,0x22,0x74,0x72,0x61,0x6e,0x73,0x6c,0x61,0x74,
  0x65,0x28,0x31,0x2c,0x31,0x29,0x22,0x3e,0xa,0x20,0x20,0x20,0x20,0x3c,0x70,0x61,
  0x74,0x68,0x20,0x73,0x74,0x79,0x6c,0x65,0x3d,0x22,0x66,0x69,0x6c,0x6c,0x3a,0x63,
  0x75,0x72,0x72,0x65,0x6e,0x74,0x43,0x6f,0x6c,0x6f,0x72,0x3b,0x66,0x69,0x6c,0x6c,
  0x2d,0x6f,0x70,0x61,0x63,0x69,0x74,0x79,0x3a,0x31,0x3b,0x73,0x74,0x72,0x6f,0x6b,
  0x65,0x3a,0x6e,0x6f,0x6e,0x65,0x22,0x20,0x64,0x3d,0x22,0x4d,0x20,0x31,0x38,0x2e,
  0x32,0x39,0x32,0x39,0x36,0x39,0x20,0x33,0x20,0x4c,0x20,0x31,0x34,0x2e,0x37,0x39,
  0x32,0x39,0x36,0x39,0x20,0x36,0x2e,0x35,0x20,0x4c,0x20,0x31,0x33,0x2e,0x32,0x39,
  0x32,0x39,0x36,0x39,0x20,0x35,0x20,0x4c,0x20,0x31,0x31,0x2e,0x32,0x39,0x32,0x39,
  0x36,0x39,0x20,0x37,0x20,0x4c,0x20,0x38,0x20,0x31,0x30,0x2e,0x32,0x39,0x32,0x39,
  0x36,0x39,0x20,0x4c,0x20,0x36,0x20,0x31,0x32,0x2e,0x32,0x39,0x32,0x39,0x36,0x39,
  0x20,0x4c,0x20,0x37,0x2e,0x35,0x20,0x31,0x33,0x2e,0x37,0x39,0x32,0x39,0x36,0x39,
  0x20,0x4c,0x20,0x33,0x20,0x31,0x38,0x2e,0x32,0x39,0x32,0x39,0x36,0x39,0x20,0x4c,
  0x20,0x33,0x2e,0x37,0x30,0x37,0x30,0x33,0x31,0x32,0x20,0x31,0x39,0x20,0x4c,0x20,
  0x38,0x2e,0x32,0x30,0x37,0x30,0x33,0x31,0x32,0x20,0x31,0x34,0x2e,0x35,0x20,0x4c,
  0x20,0x39,0x2e,0x37,0x30,0x37,0x30,0x33,0x31,0x32,0x20,0x31,0x36,0x20,0x4c,0x20,
  0x31,0x31,0x2e,0x37,0x30,0x37,0x30,0x33,0x31,0x20,0x31,0x34,0x20,0x4c,0x20,0x31,
  0x35,0x20,0x31,0x30,0x2e,0x37,0x30,0x37,0x30,0x33,0x31,0x20,0x4c,0x20,0x31,0x37,
  0x20,0x38,0x2e,0x37,0x30,0x37,0x30,0x33,0x31,0x32,0x20,0x4c,0x20,0x31,0x35,0x2e,
  0x35,0x20,0x37,0x2e,0x32,0x30,0x37,0x30,0x33,0x31,0x32,0x20,0x4c,0x20,0x31,0x39,
  0x20,0x33,0x2e,0x37,0x30,0x37,0x30,0x33,0x31,0x32,0x20,0x4c,0x20,0x31,0x38,0x2e,
  0x32,0x39,0x32,0x39,0x36,0x39,0x20,0x33,0x20,0x7a,0x20,0x22,0x20,0x63,0x6c,0x61,
  0x73,0x73,0x3d,0x22,0x43,0x6f,0x6c,0x6f,0x72,0x53,0x63,0x68,0x65,0x6d,0x65,0x2d,
  0x54,0x65,0x78,0x74,0x22,0x2f,0x3e,0xa,0x20,0x20,0x3c,0x2f,0x67,0x3e,0xa,0x3c,
  0x2f,0x73,0x76,0x67,0x3e,0xa,
    // window-restore-pip.svg
  0x0,0x0,0x2,0x41,
  0x3c,
  0x73,0x76,0x67,0x20,0x78,0x6d,0x6c,0x6e,0x73,0x3d,0x22,0x68,0x74,0x74,0x70,0x3a,
  0x2f,0x2f,0x77,0x77,0x77,0x2e,0x77,0x33,0x2e,0x6f,0x72,0x67,0x2f,0x32,0x30,0x30,
  0x30,0x2f,0x73,0x76,0x67,0x22,0x20,0x76,0x65,0x72,0x73,0x69,0x6f,0x6e,0x3d,0x22,
  0x31,0x2e,0x31,0x22,0x20,0x76,0x69,0x65,0x77,0x42,0x6f,0x78,0x3d,0x22,0x30,0x20,
  0x30,0x20,0x32,0x34,0x20,0x32,0x34,0x22,0x20,0x77,0x69,0x64,0x74,0x68,0x3d,0x22,
  0x32,0x34,0x22,0x20,0x68,0x65,0x69,0x67,0x68,0x74,0x3d,0x22,0x32,0x34,0x22,0x3e,
  0xa,0x20,0x20,0x3c,0x64,0x65,0x66,0x73,0x3e,0xa,0x20,0x20,0x20,0x20,0x3c,0x73,
  0x74,0x79,0x6c,0x65,0x20,0x69,0x64,0x3d,0x22,0x63,0x75,0x72,0x72,0x65,0x6e,0x74,
  0x2d,0x63,0x6f,0x6c,0x6f,0x72,0x2d,0x73,0x63,0x68,0x65,0x6d,0x65,0x22,0x20,0x74,
  0x79,0x70,0x65,0x3d,0x22,0x74,0x65,0x78,0x74,0x2f,0x63,0x73,0x73,0x22,0x3e,0x2e,
  0x43,0x6f,0x6c,0x6f,0x72,0x53,0x63,0x68,0x65,0x6d,0x65,0x2d,0x54,0x65,0x78,0x74,
  0x20,0x7b,0x20,0x63,0x6f,0x6c,0x6f,0x72,0x3a,0x20,0x23,0x66,0x63,0x66,0x63,0x66,
  0x63,0x3b,0x20,0x7d,0x20,0x3c,0x2f,0x73,0x74,0x79,0x6c,0x65,0x3e,0xa,0x20,0x20,
  0x3c,0x2f,0x64,0x65,0x66,0x73,0x3e,0xa,0x20,0x20,0x3c,0x67,0x20,0x74,0x72,0x61,
  0x6e,0x73,0x66,0x6f,0x72,0x6d,0x3d,0x22,0x74,0x72,0x61,0x6e,0x73,0x6c,0x61,0x74,
  0x65,0x28,0x31,0x2c,0x31,0x29,0x22,0x3e,0xa,0x20,0x20,0x20,0x20,0x3c,0x70,0x61,
  0x74,0x68,0x20,0x63,0x6c,0x61,0x73,0x73,0x3d,0x22,0x43,0x6f,0x6c,0x6f,0x72,0x53,
  0x63,0x68,0x65,0x6d,0x65,0x2d,0x54,0x65,0x78,0x74,0x22,0x20,0x64,0x3d,0x22,0x4d,
  0x20,0x35,0x2c,0x31,0x32,0x2e,0x39,0x34,0x39,0x37,0x34,0x37,0x20,0x48,0x20,0x35,
  0x2e,0x39,0x39,0x39,0x38,0x39,0x32,0x20,0x56,0x20,0x39,0x2e,0x37,0x30,0x37,0x20,
  0x4c,0x20,0x39,0x2e,0x30,0x33,0x35,0x34,0x38,0x2c,0x31,0x32,0x2e,0x37,0x34,0x32,
  0x35,0x38,0x37,0x20,0x39,0x2e,0x37,0x34,0x32,0x35,0x38,0x36,0x39,0x2c,0x31,0x32,
  0x2e,0x30,0x33,0x35,0x34,0x38,0x20,0x36,0x2e,0x37,0x30,0x36,0x39,0x39,0x39,0x2c,
  0x38,0x2e,0x39,0x39,0x39,0x38,0x39,0x33,0x20,0x48,0x20,0x39,0x2e,0x39,0x34,0x39,
  0x37,0x34,0x36,0x39,0x20,0x56,0x20,0x38,0x20,0x48,0x20,0x35,0x20,0x76,0x20,0x30,
  0x2e,0x32,0x39,0x32,0x37,0x38,0x37,0x20,0x7a,0x22,0x20,0x66,0x69,0x6c,0x6c,0x3d,
  0x22,0x63,0x75,0x72,0x72,0x65,0x6e,0x74,0x43,0x6f,0x6c,0x6f,0x72,0x22,0x2f,0x3e,
  0xa,0x20,0x20,0x20,0x20,0x3c,0x70,0x61,0x74,0x68,0x20,0x63,0x6c,0x61,0x73,0x73,
  0x3d,0x22,0x43,0x6f,0x6c,0x6f,0x72,0x53,0x63,0x68,0x65,0x6d,0x65,0x2d,0x54,0x65,
  0x78,0x74,0x22,0x20,0x64,0x3d,0x22,0x6d,0x33,0x20,0x33,0x76,0x31,0x36,0x68,0x38,
  0x76,0x2d,0x31,0x68,0x2d,0x37,0x76,0x2d,0x31,0x31,0x68,0x31,0x34,0x76,0x34,0x68,
  0x31,0x76,0x2d,0x38,0x68,0x2d,0x31,0x7a,0x6d,0x39,0x20,0x39,0x76,0x34,0x2d,0x31,
  0x20,0x35,0x68,0x38,0x76,0x2d,0x38,0x68,0x2d,0x33,0x7a,0x6d,0x31,0x20,0x33,0x68,
  0x36,0x76,0x34,0x68,0x2d,0x36,0x76,0x2d,0x35,0x7a,0x22,0x20,0x66,0x69,0x6c,0x6c,
  0x3d,0x22,0x63,0x75,0x72,0x72,0x65,0x6e,0x74,0x43,0x6f,0x6c,0x6f,0x72,0x22,0x2f,
  0x3e,0xa,0x20,0x20,0x3c,0x2f,0x67,0x3e,0xa,0x3c,0x2f,0x73,0x76,0x67,0x3e,0xa,
  
    // network-disconnect.svg
  0x0,0x0,0x4,0x59,
  0x3c,
  0x73,0x76,0x67,0x20,0x78,0x6d,0x6c,0x6e,0x73,0x3d,0x22,0x68,0x74,0x74,0x70,0x3a,
  0x2f,0x2f,0x77,0x77,0x77,0x2e,0x77,0x33,0x2e,0x6f,0x72,0x67,0x2f,0x32,0x30,0x30,
  0x30,0x2f,0x73,0x76,0x67,0x22,0x20,0x76,0x69,0x65,0x77,0x42,0x6f,0x78,0x3d,0x22,
  0x30,0x20,0x30,0x20,0x32,0x34,0x20,0x32,0x34,0x22,0x20,0x77,0x69,0x64,0x74,0x68,
  0x3d,0x22,0x32,0x34,0x22,0x20,0x68,0x65,0x69,0x67,0x68,0x74,0x3d,0x22,0x32,0x34,
  0x22,0x3e,0xa,0x20,0x20,0x3c,0x64,0x65,0x66,0x73,0x20,0x69,0x64,0x3d,0x22,0x64,
  0x65,0x66,0x73,0x33,0x30,0x35,0x31,0x22,0x3e,0xa,0x20,0x20,0x20,0x20,0x3c,0x73,
  0x74,0x79,0x6c,0x65,0x20,0x74,0x79,0x70,0x65,0x3d,0x22,0x74,0x65,0x78,0x74,0x2f,
  0x63,0x73,0x73,0x22,0x20,0x69,0x64,0x3d,0x22,0x63,0x75,0x72,0x72,0x65,0x6e,0x74,
  0x2d,0x63,0x6f,0x6c,0x6f,0x72,0x2d,0x73,0x63,0x68,0x65,0x6d,0x65,0x22,0x3e,0x2e,
  0x43,0x6f,0x6c,0x6f,0x72,0x53,0x63,0x68,0x65,0x6d,0x65,0x2d,0x4e,0x65,0x67,0x61,
  0x74,0x69,0x76,0x65,0x54,0x65,0x78,0x74,0x20,0x7b,0x20,0x63,0x6f,0x6c,0x6f,0x72,
  0x3a,0x20,0x23,0x64,0x61,0x34,0x34,0x35,0x33,0x3b,0x20,0x7d,0x20,0x2e,0x43,0x6f,
  0x6c,0x6f,0x72,0x53,0x63,0x68,0x65,0x6d,0x65,0x2d,0x54,0x65,0x78,0x74,0x20,0x7b,
  0x20,0x63,0x6f,0x6c,0x6f,0x72,0x3a,0x20,0x23,0x66,0x63,0x66,0x63,0x66,0x63,0x3b,
  0x20,0x7d,0x20,0x3c,0x2f,0x73,0x74,0x79,0x6c,0x65,0x3e,0xa,0x20,0x20,0x3c,0x2f,
  0x64,0x65,0x66,0x73,0x3e,0xa,0x20,0x20,0x3c,0x67,0x20,0x74,0x72,0x61,0x6e,0x73,
  0x66,0x6f,0x72,0x6d,0x3d,0x22,0x74,0x72,0x61,0x6e,0x73,0x6c,0x61,0x74,0x65,0x28,
  0x31,0x2c,0x31,0x29,0x22,0x3e,0xa,0x20,0x20,0x20,0x20,0x3c,0x70,0x61,0x74,0x68,
  0x20,0x73,0x74,0x79,0x6c,0x65,0x3d,0x22,0x66,0x69,0x6c,0x6c,0x3a,0x63,0x75,0x72,
  0x72,0x65,0x6e,0x74,0x43,0x6f,0x6c,0x6f,0x72,0x3b,0x66,0x69,0x6c,0x6c,0x2d,0x6f,
  0x70,0x61,0x63,0x69,0x74,0x79,0x3a,0x31,0x3b,0x73,0x74,0x72,0x6f,0x6b,0x65,0x3a,
  0x6e,0x6f,0x6e,0x65,0x22,0x20,0x64,0x3d,0x22,0x4d,0x20,0x31,0x38,0x2e,0x32,0x39,
  0x32,0x39,0x36,0x39,0x20,0x33,0x20,0x4c,0x20,0x31,0x34,0x2e,0x37,0x39,0x32,0x39,
  0x36,0x39,0x20,0x36,0x2e,0x35,0x20,0x4c,0x20,0x31,0x33,0x2e,0x32,0x39,0x32,0x39,
  0x36,0x39,0x20,0x35,0x20,0x4c,0x20,0x31,0x31,0x2e,0x32,0x39,0x32,0x39,0x36,0x39,
  0x20,0x37,0x20,0x4c,0x20,0x39,0x2e,0x35,0x20,0x38,0x2e,0x37,0x39,0x32,0x39,0x36,
  0x38,0x38,0x20,0x4c,0x20,0x31,0x31,0x20,0x31,0x30,0x2e,0x32,0x39,0x32,0x39,0x36,
  0x39,0x20,0x4c,0x20,0x31,0x31,0x2e,0x37,0x30,0x37,0x30,0x33,0x31,0x20,0x31,0x31,
  0x20,0x4c,0x20,0x31,0x33,0x2e,0x32,0x30,0x37,0x30,0x33,0x31,0x20,0x31,0x32,0x2e,
  0x35,0x20,0x4c,0x20,0x31,0x35,0x20,0x31,0x30,0x2e,0x37,0x30,0x37,0x30,0x33,0x31,
  0x20,0x4c,0x20,0x31,0x37,0x20,0x38,0x2e,0x37,0x30,0x37,0x30,0x33,0x31,0x32,0x20,
  0x4c,0x20,0x31,0x35,0x2e,0x35,0x20,0x37,0x2e,0x32,0x30,0x37,0x30,0x33,0x31,0x32,
  0x20,0x4c,0x20,0x31,0x39,0x20,0x33,0x2e,0x37,0x30,0x37,0x30,0x33,0x31,0x32,0x20,
  0x4c,0x20,0x31,0x38,0x2e,0x32,0x39,0x32,0x39,0x36,0x39,0x20,0x33,0x20,0x7a,0x20,
  0x4d,0x20,0x38,0x2e,0x37,0x39,0x32,0x39,0x36,0x38,0x38,0x20,0x39,0x2e,0x35,0x20,
  0x4c,0x20,0x38,0x20,0x31,0x30,0x2e,0x32,0x39,0x32,0x39,0x36,0x39,0x20,0x4c,0x20,
  0x36,0x20,0x31,0x32,0x2e,0x32,0x39,0x32,0x39,0x36,0x39,0x20,0x4c,0x20,0x37,0x2e,
  0x35,0x20,0x31,0x33,0x2e,0x37,0x39,0x32,0x39,0x36,0x39,0x20,0x4c,0x20,0x33,0x20,
  0x31,0x38,0x2e,0x32,0x39,0x32,0x39,0x36,0x39,0x20,0x4c,0x20,0x33,0x2e,0x37,0x30,
  0x37,0x30,0x33,0x31,0x32,0x20,0x31,0x39,0x20,0x4c,0x20,0x38,0x2e,0x32,0x30,0x37,
  0x30,0x33,0x31,0x32,0x20,0x31,0x34,0x2e,0x35,0x20,0x4c,0x20,0x39,0x2e,0x37,0x30,
  0x37,0x30,0x33,0x31,0x32,0x20,0x31,0x36,0x20,0x4c,0x20,0x31,0x31,0x2e,0x37,0x30,
  0x37,0x30,0x33,0x31,0x20,0x31,0x34,0x20,0x4c,0x20,0x31,0x32,0x2e,0x35,0x20,0x31,
  0x33,0x2e,0x32,0x30,0x37,0x30,0x33,0x31,0x20,0x4c,0x20,0x31,0x31,0x20,0x31,0x31,
  0x2e,0x37,0x30,0x37,0x30,0x33,0x31,0x20,0x4c,0x20,0x31,0x30,0x2e,0x32,0x39,0x32,
  0x39,0x36,0x39,0x20,0x31,0x31,0x20,0x4c,0x20,0x38,0x2e,0x37,0x39,0x32,0x39,0x36,
  0x38,0x38,0x20,0x39,0x2e,0x35,0x20,0x7a,0x20,0x22,0x20,0x63,0x6c,0x61,0x73,0x73,
  0x3d,0x22,0x43,0x6f,0x6c,0x6f,0x72,0x53,0x63,0x68,0x65,0x6d,0x65,0x2d,0x54,0x65,
  0x78,0x74,0x22,0x2f,0x3e,0xa,0x20,0x20,0x20,0x20,0x3c,0x70,0x61,0x74,0x68,0x20,
  0x73,0x74,0x79,0x6c,0x65,0x3d,0x22,0x66,0x69,0x6c,0x6c,0x3a,0x63,0x75,0x72,0x72,
  0x65,0x6e,0x74,0x43,0x6f,0x6c,0x6f,0x72,0x3b,0x66,0x69,0x6c,0x6c,0x2d,0x6f,0x70,
  0x61,0x63,0x69,0x74,0x79,0x3a,0x31,0x3b,0x73,0x74,0x72,0x6f,0x6b,0x65,0x3a,0x6e,
  0x6f,0x6e,0x65,0x22,0x20,0x64,0x3d,0x22,0x4d,0x20,0x31,0x34,0x2e,0x38,0x33,0x33,
  0x39,0x38,0x34,0x20,0x31,0x34,0x20,0x4c,0x20,0x31,0x34,0x20,0x31,0x34,0x2e,0x38,
  0x33,0x33,0x39,0x38,0x34,0x20,0x4c,0x20,0x31,0x35,0x2e,0x36,0x36,0x36,0x30,0x31,
  0x36,0x20,0x31,0x36,0x2e,0x35,0x20,0x4c,0x20,0x31,0x34,0x20,0x31,0x38,0x2e,0x31,
  0x36,0x36,0x30,0x31,0x36,0x20,0x4c,0x20,0x31,0x34,0x2e,0x38,0x33,0x33,0x39,0x38,
  0x34,0x20,0x31,0x39,0x20,0x4c,0x20,0x31,0x36,0x2e,0x35,0x20,0x31,0x37,0x2e,0x33,
  0x33,0x33,0x39,0x38,0x34,0x20,0x4c,0x20,0x31,0x38,0x2e,0x31,0x36,0x36,0x30,0x31,
  0x36,0x20,0x31,0x39,0x20,0x4c,0x20,0x31,0x39,0x20,0x31,0x38,0x2e,0x31,0x36,0x36,
  0x30,0x31,0x36,0x20,0x4c,0x20,0x31,0x37,0x2e,0x33,0x33,0x33,0x39,0x38,0x34,0x20,
  0x31,0x36,0x2e,0x35,0x20,0x4c,0x20,0x31,0x39,0x20,0x31,0x34,0x2e,0x38,0x33,0x33,
  0x39,0x38,0x34,0x20,0x4c,0x20,0x31,0x38,0x2e,0x31,0x36,0x36,0x30,0x31,0x36,0x20,
  0x31,0x34,0x20,0x4c,0x20,0x31,0x36,0x2e,0x35,0x20,0x31,0x35,0x2e,0x36,0x36,0x36,
  0x30,0x31,0x36,0x20,0x4c,0x20,0x31,0x34,0x2e,0x38,0x33,0x33,0x39,0x38,0x34,0x20,
  0x31,0x34,0x20,0x7a,0x20,0x22,0x20,0x63,0x6c,0x61,0x73,0x73,0x3d,0x22,0x43,0x6f,
  0x6c,0x6f,0x72,0x53,0x63,0x68,0x65,0x6d,0x65,0x2d,0x4e,0x65,0x67,0x61,0x74,0x69,
  0x76,0x65,0x54,0x65,0x78,0x74,0x22,0x2f,0x3e,0xa,0x20,0x20,0x3c,0x2f,0x67,0x3e,
  0xa,0x3c,0x2f,0x73,0x76,0x67,0x3e,0xa,
    // tools-report-bug.svg
  0x0,0x0,0x3,0xe9,
  0x3c,
  0x73,0x76,0x67,0x20,0x78,0x6d,0x6c,0x6e,0x73,0x3d,0x22,0x68,0x74,0x74,0x70,0x3a,
  0x2f,0x2f,0x77,0x77,0x77,0x2e,0x77,0x33,0x2e,0x6f,0x72,0x67,0x2f,0x32,0x30,0x30,
  0x30,0x2f,0x73,0x76,0x67,0x22,0x20,0x76,0x69,0x65,0x77,0x42,0x6f,0x78,0x3d,0x22,
  0x30,0x20,0x30,0x20,0x32,0x34,0x20,0x32,0x34,0x22,0x20,0x77,0x69,0x64,0x74,0x68,
  0x3d,0x22,0x32,0x34,0x22,0x20,0x68,0x65,0x69,0x67,0x68,0x74,0x3d,0x22,0x32,0x34,
  0x22,0x3e,0xa,0x20,0x20,0x3c,0x64,0x65,0x66,0x73,0x20,0x69,0x64,0x3d,0x22,0x64,
  0x65,0x66,0x73,0x33,0x30,0x35,0x31,0x22,0x3e,0xa,0x20,0x20,0x20,0x20,0x3c,0x73,
  0x74,0x79,0x6c,0x65,0x20,0x74,0x79,0x70,0x65,0x3d,0x22,0x74,0x65,0x78,0x74,0x2f,
  0x63,0x73,0x73,0x22,0x20,0x69,0x64,0x3d,0x22,0x63,0x75,0x72,0x72,0x65,0x6e,0x74,
  0x2d,0x63,0x6f,0x6c,0x6f,0x72,0x2d,0x73,0x63,0x68,0x65,0x6d,0x65,0x22,0x3e,0x2e,
  0x43,0x6f,0x6c,0x6f,0x72,0x53,0x63,0x68,0x65,0x6d,0x65,0x2d,0x54,0x65,0x78,0x74,
  0x20,0x7b,0x20,0x63,0x6f,0x6c,0x6f,0x72,0x3a,0x20,0x23,0x66,0x63,0x66,0x63,0x66,
  0x63,0x3b,0x20,0x7d,0x20,0x3c,0x2f,0x73,0x74,0x79,0x6c,0x65,0x3e,0xa,0x20,0x20,
  0x3c,0x2f,0x64,0x65,0x66,0x73,0x3e,0xa,0x20,0x20,0x3c,0x67,0x20,0x74,0x72,0x61,
  0x6e,0x73,0x66,0x6f,0x72,0x6d,0x3d,0x22,0x74,0x72,0x61,0x6e,0x73,0x6c,0x61,0x74,
  0x65,0x28,0x31,0x2c,0x31,0x29,0x22,0x3e,0xa,0x20,0x20,0x20,0x20,0x3c,0x70,0x61,
  0x74,0x68,0x20,0x73,0x74,0x79,0x6c,0x65,0x3d,0x22,0x66,0x69,0x6c,0x6c,0x3a,0x63,
  0x75,0x72,0x72,0x65,0x6e,0x74,0x43,0x6f,0x6c,0x6f,0x72,0x3b,0x66,0x69,0x6c,0x6c,
  0x2d,0x6f,0x70,0x61,0x63,0x69,0x74,0x79,0x3a,0x31,0x3b,0x73,0x74,0x72,0x6f,0x6b,
  0x65,0x3a,0x6e,0x6f,0x6e,0x65,0x22,0x20,0x64,0x3d,0x22,0x4d,0x20,0x33,0x20,0x33,
  0x20,0x4c,0x20,0x33,0x20,0x31,0x39,0x20,0x4c,0x20,0x34,0x20,0x31,0x39,0x20,0x4c,
  0x20,0x31,0x39,0x20,0x31,0x39,0x20,0x4c,0x20,0x31,0x39,0x20,0x31,0x38,0x20,0x4c,
  0x20,0x31,0x39,0x20,0x33,0x20,0x4c,0x20,0x31,0x38,0x20,0x33,0x20,0x4c,0x20,0x34,
  0x20,0x33,0x20,0x4c,0x20,0x33,0x20,0x33,0x20,0x7a,0x20,0x4d,0x20,0x34,0x20,0x34,
  0x20,0x4c,0x20,0x31,0x38,0x20,0x34,0x20,0x4c,0x20,0x31,0x38,0x20,0x31,0x38,0x20,
  0x4c,0x20,0x34,0x20,0x31,0x38,0x20,0x4c,0x20,0x34,0x20,0x34,0x20,0x7a,0x20,0x4d,
  0x20,0x35,0x20,0x35,0x20,0x4c,0x20,0x35,0x20,0x36,0x20,0x4c,0x20,0x36,0x20,0x36,
  0x20,0x4c,0x20,0x36,0x20,0x35,0x20,0x4c,0x20,0x35,0x20,0x35,0x20,0x7a,0x20,0x4d,
  0x20,0x36,0x20,0x36,0x20,0x4c,0x20,0x36,0x20,0x38,0x20,0x4c,0x20,0x38,0x20,0x38,
  0x20,0x4c,0x20,0x38,0x20,0x36,0x20,0x4c,0x20,0x36,0x20,0x36,0x20,0x7a,0x20,0x4d,
  0x20,0x38,0x20,0x36,0x20,0x4c,0x20,0x39,0x20,0x36,0x20,0x4c,0x20,0x39,0x20,0x35,
  0x20,0x4c,0x20,0x38,0x20,0x35,0x20,0x4c,0x20,0x38,0x20,0x36,0x20,0x7a,0x20,0x4d,
  0x20,0x38,0x20,0x38,0x20,0x4c,0x20,0x38,0x20,0x39,0x20,0x4c,0x20,0x39,0x20,0x39,
  0x20,0x4c,0x20,0x39,0x20,0x38,0x20,0x4c,0x20,0x38,0x20,0x38,0x20,0x7a,0x20,0x4d,
  0x20,0x36,0x20,0x38,0x20,0x4c,0x20,0x35,0x20,0x38,0x20,0x4c,0x20,0x35,0x20,0x39,
  0x20,0x4c,0x20,0x36,0x20,0x39,0x20,0x4c,0x20,0x36,0x20,0x38,0x20,0x7a,0x20,0x4d,
  0x20,0x31,0x33,0x20,0x35,0x20,0x4c,0x20,0x31,0x33,0x20,0x36,0x20,0x4c,0x20,0x31,
  0x34,0x20,0x36,0x20,0x4c,0x20,0x31,0x34,0x20,0x35,0x20,0x4c,0x20,0x31,0x33,0x20,
  0x35,0x20,0x7a,0x20,0x4d,0x20,0x31,0x34,0x20,0x36,0x20,0x4c,0x20,0x31,0x34,0x20,
  0x38,0x20,0x4c,0x20,0x31,0x36,0x20,0x38,0x20,0x4c,0x20,0x31,0x36,0x20,0x36,0x20,
  0x4c,0x20,0x31,0x34,0x20,0x36,0x20,0x7a,0x20,0x4d,0x20,0x31,0x36,0x20,0x36,0x20,
  0x4c,0x20,0x31,0x37,0x20,0x36,0x20,0x4c,0x20,0x31,0x37,0x20,0x35,0x20,0x4c,0x20,
  0x31,0x36,0x20,0x35,0x20,0x4c,0x20,0x31,0x36,0x20,0x36,0x20,0x7a,0x20,0x4d,0x20,
  0x31,0x36,0x20,0x38,0x20,0x4c,0x20,0x31,0x36,0x20,0x39,0x20,0x4c,0x20,0x31,0x37,
  0x20,0x39,0x20,0x4c,0x20,0x31,0x37,0x20,0x38,0x20,0x4c,0x20,0x31,0x36,0x20,0x38,
  0x20,0x7a,0x20,0x4d,0x20,0x31,0x34,0x20,0x38,0x20,0x4c,0x20,0x31,0x33,0x20,0x38,
  0x20,0x4c,0x20,0x31,0x33,0x20,0x39,0x20,0x4c,0x20,0x31,0x34,0x20,0x39,0x20,0x4c,
  0x20,0x31,0x34,0x20,0x38,0x20,0x7a,0x20,0x4d,0x20,0x39,0x20,0x31,0x31,0x20,0x4c,
  0x20,0x39,0x20,0x31,0x33,0x20,0x4c,0x20,0x31,0x33,0x20,0x31,0x33,0x20,0x4c,0x20,
  0x31,0x33,0x20,0x31,0x31,0x20,0x4c,0x20,0x39,0x20,0x31,0x31,0x20,0x7a,0x20,0x4d,
  0x20,0x31,0x33,0x20,0x31,0x33,0x20,0x4c,0x20,0x31,0x33,0x20,0x31,0x35,0x20,0x4c,
  0x20,0x31,0x35,0x20,0x31,0x35,0x20,0x4c,0x20,0x31,0x35,0x20,0x31,0x33,0x20,0x4c,
  0x20,0x31,0x33,0x20,0x31,0x33,0x20,0x7a,0x20,0x4d,0x20,0x31,0x35,0x20,0x31,0x35,
  0x20,0x4c,0x20,0x31,0x35,0x20,0x31,0x37,0x20,0x4c,0x20,0x31,0x37,0x20,0x31,0x37,
  0x20,0x4c,0x20,0x31,0x37,0x20,0x31,0x35,0x20,0x4c,0x20,0x31,0x35,0x20,0x31,0x35,
  0x20,0x7a,0x20,0x4d,0x20,0x39,0x20,0x31,0x33,0x20,0x4c,0x20,0x37,0x20,0x31,0x33,
  0x20,0x4c,0x20,0x37,0x20,0x31,0x35,0x20,0x4c,0x20,0x39,0x20,0x31,0x35,0x20,0x4c,
  0x20,0x39,0x20,0x31,0x33,0x20,0x7a,0x20,0x4d,0x20,0x37,0x20,0x31,0x35,0x20,0x4c,
  0x20,0x35,0x20,0x31,0x35,0x20,0x4c,0x20,0x35,0x20,0x31,0x37,0x20,0x4c,0x20,0x37,
  0x20,0x31,0x37,0x20,0x4c,0x20,0x37,0x20,0x31,0x35,0x20,0x7a,0x20,0x22,0x20,0x63,
  0x6c,0x61,0x73,0x73,0x3d,0x22,0x43,0x6f,0x6c,0x6f,0x72,0x53,0x63,0x68,0x65,0x6d,
  0x65,0x2d,0x54,0x65,0x78,0x74,0x22,0x2f,0x3e,0xa,0x20,0x20,0x3c,0x2f,0x67,0x3e,
  0xa,0x3c,0x2f,0x73,0x76,0x67,0x3e,0xa,
    // go-down.svg
  0x0,0x0,0x2,0x25,
  0x3c,
  0x3f,0x78,0x6d,0x6c,0x20,0x76,0x65,0x72,0x73,0x69,0x6f,0x6e,0x3d,0x22,0x31,0x2e,
  0x30,0x22,0x20,0x65,0x6e,0x63,0x6f,0x64,0x69,0x6e,0x67,0x3d,0x22,0x55,0x54,0x46,
  0x2d,0x38,0x22,0x3f,0x3e,0xa,0x3c,0x73,0x76,0x67,0x20,0x78,0x6d,0x6c,0x6e,0x73,
  0x3d,0x22,0x68,0x74,0x74,0x70,0x3a,0x2f,0x2f,0x77,0x77,0x77,0x2e,0x77,0x33,0x2e,
  0x6f,0x72,0x67,0x2f,0x32,0x30,0x30,0x30,0x2f,0x73,0x76,0x67,0x22,0x20,0x76,0x69,
  0x65,0x77,0x42,0x6f,0x78,0x3d,0x22,0x30,0x20,0x30,0x20,0x32,0x34,0x20,0x32,0x34,
  0x22,0x20,0x77,0x69,0x64,0x74,0x68,0x3d,0x22,0x32,0x34,0x22,0x20,0x68,0x65,0x69,
  0x67,0x68,0x74,0x3d,0x22,0x32,0x34,0x22,0x3e,0xa,0x20,0x20,0x3c,0x64,0x65,0x66,
  0x73,0x20,0x69,0x64,0x3d,0x22,0x64,0x65,0x66,0x73,0x33,0x30,0x35,0x31,0x22,0x3e,
  0xa,0x20,0x20,0x20,0x20,0x3c,0x73,0x74,0x79,0x6c,0x65,0x20,0x74,0x79,0x70,0x65,
  0x3d,0x22,0x74,0x65,0x78,0x74,0x2f,0x63,0x73,0x73,0x22,0x20,0x69,0x64,0x3d,0x22,
  0x63,0x75,0x72,0x72,0x65,0x6e,0x74,0x2d,0x63,0x6f,0x6c,0x6f,0x72,0x2d,0x73,0x63,
  0x68,0x65,0x6d,0x65,0x22,0x3e,0x2e,0x43,0x6f,0x6c,0x6f,0x72,0x53,0x63,0x68,0x65,
  0x6d,0x65,0x2d,0x54,0x65,0x78,0x74,0x20,0x7b,0x20,0x63,0x6f,0x6c,0x6f,0x72,0x3a,
  0x20,0x23,0x66,0x63,0x66,0x63,0x66,0x63,0x3b,0x20,0x7d,0x20,0x3c,0x2f,0x73,0x74,
  0x79,0x6c,0x65,0x3e,0xa,0x20,0x20,0x3c,0x2f,0x64,0x65,0x66,0x73,0x3e,0xa,0x20,
  0x20,0x3c,0x67,0x20,0x74,0x72,0x61,0x6e,0x73,0x66,0x6f,0x72,0x6d,0x3d,0x22,0x74,
  0x72,0x61,0x6e,0x73,0x6c,0x61,0x74,0x65,0x28,0x31,0x2c,0x31,0x29,0x22,0x3e,0xa,
  0x20,0x20,0x20,0x20,0x3c,0x70,0x61,0x74,0x68,0x20,0x73,0x74,0x79,0x6c,0x65,0x3d,
  0x22,0x66,0x69,0x6c,0x6c,0x3a,0x63,0x75,0x72,0x72,0x65,0x6e,0x74,0x43,0x6f,0x6c,
  0x6f,0x72,0x3b,0x66,0x69,0x6c,0x6c,0x2d,0x6f,0x70,0x61,0x63,0x69,0x74,0x79,0x3a,
  0x31,0x3b,0x73,0x74,0x72,0x6f,0x6b,0x65,0x3a,0x6e,0x6f,0x6e,0x65,0x22,0x20,0x64,
  0x3d,0x22,0x6d,0x33,0x2e,0x37,0x30,0x37,0x30,0x33,0x31,0x20,0x37,0x6c,0x2d,0x2e,
  0x37,0x30,0x37,0x30,0x33,0x31,0x2e,0x37,0x30,0x37,0x30,0x33,0x31,0x20,0x36,0x2e,
  0x31,0x32,0x35,0x20,0x36,0x2e,0x31,0x32,0x35,0x20,0x31,0x2e,0x38,0x37,0x35,0x20,
  0x31,0x2e,0x38,0x37,0x35,0x20,0x31,0x2e,0x38,0x37,0x35,0x2d,0x31,0x2e,0x38,0x37,
  0x35,0x20,0x36,0x2e,0x31,0x32,0x35,0x2d,0x36,0x2e,0x31,0x32,0x35,0x2d,0x2e,0x37,
  0x30,0x37,0x30,0x33,0x31,0x2d,0x2e,0x37,0x30,0x37,0x30,0x33,0x31,0x2d,0x36,0x2e,
  0x31,0x32,0x35,0x20,0x36,0x2e,0x31,0x32,0x35,0x2d,0x31,0x2e,0x31,0x36,0x37,0x39,
  0x36,0x39,0x20,0x31,0x2e,0x31,0x36,0x37,0x39,0x36,0x39,0x2d,0x31,0x2e,0x31,0x36,
  0x37,0x39,0x36,0x39,0x2d,0x31,0x2e,0x31,0x36,0x37,0x39,0x36,0x39,0x2d,0x36,0x2e,
  0x31,0x32,0x35,0x2d,0x36,0x2e,0x31,0x32,0x35,0x22,0x20,0x63,0x6c,0x61,0x73,0x73,
  0x3d,0x22,0x43,0x6f,0x6c,0x6f,0x72,0x53,0x63,0x68,0x65,0x6d,0x65,0x2d,0x54,0x65,
  0x78,0x74,0x22,0x2f,0x3e,0xa,0x20,0x20,0x3c,0x2f,0x67,0x3e,0xa,0x3c,0x2f,0x73,
  0x76,0x67,0x3e,0xa,
    // window-minimize-pip.svg
  0x0,0x0,0x2,0x55,
  0x3c,
  0x73,0x76,0x67,0x20,0x78,0x6d,0x6c,0x6e,0x73,0x3d,0x22,0x68,0x74,0x74,0x70,0x3a,
  0x2f,0x2f,0x77,0x77,0x77,0x2e,0x77,0x33,0x2e,0x6f,0x72,0x67,0x2f,0x32,0x30,0x30,
  0x30,0x2f,0x73,0x76,0x67,0x22,0x20,0x76,0x65,0x72,0x73,0x69,0x6f,0x6e,0x3d,0x22,
  0x31,0x2e,0x31,0x22,0x20,0x76,0x69,0x65,0x77,0x42,0x6f,0x78,0x3d,0x22,0x30,0x20,
  0x30,0x20,0x32,0x34,0x20,0x32,0x34,0x22,0x20,0x77,0x69,0x64,0x74,0x68,0x3d,0x22,
  0x32,0x34,0x22,0x20,0x68,0x65,0x69,0x67,0x68,0x74,0x3d,0x22,0x32,0x34,0x22,0x3e,
  0xa,0x20,0x20,0x3c,0x64,0x65,0x66,0x73,0x3e,0xa,0x20,0x20,0x20,0x20,0x3c,0x73,
  0x74,0x79,0x6c,0x65,0x20,0x69,0x64,0x3d,0x22,0x63,0x75,0x72,0x72,0x65,0x6e,0x74,
  0x2d,0x63,0x6f,0x6c,0x6f,0x72,0x2d,0x73,0x63,0x68,0x65,0x6d,0x65,0x22,0x20,0x74,
  0x79,0x70,0x65,0x3d,0x22,0x74,0x65,0x78,0x74,0x2f,0x63,0x73,0x73,0x22,0x3e,0x2e,
  0x43,0x6f,0x6c,0x6f,0x72,0x53,0x63,0x68,0x65,0x6d,0x65,0x2d,0x54,0x65,0x78,0x74,
  0x20,0x7b,0x20,0x63,0x6f,0x6c,0x6f,0x72,0x3a,0x20,0x23,0x66,0x63,0x66,0x63,0x66,
  0x63,0x3b,0x20,0x7d,0x20,0x3c,0x2f,0x73,0x74,0x79,0x6c,0x65,0x3e,0xa,0x20,0x20,
  0x3c,0x2f,0x64,0x65,0x66,0x73,0x3e,0xa,0x20,0x20,0x3c,0x67,0x20,0x74,0x72,0x61,
  0x6e,0x73,0x66,0x6f,0x72,0x6d,0x3d,0x22,0x74,0x72,0x61,0x6e,0x73,0x6c,0x61,0x74,
  0x65,0x28,0x31,0x2c,0x31,0x29,0x22,0x3e,0xa,0x20,0x20,0x20,0x20,0x3c,0x70,0x61,
  0x74,0x68,0x20,0x63,0x6c,0x61,0x73,0x73,0x3d,0x22,0x43,0x6f,0x6c,0x6f,0x72,0x53,
  0x63,0x68,0x65,0x6d,0x65,0x2d,0x54,0x65,0x78,0x74,0x22,0x20,0x64,0x3d,0x22,0x6d,
  0x39,0x2e,0x39,0x33,0x39,0x30,0x37,0x20,0x38,0x2e,0x30,0x37,0x31,0x38,0x30,0x32,
  0x36,0x2d,0x30,0x2e,0x39,0x39,0x39,0x38,0x39,0x32,0x20,0x32,0x65,0x2d,0x37,0x76,
  0x33,0x2e,0x32,0x34,0x32,0x37,0x34,0x37,0x32,0x6c,0x2d,0x33,0x2e,0x30,0x33,0x35,
  0x35,0x38,0x37,0x35,0x2d,0x33,0x2e,0x30,0x33,0x35,0x35,0x38,0x37,0x2d,0x30,0x2e,
  0x37,0x30,0x37,0x31,0x30,0x37,0x20,0x30,0x2e,0x37,0x30,0x37,0x31,0x30,0x36,0x38,
  0x20,0x33,0x2e,0x30,0x33,0x35,0x35,0x38,0x37,0x35,0x20,0x33,0x2e,0x30,0x33,0x35,
  0x35,0x38,0x37,0x32,0x68,0x2d,0x33,0x2e,0x32,0x34,0x32,0x37,0x34,0x37,0x35,0x76,
  0x30,0x2e,0x39,0x39,0x39,0x38,0x39,0x33,0x68,0x34,0x2e,0x39,0x34,0x39,0x37,0x34,
  0x36,0x35,0x76,0x2d,0x30,0x2e,0x32,0x39,0x32,0x37,0x38,0x37,0x7a,0x22,0x20,0x66,
  0x69,0x6c,0x6c,0x3d,0x22,0x63,0x75,0x72,0x72,0x65,0x6e,0x74,0x43,0x6f,0x6c,0x6f,
  0x72,0x22,0x2f,0x3e,0xa,0x20,0x20,0x20,0x20,0x3c,0x70,0x61,0x74,0x68,0x20,0x63,
  0x6c,0x61,0x73,0x73,0x3d,0x22,0x43,0x6f,0x6c,0x6f,0x72,0x53,0x63,0x68,0x65,0x6d,
  0x65,0x2d,0x54,0x65,0x78,0x74,0x22,0x20,0x64,0x3d,0x22,0x6d,0x33,0x20,0x33,0x76,
  0x31,0x36,0x68,0x38,0x76,0x2d,0x31,0x68,0x2d,0x37,0x76,0x2d,0x31,0x31,0x68,0x31,
  0x34,0x76,0x34,0x68,0x31,0x76,0x2d,0x38,0x68,0x2d,0x31,0x7a,0x6d,0x39,0x20,0x39,
  0x76,0x34,0x2d,0x31,0x20,0x35,0x68,0x38,0x76,0x2d,0x38,0x68,0x2d,0x33,0x7a,0x6d,
  0x31,0x20,0x33,0x68,0x36,0x76,0x34,0x68,0x2d,0x36,0x76,0x2d,0x35,0x7a,0x22,0x20,
  0x66,0x69,0x6c,0x6c,0x3d,0x22,0x63,0x75,0x72,0x72,0x65,0x6e,0x74,0x43,0x6f,0x6c,
  0x6f,0x72,0x22,0x2f,0x3e,0xa,0x20,0x20,0x3c,0x2f,0x67,0x3e,0xa,0x3c,0x2f,0x73,
  0x76,0x67,0x3e,0xa,
    // edit-clear-all.svg
  0x0,0x0,0x4,0xb2,
  0x3c,
  0x73,0x76,0x67,0x20,0x78,0x6d,0x6c,0x6e,0x73,0x3d,0x22,0x68,0x74,0x74,0x70,0x3a,
  0x2f,0x2f,0x77,0x77,0x77,0x2e,0x77,0x33,0x2e,0x6f,0x72,0x67,0x2f,0x32,0x30,0x30,
  0x30,0x2f,0x73,0x76,0x67,0x22,0x20,0x76,0x69,0x65,0x77,0x42,0x6f,0x78,0x3d,0x22,
  0x30,0x20,0x30,0x20,0x32,0x34,0x20,0x32,0x34,0x22,0x20,0x77,0x69,0x64,0x74,0x68,
  0x3d,0x22,0x32,0x34,0x22,0x20,0x68,0x65,0x69,0x67,0x68,0x74,0x3d,0x22,0x32,0x34,
  0x22,0x3e,0xa,0x20,0x20,0x3c,0x64,0x65,0x66,0x73,0x20,0x69,0x64,0x3d,0x22,0x64,
  0x65,0x66,0x73,0x33,0x30,0x35,0x31,0x22,0x3e,0xa,0x20,0x20,0x20,0x20,0x3c,0x73,
  0x74,0x79,0x6c,0x65,0x20,0x74,0x79,0x70,0x65,0x3d,0x22,0x74,0x65,0x78,0x74,0x2f,
  0x63,0x73,0x73,0x22,0x20,0x69,0x64,0x3d,0x22,0x63,0x75,0x72,0x72,0x65,0x6e,0x74,
  0x2d,0x63,0x6f,0x6c,0x6f,0x72,0x2d,0x73,0x63,0x68,0x65,0x6d,0x65,0x22,0x3e,0x2e,
  0x43,0x6f,0x6c,0x6f,0x72,0x53,0x63,0x68,0x65,0x6d,0x65,0x2d,0x54,0x65,0x78,0x74,
  0x20,0x7b,0x20,0x63,0x6f,0x6c,0x6f,0x72,0x3a,0x20,0x23,0x66,0x63,0x66,0x63,0x66,
  0x63,0x3b,0x20,0x7d,0x20,0x3c,0x2f,0x73,0x74,0x79,0x6c,0x65,0x3e,0xa,0x20,0x20,
  0x3c,0x2f,0x64,0x65,0x66,0x73,0x3e,0xa,0x20,0x20,0x3c,0x67,0x20,0x74,0x72,0x61,
  0x6e,0x73,0x66,0x6f,0x72,0x6d,0x3d,0x22,0x74,0x72,0x61,0x6e,0x73,0x6c,0x61,0x74,
  0x65,0x28,0x31,0x2c,0x31,0x29,0x22,0x3e,0xa,0x20,0x20,0x20,0x20,0x3c,0x70,0x61,
  0x74,0x68,0x20,0x73,0x74,0x79,0x6c,0x65,0x3d,0x22,0x66,0x69,0x6c,0x6c,0x3a,0x63,
  0x75,0x72,0x72,0x65,0x6e,0x74,0x43,0x6f,0x6c,0x6f,0x72,0x3b,0x66,0x69,0x6c,0x6c,
  0x2d,0x6f,0x70,0x61,0x63,0x69,0x74,0x79,0x3a,0x31,0x3b,0x73,0x74,0x72,0x6f,0x6b,
  0x65,0x3a,0x6e,0x6f,0x6e,0x65,0x22,0x20,0x64,0x3d,0x22,0x4d,0x20,0x31,0x37,0x2e,
  0x35,0x36,0x34,0x34,0x35,0x33,0x20,0x32,0x2e,0x37,0x35,0x35,0x38,0x35,0x39,0x34,
  0x20,0x4c,0x20,0x31,0x34,0x2e,0x32,0x39,0x38,0x38,0x32,0x38,0x20,0x38,0x2e,0x35,
  0x37,0x34,0x32,0x31,0x38,0x38,0x20,0x4c,0x20,0x31,0x31,0x2e,0x38,0x38,0x32,0x38,
  0x31,0x32,0x20,0x37,0x2e,0x31,0x33,0x38,0x36,0x37,0x31,0x39,0x20,0x4c,0x20,0x31,
  0x30,0x2e,0x38,0x36,0x31,0x33,0x32,0x38,0x20,0x38,0x2e,0x38,0x35,0x37,0x34,0x32,
  0x31,0x39,0x20,0x4c,0x20,0x31,0x36,0x2e,0x35,0x31,0x31,0x37,0x31,0x39,0x20,0x31,
  0x32,0x2e,0x32,0x31,0x36,0x37,0x39,0x37,0x20,0x4c,0x20,0x31,0x37,0x2e,0x35,0x33,
  0x33,0x32,0x30,0x33,0x20,0x31,0x30,0x2e,0x34,0x39,0x36,0x30,0x39,0x34,0x20,0x4c,
  0x20,0x31,0x35,0x2e,0x31,0x35,0x38,0x32,0x30,0x33,0x20,0x39,0x2e,0x30,0x38,0x33,
  0x39,0x38,0x34,0x34,0x20,0x4c,0x20,0x31,0x38,0x2e,0x34,0x33,0x35,0x35,0x34,0x37,
  0x20,0x33,0x2e,0x32,0x34,0x34,0x31,0x34,0x30,0x36,0x20,0x4c,0x20,0x31,0x37,0x2e,
  0x35,0x36,0x34,0x34,0x35,0x33,0x20,0x32,0x2e,0x37,0x35,0x35,0x38,0x35,0x39,0x34,
  0x20,0x7a,0x20,0x4d,0x20,0x37,0x20,0x36,0x20,0x41,0x20,0x31,0x20,0x31,0x20,0x30,
  0x20,0x30,0x20,0x30,0x20,0x36,0x20,0x37,0x20,0x41,0x20,0x31,0x20,0x31,0x20,0x30,
  0x20,0x30,0x20,0x30,0x20,0x37,0x20,0x38,0x20,0x41,0x20,0x31,0x20,0x31,0x20,0x30,
  0x20,0x30,0x20,0x30,0x20,0x38,0x20,0x37,0x20,0x41,0x20,0x31,0x20,0x31,0x20,0x30,
  0x20,0x30,0x20,0x30,0x20,0x37,0x20,0x36,0x20,0x7a,0x20,0x4d,0x20,0x33,0x2e,0x35,
  0x20,0x37,0x20,0x41,0x20,0x30,0x2e,0x35,0x20,0x30,0x2e,0x35,0x20,0x30,0x20,0x30,
  0x20,0x30,0x20,0x33,0x20,0x37,0x2e,0x35,0x20,0x41,0x20,0x30,0x2e,0x35,0x20,0x30,
  0x2e,0x35,0x20,0x30,0x20,0x30,0x20,0x30,0x20,0x33,0x2e,0x35,0x20,0x38,0x20,0x41,
  0x20,0x30,0x2e,0x35,0x20,0x30,0x2e,0x35,0x20,0x30,0x20,0x30,0x20,0x30,0x20,0x34,
  0x20,0x37,0x2e,0x35,0x20,0x41,0x20,0x30,0x2e,0x35,0x20,0x30,0x2e,0x35,0x20,0x30,
  0x20,0x30,0x20,0x30,0x20,0x33,0x2e,0x35,0x20,0x37,0x20,0x7a,0x20,0x4d,0x20,0x35,
  0x20,0x39,0x20,0x41,0x20,0x31,0x20,0x31,0x20,0x30,0x20,0x30,0x20,0x30,0x20,0x34,
  0x20,0x31,0x30,0x20,0x41,0x20,0x31,0x20,0x31,0x20,0x30,0x20,0x30,0x20,0x30,0x20,
  0x35,0x20,0x31,0x31,0x20,0x41,0x20,0x31,0x20,0x31,0x20,0x30,0x20,0x30,0x20,0x30,
  0x20,0x36,0x20,0x31,0x30,0x20,0x41,0x20,0x31,0x20,0x31,0x20,0x30,0x20,0x30,0x20,
  0x30,0x20,0x35,0x20,0x39,0x20,0x7a,0x20,0x4d,0x20,0x31,0x30,0x20,0x31,0x30,0x20,
  0x43,0x20,0x38,0x2e,0x38,0x38,0x31,0x35,0x31,0x32,0x35,0x20,0x31,0x31,0x2e,0x35,
  0x36,0x34,0x32,0x36,0x38,0x20,0x36,0x2e,0x38,0x33,0x35,0x35,0x30,0x35,0x35,0x20,
  0x31,0x32,0x2e,0x38,0x31,0x30,0x38,0x39,0x34,0x20,0x33,0x20,0x31,0x33,0x20,0x4c,
  0x20,0x33,0x20,0x31,0x34,0x20,0x43,0x20,0x35,0x2e,0x31,0x31,0x33,0x37,0x31,0x33,
  0x35,0x20,0x31,0x37,0x2e,0x33,0x37,0x31,0x36,0x39,0x32,0x20,0x38,0x20,0x31,0x39,
  0x20,0x31,0x32,0x20,0x31,0x39,0x20,0x4c,0x20,0x31,0x33,0x20,0x31,0x39,0x20,0x43,
  0x20,0x31,0x34,0x2e,0x33,0x31,0x31,0x32,0x34,0x39,0x20,0x31,0x37,0x2e,0x34,0x31,
  0x32,0x38,0x30,0x35,0x20,0x31,0x35,0x2e,0x33,0x35,0x37,0x35,0x31,0x33,0x20,0x31,
  0x35,0x2e,0x39,0x36,0x37,0x36,0x31,0x39,0x20,0x31,0x36,0x20,0x31,0x34,0x20,0x4c,
  0x20,0x31,0x36,0x20,0x31,0x33,0x20,0x4c,0x20,0x31,0x31,0x20,0x31,0x30,0x20,0x4c,
  0x20,0x31,0x30,0x20,0x31,0x30,0x20,0x7a,0x20,0x4d,0x20,0x31,0x30,0x2e,0x35,0x32,
  0x39,0x32,0x39,0x37,0x20,0x31,0x31,0x2e,0x31,0x30,0x31,0x35,0x36,0x32,0x20,0x4c,
  0x20,0x31,0x34,0x2e,0x38,0x35,0x37,0x34,0x32,0x32,0x20,0x31,0x33,0x2e,0x36,0x39,
  0x39,0x32,0x31,0x39,0x20,0x43,0x20,0x31,0x34,0x2e,0x32,0x38,0x34,0x35,0x39,0x34,
  0x20,0x31,0x35,0x2e,0x32,0x34,0x35,0x38,0x36,0x20,0x31,0x33,0x2e,0x33,0x38,0x35,
  0x34,0x30,0x34,0x20,0x31,0x36,0x2e,0x36,0x30,0x32,0x38,0x33,0x33,0x20,0x31,0x32,
  0x2e,0x32,0x37,0x33,0x34,0x33,0x38,0x20,0x31,0x37,0x2e,0x39,0x36,0x38,0x37,0x35,
  0x20,0x43,0x20,0x38,0x2e,0x39,0x39,0x39,0x39,0x39,0x39,0x35,0x20,0x31,0x38,0x20,
  0x36,0x2e,0x30,0x35,0x32,0x37,0x36,0x38,0x20,0x31,0x36,0x2e,0x35,0x34,0x30,0x35,
  0x33,0x38,0x20,0x34,0x2e,0x33,0x32,0x36,0x31,0x37,0x31,0x39,0x20,0x31,0x33,0x2e,
  0x38,0x33,0x30,0x30,0x37,0x38,0x20,0x43,0x20,0x37,0x2e,0x34,0x34,0x34,0x33,0x38,
  0x37,0x39,0x20,0x31,0x33,0x2e,0x35,0x31,0x39,0x34,0x36,0x20,0x39,0x2e,0x33,0x34,
  0x35,0x37,0x31,0x35,0x36,0x20,0x31,0x32,0x2e,0x35,0x34,0x35,0x33,0x30,0x36,0x20,
  0x31,0x30,0x2e,0x35,0x32,0x39,0x32,0x39,0x37,0x20,0x31,0x31,0x2e,0x31,0x30,0x31,
  0x35,0x36,0x32,0x20,0x7a,0x20,0x22,0x20,0x63,0x6c,0x61,0x73,0x73,0x3d,0x22,0x43,
  0x6f,0x6c,0x6f,0x72,0x53,0x63,0x68,0x65,0x6d,0x65,0x2d,0x54,0x65,0x78,0x74,0x22,
  0x2f,0x3e,0xa,0x20,0x20,0x3c,0x2f,0x67,0x3e,0xa,0x3c,0x2f,0x73,0x76,0x67,0x3e,
  0xa,
    // process-stop.svg
  0x0,0x0,0x2,0xff,
  0x3c,
  0x3f,0x78,0x6d,0x6c,0x20,0x76,0x65,0x72,0x73,0x69,0x6f,0x6e,0x3d,0x22,0x31,0x2e,
  0x30,0x22,0x20,0x65,0x6e,0x63,0x6f,0x64,0x69,0x6e,0x67,0x3d,0x22,0x55,0x54,0x46,
  0x2d,0x38,0x22,0x3f,0x3e,0xa,0x3c,0x73,0x76,0x67,0x20,0x78,0x6d,0x6c,0x6e,0x73,
  0x3d,0x22,0x68,0x74,0x74,0x70,0x3a,0x2f,0x2f,0x77,0x77,0x77,0x2e,0x77,0x33,0x2e,
  0x6f,0x72,0x67,0x2f,0x32,0x30,0x30,0x30,0x2f,0x73,0x76,0x67,0x22,0x20,0x76,0x69,
  0x65,0x77,0x42,0x6f,0x78,0x3d,0x22,0x30,0x20,0x30,0x20,0x32,0x32,0x20,0x32,0x32,
  0x22,0x3e,0xa,0x20,0x20,0x20,0x20,0x3c,0x64,0x65,0x66,0x73,0x20,0x69,0x64,0x3d,
  0x22,0x64,0x65,0x66,0x73,0x33,0x30,0x35,0x31,0x22,0x3e,0xa,0x20,0x20,0x20,0x20,
  0x20,0x20,0x20,0x20,0x3c,0x73,0x74,0x79,0x6c,0x65,0x20,0x74,0x79,0x70,0x65,0x3d,
  0x22,0x74,0x65,0x78,0x74,0x2f,0x63,0x73,0x73,0x22,0x20,0x69,0x64,0x3d,0x22,0x63,
  0x75,0x72,0x72,0x65,0x6e,0x74,0x2d,0x63,0x6f,0x6c,0x6f,0x72,0x2d,0x73,0x63,0x68,
  0x65,0x6d,0x65,0x22,0x3e,0x2e,0x43,0x6f,0x6c,0x6f,0x72,0x53,0x63,0x68,0x65,0x6d,
  0x65,0x2d,0x4e,0x65,0x67,0x61,0x74,0x69,0x76,0x65,0x54,0x65,0x78,0x74,0x20,0x7b,
  0x20,0x63,0x6f,0x6c,0x6f,0x72,0x3a,0x20,0x23,0x64,0x61,0x34,0x34,0x35,0x33,0x3b,
  0x20,0x7d,0x20,0x3c,0x2f,0x73,0x74,0x79,0x6c,0x65,0x3e,0xa,0x20,0x20,0x20,0x20,
  0x3c,0x2f,0x64,0x65,0x66,0x73,0x3e,0xa,0x20,0x20,0x20,0x20,0x3c,0x67,0x20,0x73,
  0x74,0x79,0x6c,0x65,0x3d,0x22,0x66,0x69,0x6c,0x6c,0x3a,0x63,0x75,0x72,0x72,0x65,
  0x6e,0x74,0x43,0x6f,0x6c,0x6f,0x72,0x3b,0x66,0x69,0x6c,0x6c,0x2d,0x6f,0x70,0x61,
  0x63,0x69,0x74,0x79,0x3a,0x31,0x3b,0x73,0x74,0x72,0x6f,0x6b,0x65,0x3a,0x6e,0x6f,
  0x6e,0x65,0x22,0x20,0x63,0x6c,0x61,0x73,0x73,0x3d,0x22,0x43,0x6f,0x6c,0x6f,0x72,
  0x53,0x63,0x68,0x65,0x6d,0x65,0x2d,0x4e,0x65,0x67,0x61,0x74,0x69,0x76,0x65,0x54,
  0x65,0x78,0x74,0x22,0x3e,0xa,0x20,0x20,0x20,0x20,0x20,0x20,0x20,0x20,0x3c,0x70,
  0x61,0x74,0x68,0x20,0x64,0x3d,0x22,0x4d,0x31,0x31,0x20,0x33,0x63,0x34,0x2e,0x34,
  0x33,0x32,0x20,0x30,0x20,0x38,0x20,0x33,0x2e,0x35,0x36,0x38,0x20,0x38,0x20,0x38,
  0x20,0x30,0x20,0x31,0x2e,0x34,0x34,0x32,0x2d,0x2e,0x33,0x38,0x33,0x20,0x32,0x2e,
  0x37,0x39,0x2d,0x31,0x2e,0x30,0x34,0x35,0x20,0x33,0x2e,0x39,0x35,0x35,0x6c,0x2d,
  0x2e,0x37,0x33,0x38,0x2d,0x2e,0x37,0x33,0x38,0x41,0x36,0x2e,0x39,0x38,0x35,0x20,
  0x36,0x2e,0x39,0x38,0x35,0x20,0x30,0x20,0x30,0x20,0x30,0x20,0x31,0x38,0x20,0x31,
  0x31,0x63,0x30,0x2d,0x33,0x2e,0x38,0x37,0x38,0x2d,0x33,0x2e,0x31,0x32,0x32,0x2d,
  0x37,0x2d,0x37,0x2d,0x37,0x61,0x36,0x2e,0x39,0x38,0x35,0x20,0x36,0x2e,0x39,0x38,
  0x35,0x20,0x30,0x20,0x30,0x20,0x30,0x2d,0x33,0x2e,0x32,0x31,0x37,0x2e,0x37,0x38,
  0x33,0x6c,0x2d,0x2e,0x37,0x33,0x38,0x2d,0x2e,0x37,0x33,0x38,0x41,0x37,0x2e,0x39,
  0x38,0x32,0x20,0x37,0x2e,0x39,0x38,0x32,0x20,0x30,0x20,0x30,0x20,0x31,0x20,0x31,
  0x31,0x20,0x33,0x4d,0x34,0x2e,0x30,0x34,0x35,0x20,0x37,0x2e,0x30,0x34,0x35,0x6c,
  0x2e,0x37,0x33,0x38,0x2e,0x37,0x33,0x38,0x41,0x36,0x2e,0x39,0x38,0x35,0x20,0x36,
  0x2e,0x39,0x38,0x35,0x20,0x30,0x20,0x30,0x20,0x30,0x20,0x34,0x20,0x31,0x31,0x63,
  0x30,0x20,0x33,0x2e,0x38,0x37,0x38,0x20,0x33,0x2e,0x31,0x32,0x32,0x20,0x37,0x20,
  0x37,0x20,0x37,0x61,0x36,0x2e,0x39,0x38,0x35,0x20,0x36,0x2e,0x39,0x38,0x35,0x20,
  0x30,0x20,0x30,0x20,0x30,0x20,0x33,0x2e,0x32,0x31,0x37,0x2d,0x2e,0x37,0x38,0x33,
  0x6c,0x2e,0x37,0x33,0x38,0x2e,0x37,0x33,0x38,0x41,0x37,0x2e,0x39,0x38,0x32,0x20,
  0x37,0x2e,0x39,0x38,0x32,0x20,0x30,0x20,0x30,0x20,0x31,0x20,0x31,0x31,0x20,0x31,
  0x39,0x63,0x2d,0x34,0x2e,0x34,0x33,0x32,0x20,0x30,0x2d,0x38,0x2d,0x33,0x2e,0x35,
  0x36,0x38,0x2d,0x38,0x2d,0x38,0x20,0x30,0x2d,0x31,0x2e,0x34,0x34,0x32,0x2e,0x33,
  0x38,0x33,0x2d,0x32,0x2e,0x37,0x39,0x20,0x31,0x2e,0x30,0x34,0x35,0x2d,0x33,0x2e,
  0x39,0x35,0x35,0x22,0x2f,0x3e,0xa,0x20,0x20,0x20,0x20,0x20,0x20,0x20,0x20,0x3c,
  0x70,0x61,0x74,0x68,0x20,0x64,0x3d,0x22,0x4d,0x37,0x2e,0x35,0x20,0x39,0x2e,0x39,
  0x39,0x38,0x68,0x37,0x76,0x32,0x68,0x2d,0x37,0x7a,0x22,0x2f,0x3e,0xa,0x20,0x20,
  0x20,0x20,0x3c,0x2f,0x67,0x3e,0xa,0x3c,0x2f,0x73,0x76,0x67,0x3e,0xa,
    // help-about.svg
  0x0,0x0,0x2,0x76,
  0x3c,
  0x3f,0x78,0x6d,0x6c,0x20,0x76,0x65,0x72,0x73,0x69,0x6f,0x6e,0x3d,0x22,0x31,0x2e,
  0x30,0x22,0x20,0x65,0x6e,0x63,0x6f,0x64,0x69,0x6e,0x67,0x3d,0x22,0x55,0x54,0x46,
  0x2d,0x38,0x22,0x3f,0x3e,0xa,0x3c,0x73,0x76,0x67,0x20,0x78,0x6d,0x6c,0x6e,0x73,
  0x3d,0x22,0x68,0x74,0x74,0x70,0x3a,0x2f,0x2f,0x77,0x77,0x77,0x2e,0x77,0x33,0x2e,
  0x6f,0x72,0x67,0x2f,0x32,0x30,0x30,0x30,0x2f,0x73,0x76,0x67,0x22,0x20,0x76,0x69,
  0x65,0x77,0x42,0x6f,0x78,0x3d,0x22,0x30,0x20,0x30,0x20,0x32,0x32,0x20,0x32,0x32,
  0x22,0x3e,0xa,0x20,0x20,0x3c,0x64,0x65,0x66,0x73,0x20,0x69,0x64,0x3d,0x22,0x64,
  0x65,0x66,0x73,0x33,0x30,0x35,0x31,0x22,0x3e,0xa,0x20,0x20,0x20,0x20,0x3c,0x73,
  0x74,0x79,0x6c,0x65,0x20,0x74,0x79,0x70,0x65,0x3d,0x22,0x74,0x65,0x78,0x74,0x2f,
  0x63,0x73,0x73,0x22,0x20,0x69,0x64,0x3d,0x22,0x63,0x75,0x72,0x72,0x65,0x6e,0x74,
  0x2d,0x63,0x6f,0x6c,0x6f,0x72,0x2d,0x73,0x63,0x68,0x65,0x6d,0x65,0x22,0x3e,0x2e,
  0x43,0x6f,0x6c,0x6f,0x72,0x53,0x63,0x68,0x65,0x6d,0x65,0x2d,0x54,0x65,0x78,0x74,
  0x20,0x7b,0x20,0x63,0x6f,0x6c,0x6f,0x72,0x3a,0x20,0x23,0x66,0x63,0x66,0x63,0x66,
  0x63,0x3b,0x20,0x7d,0x20,0x3c,0x2f,0x73,0x74,0x79,0x6c,0x65,0x3e,0xa,0x20,0x20,
  0x3c,0x2f,0x64,0x65,0x66,0x73,0x3e,0xa,0x20,0x3c,0x70,0x61,0x74,0x68,0x20,0x73,
  0x74,0x79,0x6c,0x65,0x3d,0x22,0x66,0x69,0x6c,0x6c,0x3a,0x63,0x75,0x72,0x72,0x65,
  0x6e,0x74,0x43,0x6f,0x6c,0x6f,0x72,0x3b,0x66,0x69,0x6c,0x6c,0x2d,0x6f,0x70,0x61,
  0x63,0x69,0x74,0x79,0x3a,0x31,0x3b,0x73,0x74,0x72,0x6f,0x6b,0x65,0x3a,0x6e,0x6f,
  0x6e,0x65,0x22,0x20,0x64,0x3d,0x22,0x4d,0x20,0x31,0x31,0x20,0x33,0x20,0x43,0x20,
  0x36,0x2e,0x35,0x36,0x38,0x20,0x33,0x20,0x33,0x20,0x36,0x2e,0x35,0x36,0x38,0x20,
  0x33,0x20,0x31,0x31,0x20,0x43,0x20,0x33,0x20,0x31,0x35,0x2e,0x34,0x33,0x32,0x20,
  0x36,0x2e,0x35,0x36,0x38,0x20,0x31,0x39,0x20,0x31,0x31,0x20,0x31,0x39,0x20,0x43,
  0x20,0x31,0x35,0x2e,0x34,0x33,0x32,0x20,0x31,0x39,0x20,0x31,0x39,0x20,0x31,0x35,
  0x2e,0x34,0x33,0x32,0x20,0x31,0x39,0x20,0x31,0x31,0x20,0x43,0x20,0x31,0x39,0x20,
  0x36,0x2e,0x35,0x36,0x38,0x20,0x31,0x35,0x2e,0x34,0x33,0x32,0x20,0x33,0x20,0x31,
  0x31,0x20,0x33,0x20,0x7a,0x20,0x4d,0x20,0x31,0x31,0x20,0x34,0x20,0x43,0x20,0x31,
  0x34,0x2e,0x38,0x37,0x38,0x20,0x34,0x20,0x31,0x38,0x20,0x37,0x2e,0x31,0x32,0x32,
  0x20,0x31,0x38,0x20,0x31,0x31,0x20,0x43,0x20,0x31,0x38,0x20,0x31,0x34,0x2e,0x38,
  0x37,0x38,0x20,0x31,0x34,0x2e,0x38,0x37,0x38,0x20,0x31,0x38,0x20,0x31,0x31,0x20,
  0x31,0x38,0x20,0x43,0x20,0x37,0x2e,0x31,0x32,0x32,0x20,0x31,0x38,0x20,0x34,0x20,
  0x31,0x34,0x2e,0x38,0x37,0x38,0x20,0x34,0x20,0x31,0x31,0x20,0x43,0x20,0x34,0x20,
  0x37,0x2e,0x31,0x32,0x32,0x20,0x37,0x2e,0x31,0x32,0x32,0x20,0x34,0x20,0x31,0x31,
  0x20,0x34,0x20,0x7a,0x20,0x4d,0x20,0x31,0x30,0x20,0x36,0x20,0x4c,0x20,0x31,0x30,
  0x20,0x38,0x20,0x4c,0x20,0x31,0x32,0x20,0x38,0x20,0x4c,0x20,0x31,0x32,0x20,0x36,
  0x20,0x4c,0x20,0x31,0x30,0x20,0x36,0x20,0x7a,0x20,0x4d,0x20,0x31,0x30,0x20,0x39,
  0x20,0x4c,0x20,0x31,0x30,0x20,0x31,0x36,0x20,0x4c,0x20,0x31,0x32,0x20,0x31,0x36,
  0x20,0x4c,0x20,0x31,0x32,0x20,0x39,0x20,0x4c,0x20,0x31,0x30,0x20,0x39,0x20,0x7a,
  0x20,0x22,0x20,0x63,0x6c,0x61,0x73,0x73,0x3d,0x22,0x43,0x6f,0x6c,0x6f,0x72,0x53,
  0x63,0x68,0x65,0x6d,0x65,0x2d,0x54,0x65,0x78,0x74,0x22,0x2f,0x3e,0xa,0x3c,0x2f,
  0x73,0x76,0x67,0x3e,0xa,
    // go-up.svg
  0x0,0x0,0x1,0x7e,
  0x3c,
  0x3f,0x78,0x6d,0x6c,0x20,0x76,0x65,0x72,0x73,0x69,0x6f,0x6e,0x3d,0x22,0x31,0x2e,
  0x30,0x22,0x20,0x65,0x6e,0x63,0x6f,0x64,0x69,0x6e,0x67,0x3d,0x22,0x55,0x54,0x46,
  0x2d,0x38,0x22,0x3f,0x3e,0xa,0x3c,0x73,0x76,0x67,0x20,0x76,0x69,0x65,0x77,0x42,
  0x6f,0x78,0x3d,0x22,0x30,0x20,0x30,0x20,0x32,0x32,0x20,0x32,0x32,0x22,0x20,0x78,
  0x6d,0x6c,0x6e,0x73,0x3d,0x22,0x68,0x74,0x74,0x70,0x3a,0x2f,0x2f,0x77,0x77,0x77,
  0x2e,0x77,0x33,0x2e,0x6f,0x72,0x67,0x2f,0x32,0x30,0x30,0x30,0x2f,0x73,0x76,0x67,
  0x22,0x3e,0xa,0x20,0x20,0x20,0x20,0x3c,0x73,0x74,0x79,0x6c,0x65,0x20,0x74,0x79,
  0x70,0x65,0x3d,0x22,0x74,0x65,0x78,0x74,0x2f,0x63,0x73,0x73,0x22,0x20,0x69,0x64,
  0x3d,0x22,0x63,0x75,0x72,0x72,0x65,0x6e,0x74,0x2d,0x63,0x6f,0x6c,0x6f,0x72,0x2d,
  0x73,0x63,0x68,0x65,0x6d,0x65,0x22,0x3e,0x2e,0x43,0x6f,0x6c,0x6f,0x72,0x53,0x63,
  0x68,0x65,0x6d,0x65,0x2d,0x54,0x65,0x78,0x74,0x20,0x7b,0x20,0x63,0x6f,0x6c,0x6f,
  0x72,0x3a,0x20,0x23,0x66,0x63,0x66,0x63,0x66,0x63,0x3b,0x20,0x7d,0x20,0x3c,0x2f,
  0x73,0x74,0x79,0x6c,0x65,0x3e,0xa,0x20,0x20,0x20,0x20,0x3c,0x70,0x61,0x74,0x68,
  0x20,0x64,0x3d,0x22,0x4d,0x33,0x2e,0x37,0x30,0x37,0x20,0x31,0x35,0x4c,0x33,0x20,
  0x31,0x34,0x2e,0x32,0x39,0x33,0x6c,0x36,0x2e,0x31,0x32,0x35,0x2d,0x36,0x2e,0x31,
  0x32,0x35,0x4c,0x31,0x31,0x20,0x36,0x2e,0x32,0x39,0x33,0x6c,0x31,0x2e,0x38,0x37,
  0x35,0x20,0x31,0x2e,0x38,0x37,0x35,0x4c,0x31,0x39,0x20,0x31,0x34,0x2e,0x32,0x39,
  0x33,0x6c,0x2d,0x2e,0x37,0x30,0x37,0x2e,0x37,0x30,0x37,0x2d,0x36,0x2e,0x31,0x32,
  0x35,0x2d,0x36,0x2e,0x31,0x32,0x35,0x4c,0x31,0x31,0x20,0x37,0x2e,0x37,0x30,0x37,
  0x20,0x39,0x2e,0x38,0x33,0x32,0x20,0x38,0x2e,0x38,0x37,0x35,0x20,0x33,0x2e,0x37,
  0x30,0x37,0x20,0x31,0x35,0x22,0x20,0x63,0x6c,0x61,0x73,0x73,0x3d,0x22,0x43,0x6f,
  0x6c,0x6f,0x72,0x53,0x63,0x68,0x65,0x6d,0x65,0x2d,0x54,0x65,0x78,0x74,0x22,0x20,
  0x66,0x69,0x6c,0x6c,0x3d,0x22,0x63,0x75,0x72,0x72,0x65,0x6e,0x74,0x43,0x6f,0x6c,
  0x6f,0x72,0x22,0x2f,0x3e,0xa,0x3c,0x2f,0x73,0x76,0x67,0x3e,0xa,
    // document-edit.svg
  0x0,0x0,0x2,0xa3,
  0x3c,
  0x3f,0x78,0x6d,0x6c,0x20,0x76,0x65,0x72,0x73,0x69,0x6f,0x6e,0x3d,0x22,0x31,0x2e,
  0x30,0x22,0x20,0x65,0x6e,0x63,0x6f,0x64,0x69,0x6e,0x67,0x3d,0x22,0x55,0x54,0x46,
  0x2d,0x38,0x22,0x3f,0x3e,0xa,0x3c,0x73,0x76,0x67,0x20,0x78,0x6d,0x6c,0x6e,0x73,
  0x3d,0x22,0x68,0x74,0x74,0x70,0x3a,0x2f,0x2f,0x77,0x77,0x77,0x2e,0x77,0x33,0x2e,
  0x6f,0x72,0x67,0x2f,0x32,0x30,0x30,0x30,0x2f,0x73,0x76,0x67,0x22,0x20,0x76,0x69,
  0x65,0x77,0x42,0x6f,0x78,0x3d,0x22,0x30,0x20,0x30,0x20,0x32,0x32,0x20,0x32,0x32,
  0x22,0x3e,0xa,0x20,0x20,0x3c,0x64,0x65,0x66,0x73,0x20,0x69,0x64,0x3d,0x22,0x64,
  0x65,0x66,0x73,0x33,0x30,0x35,0x31,0x22,0x3e,0xa,0x20,0x20,0x20,0x20,0x3c,0x73,
  0x74,0x79,0x6c,0x65,0x20,0x74,0x79,0x70,0x65,0x3d,0x22,0x74,0x65,0x78,0x74,0x2f,
  0x63,0x73,0x73,0x22,0x20,0x69,0x64,0x3d,0x22,0x63,0x75,0x72,0x72,0x65,0x6e,0x74,
  0x2d,0x63,0x6f,0x6c,0x6f,0x72,0x2d,0x73,0x63,0x68,0x65,0x6d,0x65,0x22,0x3e,0x2e,
  0x43,0x6f,0x6c,0x6f,0x72,0x53,0x63,0x68,0x65,0x6d,0x65,0x2d,0x54,0x65,0x78,0x74,
  0x20,0x7b,0x20,0x63,0x6f,0x6c,0x6f,0x72,0x3a,0x20,0x23,0x66,0x63,0x66,0x63,0x66,
  0x63,0x3b,0x20,0x7d,0x20,0x3c,0x2f,0x73,0x74,0x79,0x6c,0x65,0x3e,0xa,0x20,0x20,
  0x3c,0x2f,0x64,0x65,0x66,0x73,0x3e,0xa,0x20,0x3c,0x70,0x61,0x74,0x68,0x20,0x73,
  0x74,0x79,0x6c,0x65,0x3d,0x22,0x66,0x69,0x6c,0x6c,0x3a,0x63,0x75,0x72,0x72,0x65,
  0x6e,0x74,0x43,0x6f,0x6c,0x6f,0x72,0x3b,0x66,0x69,0x6c,0x6c,0x2d,0x6f,0x70,0x61,
  0x63,0x69,0x74,0x79,0x3a,0x31,0x3b,0x73,0x74,0x72,0x6f,0x6b,0x65,0x3a,0x6e,0x6f,
  0x6e,0x65,0x22,0x20,0x64,0x3d,0x22,0x6d,0x31,0x34,0x2e,0x39,0x39,0x36,0x30,0x39,
  0x34,0x20,0x33,0x6c,0x2d,0x31,0x31,0x2e,0x39,0x39,0x32,0x31,0x38,0x38,0x20,0x31,
  0x31,0x2e,0x39,0x39,0x32,0x31,0x38,0x38,0x68,0x2d,0x2e,0x30,0x30,0x33,0x39,0x30,
  0x36,0x76,0x34,0x2e,0x30,0x30,0x37,0x38,0x31,0x68,0x31,0x20,0x32,0x20,0x31,0x2e,
  0x30,0x30,0x37,0x38,0x31,0x76,0x2d,0x2e,0x30,0x30,0x33,0x39,0x30,0x36,0x6c,0x31,
  0x31,0x2e,0x39,0x39,0x32,0x31,0x38,0x38,0x2d,0x31,0x31,0x2e,0x39,0x39,0x32,0x31,
  0x38,0x38,0x2d,0x2e,0x30,0x30,0x31,0x39,0x35,0x33,0x2d,0x2e,0x30,0x30,0x31,0x39,
  0x35,0x33,0x2e,0x30,0x30,0x31,0x39,0x35,0x33,0x2d,0x2e,0x30,0x30,0x31,0x39,0x35,
  0x33,0x2d,0x34,0x2d,0x34,0x2d,0x2e,0x30,0x30,0x31,0x39,0x35,0x33,0x2e,0x30,0x30,
  0x31,0x39,0x35,0x33,0x2d,0x2e,0x30,0x30,0x31,0x39,0x35,0x33,0x2d,0x2e,0x30,0x30,
  0x31,0x39,0x35,0x33,0x6d,0x2d,0x31,0x2e,0x39,0x39,0x38,0x30,0x34,0x37,0x20,0x33,
  0x2e,0x34,0x31,0x32,0x31,0x30,0x39,0x6c,0x32,0x2e,0x35,0x38,0x39,0x38,0x34,0x34,
  0x20,0x32,0x2e,0x35,0x38,0x39,0x38,0x34,0x34,0x2d,0x37,0x2e,0x35,0x38,0x37,0x38,
  0x39,0x31,0x20,0x37,0x2e,0x35,0x38,0x37,0x38,0x39,0x31,0x76,0x2d,0x31,0x2e,0x35,
  0x38,0x39,0x38,0x34,0x34,0x68,0x2d,0x31,0x2d,0x31,0x76,0x2d,0x31,0x2d,0x2e,0x35,
  0x38,0x39,0x38,0x34,0x34,0x6c,0x36,0x2e,0x39,0x39,0x38,0x30,0x34,0x37,0x2d,0x36,
  0x2e,0x39,0x39,0x38,0x30,0x34,0x37,0x6d,0x2d,0x37,0x2e,0x39,0x39,0x38,0x30,0x34,
  0x37,0x20,0x37,0x2e,0x39,0x39,0x38,0x30,0x34,0x37,0x76,0x31,0x2e,0x35,0x38,0x39,
  0x38,0x34,0x34,0x68,0x31,0x20,0x31,0x76,0x31,0x20,0x2e,0x35,0x38,0x39,0x38,0x34,
  0x34,0x6c,0x2d,0x2e,0x34,0x31,0x30,0x31,0x35,0x36,0x2e,0x34,0x31,0x30,0x31,0x35,
  0x36,0x68,0x2d,0x31,0x2e,0x35,0x38,0x39,0x38,0x34,0x34,0x6c,0x2d,0x31,0x2d,0x31,
  0x76,0x2d,0x31,0x2e,0x35,0x38,0x39,0x38,0x34,0x34,0x6c,0x31,0x2d,0x31,0x22,0x20,
  0x63,0x6c,0x61,0x73,0x73,0x3d,0x22,0x43,0x6f,0x6c,0x6f,0x72,0x53,0x63,0x68,0x65,
  0x6d,0x65,0x2d,0x54,0x65,0x78,0x74,0x22,0x2f,0x3e,0xa,0x3c,0x2f,0x73,0x76,0x67,
  0x3e,0xa,
    // fingerprint.svg
  0x0,0x0,0x11,0xe4,
  0x3c,
  0x3f,0x78,0x6d,0x6c,0x20,0x76,0x65,0x72,0x73,0x69,0x6f,0x6e,0x3d,0x22,0x31,0x2e,
  0x30,0x22,0x20,0x65,0x6e,0x63,0x6f,0x64,0x69,0x6e,0x67,0x3d,0x22,0x55,0x54,0x46,
  0x2d,0x38,0x22,0x3f,0x3e,0xa,0x3c,0x73,0x76,0x67,0x20,0x69,0x64,0x3d,0x22,0x73,
  0x76,0x67,0x32,0x22,0x20,0x68,0x65,0x69,0x67,0x68,0x74,0x3d,0x22,0x32,0x32,0x22,
  0x20,0x73,0x74,0x79,0x6c,0x65,0x3d,0x22,0x22,0x20,0x76,0x69,0x65,0x77,0x42,0x6f,
  0x78,0x3d,0x22,0x30,0x20,0x30,0x20,0x32,0x32,0x20,0x32,0x32,0x22,0x20,0x77,0x69,
  0x64,0x74,0x68,0x3d,0x22,0x32,0x32,0x22,0x20,0x78,0x6d,0x6c,0x6e,0x73,0x3d,0x22,
  0x68,0x74,0x74,0x70,0x3a,0x2f,0x2f,0x77,0x77,0x77,0x2e,0x77,0x33,0x2e,0x6f,0x72,
  0x67,0x2f,0x32,0x30,0x30,0x30,0x2f,0x73,0x76,0x67,0x22,0x20,0x73,0x6f,0x64,0x69,
  0x70,0x6f,0x64,0x69,0x3a,0x64,0x6f,0x63,0x6e,0x61,0x6d,0x65,0x3d,0x22,0x66,0x69,
  0x6e,0x67,0x65,0x72,0x70,0x72,0x69,0x6e,0x74,0x2e,0x73,0x76,0x67,0x22,0x20,0x69,
  0x6e,0x6b,0x73,0x63,0x61,0x70,0x65,0x3a,0x76,0x65,0x72,0x73,0x69,0x6f,0x6e,0x3d,
  0x22,0x31,0x2e,0x33,0x2e,0x32,0x20,0x28,0x30,0x39,0x31,0x65,0x32,0x30,0x65,0x66,
  0x30,0x66,0x2c,0x20,0x32,0x30,0x32,0x33,0x2d,0x31,0x31,0x2d,0x32,0x35,0x29,0x22,
  0x20,0x78,0x6d,0x6c,0x6e,0x73,0x3a,0x69,0x6e,0x6b,0x73,0x63,0x61,0x70,0x65,0x3d,
  0x22,0x68,0x74,0x74,0x70,0x3a,0x2f,0x2f,0x77,0x77,0x77,0x2e,0x69,0x6e,0x6b,0x73,
  0x63,0x61,0x70,0x65,0x2e,0x6f,0x72,0x67,0x2f,0x6e,0x61,0x6d,0x65,0x73,0x70,0x61,
  0x63,0x65,0x73,0x2f,0x69,0x6e,0x6b,0x73,0x63,0x61,0x70,0x65,0x22,0x20,0x78,0x6d,
  0x6c,0x6e,0x73,0x3a,0x73,0x6f,0x64,0x69,0x70,0x6f,0x64,0x69,0x3d,0x22,0x68,0x74,
  0x74,0x70,0x3a,0x2f,0x2f,0x73,0x6f,0x64,0x69,0x70,0x6f,0x64,0x69,0x2e,0x73,0x6f,
  0x75,0x72,0x63,0x65,0x66,0x6f,0x72,0x67,0x65,0x2e,0x6e,0x65,0x74,0x2f,0x44,0x54,
  0x44,0x2f,0x73,0x6f,0x64,0x69,0x70,0x6f,0x64,0x69,0x2d,0x30,0x2e,0x64,0x74,0x64,
  0x22,0x20,0x78,0x6d,0x6c,0x6e,0x73,0x3a,0x73,0x76,0x67,0x3d,0x22,0x68,0x74,0x74,
  0x70,0x3a,0x2f,0x2f,0x77,0x77,0x77,0x2e,0x77,0x33,0x2e,0x6f,0x72,0x67,0x2f,0x32,
  0x30,0x30,0x30,0x2f,0x73,0x76,0x67,0x22,0x3e,0xa,0x20,0x20,0x20,0x20,0x3c,0x64,
  0x65,0x66,0x73,0x20,0x69,0x64,0x3d,0x22,0x64,0x65,0x66,0x73,0x33,0x30,0x35,0x31,
  0x22,0x3e,0xa,0x20,0x20,0x20,0x20,0x20,0x20,0x20,0x20,0x3c,0x73,0x74,0x79,0x6c,
  0x65,0x20,0x74,0x79,0x70,0x65,0x3d,0x22,0x74,0x65,0x78,0x74,0x2f,0x63,0x73,0x73,
  0x22,0x20,0x69,0x64,0x3d,0x22,0x63,0x75,0x72,0x72,0x65,0x6e,0x74,0x2d,0x63,0x6f,
  0x6c,0x6f,0x72,0x2d,0x73,0x63,0x68,0x65,0x6d,0x65,0x22,0x3e,0x2e,0x43,0x6f,0x6c,
  0x6f,0x72,0x53,0x63,0x68,0x65,0x6d,0x65,0x2d,0x54,0x65,0x78,0x74,0x20,0x7b,0x20,
  0x63,0x6f,0x6c,0x6f,0x72,0x3a,0x20,0x23,0x66,0x63,0x66,0x63,0x66,0x63,0x3b,0x20,
  0x7d,0x20,0x3c,0x2f,0x73,0x74,0x79,0x6c,0x65,0x3e,0xa,0x20,0x20,0x20,0x20,0x3c,
  0x2f,0x64,0x65,0x66,0x73,0x3e,0xa,0x20,0x20,0x20,0x20,0x3c,0x70,0x61,0x74,0x68,
  0x20,0x69,0x64,0x3d,0x22,0x70,0x61,0x74,0x68,0x31,0x22,0x20,0x64,0x3d,0x22,0x6d,
  0x20,0x31,0x30,0x2e,0x39,0x36,0x34,0x38,0x34,0x34,0x20,0x32,0x2e,0x39,0x39,0x38,
  0x30,0x34,0x36,0x39,0x20,0x63,0x20,0x2d,0x31,0x2e,0x35,0x38,0x34,0x35,0x32,0x33,
  0x36,0x20,0x2d,0x2e,0x30,0x30,0x37,0x32,0x33,0x35,0x33,0x20,0x2d,0x32,0x2e,0x39,
  0x34,0x32,0x32,0x37,0x34,0x34,0x20,0x2e,0x32,0x38,0x35,0x37,0x33,0x39,0x34,0x20,
  0x2d,0x34,0x2e,0x31,0x37,0x37,0x37,0x33,0x34,0x36,0x20,0x2e,0x39,0x30,0x34,0x32,
  0x39,0x36,0x39,0x20,0x63,0x20,0x2d,0x2e,0x34,0x31,0x31,0x32,0x38,0x39,0x39,0x20,
  0x2e,0x32,0x30,0x35,0x39,0x31,0x30,0x39,0x20,0x2d,0x2e,0x34,0x37,0x35,0x38,0x34,
  0x33,0x34,0x20,0x2e,0x32,0x37,0x37,0x36,0x39,0x35,0x35,0x20,0x2d,0x2e,0x34,0x34,
  0x39,0x32,0x31,0x38,0x38,0x20,0x2e,0x35,0x20,0x63,0x20,0x2e,0x30,0x35,0x34,0x33,
  0x37,0x33,0x35,0x20,0x2e,0x34,0x35,0x33,0x37,0x30,0x36,0x37,0x20,0x2e,0x32,0x38,
  0x38,0x35,0x35,0x39,0x33,0x20,0x2e,0x34,0x39,0x38,0x38,0x38,0x33,0x20,0x2e,0x39,
  0x38,0x32,0x34,0x32,0x31,0x39,0x20,0x2e,0x31,0x38,0x37,0x35,0x20,0x63,0x20,0x31,
  0x2e,0x32,0x38,0x39,0x39,0x32,0x39,0x34,0x20,0x2d,0x2e,0x35,0x37,0x38,0x38,0x35,
  0x36,0x20,0x31,0x2e,0x39,0x31,0x37,0x38,0x34,0x35,0x33,0x20,0x2d,0x2e,0x37,0x30,
  0x33,0x33,0x31,0x30,0x39,0x20,0x33,0x2e,0x35,0x34,0x34,0x39,0x32,0x31,0x35,0x20,
  0x2d,0x2e,0x37,0x30,0x35,0x30,0x37,0x38,0x32,0x20,0x63,0x20,0x31,0x2e,0x38,0x36,
  0x37,0x33,0x36,0x36,0x20,0x2d,0x2e,0x30,0x30,0x31,0x35,0x33,0x20,0x32,0x2e,0x35,
  0x35,0x34,0x34,0x38,0x32,0x20,0x2e,0x31,0x35,0x38,0x31,0x37,0x31,0x38,0x20,0x34,
  0x2e,0x30,0x38,0x35,0x39,0x33,0x38,0x20,0x2e,0x39,0x35,0x31,0x31,0x37,0x31,0x39,
  0x20,0x63,0x20,0x2e,0x32,0x36,0x33,0x31,0x32,0x32,0x20,0x2e,0x31,0x33,0x36,0x30,
  0x35,0x37,0x31,0x20,0x31,0x2e,0x30,0x39,0x37,0x32,0x39,0x32,0x20,0x2e,0x37,0x37,
  0x38,0x39,0x33,0x32,0x33,0x20,0x31,0x2e,0x34,0x30,0x38,0x32,0x30,0x33,0x20,0x2e,
  0x34,0x33,0x33,0x35,0x39,0x33,0x37,0x20,0x63,0x20,0x2e,0x33,0x30,0x37,0x39,0x32,
  0x34,0x20,0x2d,0x2e,0x33,0x30,0x37,0x38,0x39,0x34,0x35,0x20,0x2e,0x31,0x34,0x34,
  0x35,0x31,0x33,0x20,0x2d,0x2e,0x35,0x36,0x30,0x39,0x31,0x34,0x32,0x20,0x2d,0x2e,
  0x36,0x34,0x38,0x34,0x33,0x37,0x20,0x2d,0x31,0x2e,0x30,0x31,0x31,0x37,0x31,0x38,
  0x37,0x20,0x63,0x20,0x2d,0x31,0x2e,0x35,0x36,0x33,0x38,0x30,0x31,0x20,0x2d,0x2e,
  0x38,0x38,0x39,0x30,0x34,0x33,0x31,0x20,0x2d,0x32,0x2e,0x39,0x33,0x30,0x35,0x31,
  0x32,0x20,0x2d,0x31,0x2e,0x32,0x35,0x31,0x31,0x36,0x35,0x33,0x20,0x2d,0x34,0x2e,
  0x37,0x34,0x36,0x30,0x39,0x34,0x20,0x2d,0x31,0x2e,0x32,0x35,0x39,0x37,0x36,0x35,
  0x36,0x20,0x7a,0x20,0x6d,0x20,0x2d,0x2e,0x30,0x34,0x36,0x38,0x37,0x35,0x20,0x31,
  0x2e,0x38,0x33,0x32,0x30,0x33,0x31,0x32,0x20,0x63,0x20,0x2d,0x32,0x2e,0x30,0x39,
  0x30,0x36,0x35,0x37,0x37,0x20,0x2d,0x2e,0x30,0x30,0x31,0x35,0x39,0x30,0x34,0x20,
  0x2d,0x34,0x2e,0x31,0x38,0x30,0x37,0x36,0x36,0x34,0x20,0x2e,0x38,0x32,0x35,0x36,
  0x35,0x35,0x39,0x20,0x2d,0x35,0x2e,0x37,0x31,0x32,0x38,0x39,0x30,0x39,0x20,0x32,
  0x2e,0x34,0x38,0x30,0x34,0x36,0x38,0x38,0x20,0x63,0x20,0x2d,0x2e,0x35,0x39,0x32,
  0x36,0x39,0x38,0x37,0x20,0x2e,0x36,0x34,0x30,0x31,0x36,0x39,0x20,0x2d,0x31,0x2e,
  0x32,0x38,0x33,0x32,0x30,0x33,0x31,0x20,0x31,0x2e,0x36,0x38,0x39,0x37,0x39,0x35,
  0x20,0x2d,0x31,0x2e,0x32,0x38,0x33,0x32,0x30,0x33,0x31,0x20,0x31,0x2e,0x39,0x34,
  0x39,0x32,0x31,0x38,0x37,0x20,0x63,0x20,0x30,0x20,0x2e,0x33,0x30,0x32,0x34,0x38,
  0x35,0x38,0x20,0x2e,0x31,0x32,0x33,0x34,0x34,0x35,0x31,0x20,0x2e,0x34,0x36,0x38,
  0x37,0x35,0x20,0x2e,0x33,0x34,0x39,0x36,0x30,0x39,0x34,0x20,0x2e,0x34,0x36,0x38,
  0x37,0x35,0x20,0x63,0x20,0x2e,0x31,0x37,0x37,0x32,0x37,0x38,0x38,0x20,0x30,0x20,
  0x2e,0x33,0x35,0x37,0x38,0x34,0x38,0x39,0x20,0x2d,0x2e,0x31,0x39,0x30,0x38,0x32,
  0x31,0x20,0x2e,0x37,0x38,0x37,0x31,0x30,0x39,0x34,0x20,0x2d,0x2e,0x38,0x33,0x35,
  0x39,0x33,0x37,0x35,0x20,0x63,0x20,0x2e,0x39,0x36,0x30,0x30,0x34,0x35,0x38,0x20,
  0x2d,0x31,0x2e,0x34,0x34,0x32,0x37,0x39,0x30,0x38,0x20,0x32,0x2e,0x32,0x30,0x35,
  0x31,0x33,0x38,0x39,0x20,0x2d,0x32,0x2e,0x34,0x30,0x30,0x36,0x32,0x30,0x34,0x20,
  0x33,0x2e,0x38,0x30,0x38,0x35,0x39,0x33,0x37,0x20,0x2d,0x32,0x2e,0x39,0x32,0x39,
  0x36,0x38,0x37,0x35,0x20,0x63,0x20,0x31,0x2e,0x32,0x34,0x33,0x35,0x34,0x31,0x35,
  0x20,0x2d,0x2e,0x34,0x30,0x35,0x38,0x36,0x31,0x34,0x20,0x32,0x2e,0x37,0x30,0x30,
  0x31,0x39,0x39,0x35,0x20,0x2d,0x2e,0x33,0x35,0x38,0x38,0x37,0x35,0x34,0x20,0x34,
  0x2e,0x30,0x39,0x39,0x36,0x30,0x39,0x35,0x20,0x30,0x20,0x63,0x20,0x31,0x2e,0x38,
  0x30,0x36,0x38,0x38,0x38,0x20,0x2e,0x35,0x39,0x33,0x38,0x39,0x34,0x38,0x20,0x33,
  0x2e,0x33,0x35,0x35,0x39,0x31,0x35,0x20,0x31,0x2e,0x39,0x31,0x36,0x32,0x37,0x39,
  0x20,0x34,0x2e,0x32,0x30,0x35,0x30,0x37,0x38,0x20,0x33,0x2e,0x35,0x38,0x39,0x38,
  0x34,0x33,0x38,0x20,0x63,0x20,0x2e,0x31,0x38,0x34,0x37,0x38,0x32,0x20,0x2e,0x33,
  0x36,0x34,0x31,0x35,0x31,0x35,0x20,0x2e,0x32,0x39,0x35,0x35,0x37,0x32,0x20,0x2e,
  0x34,0x37,0x36,0x35,0x36,0x32,0x36,0x20,0x2e,0x34,0x37,0x36,0x35,0x36,0x33,0x20,
  0x2e,0x34,0x37,0x36,0x35,0x36,0x32,0x36,0x20,0x63,0x20,0x2e,0x33,0x31,0x31,0x37,
  0x30,0x34,0x20,0x30,0x20,0x2e,0x34,0x39,0x35,0x33,0x30,0x33,0x20,0x2d,0x2e,0x32,
  0x33,0x33,0x34,0x34,0x20,0x2e,0x34,0x31,0x30,0x31,0x35,0x36,0x20,0x2d,0x2e,0x35,
  0x32,0x31,0x34,0x38,0x34,0x35,0x20,0x63,0x20,0x2d,0x2e,0x31,0x33,0x37,0x32,0x39,
  0x33,0x20,0x2d,0x2e,0x34,0x36,0x34,0x35,0x39,0x38,0x38,0x20,0x2d,0x2e,0x38,0x36,
  0x39,0x32,0x37,0x31,0x20,0x2d,0x31,0x2e,0x35,0x39,0x30,0x34,0x39,0x31,0x39,0x20,
  0x2d,0x31,0x2e,0x34,0x32,0x33,0x38,0x32,0x38,0x20,0x2d,0x32,0x2e,0x31,0x38,0x39,
  0x34,0x35,0x33,0x31,0x20,0x63,0x20,0x2d,0x31,0x2e,0x35,0x33,0x34,0x32,0x35,0x38,
  0x20,0x2d,0x31,0x2e,0x36,0x35,0x37,0x31,0x34,0x36,0x20,0x2d,0x33,0x2e,0x36,0x32,
  0x36,0x31,0x34,0x31,0x20,0x2d,0x32,0x2e,0x34,0x38,0x36,0x36,0x39,0x39,0x36,0x20,
  0x2d,0x35,0x2e,0x37,0x31,0x36,0x37,0x39,0x37,0x20,0x2d,0x32,0x2e,0x34,0x38,0x38,
  0x32,0x38,0x31,0x33,0x20,0x7a,0x20,0x6d,0x20,0x2e,0x30,0x39,0x37,0x36,0x35,0x36,
  0x20,0x31,0x2e,0x38,0x32,0x32,0x32,0x36,0x35,0x37,0x20,0x63,0x20,0x2d,0x2e,0x34,
  0x34,0x35,0x36,0x30,0x34,0x20,0x2d,0x2e,0x30,0x30,0x37,0x37,0x35,0x20,0x2d,0x2e,
  0x38,0x39,0x37,0x38,0x32,0x35,0x20,0x2e,0x30,0x33,0x34,0x34,0x38,0x37,0x36,0x20,
  0x2d,0x31,0x2e,0x33,0x34,0x39,0x36,0x30,0x39,0x34,0x20,0x2e,0x31,0x32,0x38,0x39,
  0x30,0x36,0x32,0x20,0x63,0x20,0x2d,0x32,0x2e,0x31,0x34,0x36,0x38,0x34,0x35,0x20,
  0x2e,0x34,0x34,0x38,0x37,0x34,0x32,0x35,0x20,0x2d,0x33,0x2e,0x39,0x34,0x31,0x32,
  0x32,0x32,0x31,0x20,0x32,0x2e,0x31,0x38,0x37,0x32,0x32,0x38,0x39,0x20,0x2d,0x34,
  0x2e,0x35,0x31,0x35,0x36,0x32,0x35,0x20,0x34,0x2e,0x33,0x37,0x35,0x20,0x63,0x20,
  0x2d,0x2e,0x33,0x30,0x34,0x38,0x32,0x35,0x35,0x20,0x31,0x2e,0x31,0x36,0x30,0x39,
  0x38,0x34,0x20,0x2d,0x2e,0x31,0x36,0x35,0x30,0x35,0x30,0x36,0x20,0x33,0x2e,0x30,
  0x35,0x37,0x34,0x32,0x31,0x20,0x2e,0x33,0x33,0x37,0x38,0x39,0x30,0x36,0x20,0x34,
  0x2e,0x35,0x37,0x34,0x32,0x31,0x39,0x20,0x63,0x20,0x2e,0x31,0x35,0x30,0x33,0x30,
  0x37,0x36,0x20,0x2e,0x34,0x35,0x33,0x32,0x38,0x38,0x20,0x2e,0x32,0x32,0x33,0x39,
  0x39,0x32,0x20,0x2e,0x35,0x34,0x37,0x31,0x37,0x33,0x20,0x2e,0x34,0x33,0x39,0x34,
  0x35,0x33,0x32,0x20,0x2e,0x35,0x37,0x32,0x32,0x36,0x35,0x20,0x63,0x20,0x2e,0x34,
  0x39,0x35,0x33,0x37,0x30,0x37,0x20,0x2e,0x30,0x35,0x37,0x35,0x37,0x20,0x2e,0x35,
  0x34,0x32,0x35,0x31,0x39,0x34,0x20,0x2d,0x2e,0x31,0x37,0x37,0x39,0x35,0x38,0x20,
  0x2e,0x32,0x34,0x36,0x30,0x39,0x33,0x37,0x20,0x2d,0x31,0x2e,0x32,0x30,0x33,0x31,
  0x32,0x35,0x20,0x63,0x20,0x2d,0x2e,0x38,0x34,0x38,0x31,0x39,0x37,0x33,0x20,0x2d,
  0x32,0x2e,0x39,0x33,0x33,0x34,0x32,0x33,0x20,0x2d,0x2e,0x31,0x31,0x37,0x33,0x36,
  0x37,0x20,0x2d,0x35,0x2e,0x34,0x32,0x38,0x32,0x37,0x35,0x31,0x20,0x31,0x2e,0x39,
  0x38,0x36,0x33,0x32,0x38,0x31,0x20,0x2d,0x36,0x2e,0x37,0x38,0x39,0x30,0x36,0x32,
  0x31,0x20,0x63,0x20,0x32,0x2e,0x30,0x37,0x39,0x38,0x38,0x31,0x38,0x20,0x2d,0x31,
  0x2e,0x33,0x34,0x35,0x33,0x38,0x34,0x33,0x20,0x34,0x2e,0x39,0x34,0x30,0x36,0x32,
  0x39,0x38,0x20,0x2d,0x2e,0x39,0x34,0x38,0x35,0x35,0x39,0x20,0x36,0x2e,0x35,0x36,
  0x38,0x33,0x35,0x39,0x38,0x20,0x2e,0x39,0x31,0x32,0x31,0x30,0x39,0x33,0x20,0x63,
  0x20,0x31,0x2e,0x30,0x32,0x30,0x30,0x30,0x35,0x20,0x31,0x2e,0x31,0x36,0x35,0x39,
  0x38,0x34,0x38,0x20,0x31,0x2e,0x35,0x37,0x39,0x38,0x37,0x32,0x20,0x33,0x2e,0x31,
  0x33,0x39,0x33,0x30,0x35,0x38,0x20,0x31,0x2e,0x31,0x33,0x34,0x37,0x36,0x35,0x20,
  0x33,0x2e,0x39,0x39,0x39,0x39,0x39,0x39,0x38,0x20,0x63,0x20,0x2d,0x2e,0x32,0x39,
  0x34,0x30,0x33,0x34,0x20,0x2e,0x35,0x36,0x38,0x35,0x39,0x38,0x20,0x2d,0x31,0x2e,
  0x30,0x30,0x39,0x35,0x39,0x31,0x20,0x2e,0x39,0x30,0x39,0x33,0x30,0x34,0x20,0x2d,
  0x31,0x2e,0x35,0x39,0x37,0x36,0x35,0x36,0x20,0x2e,0x37,0x36,0x31,0x37,0x31,0x39,
  0x20,0x63,0x20,0x2d,0x2e,0x34,0x32,0x39,0x37,0x34,0x35,0x20,0x2d,0x2e,0x31,0x30,
  0x37,0x38,0x35,0x31,0x20,0x2d,0x2e,0x39,0x34,0x30,0x36,0x35,0x32,0x20,0x2d,0x2e,
  0x36,0x33,0x35,0x38,0x33,0x32,0x20,0x2d,0x31,0x2e,0x30,0x30,0x35,0x38,0x35,0x39,
  0x20,0x2d,0x31,0x2e,0x30,0x34,0x31,0x30,0x31,0x36,0x20,0x63,0x20,0x2d,0x2e,0x32,
  0x33,0x30,0x31,0x32,0x33,0x20,0x2d,0x31,0x2e,0x34,0x32,0x39,0x38,0x34,0x34,0x20,
  0x2d,0x2e,0x35,0x35,0x34,0x37,0x36,0x31,0x20,0x2d,0x31,0x2e,0x39,0x38,0x38,0x32,
  0x39,0x39,0x20,0x2d,0x31,0x2e,0x33,0x37,0x36,0x39,0x35,0x34,0x20,0x2d,0x32,0x2e,
  0x33,0x37,0x31,0x30,0x39,0x33,0x20,0x63,0x20,0x2d,0x2e,0x37,0x30,0x31,0x33,0x35,
  0x33,0x20,0x2d,0x2e,0x33,0x32,0x36,0x35,0x35,0x20,0x2d,0x31,0x2e,0x32,0x38,0x34,
  0x33,0x38,0x35,0x20,0x2d,0x2e,0x33,0x31,0x37,0x33,0x34,0x35,0x20,0x2d,0x31,0x2e,
  0x39,0x37,0x32,0x36,0x35,0x35,0x38,0x20,0x2e,0x30,0x33,0x31,0x32,0x35,0x20,0x63,
  0x20,0x2d,0x2e,0x36,0x34,0x31,0x33,0x31,0x32,0x34,0x20,0x2e,0x33,0x32,0x34,0x38,
  0x32,0x33,0x20,0x2d,0x31,0x2e,0x31,0x33,0x32,0x39,0x32,0x30,0x32,0x20,0x2e,0x39,
  0x37,0x39,0x30,0x32,0x34,0x20,0x2d,0x31,0x2e,0x32,0x33,0x32,0x34,0x32,0x31,0x38,
  0x20,0x31,0x2e,0x36,0x34,0x32,0x35,0x37,0x38,0x20,0x63,0x20,0x2d,0x2e,0x30,0x33,
  0x35,0x39,0x30,0x36,0x20,0x2e,0x32,0x33,0x39,0x31,0x31,0x35,0x20,0x2d,0x2e,0x30,
  0x32,0x30,0x36,0x33,0x30,0x37,0x20,0x2e,0x37,0x35,0x37,0x36,0x37,0x31,0x20,0x2e,
  0x30,0x33,0x35,0x31,0x35,0x36,0x32,0x20,0x31,0x2e,0x31,0x35,0x30,0x33,0x39,0x20,
  0x63,0x20,0x2e,0x33,0x34,0x36,0x39,0x36,0x30,0x36,0x20,0x32,0x2e,0x34,0x34,0x36,
  0x32,0x37,0x31,0x20,0x32,0x2e,0x30,0x39,0x36,0x35,0x35,0x34,0x34,0x20,0x34,0x2e,
  0x33,0x38,0x31,0x32,0x34,0x37,0x20,0x34,0x2e,0x35,0x30,0x30,0x30,0x30,0x30,0x34,
  0x20,0x34,0x2e,0x39,0x37,0x36,0x35,0x36,0x33,0x20,0x63,0x20,0x2e,0x33,0x30,0x32,
  0x32,0x36,0x32,0x20,0x2e,0x30,0x37,0x34,0x38,0x34,0x20,0x2e,0x37,0x39,0x37,0x33,
  0x34,0x36,0x20,0x2e,0x31,0x32,0x37,0x35,0x35,0x34,0x20,0x31,0x2e,0x30,0x39,0x39,
  0x36,0x30,0x39,0x20,0x2e,0x31,0x31,0x37,0x31,0x38,0x37,0x20,0x6c,0x20,0x2e,0x35,
  0x34,0x38,0x38,0x32,0x38,0x20,0x2d,0x2e,0x30,0x31,0x37,0x35,0x37,0x38,0x20,0x63,
  0x20,0x2e,0x33,0x31,0x30,0x36,0x33,0x32,0x20,0x2d,0x2e,0x31,0x35,0x37,0x36,0x37,
  0x36,0x20,0x2e,0x33,0x32,0x37,0x36,0x33,0x32,0x20,0x2d,0x2e,0x35,0x32,0x32,0x32,
  0x38,0x20,0x30,0x20,0x2d,0x2e,0x37,0x30,0x31,0x31,0x37,0x32,0x20,0x6c,0x20,0x2d,
  0x2e,0x37,0x37,0x37,0x33,0x34,0x34,0x20,0x2d,0x2e,0x31,0x31,0x37,0x31,0x38,0x37,
  0x20,0x63,0x20,0x2d,0x2e,0x39,0x37,0x38,0x38,0x36,0x36,0x20,0x2d,0x2e,0x31,0x34,
  0x39,0x31,0x35,0x38,0x20,0x2d,0x31,0x2e,0x33,0x38,0x33,0x38,0x30,0x33,0x20,0x2d,
  0x2e,0x32,0x37,0x39,0x34,0x33,0x37,0x20,0x2d,0x32,0x2e,0x30,0x35,0x36,0x36,0x34,
  0x20,0x2d,0x2e,0x36,0x35,0x38,0x32,0x30,0x33,0x20,0x63,0x20,0x2d,0x31,0x2e,0x34,
  0x36,0x33,0x31,0x38,0x20,0x2d,0x2e,0x38,0x32,0x33,0x36,0x37,0x34,0x20,0x2d,0x32,
  0x2e,0x35,0x31,0x31,0x37,0x31,0x39,0x20,0x2d,0x32,0x2e,0x36,0x30,0x39,0x32,0x33,
  0x39,0x20,0x2d,0x32,0x2e,0x35,0x31,0x31,0x37,0x31,0x39,0x20,0x2d,0x34,0x2e,0x32,
  0x37,0x37,0x33,0x34,0x34,0x20,0x63,0x20,0x30,0x20,0x2d,0x2e,0x37,0x33,0x35,0x31,
  0x31,0x33,0x20,0x2e,0x32,0x37,0x38,0x37,0x38,0x38,0x34,0x20,0x2d,0x31,0x2e,0x31,
  0x36,0x34,0x36,0x36,0x33,0x20,0x2e,0x39,0x32,0x37,0x37,0x33,0x34,0x20,0x2d,0x31,
  0x2e,0x34,0x33,0x33,0x35,0x39,0x34,0x20,0x63,0x20,0x2e,0x34,0x36,0x38,0x39,0x30,
  0x35,0x20,0x2d,0x2e,0x31,0x39,0x34,0x33,0x33,0x33,0x20,0x2e,0x34,0x37,0x34,0x34,
  0x35,0x35,0x20,0x2d,0x2e,0x31,0x39,0x34,0x33,0x33,0x33,0x20,0x2e,0x39,0x34,0x33,
  0x33,0x36,0x20,0x30,0x20,0x63,0x20,0x2e,0x35,0x39,0x33,0x34,0x32,0x38,0x20,0x2e,
  0x32,0x34,0x35,0x39,0x33,0x20,0x2e,0x38,0x37,0x39,0x36,0x31,0x32,0x20,0x2e,0x36,
  0x35,0x38,0x34,0x32,0x38,0x20,0x2e,0x39,0x35,0x33,0x31,0x32,0x35,0x20,0x31,0x2e,
  0x33,0x37,0x31,0x30,0x39,0x34,0x20,0x63,0x20,0x2e,0x31,0x33,0x34,0x39,0x39,0x36,
  0x20,0x31,0x2e,0x33,0x30,0x37,0x39,0x31,0x37,0x20,0x31,0x2e,0x30,0x34,0x32,0x36,
  0x30,0x31,0x20,0x32,0x2e,0x31,0x36,0x37,0x39,0x36,0x39,0x20,0x32,0x2e,0x32,0x38,
  0x37,0x31,0x30,0x39,0x20,0x32,0x2e,0x31,0x36,0x37,0x39,0x36,0x39,0x20,0x63,0x20,
  0x2e,0x39,0x39,0x38,0x37,0x37,0x36,0x20,0x30,0x20,0x31,0x2e,0x38,0x34,0x30,0x35,
  0x34,0x39,0x20,0x2d,0x2e,0x36,0x34,0x37,0x31,0x37,0x31,0x20,0x32,0x2e,0x31,0x33,
  0x38,0x36,0x37,0x32,0x20,0x2d,0x31,0x2e,0x36,0x34,0x36,0x34,0x38,0x35,0x20,0x63,
  0x20,0x2e,0x32,0x39,0x31,0x37,0x38,0x34,0x20,0x2d,0x2e,0x39,0x37,0x37,0x39,0x39,
  0x32,0x20,0x2d,0x2e,0x31,0x30,0x31,0x30,0x36,0x32,0x20,0x2d,0x32,0x2e,0x36,0x32,
  0x31,0x36,0x35,0x35,0x20,0x2d,0x2e,0x39,0x32,0x33,0x38,0x32,0x38,0x20,0x2d,0x33,
  0x2e,0x38,0x37,0x31,0x30,0x39,0x33,0x34,0x20,0x63,0x20,0x2d,0x31,0x2e,0x30,0x39,
  0x30,0x33,0x39,0x35,0x20,0x2d,0x31,0x2e,0x36,0x35,0x35,0x38,0x34,0x37,0x37,0x20,
  0x2d,0x32,0x2e,0x38,0x39,0x35,0x32,0x32,0x31,0x20,0x2d,0x32,0x2e,0x36,0x32,0x30,
  0x37,0x35,0x34,0x39,0x20,0x2d,0x34,0x2e,0x38,0x32,0x36,0x31,0x37,0x32,0x20,0x2d,
  0x32,0x2e,0x36,0x35,0x34,0x32,0x39,0x36,0x38,0x20,0x7a,0x20,0x6d,0x20,0x2d,0x2e,
  0x30,0x36,0x34,0x34,0x35,0x33,0x20,0x31,0x2e,0x38,0x39,0x34,0x35,0x33,0x31,0x32,
  0x20,0x63,0x20,0x2d,0x2e,0x36,0x32,0x31,0x38,0x39,0x31,0x20,0x2e,0x30,0x30,0x37,
  0x38,0x35,0x39,0x31,0x20,0x2d,0x31,0x2e,0x32,0x36,0x31,0x30,0x33,0x34,0x31,0x20,
  0x2e,0x31,0x32,0x32,0x30,0x36,0x34,0x38,0x20,0x2d,0x31,0x2e,0x37,0x38,0x35,0x31,
  0x35,0x36,0x34,0x20,0x2e,0x33,0x32,0x36,0x31,0x37,0x31,0x39,0x20,0x63,0x20,0x2d,
  0x2e,0x38,0x30,0x38,0x31,0x34,0x32,0x31,0x20,0x2e,0x33,0x39,0x35,0x37,0x37,0x37,
  0x34,0x20,0x2d,0x31,0x2e,0x35,0x37,0x38,0x32,0x34,0x33,0x34,0x20,0x31,0x2e,0x31,
  0x38,0x36,0x34,0x34,0x36,0x31,0x20,0x2d,0x31,0x2e,0x39,0x37,0x36,0x35,0x36,0x32,
  0x35,0x20,0x32,0x2e,0x30,0x32,0x37,0x33,0x34,0x34,0x31,0x20,0x63,0x20,0x2d,0x2e,
  0x33,0x30,0x33,0x30,0x39,0x33,0x37,0x20,0x2e,0x36,0x33,0x39,0x38,0x33,0x32,0x20,
  0x2d,0x2e,0x33,0x32,0x30,0x35,0x30,0x30,0x37,0x20,0x2e,0x37,0x33,0x39,0x39,0x30,
  0x35,0x20,0x2d,0x2e,0x33,0x32,0x30,0x33,0x31,0x32,0x35,0x20,0x31,0x2e,0x38,0x32,
  0x36,0x31,0x37,0x31,0x20,0x63,0x20,0x2e,0x30,0x30,0x30,0x32,0x32,0x34,0x32,0x20,
  0x31,0x2e,0x33,0x33,0x36,0x34,0x33,0x31,0x20,0x2e,0x31,0x36,0x30,0x38,0x32,0x39,
  0x33,0x20,0x32,0x2e,0x30,0x34,0x35,0x39,0x33,0x39,0x20,0x2e,0x37,0x33,0x36,0x33,
  0x32,0x38,0x32,0x20,0x33,0x2e,0x32,0x34,0x36,0x30,0x39,0x34,0x20,0x63,0x20,0x2e,
  0x34,0x39,0x35,0x38,0x39,0x34,0x36,0x20,0x31,0x2e,0x30,0x33,0x34,0x31,0x33,0x32,
  0x20,0x31,0x2e,0x31,0x38,0x33,0x35,0x38,0x34,0x34,0x20,0x31,0x2e,0x39,0x33,0x36,
  0x37,0x38,0x33,0x20,0x31,0x2e,0x39,0x34,0x37,0x32,0x36,0x35,0x36,0x20,0x32,0x2e,
  0x35,0x35,0x34,0x36,0x38,0x38,0x20,0x63,0x20,0x2e,0x36,0x36,0x31,0x39,0x34,0x30,
  0x36,0x20,0x2e,0x35,0x33,0x35,0x35,0x38,0x37,0x20,0x2e,0x37,0x33,0x32,0x32,0x35,
  0x31,0x36,0x20,0x2e,0x35,0x36,0x30,0x38,0x36,0x37,0x20,0x31,0x2e,0x30,0x30,0x37,
  0x38,0x31,0x32,0x36,0x20,0x2e,0x33,0x35,0x39,0x33,0x37,0x35,0x20,0x63,0x20,0x2e,
  0x32,0x38,0x32,0x31,0x30,0x37,0x20,0x2d,0x2e,0x32,0x30,0x36,0x32,0x36,0x20,0x2e,
  0x31,0x32,0x34,0x36,0x38,0x35,0x20,0x2d,0x2e,0x35,0x36,0x31,0x30,0x38,0x20,0x2d,
  0x2e,0x34,0x34,0x35,0x33,0x31,0x33,0x20,0x2d,0x2e,0x39,0x39,0x38,0x30,0x34,0x37,
  0x20,0x63,0x20,0x2d,0x2e,0x36,0x31,0x38,0x30,0x32,0x31,0x32,0x20,0x2d,0x2e,0x34,
  0x37,0x33,0x37,0x38,0x38,0x20,0x2d,0x31,0x2e,0x32,0x38,0x35,0x37,0x38,0x33,0x39,
  0x20,0x2d,0x31,0x2e,0x33,0x32,0x39,0x37,0x36,0x35,0x20,0x2d,0x31,0x2e,0x37,0x33,
  0x36,0x33,0x32,0x37,0x38,0x20,0x2d,0x32,0x2e,0x32,0x32,0x38,0x35,0x31,0x36,0x20,
  0x63,0x20,0x2d,0x2e,0x37,0x34,0x30,0x30,0x34,0x38,0x36,0x20,0x2d,0x31,0x2e,0x34,
  0x37,0x36,0x32,0x31,0x37,0x20,0x2d,0x2e,0x39,0x32,0x35,0x37,0x36,0x34,0x38,0x20,
  0x2d,0x33,0x2e,0x33,0x30,0x31,0x31,0x39,0x38,0x20,0x2d,0x2e,0x34,0x34,0x33,0x33,
  0x35,0x39,0x33,0x20,0x2d,0x34,0x2e,0x33,0x34,0x35,0x37,0x30,0x33,0x20,0x63,0x20,
  0x2e,0x33,0x35,0x30,0x31,0x30,0x39,0x34,0x20,0x2d,0x2e,0x37,0x35,0x38,0x30,0x36,
  0x31,0x20,0x2e,0x38,0x38,0x33,0x37,0x37,0x35,0x33,0x20,0x2d,0x31,0x2e,0x33,0x32,
  0x33,0x39,0x34,0x39,0x32,0x20,0x31,0x2e,0x35,0x36,0x34,0x34,0x35,0x33,0x31,0x20,
  0x2d,0x31,0x2e,0x36,0x35,0x38,0x32,0x30,0x33,0x20,0x63,0x20,0x2e,0x38,0x31,0x37,
  0x38,0x30,0x39,0x20,0x2d,0x2e,0x34,0x30,0x31,0x35,0x39,0x36,0x36,0x20,0x32,0x2e,
  0x30,0x31,0x32,0x32,0x36,0x39,0x20,0x2d,0x2e,0x34,0x30,0x31,0x35,0x39,0x36,0x36,
  0x20,0x32,0x2e,0x38,0x33,0x30,0x30,0x37,0x38,0x20,0x30,0x20,0x63,0x20,0x2e,0x39,
  0x37,0x36,0x31,0x30,0x39,0x20,0x2e,0x34,0x37,0x39,0x33,0x32,0x34,0x20,0x31,0x2e,
  0x35,0x39,0x39,0x33,0x33,0x33,0x20,0x31,0x2e,0x33,0x35,0x33,0x35,0x31,0x39,0x20,
  0x31,0x2e,0x38,0x32,0x30,0x33,0x31,0x33,0x20,0x32,0x2e,0x35,0x35,0x30,0x37,0x38,
  0x31,0x20,0x63,0x20,0x2e,0x31,0x33,0x31,0x39,0x20,0x2e,0x37,0x31,0x34,0x36,0x36,
  0x34,0x20,0x2e,0x33,0x33,0x32,0x30,0x36,0x38,0x20,0x2e,0x39,0x35,0x32,0x32,0x33,
  0x34,0x20,0x2e,0x36,0x33,0x36,0x37,0x31,0x38,0x20,0x2e,0x37,0x35,0x35,0x38,0x36,
  0x20,0x63,0x20,0x2e,0x31,0x34,0x31,0x31,0x36,0x34,0x20,0x2d,0x2e,0x30,0x39,0x30,
  0x39,0x39,0x20,0x2e,0x31,0x37,0x31,0x33,0x33,0x37,0x20,0x2d,0x2e,0x32,0x34,0x32,
  0x38,0x32,0x39,0x20,0x2e,0x31,0x35,0x38,0x32,0x30,0x33,0x20,0x2d,0x2e,0x37,0x38,
  0x37,0x31,0x31,0x20,0x63,0x20,0x2d,0x2e,0x30,0x33,0x31,0x39,0x31,0x34,0x20,0x2d,
  0x31,0x2e,0x33,0x32,0x33,0x30,0x38,0x39,0x20,0x2d,0x2e,0x39,0x35,0x37,0x38,0x33,
  0x34,0x20,0x2d,0x32,0x2e,0x36,0x35,0x31,0x31,0x39,0x37,0x32,0x20,0x2d,0x32,0x2e,
  0x33,0x31,0x32,0x35,0x20,0x2d,0x33,0x2e,0x33,0x31,0x36,0x34,0x30,0x36,0x20,0x63,
  0x20,0x2d,0x2e,0x34,0x35,0x34,0x37,0x34,0x33,0x20,0x2d,0x2e,0x32,0x32,0x31,0x32,
  0x36,0x30,0x39,0x20,0x2d,0x31,0x2e,0x30,0x35,0x39,0x37,0x34,0x39,0x20,0x2d,0x2e,
  0x33,0x32,0x30,0x33,0x36,0x36,0x32,0x20,0x2d,0x31,0x2e,0x36,0x38,0x31,0x36,0x34,
  0x20,0x2d,0x2e,0x33,0x31,0x32,0x35,0x20,0x7a,0x20,0x6d,0x20,0x2d,0x2e,0x30,0x30,
  0x33,0x39,0x30,0x36,0x20,0x33,0x2e,0x36,0x31,0x35,0x32,0x33,0x34,0x20,0x63,0x20,
  0x2d,0x2e,0x30,0x37,0x32,0x31,0x33,0x34,0x20,0x2d,0x2e,0x30,0x30,0x31,0x34,0x36,
  0x35,0x20,0x2d,0x2e,0x31,0x35,0x33,0x30,0x33,0x33,0x20,0x2e,0x30,0x32,0x33,0x35,
  0x30,0x39,0x20,0x2d,0x2e,0x32,0x34,0x34,0x31,0x34,0x31,0x20,0x2e,0x30,0x37,0x32,
  0x32,0x36,0x36,0x20,0x63,0x20,0x2d,0x2e,0x31,0x39,0x31,0x32,0x38,0x31,0x20,0x2e,
  0x31,0x30,0x32,0x34,0x30,0x32,0x20,0x2d,0x2e,0x32,0x30,0x38,0x38,0x32,0x39,0x20,
  0x2e,0x31,0x37,0x34,0x30,0x37,0x35,0x20,0x2d,0x2e,0x31,0x36,0x32,0x31,0x30,0x39,
  0x20,0x2e,0x37,0x32,0x36,0x35,0x36,0x33,0x20,0x63,0x20,0x2e,0x31,0x34,0x37,0x37,
  0x35,0x35,0x20,0x31,0x2e,0x37,0x34,0x38,0x30,0x38,0x38,0x20,0x31,0x2e,0x34,0x36,
  0x34,0x34,0x35,0x32,0x20,0x33,0x2e,0x32,0x35,0x32,0x35,0x36,0x20,0x33,0x2e,0x31,
  0x37,0x31,0x38,0x37,0x35,0x20,0x33,0x2e,0x36,0x32,0x35,0x20,0x63,0x20,0x2e,0x37,
  0x35,0x37,0x33,0x30,0x31,0x20,0x2e,0x31,0x36,0x35,0x31,0x32,0x34,0x20,0x2e,0x39,
  0x36,0x30,0x36,0x31,0x36,0x20,0x2e,0x31,0x36,0x32,0x34,0x32,0x33,0x20,0x31,0x2e,
  0x31,0x34,0x32,0x35,0x37,0x38,0x20,0x2d,0x2e,0x30,0x31,0x39,0x35,0x33,0x32,0x20,
  0x63,0x20,0x2e,0x33,0x36,0x33,0x34,0x32,0x39,0x20,0x2d,0x2e,0x33,0x36,0x33,0x34,
  0x31,0x36,0x20,0x2e,0x31,0x31,0x39,0x35,0x31,0x39,0x20,0x2d,0x2e,0x36,0x35,0x32,
  0x37,0x30,0x36,0x20,0x2d,0x2e,0x36,0x33,0x34,0x37,0x36,0x36,0x20,0x2d,0x2e,0x37,
  0x35,0x35,0x38,0x35,0x39,0x20,0x63,0x20,0x2d,0x31,0x2e,0x35,0x34,0x31,0x36,0x39,
  0x33,0x20,0x2d,0x2e,0x32,0x31,0x30,0x38,0x33,0x20,0x2d,0x32,0x2e,0x36,0x38,0x37,
  0x38,0x30,0x36,0x20,0x2d,0x31,0x2e,0x33,0x38,0x37,0x38,0x37,0x37,0x20,0x2d,0x32,
  0x2e,0x38,0x37,0x31,0x30,0x39,0x34,0x20,0x2d,0x32,0x2e,0x39,0x34,0x37,0x32,0x36,
  0x36,0x20,0x63,0x20,0x2d,0x2e,0x30,0x35,0x34,0x36,0x37,0x31,0x20,0x2d,0x2e,0x34,
  0x36,0x35,0x30,0x34,0x36,0x20,0x2d,0x2e,0x31,0x38,0x35,0x39,0x34,0x33,0x20,0x2d,
  0x2e,0x36,0x39,0x36,0x37,0x37,0x36,0x20,0x2d,0x2e,0x34,0x30,0x32,0x33,0x34,0x33,
  0x20,0x2d,0x2e,0x37,0x30,0x31,0x31,0x37,0x32,0x20,0x7a,0x22,0x20,0x63,0x6c,0x61,
  0x73,0x73,0x3d,0x22,0x43,0x6f,0x6c,0x6f,0x72,0x53,0x63,0x68,0x65,0x6d,0x65,0x2d,
  0x54,0x65,0x78,0x74,0x22,0x20,0x66,0x69,0x6c,0x6c,0x3d,0x22,0x63,0x75,0x72,0x72,
  0x65,0x6e,0x74,0x43,0x6f,0x6c,0x6f,0x72,0x22,0x2f,0x3e,0xa,0x3c,0x2f,0x73,0x76,
  0x67,0x3e,0xa,
    // configure.svg
  0x0,0x0,0x3,0x84,
  0x3c,
  0x3f,0x78,0x6d,0x6c,0x20,0x76,0x65,0x72,0x73,0x69,0x6f,0x6e,0x3d,0x22,0x31,0x2e,
  0x30,0x22,0x20,0x65,0x6e,0x63,0x6f,0x64,0x69,0x6e,0x67,0x3d,0x22,0x55,0x54,0x46,
  0x2d,0x38,0x22,0x3f,0x3e,0xa,0x3c,0x73,0x76,0x67,0x20,0x78,0x6d,0x6c,0x6e,0x73,
  0x3d,0x22,0x68,0x74,0x74,0x70,0x3a,0x2f,0x2f,0x77,0x77,0x77,0x2e,0x77,0x33,0x2e,
  0x6f,0x72,0x67,0x2f,0x32,0x30,0x30,0x30,0x2f,0x73,0x76,0x67,0x22,0x20,0x76,0x69,
  0x65,0x77,0x42,0x6f,0x78,0x3d,0x22,0x30,0x20,0x30,0x20,0x32,0x32,0x20,0x32,0x32,
  0x22,0x3e,0xa,0x20,0x20,0x3c,0x64,0x65,0x66,0x73,0x20,0x69,0x64,0x3d,0x22,0x64,
  0x65,0x66,0x73,0x33,0x30,0x35,0x31,0x22,0x3e,0xa,0x20,0x20,0x20,0x20,0x3c,0x73,
  0x74,0x79,0x6c,0x65,0x20,0x74,0x79,0x70,0x65,0x3d,0x22,0x74,0x65,0x78,0x74,0x2f,
  0x63,0x73,0x73,0x22,0x20,0x69,0x64,0x3d,0x22,0x63,0x75,0x72,0x72,0x65,0x6e,0x74,
  0x2d,0x63,0x6f,0x6c,0x6f,0x72,0x2d,0x73,0x63,0x68,0x65,0x6d,0x65,0x22,0x3e,0x2e,
  0x43,0x6f,0x6c,0x6f,0x72,0x53,0x63,0x68,0x65,0x6d,0x65,0x2d,0x54,0x65,0x78,0x74,
  0x20,0x7b,0x20,0x63,0x6f,0x6c,0x6f,0x72,0x3a,0x20,0x23,0x66,0x63,0x66,0x63,0x66,
  0x63,0x3b,0x20,0x7d,0x20,0x3c,0x2f,0x73,0x74,0x79,0x6c,0x65,0x3e,0xa,0x20,0x20,
  0x3c,0x2f,0x64,0x65,0x66,0x73,0x3e,0xa,0x20,0x3c,0x70,0x61,0x74,0x68,0x20,0x73,
  0x74,0x79,0x6c,0x65,0x3d,0x22,0x66,0x69,0x6c,0x6c,0x3a,0x63,0x75,0x72,0x72,0x65,
  0x6e,0x74,0x43,0x6f,0x6c,0x6f,0x72,0x3b,0x66,0x69,0x6c,0x6c,0x2d,0x6f,0x70,0x61,
  0x63,0x69,0x74,0x79,0x3a,0x31,0x3b,0x73,0x74,0x72,0x6f,0x6b,0x65,0x3a,0x6e,0x6f,
  0x6e,0x65,0x22,0x20,0x64,0x3d,0x22,0x4d,0x20,0x31,0x31,0x2e,0x35,0x20,0x33,0x20,
  0x43,0x20,0x31,0x30,0x2e,0x32,0x38,0x36,0x31,0x33,0x39,0x20,0x33,0x20,0x39,0x2e,
  0x32,0x38,0x30,0x39,0x37,0x37,0x38,0x20,0x33,0x2e,0x38,0x35,0x35,0x39,0x32,0x37,
  0x39,0x20,0x39,0x2e,0x30,0x35,0x30,0x37,0x38,0x31,0x32,0x20,0x35,0x20,0x4c,0x20,
  0x33,0x20,0x35,0x20,0x4c,0x20,0x33,0x20,0x36,0x20,0x4c,0x20,0x39,0x2e,0x30,0x35,
  0x30,0x37,0x38,0x31,0x32,0x20,0x36,0x20,0x43,0x20,0x39,0x2e,0x32,0x38,0x30,0x39,
  0x37,0x37,0x38,0x20,0x37,0x2e,0x31,0x34,0x34,0x30,0x37,0x32,0x31,0x20,0x31,0x30,
  0x2e,0x32,0x38,0x36,0x31,0x33,0x39,0x20,0x38,0x20,0x31,0x31,0x2e,0x35,0x20,0x38,
  0x20,0x43,0x20,0x31,0x32,0x2e,0x37,0x31,0x33,0x38,0x36,0x31,0x20,0x38,0x20,0x31,
  0x33,0x2e,0x37,0x31,0x39,0x30,0x32,0x32,0x20,0x37,0x2e,0x31,0x34,0x34,0x30,0x37,
  0x32,0x31,0x20,0x31,0x33,0x2e,0x39,0x34,0x39,0x32,0x31,0x39,0x20,0x36,0x20,0x4c,
  0x20,0x31,0x39,0x20,0x36,0x20,0x4c,0x20,0x31,0x39,0x20,0x35,0x20,0x4c,0x20,0x31,
  0x33,0x2e,0x39,0x34,0x39,0x32,0x31,0x39,0x20,0x35,0x20,0x43,0x20,0x31,0x33,0x2e,
  0x37,0x31,0x39,0x30,0x32,0x32,0x20,0x33,0x2e,0x38,0x35,0x35,0x39,0x32,0x37,0x39,
  0x20,0x31,0x32,0x2e,0x37,0x31,0x33,0x38,0x36,0x31,0x20,0x33,0x20,0x31,0x31,0x2e,
  0x35,0x20,0x33,0x20,0x7a,0x20,0x4d,0x20,0x35,0x2e,0x35,0x20,0x31,0x34,0x20,0x43,
  0x20,0x34,0x2e,0x31,0x31,0x34,0x39,0x39,0x39,0x39,0x20,0x31,0x34,0x20,0x33,0x20,
  0x31,0x35,0x2e,0x31,0x31,0x35,0x20,0x33,0x20,0x31,0x36,0x2e,0x35,0x20,0x43,0x20,
  0x33,0x20,0x31,0x37,0x2e,0x38,0x38,0x35,0x20,0x34,0x2e,0x31,0x31,0x34,0x39,0x39,
  0x39,0x39,0x20,0x31,0x39,0x20,0x35,0x2e,0x35,0x20,0x31,0x39,0x20,0x43,0x20,0x36,
  0x2e,0x37,0x31,0x33,0x38,0x36,0x30,0x34,0x20,0x31,0x39,0x20,0x37,0x2e,0x37,0x31,
  0x39,0x30,0x32,0x32,0x33,0x20,0x31,0x38,0x2e,0x31,0x34,0x34,0x30,0x37,0x32,0x20,
  0x37,0x2e,0x39,0x34,0x39,0x32,0x31,0x38,0x38,0x20,0x31,0x37,0x20,0x4c,0x20,0x31,
  0x39,0x20,0x31,0x37,0x20,0x4c,0x20,0x31,0x39,0x20,0x31,0x36,0x20,0x4c,0x20,0x37,
  0x2e,0x39,0x34,0x39,0x32,0x31,0x38,0x38,0x20,0x31,0x36,0x20,0x43,0x20,0x37,0x2e,
  0x37,0x31,0x39,0x30,0x32,0x32,0x33,0x20,0x31,0x34,0x2e,0x38,0x35,0x35,0x39,0x32,
  0x38,0x20,0x36,0x2e,0x37,0x31,0x33,0x38,0x36,0x30,0x34,0x20,0x31,0x34,0x20,0x35,
  0x2e,0x35,0x20,0x31,0x34,0x20,0x7a,0x20,0x4d,0x20,0x35,0x2e,0x35,0x20,0x31,0x35,
  0x20,0x43,0x20,0x36,0x2e,0x33,0x33,0x31,0x30,0x30,0x30,0x31,0x20,0x31,0x35,0x20,
  0x37,0x20,0x31,0x35,0x2e,0x36,0x36,0x39,0x20,0x37,0x20,0x31,0x36,0x2e,0x35,0x20,
  0x43,0x20,0x37,0x20,0x31,0x37,0x2e,0x33,0x33,0x31,0x20,0x36,0x2e,0x33,0x33,0x31,
  0x30,0x30,0x30,0x31,0x20,0x31,0x38,0x20,0x35,0x2e,0x35,0x20,0x31,0x38,0x20,0x43,
  0x20,0x34,0x2e,0x36,0x36,0x38,0x39,0x39,0x39,0x39,0x20,0x31,0x38,0x20,0x34,0x20,
  0x31,0x37,0x2e,0x33,0x33,0x31,0x20,0x34,0x20,0x31,0x36,0x2e,0x35,0x20,0x43,0x20,
  0x34,0x20,0x31,0x35,0x2e,0x36,0x36,0x39,0x20,0x34,0x2e,0x36,0x36,0x38,0x39,0x39,
  0x39,0x39,0x20,0x31,0x35,0x20,0x35,0x2e,0x35,0x20,0x31,0x35,0x20,0x7a,0x20,0x22,
  0x20,0x63,0x6c,0x61,0x73,0x73,0x3d,0x22,0x43,0x6f,0x6c,0x6f,0x72,0x53,0x63,0x68,
  0x65,0x6d,0x65,0x2d,0x54,0x65,0x78,0x74,0x22,0x2f,0x3e,0xa,0x3c,0x2f,0x73,0x76,
  0x67,0x3e,0xa,
    // view-refresh.svg
  0x0,0x0,0x2,0x33,
  0x3c,
  0x3f,0x78,0x6d,0x6c,0x20,0x76,0x65,0x72,0x73,0x69,0x6f,0x6e,0x3d,0x22,0x31,0x2e,
  0x30,0x22,0x20,0x65,0x6e,0x63,0x6f,0x64,0x69,0x6e,0x67,0x3d,0x22,0x55,0x54,0x46,
  0x2d,0x38,0x22,0x3f,0x3e,0xa,0x3c,0x73,0x76,0x67,0x20,0x76,0x65,0x72,0x73,0x69,
  0x6f,0x6e,0x3d,0x22,0x31,0x2e,0x31,0x22,0x20,0x76,0x69,0x65,0x77,0x42,0x6f,0x78,
  0x3d,0x22,0x30,0x20,0x30,0x20,0x32,0x32,0x20,0x32,0x32,0x22,0x20,0x78,0x6d,0x6c,
  0x6e,0x73,0x3d,0x22,0x68,0x74,0x74,0x70,0x3a,0x2f,0x2f,0x77,0x77,0x77,0x2e,0x77,
  0x33,0x2e,0x6f,0x72,0x67,0x2f,0x32,0x30,0x30,0x30,0x2f,0x73,0x76,0x67,0x22,0x3e,
  0xa,0x3c,0x64,0x65,0x66,0x73,0x3e,0xa,0x3c,0x73,0x74,0x79,0x6c,0x65,0x20,0x74,
  0x79,0x70,0x65,0x3d,0x22,0x74,0x65,0x78,0x74,0x2f,0x63,0x73,0x73,0x22,0x20,0x69,
  0x64,0x3d,0x22,0x63,0x75,0x72,0x72,0x65,0x6e,0x74,0x2d,0x63,0x6f,0x6c,0x6f,0x72,
  0x2d,0x73,0x63,0x68,0x65,0x6d,0x65,0x22,0x3e,0x2e,0x43,0x6f,0x6c,0x6f,0x72,0x53,
  0x63,0x68,0x65,0x6d,0x65,0x2d,0x54,0x65,0x78,0x74,0x20,0x7b,0x20,0x63,0x6f,0x6c,
  0x6f,0x72,0x3a,0x20,0x23,0x66,0x63,0x66,0x63,0x66,0x63,0x3b,0x20,0x7d,0x20,0x3c,
  0x2f,0x73,0x74,0x79,0x6c,0x65,0x3e,0xa,0x3c,0x2f,0x64,0x65,0x66,0x73,0x3e,0xa,
  0x3c,0x70,0x61,0x74,0x68,0x20,0x64,0x3d,0x22,0x6d,0x31,0x31,0x20,0x33,0x61,0x38,
  0x20,0x38,0x20,0x30,0x20,0x30,0x20,0x30,0x2d,0x37,0x2e,0x39,0x32,0x37,0x37,0x33,
  0x34,0x34,0x20,0x37,0x68,0x31,0x2e,0x30,0x30,0x35,0x38,0x35,0x39,0x34,0x61,0x37,
  0x20,0x37,0x20,0x30,0x20,0x30,0x20,0x31,0x20,0x36,0x2e,0x39,0x32,0x31,0x38,0x37,
  0x35,0x2d,0x36,0x20,0x37,0x20,0x37,0x20,0x30,0x20,0x30,0x20,0x31,0x20,0x36,0x2e,
  0x33,0x32,0x30,0x33,0x31,0x32,0x20,0x34,0x68,0x2d,0x33,0x2e,0x33,0x32,0x30,0x33,
  0x31,0x32,0x76,0x31,0x68,0x35,0x76,0x2d,0x31,0x2d,0x34,0x68,0x2d,0x31,0x76,0x33,
  0x2e,0x31,0x36,0x37,0x39,0x36,0x38,0x38,0x61,0x38,0x20,0x38,0x20,0x30,0x20,0x30,
  0x20,0x30,0x2d,0x37,0x2d,0x34,0x2e,0x31,0x36,0x37,0x39,0x36,0x38,0x38,0x7a,0x6d,
  0x36,0x2e,0x39,0x32,0x31,0x38,0x37,0x35,0x20,0x39,0x61,0x37,0x20,0x37,0x20,0x30,
  0x20,0x30,0x20,0x31,0x2d,0x36,0x2e,0x39,0x32,0x31,0x38,0x37,0x35,0x20,0x36,0x20,
  0x37,0x20,0x37,0x20,0x30,0x20,0x30,0x20,0x31,0x2d,0x36,0x2e,0x33,0x31,0x30,0x35,
  0x34,0x36,0x39,0x2d,0x34,0x68,0x33,0x2e,0x33,0x31,0x30,0x35,0x34,0x36,0x39,0x76,
  0x2d,0x31,0x68,0x2d,0x35,0x76,0x31,0x20,0x34,0x68,0x31,0x76,0x2d,0x33,0x2e,0x31,
  0x39,0x35,0x33,0x31,0x32,0x61,0x38,0x20,0x38,0x20,0x30,0x20,0x30,0x20,0x30,0x20,
  0x37,0x20,0x34,0x2e,0x31,0x39,0x35,0x33,0x31,0x32,0x20,0x38,0x20,0x38,0x20,0x30,
  0x20,0x30,0x20,0x30,0x20,0x37,0x2e,0x39,0x32,0x37,0x37,0x33,0x34,0x2d,0x37,0x68,
  0x2d,0x31,0x2e,0x30,0x30,0x35,0x38,0x35,0x39,0x7a,0x22,0x20,0x63,0x6c,0x61,0x73,
  0x73,0x3d,0x22,0x43,0x6f,0x6c,0x6f,0x72,0x53,0x63,0x68,0x65,0x6d,0x65,0x2d,0x54,
  0x65,0x78,0x74,0x22,0x20,0x66,0x69,0x6c,0x6c,0x3d,0x22,0x63,0x75,0x72,0x72,0x65,
  0x6e,0x74,0x43,0x6f,0x6c,0x6f,0x72,0x22,0x2f,0x3e,0xa,0x3c,0x2f,0x73,0x76,0x67,
  0x3e,0xa,
    // system-run.svg
  0x0,0x0,0x1,0xef,
  0x3c,
  0x3f,0x78,0x6d,0x6c,0x20,0x76,0x65,0x72,0x73,0x69,0x6f,0x6e,0x3d,0x22,0x31,0x2e,
  0x30,0x22,0x20,0x65,0x6e,0x63,0x6f,0x64,0x69,0x6e,0x67,0x3d,0x22,0x55,0x54,0x46,
  0x2d,0x38,0x22,0x3f,0x3e,0xa,0x3c,0x73,0x76,0x67,0x20,0x78,0x6d,0x6c,0x6e,0x73,
  0x3d,0x22,0x68,0x74,0x74,0x70,0x3a,0x2f,0x2f,0x77,0x77,0x77,0x2e,0x77,0x33,0x2e,
  0x6f,0x72,0x67,0x2f,0x32,0x30,0x30,0x30,0x2f,0x73,0x76,0x67,0x22,0x20,0x76,0x69,
  0x65,0x77,0x42,0x6f,0x78,0x3d,0x22,0x30,0x20,0x30,0x20,0x32,0x32,0x20,0x32,0x32,
  0x22,0x3e,0xa,0x20,0x20,0x3c,0x64,0x65,0x66,0x73,0x20,0x69,0x64,0x3d,0x22,0x64,
  0x65,0x66,0x73,0x33,0x30,0x35,0x31,0x22,0x3e,0xa,0x20,0x20,0x20,0x20,0x3c,0x73,
  0x74,0x79,0x6c,0x65,0x20,0x74,0x79,0x70,0x65,0x3d,0x22,0x74,0x65,0x78,0x74,0x2f,
  0x63,0x73,0x73,0x22,0x20,0x69,0x64,0x3d,0x22,0x63,0x75,0x72,0x72,0x65,0x6e,0x74,
  0x2d,0x63,0x6f,0x6c,0x6f,0x72,0x2d,0x73,0x63,0x68,0x65,0x6d,0x65,0x22,0x3e,0x2e,
  0x43,0x6f,0x6c,0x6f,0x72,0x53,0x63,0x68,0x65,0x6d,0x65,0x2d,0x54,0x65,0x78,0x74,
  0x20,0x7b,0x20,0x63,0x6f,0x6c,0x6f,0x72,0x3a,0x20,0x23,0x66,0x63,0x66,0x63,0x66,
  0x63,0x3b,0x20,0x7d,0x20,0x3c,0x2f,0x73,0x74,0x79,0x6c,0x65,0x3e,0xa,0x20,0x20,
  0x3c,0x2f,0x64,0x65,0x66,0x73,0x3e,0xa,0x20,0x3c,0x70,0x61,0x74,0x68,0x20,0x73,
  0x74,0x79,0x6c,0x65,0x3d,0x22,0x66,0x69,0x6c,0x6c,0x3a,0x63,0x75,0x72,0x72,0x65,
  0x6e,0x74,0x43,0x6f,0x6c,0x6f,0x72,0x3b,0x66,0x69,0x6c,0x6c,0x2d,0x6f,0x70,0x61,
  0x63,0x69,0x74,0x79,0x3a,0x31,0x3b,0x73,0x74,0x72,0x6f,0x6b,0x65,0x3a,0x6e,0x6f,
  0x6e,0x65,0x22,0x20,0x64,0x3d,0x22,0x4d,0x20,0x33,0x20,0x33,0x20,0x4c,0x20,0x33,
  0x20,0x37,0x20,0x4c,0x20,0x33,0x20,0x31,0x38,0x20,0x4c,0x20,0x33,0x20,0x31,0x39,
  0x20,0x4c,0x20,0x31,0x33,0x20,0x31,0x39,0x20,0x4c,0x20,0x31,0x39,0x20,0x31,0x39,
  0x20,0x4c,0x20,0x31,0x39,0x20,0x31,0x38,0x20,0x4c,0x20,0x31,0x39,0x20,0x31,0x33,
  0x20,0x4c,0x20,0x31,0x39,0x20,0x37,0x20,0x4c,0x20,0x31,0x39,0x20,0x33,0x20,0x4c,
  0x20,0x33,0x20,0x33,0x20,0x7a,0x20,0x4d,0x20,0x34,0x20,0x37,0x20,0x4c,0x20,0x31,
  0x38,0x20,0x37,0x20,0x4c,0x20,0x31,0x38,0x20,0x31,0x33,0x20,0x4c,0x20,0x31,0x38,
  0x20,0x31,0x38,0x20,0x4c,0x20,0x31,0x33,0x20,0x31,0x38,0x20,0x4c,0x20,0x34,0x20,
  0x31,0x38,0x20,0x4c,0x20,0x34,0x20,0x37,0x20,0x7a,0x20,0x4d,0x20,0x39,0x20,0x31,
  0x30,0x20,0x4c,0x20,0x39,0x20,0x31,0x36,0x20,0x4c,0x20,0x31,0x34,0x20,0x31,0x33,
  0x20,0x4c,0x20,0x39,0x20,0x31,0x30,0x20,0x7a,0x20,0x22,0x20,0x63,0x6c,0x61,0x73,
  0x73,0x3d,0x22,0x43,0x6f,0x6c,0x6f,0x72,0x53,0x63,0x68,0x65,0x6d,0x65,0x2d,0x54,
  0x65,0x78,0x74,0x22,0x2f,0x3e,0xa,0x3c,0x2f,0x73,0x76,0x67,0x3e,0xa,
    // system-search.svg
  0x0,0x0,0x2,0xc6,
  0x3c,
  0x3f,0x78,0x6d,0x6c,0x20,0x76,0x65,0x72,0x73,0x69,0x6f,0x6e,0x3d,0x22,0x31,0x2e,
  0x30,0x22,0x20,0x65,0x6e,0x63,0x6f,0x64,0x69,0x6e,0x67,0x3d,0x22,0x55,0x54,0x46,
  0x2d,0x38,0x22,0x3f,0x3e,0xa,0x3c,0x73,0x76,0x67,0x20,0x78,0x6d,0x6c,0x6e,0x73,
  0x3d,0x22,0x68,0x74,0x74,0x70,0x3a,0x2f,0x2f,0x77,0x77,0x77,0x2e,0x77,0x33,0x2e,
  0x6f,0x72,0x67,0x2f,0x32,0x30,0x30,0x30,0x2f,0x73,0x76,0x67,0x22,0x20,0x76,0x69,
  0x65,0x77,0x42,0x6f,0x78,0x3d,0x22,0x30,0x20,0x30,0x20,0x32,0x32,0x20,0x32,0x32,
  0x22,0x3e,0xa,0x20,0x20,0x3c,0x64,0x65,0x66,0x73,0x20,0x69,0x64,0x3d,0x22,0x64,
  0x65,0x66,0x73,0x33,0x30,0x35,0x31,0x22,0x3e,0xa,0x20,0x20,0x20,0x20,0x3c,0x73,
  0x74,0x79,0x6c,0x65,0x20,0x74,0x79,0x70,0x65,0x3d,0x22,0x74,0x65,0x78,0x74,0x2f,
  0x63,0x73,0x73,0x22,0x20,0x69,0x64,0x3d,0x22,0x63,0x75,0x72,0x72,0x65,0x6e,0x74,
  0x2d,0x63,0x6f,0x6c,0x6f,0x72,0x2d,0x73,0x63,0x68,0x65,0x6d,0x65,0x22,0x3e,0x2e,
  0x43,0x6f,0x6c,0x6f,0x72,0x53,0x63,0x68,0x65,0x6d,0x65,0x2d,0x54,0x65,0x78,0x74,
  0x20,0x7b,0x20,0x63,0x6f,0x6c,0x6f,0x72,0x3a,0x20,0x23,0x66,0x63,0x66,0x63,0x66,
  0x63,0x3b,0x20,0x7d,0x20,0x3c,0x2f,0x73,0x74,0x79,0x6c,0x65,0x3e,0xa,0x20,0x20,
  0x3c,0x2f,0x64,0x65,0x66,0x73,0x3e,0xa,0x20,0x3c,0x70,0x61,0x74,0x68,0x20,0x73,
  0x74,0x79,0x6c,0x65,0x3d,0x22,0x66,0x69,0x6c,0x6c,0x3a,0x63,0x75,0x72,0x72,0x65,
  0x6e,0x74,0x43,0x6f,0x6c,0x6f,0x72,0x3b,0x66,0x69,0x6c,0x6c,0x2d,0x6f,0x70,0x61,
  0x63,0x69,0x74,0x79,0x3a,0x31,0x3b,0x73,0x74,0x72,0x6f,0x6b,0x65,0x3a,0x6e,0x6f,
  0x6e,0x65,0x22,0x20,0x64,0x3d,0x22,0x4d,0x20,0x39,0x20,0x33,0x20,0x43,0x20,0x35,
  0x2e,0x36,0x37,0x35,0x39,0x39,0x35,0x32,0x20,0x33,0x20,0x33,0x20,0x35,0x2e,0x36,
  0x37,0x35,0x39,0x39,0x35,0x32,0x20,0x33,0x20,0x39,0x20,0x43,0x20,0x33,0x20,0x31,
  0x32,0x2e,0x33,0x32,0x34,0x30,0x30,0x35,0x20,0x35,0x2e,0x36,0x37,0x35,0x39,0x39,
  0x35,0x32,0x20,0x31,0x35,0x20,0x39,0x20,0x31,0x35,0x20,0x43,0x20,0x31,0x30,0x2e,
  0x34,0x38,0x31,0x32,0x30,0x35,0x20,0x31,0x35,0x20,0x31,0x31,0x2e,0x38,0x33,0x30,
  0x35,0x38,0x34,0x20,0x31,0x34,0x2e,0x34,0x36,0x35,0x33,0x31,0x38,0x20,0x31,0x32,
  0x2e,0x38,0x37,0x35,0x20,0x31,0x33,0x2e,0x35,0x38,0x32,0x30,0x33,0x31,0x20,0x4c,
  0x20,0x31,0x38,0x2e,0x32,0x39,0x32,0x39,0x36,0x39,0x20,0x31,0x39,0x20,0x4c,0x20,
  0x31,0x39,0x20,0x31,0x38,0x2e,0x32,0x39,0x32,0x39,0x36,0x39,0x20,0x4c,0x20,0x31,
  0x33,0x2e,0x35,0x38,0x32,0x30,0x33,0x31,0x20,0x31,0x32,0x2e,0x38,0x37,0x35,0x20,
  0x43,0x20,0x31,0x34,0x2e,0x34,0x36,0x35,0x33,0x31,0x38,0x20,0x31,0x31,0x2e,0x38,
  0x33,0x30,0x35,0x38,0x34,0x20,0x31,0x35,0x20,0x31,0x30,0x2e,0x34,0x38,0x31,0x32,
  0x30,0x35,0x20,0x31,0x35,0x20,0x39,0x20,0x43,0x20,0x31,0x35,0x20,0x35,0x2e,0x36,
  0x37,0x35,0x39,0x39,0x35,0x32,0x20,0x31,0x32,0x2e,0x33,0x32,0x34,0x30,0x30,0x35,
  0x20,0x33,0x20,0x39,0x20,0x33,0x20,0x7a,0x20,0x4d,0x20,0x39,0x20,0x34,0x20,0x43,
  0x20,0x31,0x31,0x2e,0x37,0x37,0x30,0x30,0x30,0x35,0x20,0x34,0x20,0x31,0x34,0x20,
  0x36,0x2e,0x32,0x32,0x39,0x39,0x39,0x35,0x32,0x20,0x31,0x34,0x20,0x39,0x20,0x43,
  0x20,0x31,0x34,0x20,0x31,0x31,0x2e,0x37,0x37,0x30,0x30,0x30,0x35,0x20,0x31,0x31,
  0x2e,0x37,0x37,0x30,0x30,0x30,0x35,0x20,0x31,0x34,0x20,0x39,0x20,0x31,0x34,0x20,
  0x43,0x20,0x36,0x2e,0x32,0x32,0x39,0x39,0x39,0x35,0x32,0x20,0x31,0x34,0x20,0x34,
  0x20,0x31,0x31,0x2e,0x37,0x37,0x30,0x30,0x30,0x35,0x20,0x34,0x20,0x39,0x20,0x43,
  0x20,0x34,0x20,0x36,0x2e,0x32,0x32,0x39,0x39,0x39,0x35,0x32,0x20,0x36,0x2e,0x32,
  0x32,0x39,0x39,0x39,0x35,0x32,0x20,0x34,0x20,0x39,0x20,0x34,0x20,0x7a,0x20,0x22,
  0x20,0x63,0x6c,0x61,0x73,0x73,0x3d,0x22,0x43,0x6f,0x6c,0x6f,0x72,0x53,0x63,0x68,
  0x65,0x6d,0x65,0x2d,0x54,0x65,0x78,0x74,0x22,0x2f,0x3e,0x20,0x20,0xa,0x3c,0x2f,
  0x73,0x76,0x67,0x3e,0xa,
    // document-save-as.svg
  0x0,0x0,0x4,0x95,
  0x3c,
  0x3f,0x78,0x6d,0x6c,0x20,0x76,0x65,0x72,0x73,0x69,0x6f,0x6e,0x3d,0x22,0x31,0x2e,
  0x30,0x22,0x20,0x65,0x6e,0x63,0x6f,0x64,0x69,0x6e,0x67,0x3d,0x22,0x55,0x54,0x46,
  0x2d,0x38,0x22,0x3f,0x3e,0xa,0x3c,0x73,0x76,0x67,0x20,0x78,0x6d,0x6c,0x6e,0x73,
  0x3d,0x22,0x68,0x74,0x74,0x70,0x3a,0x2f,0x2f,0x77,0x77,0x77,0x2e,0x77,0x33,0x2e,
  0x6f,0x72,0x67,0x2f,0x32,0x30,0x30,0x30,0x2f,0x73,0x76,0x67,0x22,0x20,0x76,0x69,
  0x65,0x77,0x42,0x6f,0x78,0x3d,0x22,0x30,0x20,0x30,0x20,0x32,0x32,0x20,0x32,0x32,
  0x22,0x3e,0xa,0x20,0x20,0x3c,0x64,0x65,0x66,0x73,0x20,0x69,0x64,0x3d,0x22,0x64,
  0x65,0x66,0x73,0x33,0x30,0x35,0x31,0x22,0x3e,0xa,0x20,0x20,0x20,0x20,0x3c,0x73,
  0x74,0x79,0x6c,0x65,0x20,0x74,0x79,0x70,0x65,0x3d,0x22,0x74,0x65,0x78,0x74,0x2f,
  0x63,0x73,0x73,0x22,0x20,0x69,0x64,0x3d,0x22,0x63,0x75,0x72,0x72,0x65,0x6e,0x74,
  0x2d,0x63,0x6f,0x6c,0x6f,0x72,0x2d,0x73,0x63,0x68,0x65,0x6d,0x65,0x22,0x3e,0x2e,
  0x43,0x6f,0x6c,0x6f,0x72,0x53,0x63,0x68,0x65,0x6d,0x65,0x2d,0x54,0x65,0x78,0x74,
  0x20,0x7b,0x20,0x63,0x6f,0x6c,0x6f,0x72,0x3a,0x20,0x23,0x66,0x63,0x66,0x63,0x66,
  0x63,0x3b,0x20,0x7d,0x20,0x3c,0x2f,0x73,0x74,0x79,0x6c,0x65,0x3e,0xa,0x20,0x20,
  0x3c,0x2f,0x64,0x65,0x66,0x73,0x3e,0xa,0x20,0x3c,0x70,0x61,0x74,0x68,0x20,0x73,
  0x74,0x79,0x6c,0x65,0x3d,0x22,0x66,0x69,0x6c,0x6c,0x3a,0x63,0x75,0x72,0x72,0x65,
  0x6e,0x74,0x43,0x6f,0x6c,0x6f,0x72,0x3b,0x66,0x69,0x6c,0x6c,0x2d,0x6f,0x70,0x61,
  0x63,0x69,0x74,0x79,0x3a,0x31,0x3b,0x73,0x74,0x72,0x6f,0x6b,0x65,0x3a,0x6e,0x6f,
  0x6e,0x65,0x22,0x20,0x64,0x3d,0x22,0x4d,0x20,0x32,0x20,0x32,0x2e,0x39,0x39,0x38,
  0x30,0x34,0x36,0x39,0x20,0x4c,0x20,0x32,0x20,0x33,0x20,0x4c,0x20,0x32,0x20,0x34,
  0x20,0x4c,0x20,0x32,0x20,0x31,0x39,0x20,0x4c,0x20,0x33,0x20,0x31,0x39,0x20,0x4c,
  0x20,0x31,0x31,0x20,0x31,0x39,0x20,0x4c,0x20,0x31,0x31,0x20,0x31,0x38,0x20,0x4c,
  0x20,0x36,0x20,0x31,0x38,0x20,0x4c,0x20,0x36,0x20,0x31,0x32,0x20,0x4c,0x20,0x31,
  0x31,0x20,0x31,0x32,0x20,0x4c,0x20,0x31,0x31,0x20,0x31,0x31,0x20,0x4c,0x20,0x36,
  0x20,0x31,0x31,0x20,0x4c,0x20,0x35,0x20,0x31,0x31,0x20,0x4c,0x20,0x35,0x20,0x31,
  0x38,0x20,0x4c,0x20,0x33,0x20,0x31,0x38,0x20,0x4c,0x20,0x33,0x20,0x34,0x20,0x4c,
  0x20,0x36,0x20,0x34,0x20,0x4c,0x20,0x36,0x20,0x38,0x20,0x4c,0x20,0x36,0x20,0x39,
  0x20,0x4c,0x20,0x31,0x34,0x20,0x39,0x20,0x4c,0x20,0x31,0x34,0x20,0x38,0x20,0x4c,
  0x20,0x31,0x34,0x20,0x34,0x20,0x4c,0x20,0x31,0x34,0x2e,0x32,0x39,0x32,0x39,0x36,
  0x39,0x20,0x34,0x20,0x4c,0x20,0x31,0x37,0x20,0x36,0x2e,0x37,0x30,0x37,0x30,0x33,
  0x31,0x32,0x20,0x4c,0x20,0x31,0x37,0x20,0x37,0x20,0x4c,0x20,0x31,0x37,0x20,0x31,
  0x30,0x20,0x4c,0x20,0x31,0x38,0x20,0x31,0x30,0x20,0x4c,0x20,0x31,0x38,0x20,0x37,
  0x20,0x4c,0x20,0x31,0x38,0x20,0x36,0x2e,0x33,0x30,0x30,0x37,0x38,0x31,0x32,0x20,
  0x4c,0x20,0x31,0x37,0x2e,0x39,0x39,0x32,0x31,0x38,0x38,0x20,0x36,0x2e,0x33,0x30,
  0x30,0x37,0x38,0x31,0x32,0x20,0x4c,0x20,0x31,0x38,0x20,0x36,0x2e,0x32,0x39,0x31,
  0x30,0x31,0x35,0x36,0x20,0x4c,0x20,0x31,0x34,0x2e,0x37,0x30,0x37,0x30,0x33,0x31,
  0x20,0x32,0x2e,0x39,0x39,0x38,0x30,0x34,0x36,0x39,0x20,0x4c,0x20,0x31,0x34,0x2e,
  0x36,0x39,0x39,0x32,0x31,0x39,0x20,0x33,0x2e,0x30,0x30,0x37,0x38,0x31,0x32,0x35,
  0x20,0x4c,0x20,0x31,0x34,0x2e,0x36,0x39,0x39,0x32,0x31,0x39,0x20,0x32,0x2e,0x39,
  0x39,0x38,0x30,0x34,0x36,0x39,0x20,0x4c,0x20,0x31,0x34,0x20,0x32,0x2e,0x39,0x39,
  0x38,0x30,0x34,0x36,0x39,0x20,0x4c,0x20,0x32,0x20,0x32,0x2e,0x39,0x39,0x38,0x30,
  0x34,0x36,0x39,0x20,0x7a,0x20,0x4d,0x20,0x37,0x20,0x34,0x20,0x4c,0x20,0x31,0x30,
  0x2e,0x39,0x30,0x30,0x33,0x39,0x31,0x20,0x34,0x20,0x4c,0x20,0x31,0x30,0x2e,0x39,
  0x30,0x30,0x33,0x39,0x31,0x20,0x38,0x20,0x4c,0x20,0x37,0x20,0x38,0x20,0x4c,0x20,
  0x37,0x20,0x34,0x20,0x7a,0x20,0x4d,0x20,0x31,0x38,0x20,0x31,0x31,0x20,0x4c,0x20,
  0x31,0x37,0x2e,0x30,0x30,0x33,0x39,0x30,0x36,0x20,0x31,0x31,0x2e,0x39,0x39,0x34,
  0x31,0x34,0x31,0x20,0x4c,0x20,0x31,0x37,0x20,0x31,0x31,0x2e,0x39,0x39,0x34,0x31,
  0x34,0x31,0x20,0x4c,0x20,0x31,0x32,0x20,0x31,0x36,0x2e,0x39,0x39,0x32,0x31,0x38,
  0x38,0x20,0x4c,0x20,0x31,0x32,0x2e,0x30,0x30,0x37,0x38,0x31,0x32,0x20,0x31,0x37,
  0x2e,0x30,0x30,0x31,0x39,0x35,0x33,0x20,0x4c,0x20,0x31,0x32,0x2e,0x30,0x30,0x33,
  0x39,0x30,0x36,0x20,0x31,0x38,0x2e,0x30,0x30,0x35,0x38,0x35,0x39,0x20,0x4c,0x20,
  0x31,0x32,0x20,0x31,0x38,0x2e,0x30,0x30,0x35,0x38,0x35,0x39,0x20,0x4c,0x20,0x31,
  0x32,0x20,0x31,0x38,0x2e,0x39,0x39,0x36,0x30,0x39,0x34,0x20,0x4c,0x20,0x31,0x32,
  0x20,0x31,0x39,0x2e,0x30,0x30,0x35,0x38,0x35,0x39,0x20,0x4c,0x20,0x31,0x34,0x20,
  0x31,0x39,0x2e,0x30,0x30,0x35,0x38,0x35,0x39,0x20,0x4c,0x20,0x31,0x34,0x2e,0x30,
  0x30,0x35,0x38,0x35,0x39,0x20,0x31,0x38,0x2e,0x39,0x39,0x36,0x30,0x39,0x34,0x20,
  0x4c,0x20,0x31,0x34,0x2e,0x30,0x30,0x39,0x37,0x36,0x36,0x20,0x31,0x38,0x2e,0x39,
  0x39,0x36,0x30,0x39,0x34,0x20,0x4c,0x20,0x31,0x34,0x2e,0x30,0x31,0x39,0x35,0x33,
  0x31,0x20,0x31,0x38,0x2e,0x39,0x39,0x36,0x30,0x39,0x34,0x20,0x4c,0x20,0x31,0x34,
  0x2e,0x30,0x31,0x33,0x36,0x37,0x32,0x20,0x31,0x38,0x2e,0x39,0x38,0x36,0x33,0x32,
  0x38,0x20,0x4c,0x20,0x31,0x35,0x20,0x31,0x38,0x20,0x4c,0x20,0x31,0x39,0x20,0x31,
  0x34,0x2e,0x30,0x30,0x33,0x39,0x30,0x36,0x20,0x4c,0x20,0x31,0x38,0x2e,0x32,0x39,
  0x34,0x39,0x32,0x32,0x20,0x31,0x33,0x2e,0x32,0x39,0x34,0x39,0x32,0x32,0x20,0x4c,
  0x20,0x31,0x33,0x2e,0x33,0x30,0x34,0x36,0x38,0x38,0x20,0x31,0x38,0x2e,0x32,0x38,
  0x31,0x32,0x35,0x20,0x4c,0x20,0x31,0x32,0x2e,0x37,0x31,0x30,0x39,0x33,0x38,0x20,
  0x31,0x37,0x2e,0x36,0x38,0x39,0x34,0x35,0x33,0x20,0x4c,0x20,0x31,0x37,0x2e,0x37,
  0x30,0x33,0x31,0x32,0x35,0x20,0x31,0x32,0x2e,0x37,0x30,0x31,0x31,0x37,0x32,0x20,
  0x4c,0x20,0x31,0x38,0x2e,0x32,0x39,0x34,0x39,0x32,0x32,0x20,0x31,0x33,0x2e,0x32,
  0x39,0x34,0x39,0x32,0x32,0x20,0x4c,0x20,0x31,0x39,0x20,0x31,0x33,0x2e,0x39,0x39,
  0x38,0x30,0x34,0x37,0x20,0x4c,0x20,0x32,0x30,0x20,0x31,0x32,0x2e,0x39,0x39,0x38,
  0x30,0x34,0x37,0x20,0x4c,0x20,0x31,0x38,0x20,0x31,0x31,0x20,0x7a,0x20,0x22,0x20,
  0x63,0x6c,0x61,0x73,0x73,0x3d,0x22,0x43,0x6f,0x6c,0x6f,0x72,0x53,0x63,0x68,0x65,
  0x6d,0x65,0x2d,0x54,0x65,0x78,0x74,0x22,0x2f,0x3e,0x20,0x20,0xa,0x3c,0x2f,0x73,
  0x76,0x67,0x3e,0xa,
    // view-close.svg
  0x0,0x0,0x2,0xba,
  0x3c,
  0x3f,0x78,0x6d,0x6c,0x20,0x76,0x65,0x72,0x73,0x69,0x6f,0x6e,0x3d,0x22,0x31,0x2e,
  0x30,0x22,0x20,0x65,0x6e,0x63,0x6f,0x64,0x69,0x6e,0x67,0x3d,0x22,0x55,0x54,0x46,
  0x2d,0x38,0x22,0x3f,0x3e,0xa,0x3c,0x73,0x76,0x67,0x20,0x78,0x6d,0x6c,0x6e,0x73,
  0x3d,0x22,0x68,0x74,0x74,0x70,0x3a,0x2f,0x2f,0x77,0x77,0x77,0x2e,0x77,0x33,0x2e,
  0x6f,0x72,0x67,0x2f,0x32,0x30,0x30,0x30,0x2f,0x73,0x76,0x67,0x22,0x20,0x76,0x69,
  0x65,0x77,0x42,0x6f,0x78,0x3d,0x22,0x30,0x20,0x30,0x20,0x32,0x32,0x20,0x32,0x32,
  0x22,0x3e,0xa,0x20,0x20,0x3c,0x64,0x65,0x66,0x73,0x20,0x69,0x64,0x3d,0x22,0x64,
  0x65,0x66,0x73,0x33,0x30,0x35,0x31,0x22,0x3e,0xa,0x20,0x20,0x20,0x20,0x3c,0x73,
  0x74,0x79,0x6c,0x65,0x20,0x74,0x79,0x70,0x65,0x3d,0x22,0x74,0x65,0x78,0x74,0x2f,
  0x63,0x73,0x73,0x22,0x20,0x69,0x64,0x3d,0x22,0x63,0x75,0x72,0x72,0x65,0x6e,0x74,
  0x2d,0x63,0x6f,0x6c,0x6f,0x72,0x2d,0x73,0x63,0x68,0x65,0x6d,0x65,0x22,0x3e,0x2e,
  0x43,0x6f,0x6c,0x6f,0x72,0x53,0x63,0x68,0x65,0x6d,0x65,0x2d,0x41,0x63,0x63,0x65,
  0x6e,0x74,0x20,0x7b,0x20,0x63,0x6f,0x6c,0x6f,0x72,0x3a,0x20,0x23,0x33,0x64,0x61,
  0x65,0x65,0x39,0x3b,0x20,0x7d,0x20,0x2e,0x43,0x6f,0x6c,0x6f,0x72,0x53,0x63,0x68,
  0x65,0x6d,0x65,0x2d,0x54,0x65,0x78,0x74,0x20,0x7b,0x20,0x63,0x6f,0x6c,0x6f,0x72,
  0x3a,0x20,0x23,0x66,0x63,0x66,0x63,0x66,0x63,0x3b,0x20,0x7d,0x20,0x3c,0x2f,0x73,
  0x74,0x79,0x6c,0x65,0x3e,0xa,0x20,0x20,0x3c,0x2f,0x64,0x65,0x66,0x73,0x3e,0xa,
  0x20,0x3c,0x70,0x61,0x74,0x68,0x20,0x73,0x74,0x79,0x6c,0x65,0x3d,0x22,0x66,0x69,
  0x6c,0x6c,0x3a,0x63,0x75,0x72,0x72,0x65,0x6e,0x74,0x43,0x6f,0x6c,0x6f,0x72,0x3b,
  0x66,0x69,0x6c,0x6c,0x2d,0x6f,0x70,0x61,0x63,0x69,0x74,0x79,0x3a,0x31,0x3b,0x73,
  0x74,0x72,0x6f,0x6b,0x65,0x3a,0x6e,0x6f,0x6e,0x65,0x22,0x20,0x64,0x3d,0x22,0x4d,
  0x20,0x33,0x20,0x33,0x20,0x4c,0x20,0x33,0x20,0x31,0x39,0x20,0x4c,0x20,0x31,0x39,
  0x20,0x31,0x39,0x20,0x4c,0x20,0x31,0x39,0x20,0x33,0x20,0x4c,0x20,0x33,0x20,0x33,
  0x20,0x7a,0x20,0x4d,0x20,0x34,0x20,0x37,0x20,0x4c,0x20,0x31,0x38,0x20,0x37,0x20,
  0x4c,0x20,0x31,0x38,0x20,0x31,0x38,0x20,0x4c,0x20,0x34,0x20,0x31,0x38,0x20,0x4c,
  0x20,0x34,0x20,0x37,0x20,0x7a,0x20,0x22,0x20,0x63,0x6c,0x61,0x73,0x73,0x3d,0x22,
  0x43,0x6f,0x6c,0x6f,0x72,0x53,0x63,0x68,0x65,0x6d,0x65,0x2d,0x54,0x65,0x78,0x74,
  0x22,0x2f,0x3e,0xa,0x20,0x3c,0x70,0x61,0x74,0x68,0x20,0x73,0x74,0x79,0x6c,0x65,
  0x3d,0x22,0x66,0x69,0x6c,0x6c,0x3a,0x23,0x64,0x61,0x34,0x34,0x35,0x33,0x3b,0x66,
  0x69,0x6c,0x6c,0x2d,0x6f,0x70,0x61,0x63,0x69,0x74,0x79,0x3a,0x31,0x3b,0x73,0x74,
  0x72,0x6f,0x6b,0x65,0x3a,0x6e,0x6f,0x6e,0x65,0x22,0x20,0x64,0x3d,0x22,0x4d,0x20,
  0x38,0x2e,0x37,0x30,0x37,0x30,0x33,0x31,0x32,0x20,0x39,0x20,0x4c,0x20,0x38,0x20,
  0x39,0x2e,0x37,0x30,0x37,0x30,0x33,0x31,0x32,0x20,0x4c,0x20,0x31,0x30,0x2e,0x32,
  0x39,0x32,0x39,0x36,0x39,0x20,0x31,0x32,0x20,0x4c,0x20,0x38,0x20,0x31,0x34,0x2e,
  0x32,0x39,0x32,0x39,0x36,0x39,0x20,0x4c,0x20,0x38,0x2e,0x37,0x30,0x37,0x30,0x33,
  0x31,0x32,0x20,0x31,0x35,0x20,0x4c,0x20,0x31,0x31,0x20,0x31,0x32,0x2e,0x37,0x30,
  0x37,0x30,0x33,0x31,0x20,0x4c,0x20,0x31,0x33,0x2e,0x32,0x39,0x32,0x39,0x36,0x39,
  0x20,0x31,0x35,0x20,0x4c,0x20,0x31,0x34,0x20,0x31,0x34,0x2e,0x32,0x39,0x32,0x39,
  0x36,0x39,0x20,0x4c,0x20,0x31,0x31,0x2e,0x37,0x30,0x37,0x30,0x33,0x31,0x20,0x31,
  0x32,0x20,0x4c,0x20,0x31,0x34,0x20,0x39,0x2e,0x37,0x30,0x37,0x30,0x33,0x31,0x32,
  0x20,0x4c,0x20,0x31,0x33,0x2e,0x32,0x39,0x32,0x39,0x36,0x39,0x20,0x39,0x20,0x4c,
  0x20,0x31,0x31,0x20,0x31,0x31,0x2e,0x32,0x39,0x32,0x39,0x36,0x39,0x20,0x4c,0x20,
  0x38,0x2e,0x37,0x30,0x37,0x30,0x33,0x31,0x32,0x20,0x39,0x20,0x7a,0x20,0x22,0x2f,
  0x3e,0xa,0x3c,0x2f,0x73,0x76,0x67,0x3e,0xa,
    // edit-copy.svg
  0x0,0x0,0x2,0x10,
  0x3c,
  0x3f,0x78,0x6d,0x6c,0x20,0x76,0x65,0x72,0x73,0x69,0x6f,0x6e,0x3d,0x22,0x31,0x2e,
  0x30,0x22,0x20,0x65,0x6e,0x63,0x6f,0x64,0x69,0x6e,0x67,0x3d,0x22,0x55,0x54,0x46,
  0x2d,0x38,0x22,0x3f,0x3e,0xa,0x3c,0x21,0x44,0x4f,0x43,0x54,0x59,0x50,0x45,0x20,
  0x73,0x76,0x67,0x3e,0xa,0x3c,0x73,0x76,0x67,0x20,0x76,0x69,0x65,0x77,0x42,0x6f,
  0x78,0x3d,0x22,0x30,0x20,0x30,0x20,0x32,0x32,0x20,0x32,0x32,0x22,0x20,0x76,0x65,
  0x72,0x73,0x69,0x6f,0x6e,0x3d,0x22,0x31,0x2e,0x31,0x22,0x20,0x78,0x6d,0x6c,0x6e,
  0x73,0x3d,0x22,0x68,0x74,0x74,0x70,0x3a,0x2f,0x2f,0x77,0x77,0x77,0x2e,0x77,0x33,
  0x2e,0x6f,0x72,0x67,0x2f,0x32,0x30,0x30,0x30,0x2f,0x73,0x76,0x67,0x22,0x3e,0xa,
  0x20,0x20,0x20,0x20,0x3c,0x64,0x65,0x66,0x73,0x3e,0xa,0x20,0x20,0x20,0x20,0x20,
  0x20,0x20,0x20,0x3c,0x73,0x74,0x79,0x6c,0x65,0x20,0x74,0x79,0x70,0x65,0x3d,0x22,
  0x74,0x65,0x78,0x74,0x2f,0x63,0x73,0x73,0x22,0x20,0x69,0x64,0x3d,0x22,0x63,0x75,
  0x72,0x72,0x65,0x6e,0x74,0x2d,0x63,0x6f,0x6c,0x6f,0x72,0x2d,0x73,0x63,0x68,0x65,
  0x6d,0x65,0x22,0x3e,0x2e,0x43,0x6f,0x6c,0x6f,0x72,0x53,0x63,0x68,0x65,0x6d,0x65,
  0x2d,0x54,0x65,0x78,0x74,0x20,0x7b,0x20,0x63,0x6f,0x6c,0x6f,0x72,0x3a,0x20,0x23,
  0x66,0x63,0x66,0x63,0x66,0x63,0x3b,0x20,0x7d,0x20,0x3c,0x2f,0x73,0x74,0x79,0x6c,
  0x65,0x3e,0xa,0x20,0x20,0x20,0x20,0x3c,0x2f,0x64,0x65,0x66,0x73,0x3e,0xa,0x20,
  0x20,0x20,0x20,0x3c,0x70,0x61,0x74,0x68,0x20,0x63,0x6c,0x61,0x73,0x73,0x3d,0x22,
  0x43,0x6f,0x6c,0x6f,0x72,0x53,0x63,0x68,0x65,0x6d,0x65,0x2d,0x54,0x65,0x78,0x74,
  0x22,0x20,0x73,0x74,0x79,0x6c,0x65,0x3d,0x22,0x66,0x69,0x6c,0x6c,0x3a,0x63,0x75,
  0x72,0x72,0x65,0x6e,0x74,0x43,0x6f,0x6c,0x6f,0x72,0x3b,0x20,0x66,0x69,0x6c,0x6c,
  0x2d,0x6f,0x70,0x61,0x63,0x69,0x74,0x79,0x3a,0x31,0x3b,0x20,0x73,0x74,0x72,0x6f,
  0x6b,0x65,0x3a,0x6e,0x6f,0x6e,0x65,0x22,0x20,0x64,0x3d,0x22,0x4d,0x20,0x33,0x20,
  0x33,0x20,0x4c,0x20,0x33,0x20,0x31,0x37,0x20,0x4c,0x20,0x37,0x20,0x31,0x37,0x20,
  0x4c,0x20,0x37,0x20,0x31,0x39,0x20,0x4c,0x20,0x31,0x37,0x20,0x31,0x39,0x20,0x4c,
  0x20,0x31,0x37,0x20,0x31,0x30,0x20,0x4c,0x20,0x31,0x33,0x20,0x36,0x20,0x4c,0x20,
  0x31,0x32,0x20,0x36,0x20,0x4c,0x20,0x39,0x20,0x33,0x20,0x4c,0x20,0x33,0x20,0x33,
  0x20,0x5a,0x20,0x4d,0x20,0x34,0x20,0x34,0x20,0x4c,0x20,0x38,0x20,0x34,0x20,0x4c,
  0x20,0x38,0x20,0x36,0x20,0x4c,0x20,0x37,0x20,0x36,0x20,0x4c,0x20,0x37,0x20,0x31,
  0x36,0x20,0x4c,0x20,0x34,0x20,0x31,0x36,0x20,0x4c,0x20,0x34,0x20,0x34,0x20,0x5a,
  0x20,0x4d,0x20,0x38,0x20,0x37,0x20,0x4c,0x20,0x31,0x32,0x20,0x37,0x20,0x4c,0x20,
  0x31,0x32,0x20,0x31,0x31,0x20,0x4c,0x20,0x31,0x36,0x20,0x31,0x31,0x20,0x4c,0x20,
  0x31,0x36,0x20,0x31,0x38,0x20,0x4c,0x20,0x38,0x20,0x31,0x38,0x20,0x4c,0x20,0x38,
  0x20,0x37,0x20,0x5a,0x22,0x2f,0x3e,0xa,0x3c,0x2f,0x73,0x76,0x67,0x3e,0xa,
    // document-open.svg
  0x0,0x0,0x2,0x4d,
  0x3c,
  0x3f,0x78,0x6d,0x6c,0x20,0x76,0x65,0x72,0x73,0x69,0x6f,0x6e,0x3d,0x22,0x31,0x2e,
  0x30,0x22,0x20,0x65,0x6e,0x63,0x6f,0x64,0x69,0x6e,0x67,0x3d,0x22,0x55,0x54,0x46,
  0x2d,0x38,0x22,0x3f,0x3e,0xa,0x3c,0x73,0x76,0x67,0x20,0x78,0x6d,0x6c,0x6e,0x73,
  0x3d,0x22,0x68,0x74,0x74,0x70,0x3a,0x2f,0x2f,0x77,0x77,0x77,0x2e,0x77,0x33,0x2e,
  0x6f,0x72,0x67,0x2f,0x32,0x30,0x30,0x30,0x2f,0x73,0x76,0x67,0x22,0x20,0x76,0x69,
  0x65,0x77,0x42,0x6f,0x78,0x3d,0x22,0x30,0x20,0x30,0x20,0x32,0x32,0x20,0x32,0x32,
  0x22,0x3e,0xa,0x20,0x20,0x3c,0x64,0x65,0x66,0x73,0x20,0x69,0x64,0x3d,0x22,0x64,
  0x65,0x66,0x73,0x33,0x30,0x35,0x31,0x22,0x3e,0xa,0x20,0x20,0x20,0x20,0x3c,0x73,
  0x74,0x79,0x6c,0x65,0x20,0x74,0x79,0x70,0x65,0x3d,0x22,0x74,0x65,0x78,0x74,0x2f,
  0x63,0x73,0x73,0x22,0x20,0x69,0x64,0x3d,0x22,0x63,0x75,0x72,0x72,0x65,0x6e,0x74,
  0x2d,0x63,0x6f,0x6c,0x6f,0x72,0x2d,0x73,0x63,0x68,0x65,0x6d,0x65,0x22,0x3e,0x2e,
  0x43,0x6f,0x6c,0x6f,0x72,0x53,0x63,0x68,0x65,0x6d,0x65,0x2d,0x54,0x65,0x78,0x74,
  0x20,0x7b,0x20,0x63,0x6f,0x6c,0x6f,0x72,0x3a,0x20,0x23,0x66,0x63,0x66,0x63,0x66,
  0x63,0x3b,0x20,0x7d,0x20,0x3c,0x2f,0x73,0x74,0x79,0x6c,0x65,0x3e,0xa,0x20,0x20,
  0x3c,0x2f,0x64,0x65,0x66,0x73,0x3e,0xa,0x20,0x3c,0x70,0x61,0x74,0x68,0x20,0x73,
  0x74,0x79,0x6c,0x65,0x3d,0x22,0x66,0x69,0x6c,0x6c,0x3a,0x63,0x75,0x72,0x72,0x65,
  0x6e,0x74,0x43,0x6f,0x6c,0x6f,0x72,0x3b,0x66,0x69,0x6c,0x6c,0x2d,0x6f,0x70,0x61,
  0x63,0x69,0x74,0x79,0x3a,0x31,0x3b,0x73,0x74,0x72,0x6f,0x6b,0x65,0x3a,0x6e,0x6f,
  0x6e,0x65,0x22,0x20,0x64,0x3d,0x22,0x4d,0x20,0x34,0x20,0x33,0x20,0x4c,0x20,0x34,
  0x20,0x31,0x39,0x20,0x4c,0x20,0x39,0x20,0x31,0x39,0x20,0x4c,0x20,0x39,0x20,0x31,
  0x38,0x20,0x4c,0x20,0x35,0x20,0x31,0x38,0x20,0x4c,0x20,0x35,0x20,0x34,0x20,0x4c,
  0x20,0x31,0x33,0x20,0x34,0x20,0x4c,0x20,0x31,0x33,0x20,0x38,0x20,0x4c,0x20,0x31,
  0x37,0x20,0x38,0x20,0x4c,0x20,0x31,0x37,0x20,0x31,0x31,0x20,0x4c,0x20,0x31,0x38,
  0x20,0x31,0x31,0x20,0x4c,0x20,0x31,0x38,0x20,0x37,0x20,0x4c,0x20,0x31,0x34,0x20,
  0x33,0x20,0x4c,0x20,0x31,0x34,0x20,0x33,0x20,0x4c,0x20,0x31,0x34,0x20,0x33,0x20,
  0x4c,0x20,0x35,0x20,0x33,0x20,0x4c,0x20,0x34,0x20,0x33,0x20,0x7a,0x20,0x4d,0x20,
  0x31,0x30,0x20,0x31,0x32,0x20,0x4c,0x20,0x31,0x30,0x20,0x31,0x39,0x20,0x4c,0x20,
  0x31,0x38,0x20,0x31,0x39,0x20,0x4c,0x20,0x31,0x38,0x20,0x31,0x33,0x20,0x4c,0x20,
  0x31,0x35,0x20,0x31,0x33,0x20,0x4c,0x20,0x31,0x34,0x20,0x31,0x32,0x20,0x4c,0x20,
  0x31,0x34,0x20,0x31,0x32,0x20,0x4c,0x20,0x31,0x34,0x20,0x31,0x32,0x20,0x4c,0x20,
  0x31,0x30,0x20,0x31,0x32,0x20,0x7a,0x20,0x4d,0x20,0x31,0x33,0x2e,0x31,0x20,0x31,
  0x34,0x20,0x4c,0x20,0x31,0x37,0x20,0x31,0x34,0x20,0x4c,0x20,0x31,0x37,0x20,0x31,
  0x38,0x20,0x4c,0x20,0x31,0x31,0x20,0x31,0x38,0x20,0x4c,0x20,0x31,0x31,0x20,0x31,
  0x35,0x20,0x4c,0x20,0x31,0x32,0x20,0x31,0x35,0x20,0x4c,0x20,0x31,0x33,0x2e,0x31,
  0x20,0x31,0x34,0x20,0x7a,0x20,0x22,0x20,0x63,0x6c,0x61,0x73,0x73,0x3d,0x22,0x43,
  0x6f,0x6c,0x6f,0x72,0x53,0x63,0x68,0x65,0x6d,0x65,0x2d,0x54,0x65,0x78,0x74,0x22,
  0x2f,0x3e,0x20,0x20,0xa,0x3c,0x2f,0x73,0x76,0x67,0x3e,0xa,
    // network-connect.svg
  0x0,0x0,0x2,0x4c,
  0x3c,
  0x3f,0x78,0x6d,0x6c,0x20,0x76,0x65,0x72,0x73,0x69,0x6f,0x6e,0x3d,0x22,0x31,0x2e,
  0x30,0x22,0x20,0x65,0x6e,0x63,0x6f,0x64,0x69,0x6e,0x67,0x3d,0x22,0x55,0x54,0x46,
  0x2d,0x38,0x22,0x3f,0x3e,0xa,0x3c,0x73,0x76,0x67,0x20,0x78,0x6d,0x6c,0x6e,0x73,
  0x3d,0x22,0x68,0x74,0x74,0x70,0x3a,0x2f,0x2f,0x77,0x77,0x77,0x2e,0x77,0x33,0x2e,
  0x6f,0x72,0x67,0x2f,0x32,0x30,0x30,0x30,0x2f,0x73,0x76,0x67,0x22,0x20,0x76,0x69,
  0x65,0x77,0x42,0x6f,0x78,0x3d,0x22,0x30,0x20,0x30,0x20,0x32,0x32,0x20,0x32,0x32,
  0x22,0x3e,0xa,0x20,0x20,0x3c,0x64,0x65,0x66,0x73,0x20,0x69,0x64,0x3d,0x22,0x64,
  0x65,0x66,0x73,0x33,0x30,0x35,0x31,0x22,0x3e,0xa,0x20,0x20,0x20,0x20,0x3c,0x73,
  0x74,0x79,0x6c,0x65,0x20,0x74,0x79,0x70,0x65,0x3d,0x22,0x74,0x65,0x78,0x74,0x2f,
  0x63,0x73,0x73,0x22,0x20,0x69,0x64,0x3d,0x22,0x63,0x75,0x72,0x72,0x65,0x6e,0x74,
  0x2d,0x63,0x6f,0x6c,0x6f,0x72,0x2d,0x73,0x63,0x68,0x65,0x6d,0x65,0x22,0x3e,0x2e,
  0x43,0x6f,0x6c,0x6f,0x72,0x53,0x63,0x68,0x65,0x6d,0x65,0x2d,0x54,0x65,0x78,0x74,
  0x20,0x7b,0x20,0x63,0x6f,0x6c,0x6f,0x72,0x3a,0x20,0x23,0x66,0x63,0x66,0x63,0x66,
  0x63,0x3b,0x20,0x7d,0x20,0x3c,0x2f,0x73,0x74,0x79,0x6c,0x65,0x3e,0xa,0x20,0x20,
  0x3c,0x2f,0x64,0x65,0x66,0x73,0x3e,0xa,0x20,0x3c,0x70,0x61,0x74,0x68,0x20,0x73,
  0x74,0x79,0x6c,0x65,0x3d,0x22,0x66,0x69,0x6c,0x6c,0x3a,0x63,0x75,0x72,0x72,0x65,
  0x6e,0x74,0x43,0x6f,0x6c,0x6f,0x72,0x3b,0x66,0x69,0x6c,0x6c,0x2d,0x6f,0x70,0x61,
  0x63,0x69,0x74,0x79,0x3a,0x31,0x3b,0x73,0x74,0x72,0x6f,0x6b,0x65,0x3a,0x6e,0x6f,
  0x6e,0x65,0x22,0x20,0x64,0x3d,0x22,0x4d,0x20,0x31,0x38,0x2e,0x32,0x39,0x32,0x39,
  0x36,0x39,0x20,0x33,0x20,0x4c,0x20,0x31,0x34,0x2e,0x37,0x39,0x32,0x39,0x36,0x39,
  0x20,0x36,0x2e,0x35,0x20,0x4c,0x20,0x31,0x33,0x2e,0x32,0x39,0x32,0x39,0x36,0x39,
  0x20,0x35,0x20,0x4c,0x20,0x31,0x31,0x2e,0x32,0x39,0x32,0x39,0x36,0x39,0x20,0x37,
  0x20,0x4c,0x20,0x38,0x20,0x31,0x30,0x2e,0x32,0x39,0x32,0x39,0x36,0x39,0x20,0x4c,
  0x20,0x36,0x20,0x31,0x32,0x2e,0x32,0x39,0x32,0x39,0x36,0x39,0x20,0x4c,0x20,0x37,
  0x2e,0x35,0x20,0x31,0x33,0x2e,0x37,0x39,0x32,0x39,0x36,0x39,0x20,0x4c,0x20,0x33,
  0x20,0x31,0x38,0x2e,0x32,0x39,0x32,0x39,0x36,0x39,0x20,0x4c,0x20,0x33,0x2e,0x37,
  0x30,0x37,0x30,0x33,0x31,0x32,0x20,0x31,0x39,0x20,0x4c,0x20,0x38,0x2e,0x32,0x30,
  0x37,0x30,0x33,0x31,0x32,0x20,0x31,0x34,0x2e,0x35,0x20,0x4c,0x20,0x39,0x2e,0x37,
  0x30,0x37,0x30,0x33,0x31,0x32,0x20,0x31,0x36,0x20,0x4c,0x20,0x31,0x31,0x2e,0x37,
  0x30,0x37,0x30,0x33,0x31,0x20,0x31,0x34,0x20,0x4c,0x20,0x31,0x35,0x20,0x31,0x30,
  0x2e,0x37,0x30,0x37,0x30,0x33,0x31,0x20,0x4c,0x20,0x31,0x37,0x20,0x38,0x2e,0x37,
  0x30,0x37,0x30,0x33,0x31,0x32,0x20,0x4c,0x20,0x31,0x35,0x2e,0x35,0x20,0x37,0x2e,
  0x32,0x30,0x37,0x30,0x33,0x31,0x32,0x20,0x4c,0x20,0x31,0x39,0x20,0x33,0x2e,0x37,
  0x30,0x37,0x30,0x33,0x31,0x32,0x20,0x4c,0x20,0x31,0x38,0x2e,0x32,0x39,0x32,0x39,
  0x36,0x39,0x20,0x33,0x20,0x7a,0x20,0x22,0x20,0x63,0x6c,0x61,0x73,0x73,0x3d,0x22,
  0x43,0x6f,0x6c,0x6f,0x72,0x53,0x63,0x68,0x65,0x6d,0x65,0x2d,0x54,0x65,0x78,0x74,
  0x22,0x2f,0x3e,0xa,0x3c,0x2f,0x73,0x76,0x67,0x3e,0xa,
    // window-restore-pip.svg
  0x0,0x0,0x2,0x31,
  0x3c,
  0x3f,0x78,0x6d,0x6c,0x20,0x76,0x65,0x72,0x73,0x69,0x6f,0x6e,0x3d,0x22,0x31,0x2e,
  0x30,0x22,0x20,0x65,0x6e,0x63,0x6f,0x64,0x69,0x6e,0x67,0x3d,0x22,0x55,0x54,0x46,
  0x2d,0x38,0x22,0x3f,0x3e,0xa,0x3c,0x73,0x76,0x67,0x20,0x76,0x65,0x72,0x73,0x69,
  0x6f,0x6e,0x3d,0x22,0x31,0x2e,0x31,0x22,0x20,0x76,0x69,0x65,0x77,0x42,0x6f,0x78,
  0x3d,0x22,0x30,0x20,0x30,0x20,0x32,0x32,0x20,0x32,0x32,0x22,0x20,0x78,0x6d,0x6c,
  0x6e,0x73,0x3d,0x22,0x68,0x74,0x74,0x70,0x3a,0x2f,0x2f,0x77,0x77,0x77,0x2e,0x77,
  0x33,0x2e,0x6f,0x72,0x67,0x2f,0x32,0x30,0x30,0x30,0x2f,0x73,0x76,0x67,0x22,0x3e,
  0xa,0x20,0x20,0x20,0x20,0x3c,0x64,0x65,0x66,0x73,0x3e,0xa,0x20,0x20,0x20,0x20,
  0x20,0x20,0x20,0x20,0x3c,0x73,0x74,0x79,0x6c,0x65,0x20,0x69,0x64,0x3d,0x22,0x63,
  0x75,0x72,0x72,0x65,0x6e,0x74,0x2d,0x63,0x6f,0x6c,0x6f,0x72,0x2d,0x73,0x63,0x68,
  0x65,0x6d,0x65,0x22,0x20,0x74,0x79,0x70,0x65,0x3d,0x22,0x74,0x65,0x78,0x74,0x2f,
  0x63,0x73,0x73,0x22,0x3e,0x2e,0x43,0x6f,0x6c,0x6f,0x72,0x53,0x63,0x68,0x65,0x6d,
  0x65,0x2d,0x54,0x65,0x78,0x74,0x20,0x7b,0x20,0x63,0x6f,0x6c,0x6f,0x72,0x3a,0x20,
  0x23,0x66,0x63,0x66,0x63,0x66,0x63,0x3b,0x20,0x7d,0x20,0x3c,0x2f,0x73,0x74,0x79,
  0x6c,0x65,0x3e,0xa,0x20,0x20,0x20,0x20,0x3c,0x2f,0x64,0x65,0x66,0x73,0x3e,0xa,
  0x20,0x20,0x20,0x20,0x3c,0x70,0x61,0x74,0x68,0x20,0x63,0x6c,0x61,0x73,0x73,0x3d,
  0x22,0x43,0x6f,0x6c,0x6f,0x72,0x53,0x63,0x68,0x65,0x6d,0x65,0x2d,0x54,0x65,0x78,
  0x74,0x22,0x20,0x64,0x3d,0x22,0x4d,0x20,0x35,0x2c,0x31,0x32,0x2e,0x39,0x34,0x39,
  0x37,0x34,0x37,0x20,0x48,0x20,0x35,0x2e,0x39,0x39,0x39,0x38,0x39,0x32,0x20,0x56,
  0x20,0x39,0x2e,0x37,0x30,0x37,0x20,0x4c,0x20,0x39,0x2e,0x30,0x33,0x35,0x34,0x38,
  0x2c,0x31,0x32,0x2e,0x37,0x34,0x32,0x35,0x38,0x37,0x20,0x39,0x2e,0x37,0x34,0x32,
  0x35,0x38,0x36,0x39,0x2c,0x31,0x32,0x2e,0x30,0x33,0x35,0x34,0x38,0x20,0x36,0x2e,
  0x37,0x30,0x36,0x39,0x39,0x39,0x2c,0x38,0x2e,0x39,0x39,0x39,0x38,0x39,0x33,0x20,
  0x48,0x20,0x39,0x2e,0x39,0x34,0x39,0x37,0x34,0x36,0x39,0x20,0x56,0x20,0x38,0x20,
  0x48,0x20,0x35,0x20,0x76,0x20,0x30,0x2e,0x32,0x39,0x32,0x37,0x38,0x37,0x20,0x7a,
  0x22,0x20,0x66,0x69,0x6c,0x6c,0x3d,0x22,0x63,0x75,0x72,0x72,0x65,0x6e,0x74,0x43,
  0x6f,0x6c,0x6f,0x72,0x22,0x2f,0x3e,0xa,0x20,0x20,0x20,0x20,0x3c,0x70,0x61,0x74,
  0x68,0x20,0x63,0x6c,0x61,0x73,0x73,0x3d,0x22,0x43,0x6f,0x6c,0x6f,0x72,0x53,0x63,
  0x68,0x65,0x6d,0x65,0x2d,0x54,0x65,0x78,0x74,0x22,0x20,0x64,0x3d,0x22,0x6d,0x33,
  0x20,0x33,0x76,0x31,0x36,0x68,0x38,0x76,0x2d,0x31,0x68,0x2d,0x37,0x76,0x2d,0x31,
  0x31,0x68,0x31,0x34,0x76,0x34,0x68,0x31,0x76,0x2d,0x38,0x68,0x2d,0x31,0x7a,0x6d,
  0x39,0x20,0x39,0x76,0x34,0x2d,0x31,0x20,0x35,0x68,0x38,0x76,0x2d,0x38,0x68,0x2d,
  0x33,0x7a,0x6d,0x31,0x20,0x33,0x68,0x36,0x76,0x34,0x68,0x2d,0x36,0x76,0x2d,0x35,
  0x7a,0x22,0x20,0x66,0x69,0x6c,0x6c,0x3d,0x22,0x63,0x75,0x72,0x72,0x65,0x6e,0x74,
  0x43,0x6f,0x6c,0x6f,0x72,0x22,0x2f,0x3e,0xa,0x3c,0x2f,0x73,0x76,0x67,0x3e,0xa,
  
    // network-disconnect.svg
  0x0,0x0,0x4,0x3e,
  0x3c,
  0x3f,0x78,0x6d,0x6c,0x20,0x76,0x65,0x72,0x73,0x69,0x6f,0x6e,0x3d,0x22,0x31,0x2e,
  0x30,0x22,0x20,0x65,0x6e,0x63,0x6f,0x64,0x69,0x6e,0x67,0x3d,0x22,0x55,0x54,0x46,
  0x2d,0x38,0x22,0x3f,0x3e,0xa,0x3c,0x73,0x76,0x67,0x20,0x78,0x6d,0x6c,0x6e,0x73,
  0x3d,0x22,0x68,0x74,0x74,0x70,0x3a,0x2f,0x2f,0x77,0x77,0x77,0x2e,0x77,0x33,0x2e,
  0x6f,0x72,0x67,0x2f,0x32,0x30,0x30,0x30,0x2f,0x73,0x76,0x67,0x22,0x20,0x76,0x69,
  0x65,0x77,0x42,0x6f,0x78,0x3d,0x22,0x30,0x20,0x30,0x20,0x32,0x32,0x20,0x32,0x32,
  0x22,0x3e,0xa,0x20,0x20,0x3c,0x64,0x65,0x66,0x73,0x20,0x69,0x64,0x3d,0x22,0x64,
  0x65,0x66,0x73,0x33,0x30,0x35,0x31,0x22,0x3e,0xa,0x20,0x20,0x20,0x20,0x3c,0x73,
  0x74,0x79,0x6c,0x65,0x20,0x74,0x79,0x70,0x65,0x3d,0x22,0x74,0x65,0x78,0x74,0x2f,
  0x63,0x73,0x73,0x22,0x20,0x69,0x64,0x3d,0x22,0x63,0x75,0x72,0x72,0x65,0x6e,0x74,
  0x2d,0x63,0x6f,0x6c,0x6f,0x72,0x2d,0x73,0x63,0x68,0x65,0x6d,0x65,0x22,0x3e,0x2e,
  0x43,0x6f,0x6c,0x6f,0x72,0x53,0x63,0x68,0x65,0x6d,0x65,0x2d,0x4e,0x65,0x67,0x61,
  0x74,0x69,0x76,0x65,0x54,0x65,0x78,0x74,0x20,0x7b,0x20,0x63,0x6f,0x6c,0x6f,0x72,
  0x3a,0x20,0x23,0x64,0x61,0x34,0x34,0x35,0x33,0x3b,0x20,0x7d,0x20,0x2e,0x43,0x6f,
  0x6c,0x6f,0x72,0x53,0x63,0x68,0x65,0x6d,0x65,0x2d,0x54,0x65,0x78,0x74,0x20,0x7b,
  0x20,0x63,0x6f,0x6c,0x6f,0x72,0x3a,0x20,0x23,0x66,0x63,0x66,0x63,0x66,0x63,0x3b,
  0x20,0x7d,0x20,0x3c,0x2f,0x73,0x74,0x79,0x6c,0x65,0x3e,0xa,0x20,0x20,0x3c,0x2f,
  0x64,0x65,0x66,0x73,0x3e,0xa,0x20,0x3c,0x70,0x61,0x74,0x68,0x20,0x73,0x74,0x79,
  0x6c,0x65,0x3d,0x22,0x66,0x69,0x6c,0x6c,0x3a,0x63,0x75,0x72,0x72,0x65,0x6e,0x74,
  0x43,0x6f,0x6c,0x6f,0x72,0x3b,0x66,0x69,0x6c,0x6c,0x2d,0x6f,0x70,0x61,0x63,0x69,
  0x74,0x79,0x3a,0x31,0x3b,0x73,0x74,0x72,0x6f,0x6b,0x65,0x3a,0x6e,0x6f,0x6e,0x65,
  0x22,0x20,0x64,0x3d,0x22,0x4d,0x20,0x31,0x38,0x2e,0x32,0x39,0x32,0x39,0x36,0x39,
  0x20,0x33,0x20,0x4c,0x20,0x31,0x34,0x2e,0x37,0x39,0x32,0x39,0x36,0x39,0x20,0x36,
  0x2e,0x35,0x20,0x4c,0x20,0x31,0x33,0x2e,0x32,0x39,0x32,0x39,0x36,0x39,0x20,0x35,
  0x20,0x4c,0x20,0x31,0x31,0x2e,0x32,0x39,0x32,0x39,0x36,0x39,0x20,0x37,0x20,0x4c,
  0x20,0x39,0x2e,0x35,0x20,0x38,0x2e,0x37,0x39,0x32,0x39,0x36,0x38,0x38,0x20,0x4c,
  0x20,0x31,0x31,0x20,0x31,0x30,0x2e,0x32,0x39,0x32,0x39,0x36,0x39,0x20,0x4c,0x20,
  0x31,0x31,0x2e,0x37,0x30,0x37,0x30,0x33,0x31,0x20,0x31,0x31,0x20,0x4c,0x20,0x31,
  0x33,0x2e,0x32,0x30,0x37,0x30,0x33,0x31,0x20,0x31,0x32,0x2e,0x35,0x20,0x4c,0x20,
  0x31,0x35,0x20,0x31,0x30,0x2e,0x37,0x30,0x37,0x30,0x33,0x31,0x20,0x4c,0x20,0x31,
  0x37,0x20,0x38,0x2e,0x37,0x30,0x37,0x30,0x33,0x31,0x32,0x20,0x4c,0x20,0x31,0x35,
  0x2e,0x35,0x20,0x37,0x2e,0x32,0x30,0x37,0x30,0x33,0x31,0x32,0x20,0x4c,0x20,0x31,
  0x39,0x20,0x33,0x2e,0x37,0x30,0x37,0x30,0x33,0x31,0x32,0x20,0x4c,0x20,0x31,0x38,
  0x2e,0x32,0x39,0x32,0x39,0x36,0x39,0x20,0x33,0x20,0x7a,0x20,0x4d,0x20,0x38,0x2e,
  0x37,0x39,0x32,0x39,0x36,0x38,0x38,0x20,0x39,0x2e,0x35,0x20,0x4c,0x20,0x38,0x20,
  0x31,0x30,0x2e,0x32,0x39,0x32,0x39,0x36,0x39,0x20,0x4c,0x20,0x36,0x20,0x31,0x32,
  0x2e,0x32,0x39,0x32,0x39,0x36,0x39,0x20,0x4c,0x20,0x37,0x2e,0x35,0x20,0x31,0x33,
  0x2e,0x37,0x39,0x32,0x39,0x36,0x39,0x20,0x4c,0x20,0x33,0x20,0x31,0x38,0x2e,0x32,
  0x39,0x32,0x39,0x36,0x39,0x20,0x4c,0x20,0x33,0x2e,0x37,0x30,0x37,0x30,0x33,0x31,
  0x32,0x20,0x31,0x39,0x20,0x4c,0x20,0x38,0x2e,0x32,0x30,0x37,0x30,0x33,0x31,0x32,
  0x20,0x31,0x34,0x2e,0x35,0x20,0x4c,0x20,0x39,0x2e,0x37,0x30,0x37,0x30,0x33,0x31,
  0x32,0x20,0x31,0x36,0x20,0x4c,0x20,0x31,0x31,0x2e,0x37,0x30,0x37,0x30,0x33,0x31,
  0x20,0x31,0x34,0x20,0x4c,0x20,0x31,0x32,0x2e,0x35,0x20,0x31,0x33,0x2e,0x32,0x30,
  0x37,0x30,0x33,0x31,0x20,0x4c,0x20,0x31,0x31,0x20,0x31,0x31,0x2e,0x37,0x30,0x37,
  0x30,0x33,0x31,0x20,0x4c,0x20,0x31,0x30,0x2e,0x32,0x39,0x32,0x39,0x36,0x39,0x20,
  0x31,0x31,0x20,0x4c,0x20,0x38,0x2e,0x37,0x39,0x32,0x39,0x36,0x38,0x38,0x20,0x39,
  0x2e,0x35,0x20,0x7a,0x20,0x22,0x20,0x63,0x6c,0x61,0x73,0x73,0x3d,0x22,0x43,0x6f,
  0x6c,0x6f,0x72,0x53,0x63,0x68,0x65,0x6d,0x65,0x2d,0x54,0x65,0x78,0x74,0x22,0x2f,
  0x3e,0xa,0x20,0x20,0x20,0x20,0x3c,0x70,0x61,0x74,0x68,0x20,0x73,0x74,0x79,0x6c,
  0x65,0x3d,0x22,0x66,0x69,0x6c,0x6c,0x3a,0x63,0x75,0x72,0x72,0x65,0x6e,0x74,0x43,
  0x6f,0x6c,0x6f,0x72,0x3b,0x66,0x69,0x6c,0x6c,0x2d,0x6f,0x70,0x61,0x63,0x69,0x74,
  0x79,0x3a,0x31,0x3b,0x73,0x74,0x72,0x6f,0x6b,0x65,0x3a,0x6e,0x6f,0x6e,0x65,0x22,
  0x20,0x64,0x3d,0x22,0x4d,0x20,0x31,0x34,0x2e,0x38,0x33,0x33,0x39,0x38,0x34,0x20,
  0x31,0x34,0x20,0x4c,0x20,0x31,0x34,0x20,0x31,0x34,0x2e,0x38,0x33,0x33,0x39,0x38,
  0x34,0x20,0x4c,0x20,0x31,0x35,0x2e,0x36,0x36,0x36,0x30,0x31,0x36,0x20,0x31,0x36,
  0x2e,0x35,0x20,0x4c,0x20,0x31,0x34,0x20,0x31,0x38,0x2e,0x31,0x36,0x36,0x30,0x31,
  0x36,0x20,0x4c,0x20,0x31,0x34,0x2e,0x38,0x33,0x33,0x39,0x38,0x34,0x20,0x31,0x39,
  0x20,0x4c,0x20,0x31,0x36,0x2e,0x35,0x20,0x31,0x37,0x2e,0x33,0x33,0x33,0x39,0x38,
  0x34,0x20,0x4c,0x20,0x31,0x38,0x2e,0x31,0x36,0x36,0x30,0x31,0x36,0x20,0x31,0x39,
  0x20,0x4c,0x20,0x31,0x39,0x20,0x31,0x38,0x2e,0x31,0x36,0x36,0x30,0x31,0x36,0x20,
  0x4c,0x20,0x31,0x37,0x2e,0x33,0x33,0x33,0x39,0x38,0x34,0x20,0x31,0x36,0x2e,0x35,
  0x20,0x4c,0x20,0x31,0x39,0x20,0x31,0x34,0x2e,0x38,0x33,0x33,0x39,0x38,0x34,0x20,
  0x4c,0x20,0x31,0x38,0x2e,0x31,0x36,0x36,0x30,0x31,0x36,0x20,0x31,0x34,0x20,0x4c,
  0x20,0x31,0x36,0x2e,0x35,0x20,0x31,0x35,0x2e,0x36,0x36,0x36,0x30,0x31,0x36,0x20,
  0x4c,0x20,0x31,0x34,0x2e,0x38,0x33,0x33,0x39,0x38,0x34,0x20,0x31,0x34,0x20,0x7a,
  0x20,0x22,0x20,0x63,0x6c,0x61,0x73,0x73,0x3d,0x22,0x43,0x6f,0x6c,0x6f,0x72,0x53,
  0x63,0x68,0x65,0x6d,0x65,0x2d,0x4e,0x65,0x67,0x61,0x74,0x69,0x76,0x65,0x54,0x65,
  0x78,0x74,0x22,0x2f,0x3e,0xa,0x3c,0x2f,0x73,0x76,0x67,0x3e,0xa,
    // tools-report-bug.svg
  0x0,0x0,0x3,0xd0,
  0x3c,
  0x3f,0x78,0x6d,0x6c,0x20,0x76,0x65,0x72,0x73,0x69,0x6f,0x6e,0x3d,0x22,0x31,0x2e,
  0x30,0x22,0x20,0x65,0x6e,0x63,0x6f,0x64,0x69,0x6e,0x67,0x3d,0x22,0x55,0x54,0x46,
  0x2d,0x38,0x22,0x3f,0x3e,0xa,0x3c,0x73,0x76,0x67,0x20,0x78,0x6d,0x6c,0x6e,0x73,
  0x3d,0x22,0x68,0x74,0x74,0x70,0x3a,0x2f,0x2f,0x77,0x77,0x77,0x2e,0x77,0x33,0x2e,
  0x6f,0x72,0x67,0x2f,0x32,0x30,0x30,0x30,0x2f,0x73,0x76,0x67,0x22,0x20,0x76,0x69,
  0x65,0x77,0x42,0x6f,0x78,0x3d,0x22,0x30,0x20,0x30,0x20,0x32,0x32,0x20,0x32,0x32,
  0x22,0x3e,0xa,0x20,0x20,0x3c,0x64,0x65,0x66,0x73,0x20,0x69,0x64,0x3d,0x22,0x64,
  0x65,0x66,0x73,0x33,0x30,0x35,0x31,0x22,0x3e,0xa,0x20,0x20,0x20,0x20,0x3c,0x73,
  0x74,0x79,0x6c,0x65,0x20,0x74,0x79,0x70,0x65,0x3d,0x22,0x74,0x65,0x78,0x74,0x2f,
  0x63,0x73,0x73,0x22,0x20,0x69,0x64,0x3d,0x22,0x63,0x75,0x72,0x72,0x65,0x6e,0x74,
  0x2d,0x63,0x6f,0x6c,0x6f,0x72,0x2d,0x73,0x63,0x68,0x65,0x6d,0x65,0x22,0x3e,0x2e,
  0x43,0x6f,0x6c,0x6f,0x72,0x53,0x63,0x68,0x65,0x6d,0x65,0x2d,0x54,0x65,0x78,0x74,
  0x20,0x7b,0x20,0x63,0x6f,0x6c,0x6f,0x72,0x3a,0x20,0x23,0x66,0x63,0x66,0x63,0x66,
  0x63,0x3b,0x20,0x7d,0x20,0x3c,0x2f,0x73,0x74,0x79,0x6c,0x65,0x3e,0xa,0x20,0x20,
  0x3c,0x2f,0x64,0x65,0x66,0x73,0x3e,0xa,0x20,0x3c,0x70,0x61,0x74,0x68,0x20,0x73,
  0x74,0x79,0x6c,0x65,0x3d,0x22,0x66,0x69,0x6c,0x6c,0x3a,0x63,0x75,0x72,0x72,0x65,
  0x6e,0x74,0x43,0x6f,0x6c,0x6f,0x72,0x3b,0x66,0x69,0x6c,0x6c,0x2d,0x6f,0x70,0x61,
  0x63,0x69,0x74,0x79,0x3a,0x31,0x3b,0x73,0x74,0x72,0x6f,0x6b,0x65,0x3a,0x6e,0x6f,
  0x6e,0x65,0x22,0x20,0x64,0x3d,0x22,0x4d,0x20,0x33,0x20,0x33,0x20,0x4c,0x20,0x33,
  0x20,0x31,0x39,0x20,0x4c,0x20,0x34,0x20,0x31,0x39,0x20,0x4c,0x20,0x31,0x39,0x20,
  0x31,0x39,0x20,0x4c,0x20,0x31,0x39,0x20,0x31,0x38,0x20,0x4c,0x20,0x31,0x39,0x20,
  0x33,0x20,0x4c,0x20,0x31,0x38,0x20,0x33,0x20,0x4c,0x20,0x34,0x20,0x33,0x20,0x4c,
  0x20,0x33,0x20,0x33,0x20,0x7a,0x20,0x4d,0x20,0x34,0x20,0x34,0x20,0x4c,0x20,0x31,
  0x38,0x20,0x34,0x20,0x4c,0x20,0x31,0x38,0x20,0x31,0x38,0x20,0x4c,0x20,0x34,0x20,
  0x31,0x38,0x20,0x4c,0x20,0x34,0x20,0x34,0x20,0x7a,0x20,0x4d,0x20,0x35,0x20,0x35,
  0x20,0x4c,0x20,0x35,0x20,0x36,0x20,0x4c,0x20,0x36,0x20,0x36,0x20,0x4c,0x20,0x36,
  0x20,0x35,0x20,0x4c,0x20,0x35,0x20,0x35,0x20,0x7a,0x20,0x4d,0x20,0x36,0x20,0x36,
  0x20,0x4c,0x20,0x36,0x20,0x38,0x20,0x4c,0x20,0x38,0x20,0x38,0x20,0x4c,0x20,0x38,
  0x20,0x36,0x20,0x4c,0x20,0x36,0x20,0x36,0x20,0x7a,0x20,0x4d,0x20,0x38,0x20,0x36,
  0x20,0x4c,0x20,0x39,0x20,0x36,0x20,0x4c,0x20,0x39,0x20,0x35,0x20,0x4c,0x20,0x38,
  0x20,0x35,0x20,0x4c,0x20,0x38,0x20,0x36,0x20,0x7a,0x20,0x4d,0x20,0x38,0x20,0x38,
  0x20,0x4c,0x20,0x38,0x20,0x39,0x20,0x4c,0x20,0x39,0x20,0x39,0x20,0x4c,0x20,0x39,
  0x20,0x38,0x20,0x4c,0x20,0x38,0x20,0x38,0x20,0x7a,0x20,0x4d,0x20,0x36,0x20,0x38,
  0x20,0x4c,0x20,0x35,0x20,0x38,0x20,0x4c,0x20,0x35,0x20,0x39,0x20,0x4c,0x20,0x36,
  0x20,0x39,0x20,0x4c,0x20,0x36,0x20,0x38,0x20,0x7a,0x20,0x4d,0x20,0x31,0x33,0x20,
  0x35,0x20,0x4c,0x20,0x31,0x33,0x20,0x36,0x20,0x4c,0x20,0x31,0x34,0x20,0x36,0x20,
  0x4c,0x20,0x31,0x34,0x20,0x35,0x20,0x4c,0x20,0x31,0x33,0x20,0x35,0x20,0x7a,0x20,
  0x4d,0x20,0x31,0x34,0x20,0x36,0x20,0x4c,0x20,0x31,0x34,0x20,0x38,0x20,0x4c,0x20,
  0x31,0x36,0x20,0x38,0x20,0x4c,0x20,0x31,0x36,0x20,0x36,0x20,0x4c,0x20,0x31,0x34,
  0x20,0x36,0x20,0x7a,0x20,0x4d,0x20,0x31,0x36,0x20,0x36,0x20,0x4c,0x20,0x31,0x37,
  0x20,0x36,0x20,0x4c,0x20,0x31,0x37,0x20,0x35,0x20,0x4c,0x20,0x31,0x36,0x20,0x35,
  0x20,0x4c,0x20,0x31,0x36,0x20,0x36,0x20,0x7a,0x20,0x4d,0x20,0x31,0x36,0x20,0x38,
  0x20,0x4c,0x20,0x31,0x36,0x20,0x39,0x20,0x4c,0x20,0x31,0x37,0x20,0x39,0x20,0x4c,
  0x20,0x31,0x37,0x20,0x38,0x20,0x4c,0x20,0x31,0x36,0x20,0x38,0x20,0x7a,0x20,0x4d,
  0x20,0x31,0x34,0x20,0x38,0x20,0x4c,0x20,0x31,0x33,0x20,0x38,0x20,0x4c,0x20,0x31,
  0x33,0x20,0x39,0x20,0x4c,0x20,0x31,0x34,0x20,0x39,0x20,0x4c,0x20,0x31,0x34,0x20,
  0x38,0x20,0x7a,0x20,0x4d,0x20,0x39,0x20,0x31,0x31,0x20,0x4c,0x20,0x39,0x20,0x31,
  0x33,0x20,0x4c,0x20,0x31,0x33,0x20,0x31,0x33,0x20,0x4c,0x20,0x31,0x33,0x20,0x31,
  0x31,0x20,0x4c,0x20,0x39,0x20,0x31,0x31,0x20,0x7a,0x20,0x4d,0x20,0x31,0x33,0x20,
  0x31,0x33,0x20,0x4c,0x20,0x31,0x33,0x20,0x31,0x35,0x20,0x4c,0x20,0x31,0x35,0x20,
  0x31,0x35,0x20,0x4c,0x20,0x31,0x35,0x20,0x31,0x33,0x20,0x4c,0x20,0x31,0x33,0x20,
  0x31,0x33,0x20,0x7a,0x20,0x4d,0x20,0x31,0x35,0x20,0x31,0x35,0x20,0x4c,0x20,0x31,
  0x35,0x20,0x31,0x37,0x20,0x4c,0x20,0x31,0x37,0x20,0x31,0x37,0x20,0x4c,0x20,0x31,
  0x37,0x20,0x31,0x35,0x20,0x4c,0x20,0x31,0x35,0x20,0x31,0x35,0x20,0x7a,0x20,0x4d,
  0x20,0x39,0x20,0x31,0x33,0x20,0x4c,0x20,0x37,0x20,0x31,0x33,0x20,0x4c,0x20,0x37,
  0x20,0x31,0x35,0x20,0x4c,0x20,0x39,0x20,0x31,0x35,0x20,0x4c,0x20,0x39,0x20,0x31,
  0x33,0x20,0x7a,0x20,0x4d,0x20,0x37,0x20,0x31,0x35,0x20,0x4c,0x20,0x35,0x20,0x31,
  0x35,0x20,0x4c,0x20,0x35,0x20,0x31,0x37,0x20,0x4c,0x20,0x37,0x20,0x31,0x37,0x20,
  0x4c,0x20,0x37,0x20,0x31,0x35,0x20,0x7a,0x20,0x22,0x20,0x63,0x6c,0x61,0x73,0x73,
  0x3d,0x22,0x43,0x6f,0x6c,0x6f,0x72,0x53,0x63,0x68,0x65,0x6d,0x65,0x2d,0x54,0x65,
  0x78,0x74,0x22,0x2f,0x3e,0x20,0x20,0xa,0x3c,0x2f,0x73,0x76,0x67,0x3e,0xa,
    // go-down.svg
  0x0,0x0,0x1,0xe5,
  0x3c,
  0x3f,0x78,0x6d,0x6c,0x20,0x76,0x65,0x72,0x73,0x69,0x6f,0x6e,0x3d,0x22,0x31,0x2e,
  0x30,0x22,0x20,0x65,0x6e,0x63,0x6f,0x64,0x69,0x6e,0x67,0x3d,0x22,0x55,0x54,0x46,
  0x2d,0x38,0x22,0x3f,0x3e,0xa,0x3c,0x73,0x76,0x67,0x20,0x78,0x6d,0x6c,0x6e,0x73,
  0x3d,0x22,0x68,0x74,0x74,0x70,0x3a,0x2f,0x2f,0x77,0x77,0x77,0x2e,0x77,0x33,0x2e,
  0x6f,0x72,0x67,0x2f,0x32,0x30,0x30,0x30,0x2f,0x73,0x76,0x67,0x22,0x20,0x76,0x69,
  0x65,0x77,0x42,0x6f,0x78,0x3d,0x22,0x30,0x20,0x30,0x20,0x32,0x32,0x20,0x32,0x32,
  0x22,0x3e,0xa,0x20,0x20,0x3c,0x64,0x65,0x66,0x73,0x20,0x69,0x64,0x3d,0x22,0x64,
  0x65,0x66,0x73,0x33,0x30,0x35,0x31,0x22,0x3e,0xa,0x20,0x20,0x20,0x20,0x3c,0x73,
  0x74,0x79,0x6c,0x65,0x20,0x74,0x79,0x70,0x65,0x3d,0x22,0x74,0x65,0x78,0x74,0x2f,
  0x63,0x73,0x73,0x22,0x20,0x69,0x64,0x3d,0x22,0x63,0x75,0x72,0x72,0x65,0x6e,0x74,
  0x2d,0x63,0x6f,0x6c,0x6f,0x72,0x2d,0x73,0x63,0x68,0x65,0x6d,0x65,0x22,0x3e,0x2e,
  0x43,0x6f,0x6c,0x6f,0x72,0x53,0x63,0x68,0x65,0x6d,0x65,0x2d,0x54,0x65,0x78,0x74,
  0x20,0x7b,0x20,0x63,0x6f,0x6c,0x6f,0x72,0x3a,0x20,0x23,0x66,0x63,0x66,0x63,0x66,
  0x63,0x3b,0x20,0x7d,0x20,0x3c,0x2f,0x73,0x74,0x79,0x6c,0x65,0x3e,0xa,0x20,0x20,
  0x3c,0x2f,0x64,0x65,0x66,0x73,0x3e,0xa,0x20,0x3c,0x70,0x61,0x74,0x68,0x20,0x73,
  0x74,0x79,0x6c,0x65,0x3d,0x22,0x66,0x69,0x6c,0x6c,0x3a,0x63,0x75,0x72,0x72,0x65,
  0x6e,0x74,0x43,0x6f,0x6c,0x6f,0x72,0x3b,0x66,0x69,0x6c,0x6c,0x2d,0x6f,0x70,0x61,
  0x63,0x69,0x74,0x79,0x3a,0x31,0x3b,0x73,0x74,0x72,0x6f,0x6b,0x65,0x3a,0x6e,0x6f,
  0x6e,0x65,0x22,0x20,0x64,0x3d,0x22,0x6d,0x33,0x2e,0x37,0x30,0x37,0x30,0x33,0x31,
  0x20,0x37,0x6c,0x2d,0x2e,0x37,0x30,0x37,0x30,0x33,0x31,0x2e,0x37,0x30,0x37,0x30,
  0x33,0x31,0x20,0x36,0x2e,0x31,0x32,0x35,0x20,0x36,0x2e,0x31,0x32,0x35,0x20,0x31,
  0x2e,0x38,0x37,0x35,0x20,0x31,0x2e,0x38,0x37,0x35,0x20,0x31,0x2e,0x38,0x37,0x35,
  0x2d,0x31,0x2e,0x38,0x37,0x35,0x20,0x36,0x2e,0x31,0x32,0x35,0x2d,0x36,0x2e,0x31,
  0x32,0x35,0x2d,0x2e,0x37,0x30,0x37,0x30,0x33,0x31,0x2d,0x2e,0x37,0x30,0x37,0x30,
  0x33,0x31,0x2d,0x36,0x2e,0x31,0x32,0x35,0x20,0x36,0x2e,0x31,0x32,0x35,0x2d,0x31,
  0x2e,0x31,0x36,0x37,0x39,0x36,0x39,0x20,0x31,0x2e,0x31,0x36,0x37,0x39,0x36,0x39,
  0x2d,0x31,0x2e,0x31,0x36,0x37,0x39,0x36,0x39,0x2d,0x31,0x2e,0x31,0x36,0x37,0x39,
  0x36,0x39,0x2d,0x36,0x2e,0x31,0x32,0x35,0x2d,0x36,0x2e,0x31,0x32,0x35,0x22,0x20,
  0x63,0x6c,0x61,0x73,0x73,0x3d,0x22,0x43,0x6f,0x6c,0x6f,0x72,0x53,0x63,0x68,0x65,
  0x6d,0x65,0x2d,0x54,0x65,0x78,0x74,0x22,0x2f,0x3e,0x20,0x20,0xa,0x3c,0x2f,0x73,
  0x76,0x67,0x3e,0xa,
    // window-minimize-pip.svg
  0x0,0x0,0x2,0x45,
  0x3c,
  0x3f,0x78,0x6d,0x6c,0x20,0x76,0x65,0x72,0x73,0x69,0x6f,0x6e,0x3d,0x22,0x31,0x2e,
  0x30,0x22,0x20,0x65,0x6e,0x63,0x6f,0x64,0x69,0x6e,0x67,0x3d,0x22,0x55,0x54,0x46,
  0x2d,0x38,0x22,0x3f,0x3e,0xa,0x3c,0x73,0x76,0x67,0x20,0x76,0x65,0x72,0x73,0x69,
  0x6f,0x6e,0x3d,0x22,0x31,0x2e,0x31,0x22,0x20,0x76,0x69,0x65,0x77,0x42,0x6f,0x78,
  0x3d,0x22,0x30,0x20,0x30,0x20,0x32,0x32,0x20,0x32,0x32,0x22,0x20,0x78,0x6d,0x6c,
  0x6e,0x73,0x3d,0x22,0x68,0x74,0x74,0x70,0x3a,0x2f,0x2f,0x77,0x77,0x77,0x2e,0x77,
  0x33,0x2e,0x6f,0x72,0x67,0x2f,0x32,0x30,0x30,0x30,0x2f,0x73,0x76,0x67,0x22,0x3e,
  0xa,0x20,0x20,0x20,0x20,0x3c,0x64,0x65,0x66,0x73,0x3e,0xa,0x20,0x20,0x20,0x20,
  0x20,0x20,0x20,0x20,0x3c,0x73,0x74,0x79,0x6c,0x65,0x20,0x69,0x64,0x3d,0x22,0x63,
  0x75,0x72,0x72,0x65,0x6e,0x74,0x2d,0x63,0x6f,0x6c,0x6f,0x72,0x2d,0x73,0x63,0x68,
  0x65,0x6d,0x65,0x22,0x20,0x74,0x79,0x70,0x65,0x3d,0x22,0x74,0x65,0x78,0x74,0x2f,
  0x63,0x73,0x73,0x22,0x3e,0x2e,0x43,0x6f,0x6c,0x6f,0x72,0x53,0x63,0x68,0x65,0x6d,
  0x65,0x2d,0x54,0x65,0x78,0x74,0x20,0x7b,0x20,0x63,0x6f,0x6c,0x6f,0x72,0x3a,0x20,
  0x23,0x66,0x63,0x66,0x63,0x66,0x63,0x3b,0x20,0x7d,0x20,0x3c,0x2f,0x73,0x74,0x79,
  0x6c,0x65,0x3e,0xa,0x20,0x20,0x20,0x20,0x3c,0x2f,0x64,0x65,0x66,0x73,0x3e,0xa,
  0x20,0x20,0x20,0x20,0x3c,0x70,0x61,0x74,0x68,0x20,0x63,0x6c,0x61,0x73,0x73,0x3d,
  0x22,0x43,0x6f,0x6c,0x6f,0x72,0x53,0x63,0x68,0x65,0x6d,0x65,0x2d,0x54,0x65,0x78,
  0x74,0x22,0x20,0x64,0x3d,0x22,0x6d,0x39,0x2e,0x39,0x33,0x39,0x30,0x37,0x20,0x38,
  0x2e,0x30,0x37,0x31,0x38,0x30,0x32,0x36,0x2d,0x30,0x2e,0x39,0x39,0x39,0x38,0x39,
  0x32,0x20,0x32,0x65,0x2d,0x37,0x76,0x33,0x2e,0x32,0x34,0x32,0x37,0x34,0x37,0x32,
  0x6c,0x2d,0x33,0x2e,0x30,0x33,0x35,0x35,0x38,0x37,0x35,0x2d,0x33,0x2e,0x30,0x33,
  0x35,0x35,0x38,0x37,0x2d,0x30,0x2e,0x37,0x30,0x37,0x31,0x30,0x37,0x20,0x30,0x2e,
  0x37,0x30,0x37,0x31,0x30,0x36,0x38,0x20,0x33,0x2e,0x30,0x33,0x35,0x35,0x38,0x37,
  0x35,0x20,0x33,0x2e,0x30,0x33,0x35,0x35,0x38,0x37,0x32,0x68,0x2d,0x33,0x2e,0x32,
  0x34,0x32,0x37,0x34,0x37,0x35,0x76,0x30,0x2e,0x39,0x39,0x39,0x38,0x39,0x33,0x68,
  0x34,0x2e,0x39,0x34,0x39,0x37,0x34,0x36,0x35,0x76,0x2d,0x30,0x2e,0x32,0x39,0x32,
  0x37,0x38,0x37,0x7a,0x22,0x20,0x66,0x69,0x6c,0x6c,0x3d,0x22,0x63,0x75,0x72,0x72,
  0x65,0x6e,0x74,0x43,0x6f,0x6c,0x6f,0x72,0x22,0x2f,0x3e,0xa,0x20,0x20,0x20,0x20,
  0x3c,0x70,0x61,0x74,0x68,0x20,0x63,0x6c,0x61,0x73,0x73,0x3d,0x22,0x43,0x6f,0x6c,
  0x6f,0x72,0x53,0x63,0x68,0x65,0x6d,0x65,0x2d,0x54,0x65,0x78,0x74,0x22,0x20,0x64,
  0x3d,0x22,0x6d,0x33,0x20,0x33,0x76,0x31,0x36,0x68,0x38,0x76,0x2d,0x31,0x68,0x2d,
  0x37,0x76,0x2d,0x31,0x31,0x68,0x31,0x34,0x76,0x34,0x68,0x31,0x76,0x2d,0x38,0x68,
  0x2d,0x31,0x7a,0x6d,0x39,0x20,0x39,0x76,0x34,0x2d,0x31,0x20,0x35,0x68,0x38,0x76,
  0x2d,0x38,0x68,0x2d,0x33,0x7a,0x6d,0x31,0x20,0x33,0x68,0x36,0x76,0x34,0x68,0x2d,
  0x36,0x76,0x2d,0x35,0x7a,0x22,0x20,0x66,0x69,0x6c,0x6c,0x3d,0x22,0x63,0x75,0x72,
  0x72,0x65,0x6e,0x74,0x43,0x6f,0x6c,0x6f,0x72,0x22,0x2f,0x3e,0xa,0x3c,0x2f,0x73,
  0x76,0x67,0x3e,0xa,
    // process-stop.svg
  0x0,0x0,0x3,0x51,
  0x3c,
  0x3f,0x78,0x6d,0x6c,0x20,0x76,0x65,0x72,0x73,0x69,0x6f,0x6e,0x3d,0x22,0x31,0x2e,
  0x30,0x22,0x20,0x65,0x6e,0x63,0x6f,0x64,0x69,0x6e,0x67,0x3d,0x22,0x55,0x54,0x46,
  0x2d,0x38,0x22,0x3f,0x3e,0xa,0x3c,0x73,0x76,0x67,0x20,0x78,0x6d,0x6c,0x6e,0x73,
  0x3d,0x22,0x68,0x74,0x74,0x70,0x3a,0x2f,0x2f,0x77,0x77,0x77,0x2e,0x77,0x33,0x2e,
  0x6f,0x72,0x67,0x2f,0x32,0x30,0x30,0x30,0x2f,0x73,0x76,0x67,0x22,0x20,0x76,0x69,
  0x65,0x77,0x42,0x6f,0x78,0x3d,0x22,0x30,0x20,0x30,0x20,0x31,0x36,0x20,0x31,0x36,
  0x22,0x3e,0xa,0x20,0x20,0x3c,0x64,0x65,0x66,0x73,0x20,0x69,0x64,0x3d,0x22,0x64,
  0x65,0x66,0x73,0x33,0x30,0x35,0x31,0x22,0x3e,0xa,0x20,0x20,0x20,0x20,0x3c,0x73,
  0x74,0x79,0x6c,0x65,0x20,0x74,0x79,0x70,0x65,0x3d,0x22,0x74,0x65,0x78,0x74,0x2f,
  0x63,0x73,0x73,0x22,0x20,0x69,0x64,0x3d,0x22,0x63,0x75,0x72,0x72,0x65,0x6e,0x74,
  0x2d,0x63,0x6f,0x6c,0x6f,0x72,0x2d,0x73,0x63,0x68,0x65,0x6d,0x65,0x22,0x3e,0x2e,
  0x43,0x6f,0x6c,0x6f,0x72,0x53,0x63,0x68,0x65,0x6d,0x65,0x2d,0x4e,0x65,0x67,0x61,
  0x74,0x69,0x76,0x65,0x54,0x65,0x78,0x74,0x20,0x7b,0x20,0x63,0x6f,0x6c,0x6f,0x72,
  0x3a,0x20,0x23,0x64,0x61,0x34,0x34,0x35,0x33,0x3b,0x20,0x7d,0x20,0x2e,0x43,0x6f,
  0x6c,0x6f,0x72,0x53,0x63,0x68,0x65,0x6d,0x65,0x2d,0x54,0x65,0x78,0x74,0x20,0x7b,
  0x20,0x63,0x6f,0x6c,0x6f,0x72,0x3a,0x20,0x23,0x66,0x63,0x66,0x63,0x66,0x63,0x3b,
  0x20,0x7d,0x20,0x3c,0x2f,0x73,0x74,0x79,0x6c,0x65,0x3e,0xa,0x20,0x20,0x3c,0x2f,
  0x64,0x65,0x66,0x73,0x3e,0xa,0x20,0x20,0x3c,0x70,0x61,0x74,0x68,0x20,0x73,0x74,
  0x79,0x6c,0x65,0x3d,0x22,0x66,0x69,0x6c,0x6c,0x3a,0x63,0x75,0x72,0x72,0x65,0x6e,
  0x74,0x43,0x6f,0x6c,0x6f,0x72,0x3b,0x66,0x69,0x6c,0x6c,0x2d,0x6f,0x70,0x61,0x63,
  0x69,0x74,0x79,0x3a,0x31,0x3b,0x73,0x74,0x72,0x6f,0x6b,0x65,0x3a,0x6e,0x6f,0x6e,
  0x65,0x22,0x20,0x63,0x6c,0x61,0x73,0x73,0x3d,0x22,0x43,0x6f,0x6c,0x6f,0x72,0x53,
  0x63,0x68,0x65,0x6d,0x65,0x2d,0x4e,0x65,0x67,0x61,0x74,0x69,0x76,0x65,0x54,0x65,
  0x78,0x74,0x22,0x20,0x64,0x3d,0x22,0x4d,0x20,0x38,0x20,0x32,0x20,0x41,0x20,0x36,
  0x20,0x35,0x2e,0x39,0x39,0x39,0x39,0x38,0x35,0x32,0x20,0x30,0x20,0x30,0x20,0x30,
  0x20,0x34,0x2e,0x35,0x32,0x37,0x33,0x34,0x33,0x38,0x20,0x33,0x2e,0x31,0x31,0x33,
  0x32,0x38,0x31,0x32,0x20,0x4c,0x20,0x35,0x2e,0x32,0x34,0x36,0x30,0x39,0x33,0x38,
  0x20,0x33,0x2e,0x38,0x33,0x32,0x30,0x33,0x31,0x32,0x20,0x41,0x20,0x35,0x20,0x35,
  0x20,0x30,0x20,0x30,0x20,0x31,0x20,0x38,0x20,0x33,0x20,0x41,0x20,0x35,0x20,0x35,
  0x20,0x30,0x20,0x30,0x20,0x31,0x20,0x31,0x33,0x20,0x38,0x20,0x41,0x20,0x35,0x20,
  0x35,0x20,0x30,0x20,0x30,0x20,0x31,0x20,0x31,0x32,0x2e,0x31,0x36,0x37,0x39,0x36,
  0x39,0x20,0x31,0x30,0x2e,0x37,0x35,0x33,0x39,0x30,0x36,0x20,0x4c,0x20,0x31,0x32,
  0x2e,0x38,0x38,0x34,0x37,0x36,0x36,0x20,0x31,0x31,0x2e,0x34,0x37,0x30,0x37,0x30,
  0x33,0x20,0x41,0x20,0x36,0x20,0x35,0x2e,0x39,0x39,0x39,0x39,0x38,0x35,0x32,0x20,
  0x30,0x20,0x30,0x20,0x30,0x20,0x31,0x34,0x20,0x38,0x20,0x41,0x20,0x36,0x20,0x35,
  0x2e,0x39,0x39,0x39,0x39,0x38,0x35,0x32,0x20,0x30,0x20,0x30,0x20,0x30,0x20,0x38,
  0x20,0x32,0x20,0x7a,0x20,0x4d,0x20,0x33,0x2e,0x31,0x31,0x35,0x32,0x33,0x34,0x34,
  0x20,0x34,0x2e,0x35,0x32,0x39,0x32,0x39,0x36,0x39,0x20,0x41,0x20,0x36,0x20,0x35,
  0x2e,0x39,0x39,0x39,0x39,0x38,0x35,0x32,0x20,0x30,0x20,0x30,0x20,0x30,0x20,0x32,
  0x20,0x38,0x20,0x41,0x20,0x36,0x20,0x35,0x2e,0x39,0x39,0x39,0x39,0x38,0x35,0x32,
  0x20,0x30,0x20,0x30,0x20,0x30,0x20,0x38,0x20,0x31,0x34,0x20,0x41,0x20,0x36,0x20,
  0x35,0x2e,0x39,0x39,0x39,0x39,0x38,0x35,0x32,0x20,0x30,0x20,0x30,0x20,0x30,0x20,
  0x31,0x31,0x2e,0x34,0x37,0x32,0x36,0x35,0x36,0x20,0x31,0x32,0x2e,0x38,0x38,0x36,
  0x37,0x31,0x39,0x20,0x4c,0x20,0x31,0x30,0x2e,0x37,0x35,0x33,0x39,0x30,0x36,0x20,
  0x31,0x32,0x2e,0x31,0x36,0x37,0x39,0x36,0x39,0x20,0x41,0x20,0x35,0x20,0x35,0x20,
  0x30,0x20,0x30,0x20,0x31,0x20,0x38,0x20,0x31,0x33,0x20,0x41,0x20,0x35,0x20,0x35,
  0x20,0x30,0x20,0x30,0x20,0x31,0x20,0x33,0x20,0x38,0x20,0x41,0x20,0x35,0x20,0x35,
  0x20,0x30,0x20,0x30,0x20,0x31,0x20,0x33,0x2e,0x38,0x33,0x32,0x30,0x33,0x31,0x32,
  0x20,0x35,0x2e,0x32,0x34,0x36,0x30,0x39,0x33,0x38,0x20,0x4c,0x20,0x33,0x2e,0x31,
  0x31,0x35,0x32,0x33,0x34,0x34,0x20,0x34,0x2e,0x35,0x32,0x39,0x32,0x39,0x36,0x39,
  0x20,0x7a,0x20,0x4d,0x20,0x35,0x20,0x37,0x20,0x4c,0x20,0x35,0x20,0x39,0x20,0x4c,
  0x20,0x31,0x31,0x20,0x39,0x20,0x4c,0x20,0x31,0x31,0x20,0x37,0x20,0x4c,0x20,0x35,
  0x20,0x37,0x20,0x7a,0x20,0x22,0x2f,0x3e,0xa,0x3c,0x2f,0x73,0x76,0x67,0x3e,0xa,
  
    // help-about.svg
  0x0,0x0,0x1,0xf6,
  0x3c,
  0x3f,0x78,0x6d,0x6c,0x20,0x76,0x65,0x72,0x73,0x69,0x6f,0x6e,0x3d,0x22,0x31,0x2e,
  0x30,0x22,0x20,0x65,0x6e,0x63,0x6f,0x64,0x69,0x6e,0x67,0x3d,0x22,0x55,0x54,0x46,
  0x2d,0x38,0x22,0x3f,0x3e,0xa,0x3c,0x73,0x76,0x67,0x20,0x76,0x69,0x65,0x77,0x42,
  0x6f,0x78,0x3d,0x22,0x30,0x20,0x30,0x20,0x31,0x36,0x20,0x31,0x36,0x22,0x20,0x78,
  0x6d,0x6c,0x6e,0x73,0x3d,0x22,0x68,0x74,0x74,0x70,0x3a,0x2f,0x2f,0x77,0x77,0x77,
  0x2e,0x77,0x33,0x2e,0x6f,0x72,0x67,0x2f,0x32,0x30,0x30,0x30,0x2f,0x73,0x76,0x67,
  0x22,0x3e,0xa,0x20,0x20,0x20,0x20,0x3c,0x73,0x74,0x79,0x6c,0x65,0x20,0x74,0x79,
  0x70,0x65,0x3d,0x22,0x74,0x65,0x78,0x74,0x2f,0x63,0x73,0x73,0x22,0x20,0x69,0x64,
  0x3d,0x22,0x63,0x75,0x72,0x72,0x65,0x6e,0x74,0x2d,0x63,0x6f,0x6c,0x6f,0x72,0x2d,
  0x73,0x63,0x68,0x65,0x6d,0x65,0x22,0x3e,0x2e,0x43,0x6f,0x6c,0x6f,0x72,0x53,0x63,
  0x68,0x65,0x6d,0x65,0x2d,0x54,0x65,0x78,0x74,0x20,0x7b,0x20,0x63,0x6f,0x6c,0x6f,
  0x72,0x3a,0x20,0x23,0x66,0x63,0x66,0x63,0x66,0x63,0x3b,0x20,0x7d,0x20,0x3c,0x2f,
  0x73,0x74,0x79,0x6c,0x65,0x3e,0xa,0x20,0x20,0x20,0x20,0x3c,0x67,0x20,0x63,0x6c,
  0x61,0x73,0x73,0x3d,0x22,0x43,0x6f,0x6c,0x6f,0x72,0x53,0x63,0x68,0x65,0x6d,0x65,
  0x2d,0x54,0x65,0x78,0x74,0x22,0x20,0x66,0x69,0x6c,0x6c,0x3d,0x22,0x63,0x75,0x72,
  0x72,0x65,0x6e,0x74,0x43,0x6f,0x6c,0x6f,0x72,0x22,0x20,0x66,0x69,0x6c,0x6c,0x2d,
  0x72,0x75,0x6c,0x65,0x3d,0x22,0x65,0x76,0x65,0x6e,0x6f,0x64,0x64,0x22,0x3e,0xa,
  0x20,0x20,0x20,0x20,0x20,0x20,0x20,0x20,0x3c,0x70,0x61,0x74,0x68,0x20,0x64,0x3d,
  0x22,0x6d,0x38,0x20,0x32,0x61,0x36,0x20,0x36,0x20,0x30,0x20,0x30,0x20,0x30,0x20,
  0x2d,0x36,0x20,0x36,0x20,0x36,0x20,0x36,0x20,0x30,0x20,0x30,0x20,0x30,0x20,0x36,
  0x20,0x36,0x20,0x36,0x20,0x36,0x20,0x30,0x20,0x30,0x20,0x30,0x20,0x36,0x2d,0x36,
  0x20,0x36,0x20,0x36,0x20,0x30,0x20,0x30,0x20,0x30,0x20,0x2d,0x36,0x2d,0x36,0x7a,
  0x6d,0x30,0x20,0x31,0x61,0x35,0x20,0x35,0x20,0x30,0x20,0x30,0x20,0x31,0x20,0x35,
  0x20,0x35,0x20,0x35,0x20,0x35,0x20,0x30,0x20,0x30,0x20,0x31,0x20,0x2d,0x35,0x20,
  0x35,0x20,0x35,0x20,0x35,0x20,0x30,0x20,0x30,0x20,0x31,0x20,0x2d,0x35,0x2d,0x35,
  0x20,0x35,0x20,0x35,0x20,0x30,0x20,0x30,0x20,0x31,0x20,0x35,0x2d,0x35,0x7a,0x22,
  0x2f,0x3e,0xa,0x20,0x20,0x20,0x20,0x20,0x20,0x20,0x20,0x3c,0x70,0x61,0x74,0x68,
  0x20,0x64,0x3d,0x22,0x6d,0x37,0x20,0x34,0x68,0x32,0x76,0x32,0x68,0x2d,0x32,0x7a,
  0x22,0x2f,0x3e,0xa,0x20,0x20,0x20,0x20,0x20,0x20,0x20,0x20,0x3c,0x70,0x61,0x74,
  0x68,0x20,0x64,0x3d,0x22,0x6d,0x37,0x20,0x37,0x68,0x32,0x76,0x35,0x68,0x2d,0x32,
  0x7a,0x22,0x2f,0x3e,0xa,0x20,0x20,0x20,0x20,0x3c,0x2f,0x67,0x3e,0xa,0x3c,0x2f,
  0x73,0x76,0x67,0x3e,0xa,
    // go-up.svg
  0x0,0x0,0x1,0x44,
  0x3c,
  0x3f,0x78,0x6d,0x6c,0x20,0x76,0x65,0x72,0x73,0x69,0x6f,0x6e,0x3d,0x22,0x31,0x2e,
  0x30,0x22,0x20,0x65,0x6e,0x63,0x6f,0x64,0x69,0x6e,0x67,0x3d,0x22,0x55,0x54,0x46,
  0x2d,0x38,0x22,0x3f,0x3e,0xa,0x3c,0x73,0x76,0x67,0x20,0x76,0x69,0x65,0x77,0x42,
  0x6f,0x78,0x3d,0x22,0x30,0x20,0x30,0x20,0x31,0x36,0x20,0x31,0x36,0x22,0x20,0x78,
  0x6d,0x6c,0x6e,0x73,0x3d,0x22,0x68,0x74,0x74,0x70,0x3a,0x2f,0x2f,0x77,0x77,0x77,
  0x2e,0x77,0x33,0x2e,0x6f,0x72,0x67,0x2f,0x32,0x30,0x30,0x30,0x2f,0x73,0x76,0x67,
  0x22,0x3e,0xa,0x20,0x20,0x20,0x20,0x3c,0x73,0x74,0x79,0x6c,0x65,0x20,0x74,0x79,
  0x70,0x65,0x3d,0x22,0x74,0x65,0x78,0x74,0x2f,0x63,0x73,0x73,0x22,0x20,0x69,0x64,
  0x3d,0x22,0x63,0x75,0x72,0x72,0x65,0x6e,0x74,0x2d,0x63,0x6f,0x6c,0x6f,0x72,0x2d,
  0x73,0x63,0x68,0x65,0x6d,0x65,0x22,0x3e,0x2e,0x43,0x6f,0x6c,0x6f,0x72,0x53,0x63,
  0x68,0x65,0x6d,0x65,0x2d,0x54,0x65,0x78,0x74,0x20,0x7b,0x20,0x63,0x6f,0x6c,0x6f,
  0x72,0x3a,0x20,0x23,0x66,0x63,0x66,0x63,0x66,0x63,0x3b,0x20,0x7d,0x20,0x3c,0x2f,
  0x73,0x74,0x79,0x6c,0x65,0x3e,0xa,0x20,0x20,0x20,0x20,0x3c,0x70,0x61,0x74,0x68,
  0x20,0x64,0x3d,0x22,0x4d,0x38,0x20,0x34,0x2e,0x32,0x39,0x33,0x6c,0x2d,0x36,0x20,
  0x36,0x20,0x2e,0x37,0x30,0x37,0x2e,0x37,0x30,0x37,0x4c,0x38,0x20,0x35,0x2e,0x37,
  0x30,0x37,0x20,0x31,0x33,0x2e,0x32,0x39,0x33,0x20,0x31,0x31,0x6c,0x2e,0x37,0x30,
  0x37,0x2d,0x2e,0x37,0x30,0x37,0x2d,0x36,0x2d,0x36,0x7a,0x22,0x20,0x63,0x6c,0x61,
  0x73,0x73,0x3d,0x22,0x43,0x6f,0x6c,0x6f,0x72,0x53,0x63,0x68,0x65,0x6d,0x65,0x2d,
  0x54,0x65,0x78,0x74,0x22,0x20,0x66,0x69,0x6c,0x6c,0x3d,0x22,0x63,0x75,0x72,0x72,
  0x65,0x6e,0x74,0x43,0x6f,0x6c,0x6f,0x72,0x22,0x2f,0x3e,0xa,0x3c,0x2f,0x73,0x76,
  0x67,0x3e,0xa,
    // document-edit.svg
  0x0,0x0,0x3,0x6f,
  0x3c,
  0x3f,0x78,0x6d,0x6c,0x20,0x76,0x65,0x72,0x73,0x69,0x6f,0x6e,0x3d,0x22,0x31,0x2e,
  0x30,0x22,0x20,0x65,0x6e,0x63,0x6f,0x64,0x69,0x6e,0x67,0x3d,0x22,0x55,0x54,0x46,
  0x2d,0x38,0x22,0x3f,0x3e,0xa,0x3c,0x73,0x76,0x67,0x20,0x78,0x6d,0x6c,0x6e,0x73,
  0x3d,0x22,0x68,0x74,0x74,0x70,0x3a,0x2f,0x2f,0x77,0x77,0x77,0x2e,0x77,0x33,0x2e,
  0x6f,0x72,0x67,0x2f,0x32,0x30,0x30,0x30,0x2f,0x73,0x76,0x67,0x22,0x20,0x76,0x69,
  0x65,0x77,0x42,0x6f,0x78,0x3d,0x22,0x30,0x20,0x30,0x20,0x31,0x36,0x20,0x31,0x36,
  0x22,0x3e,0xa,0x20,0x20,0x3c,0x64,0x65,0x66,0x73,0x20,0x69,0x64,0x3d,0x22,0x64,
  0x65,0x66,0x73,0x33,0x30,0x35,0x31,0x22,0x3e,0xa,0x20,0x20,0x20,0x20,0x3c,0x73,
  0x74,0x79,0x6c,0x65,0x20,0x74,0x79,0x70,0x65,0x3d,0x22,0x74,0x65,0x78,0x74,0x2f,
  0x63,0x73,0x73,0x22,0x20,0x69,0x64,0x3d,0x22,0x63,0x75,0x72,0x72,0x65,0x6e,0x74,
  0x2d,0x63,0x6f,0x6c,0x6f,0x72,0x2d,0x73,0x63,0x68,0x65,0x6d,0x65,0x22,0x3e,0x2e,
  0x43,0x6f,0x6c,0x6f,0x72,0x53,0x63,0x68,0x65,0x6d,0x65,0x2d,0x54,0x65,0x78,0x74,
  0x20,0x7b,0x20,0x63,0x6f,0x6c,0x6f,0x72,0x3a,0x20,0x23,0x66,0x63,0x66,0x63,0x66,
  0x63,0x3b,0x20,0x7d,0x20,0x3c,0x2f,0x73,0x74,0x79,0x6c,0x65,0x3e,0xa,0x20,0x20,
  0x3c,0x2f,0x64,0x65,0x66,0x73,0x3e,0xa,0x20,0x3c,0x70,0x61,0x74,0x68,0x20,0x73,
  0x74,0x79,0x6c,0x65,0x3d,0x22,0x66,0x69,0x6c,0x6c,0x3a,0x63,0x75,0x72,0x72,0x65,
  0x6e,0x74,0x43,0x6f,0x6c,0x6f,0x72,0x3b,0x66,0x69,0x6c,0x6c,0x2d,0x6f,0x70,0x61,
  0x63,0x69,0x74,0x79,0x3a,0x31,0x3b,0x73,0x74,0x72,0x6f,0x6b,0x65,0x3a,0x6e,0x6f,
  0x6e,0x65,0x22,0x20,0x64,0x3d,0x22,0x4d,0x20,0x31,0x30,0x2e,0x33,0x39,0x38,0x34,
  0x33,0x38,0x20,0x32,0x20,0x4c,0x20,0x35,0x2e,0x32,0x38,0x37,0x31,0x30,0x39,0x34,
  0x20,0x37,0x2e,0x31,0x31,0x31,0x33,0x32,0x38,0x31,0x20,0x4c,0x20,0x32,0x20,0x31,
  0x30,0x2e,0x33,0x39,0x38,0x34,0x33,0x38,0x20,0x4c,0x20,0x32,0x20,0x31,0x34,0x20,
  0x4c,0x20,0x35,0x2e,0x36,0x30,0x31,0x35,0x36,0x32,0x35,0x20,0x31,0x34,0x20,0x4c,
  0x20,0x31,0x34,0x20,0x35,0x2e,0x36,0x30,0x31,0x35,0x36,0x32,0x35,0x20,0x4c,0x20,
  0x31,0x30,0x2e,0x33,0x39,0x38,0x34,0x33,0x38,0x20,0x32,0x20,0x7a,0x20,0x4d,0x20,
  0x38,0x2e,0x33,0x34,0x39,0x36,0x30,0x39,0x34,0x20,0x35,0x2e,0x34,0x39,0x30,0x32,
  0x33,0x34,0x34,0x20,0x4c,0x20,0x31,0x30,0x2e,0x35,0x30,0x39,0x37,0x36,0x36,0x20,
  0x37,0x2e,0x36,0x35,0x30,0x33,0x39,0x30,0x36,0x20,0x4c,0x20,0x37,0x2e,0x33,0x33,
  0x35,0x39,0x33,0x37,0x35,0x20,0x31,0x30,0x2e,0x38,0x32,0x36,0x31,0x37,0x32,0x20,
  0x4c,0x20,0x37,0x2e,0x33,0x33,0x35,0x39,0x33,0x37,0x35,0x20,0x31,0x30,0x2e,0x31,
  0x35,0x30,0x33,0x39,0x31,0x20,0x4c,0x20,0x36,0x2e,0x33,0x32,0x32,0x32,0x36,0x35,
  0x36,0x20,0x31,0x30,0x2e,0x31,0x37,0x31,0x38,0x37,0x35,0x20,0x4c,0x20,0x35,0x2e,
  0x32,0x38,0x37,0x31,0x30,0x39,0x34,0x20,0x31,0x30,0x2e,0x31,0x37,0x31,0x38,0x37,
  0x35,0x20,0x4c,0x20,0x35,0x2e,0x32,0x38,0x37,0x31,0x30,0x39,0x34,0x20,0x39,0x2e,
  0x31,0x33,0x36,0x37,0x31,0x38,0x38,0x20,0x4c,0x20,0x35,0x2e,0x32,0x38,0x37,0x31,
  0x30,0x39,0x34,0x20,0x38,0x2e,0x35,0x35,0x30,0x37,0x38,0x31,0x32,0x20,0x4c,0x20,
  0x36,0x2e,0x37,0x32,0x38,0x35,0x31,0x35,0x36,0x20,0x37,0x2e,0x31,0x31,0x31,0x33,
  0x32,0x38,0x31,0x20,0x4c,0x20,0x38,0x2e,0x33,0x34,0x39,0x36,0x30,0x39,0x34,0x20,
  0x35,0x2e,0x34,0x39,0x30,0x32,0x33,0x34,0x34,0x20,0x7a,0x20,0x4d,0x20,0x34,0x2e,
  0x32,0x37,0x33,0x34,0x33,0x37,0x35,0x20,0x39,0x2e,0x35,0x36,0x34,0x34,0x35,0x33,
  0x31,0x20,0x4c,0x20,0x34,0x2e,0x32,0x37,0x33,0x34,0x33,0x37,0x35,0x20,0x31,0x31,
  0x2e,0x31,0x38,0x35,0x35,0x34,0x37,0x20,0x4c,0x20,0x35,0x2e,0x33,0x30,0x38,0x35,
  0x39,0x33,0x38,0x20,0x31,0x31,0x2e,0x31,0x38,0x35,0x35,0x34,0x37,0x20,0x4c,0x20,
  0x36,0x2e,0x33,0x30,0x30,0x37,0x38,0x31,0x32,0x20,0x31,0x31,0x2e,0x31,0x38,0x35,
  0x35,0x34,0x37,0x20,0x4c,0x20,0x36,0x2e,0x33,0x32,0x32,0x32,0x36,0x35,0x36,0x20,
  0x31,0x31,0x2e,0x38,0x33,0x37,0x38,0x39,0x31,0x20,0x4c,0x20,0x35,0x2e,0x32,0x34,
  0x32,0x31,0x38,0x37,0x35,0x20,0x31,0x32,0x2e,0x39,0x31,0x39,0x39,0x32,0x32,0x20,
  0x4c,0x20,0x33,0x2e,0x38,0x30,0x30,0x37,0x38,0x31,0x32,0x20,0x31,0x32,0x2e,0x39,
  0x31,0x39,0x39,0x32,0x32,0x20,0x4c,0x20,0x33,0x2e,0x30,0x38,0x30,0x30,0x37,0x38,
  0x31,0x20,0x31,0x32,0x2e,0x31,0x39,0x39,0x32,0x31,0x39,0x20,0x4c,0x20,0x33,0x2e,
  0x30,0x38,0x30,0x30,0x37,0x38,0x31,0x20,0x31,0x30,0x2e,0x37,0x35,0x37,0x38,0x31,
  0x32,0x20,0x4c,0x20,0x34,0x2e,0x32,0x37,0x33,0x34,0x33,0x37,0x35,0x20,0x39,0x2e,
  0x35,0x36,0x34,0x34,0x35,0x33,0x31,0x20,0x7a,0x20,0x22,0x20,0x63,0x6c,0x61,0x73,
  0x73,0x3d,0x22,0x43,0x6f,0x6c,0x6f,0x72,0x53,0x63,0x68,0x65,0x6d,0x65,0x2d,0x54,
  0x65,0x78,0x74,0x22,0x2f,0x3e,0xa,0x3c,0x2f,0x73,0x76,0x67,0x3e,0xa,
    // configure.svg
  0x0,0x0,0x3,0xd7,
  0x3c,
  0x3f,0x78,0x6d,0x6c,0x20,0x76,0x65,0x72,0x73,0x69,0x6f,0x6e,0x3d,0x22,0x31,0x2e,
  0x30,0x22,0x20,0x65,0x6e,0x63,0x6f,0x64,0x69,0x6e,0x67,0x3d,0x22,0x55,0x54,0x46,
  0x2d,0x38,0x22,0x3f,0x3e,0xa,0x3c,0x73,0x76,0x67,0x20,0x78,0x6d,0x6c,0x6e,0x73,
  0x3d,0x22,0x68,0x74,0x74,0x70,0x3a,0x2f,0x2f,0x77,0x77,0x77,0x2e,0x77,0x33,0x2e,
  0x6f,0x72,0x67,0x2f,0x32,0x30,0x30,0x30,0x2f,0x73,0x76,0x67,0x22,0x20,0x76,0x69,
  0x65,0x77,0x42,0x6f,0x78,0x3d,0x22,0x30,0x20,0x30,0x20,0x31,0x36,0x20,0x31,0x36,
  0x22,0x3e,0xa,0x20,0x20,0x3c,0x64,0x65,0x66,0x73,0x20,0x69,0x64,0x3d,0x22,0x64,
  0x65,0x66,0x73,0x33,0x30,0x35,0x31,0x22,0x3e,0xa,0x20,0x20,0x20,0x20,0x3c,0x73,
  0x74,0x79,0x6c,0x65,0x20,0x74,0x79,0x70,0x65,0x3d,0x22,0x74,0x65,0x78,0x74,0x2f,
  0x63,0x73,0x73,0x22,0x20,0x69,0x64,0x3d,0x22,0x63,0x75,0x72,0x72,0x65,0x6e,0x74,
  0x2d,0x63,0x6f,0x6c,0x6f,0x72,0x2d,0x73,0x63,0x68,0x65,0x6d,0x65,0x22,0x3e,0x2e,
  0x43,0x6f,0x6c,0x6f,0x72,0x53,0x63,0x68,0x65,0x6d,0x65,0x2d,0x54,0x65,0x78,0x74,
  0x20,0x7b,0x20,0x63,0x6f,0x6c,0x6f,0x72,0x3a,0x20,0x23,0x66,0x63,0x66,0x63,0x66,
  0x63,0x3b,0x20,0x7d,0x20,0x3c,0x2f,0x73,0x74,0x79,0x6c,0x65,0x3e,0xa,0x20,0x20,
  0x3c,0x2f,0x64,0x65,0x66,0x73,0x3e,0xa,0x20,0x3c,0x70,0x61,0x74,0x68,0x20,0x73,
  0x74,0x79,0x6c,0x65,0x3d,0x22,0x66,0x69,0x6c,0x6c,0x3a,0x63,0x75,0x72,0x72,0x65,
  0x6e,0x74,0x43,0x6f,0x6c,0x6f,0x72,0x3b,0x66,0x69,0x6c,0x6c,0x2d,0x6f,0x70,0x61,
  0x63,0x69,0x74,0x79,0x3a,0x31,0x3b,0x73,0x74,0x72,0x6f,0x6b,0x65,0x3a,0x6e,0x6f,
  0x6e,0x65,0x22,0x20,0x64,0x3d,0x22,0x4d,0x20,0x31,0x30,0x20,0x32,0x2e,0x35,0x20,
  0x43,0x20,0x39,0x2e,0x30,0x36,0x38,0x30,0x31,0x39,0x35,0x20,0x32,0x2e,0x35,0x20,
  0x38,0x2e,0x32,0x38,0x34,0x34,0x36,0x32,0x37,0x20,0x33,0x2e,0x31,0x33,0x37,0x33,
  0x30,0x30,0x37,0x20,0x38,0x2e,0x30,0x36,0x32,0x35,0x20,0x34,0x20,0x4c,0x20,0x32,
  0x20,0x34,0x20,0x4c,0x20,0x32,0x20,0x35,0x20,0x4c,0x20,0x38,0x2e,0x30,0x36,0x32,
  0x35,0x20,0x35,0x20,0x43,0x20,0x38,0x2e,0x32,0x38,0x34,0x34,0x36,0x32,0x37,0x20,
  0x35,0x2e,0x38,0x36,0x32,0x36,0x39,0x39,0x33,0x20,0x39,0x2e,0x30,0x36,0x38,0x30,
  0x31,0x39,0x35,0x20,0x36,0x2e,0x35,0x20,0x31,0x30,0x20,0x36,0x2e,0x35,0x20,0x43,
  0x20,0x31,0x30,0x2e,0x39,0x33,0x31,0x39,0x38,0x31,0x20,0x36,0x2e,0x35,0x20,0x31,
  0x31,0x2e,0x37,0x31,0x35,0x35,0x33,0x37,0x20,0x35,0x2e,0x38,0x36,0x32,0x36,0x39,
  0x39,0x33,0x20,0x31,0x31,0x2e,0x39,0x33,0x37,0x35,0x20,0x35,0x20,0x4c,0x20,0x31,
  0x34,0x20,0x35,0x20,0x4c,0x20,0x31,0x34,0x20,0x34,0x20,0x4c,0x20,0x31,0x31,0x2e,
  0x39,0x33,0x37,0x35,0x20,0x34,0x20,0x43,0x20,0x31,0x31,0x2e,0x37,0x31,0x35,0x35,
  0x33,0x37,0x20,0x33,0x2e,0x31,0x33,0x37,0x33,0x30,0x30,0x37,0x20,0x31,0x30,0x2e,
  0x39,0x33,0x31,0x39,0x38,0x31,0x20,0x32,0x2e,0x35,0x20,0x31,0x30,0x20,0x32,0x2e,
  0x35,0x20,0x7a,0x20,0x4d,0x20,0x35,0x20,0x39,0x2e,0x35,0x20,0x43,0x20,0x34,0x2e,
  0x30,0x36,0x38,0x30,0x31,0x39,0x31,0x20,0x39,0x2e,0x35,0x20,0x33,0x2e,0x32,0x38,
  0x34,0x34,0x36,0x32,0x36,0x20,0x31,0x30,0x2e,0x31,0x33,0x37,0x33,0x30,0x31,0x20,
  0x33,0x2e,0x30,0x36,0x32,0x35,0x20,0x31,0x31,0x20,0x4c,0x20,0x32,0x20,0x31,0x31,
  0x20,0x4c,0x20,0x32,0x20,0x31,0x32,0x20,0x4c,0x20,0x33,0x2e,0x30,0x36,0x32,0x35,
  0x20,0x31,0x32,0x20,0x43,0x20,0x33,0x2e,0x32,0x38,0x34,0x34,0x36,0x32,0x36,0x20,
  0x31,0x32,0x2e,0x38,0x36,0x32,0x36,0x39,0x39,0x20,0x34,0x2e,0x30,0x36,0x38,0x30,
  0x31,0x39,0x31,0x20,0x31,0x33,0x2e,0x35,0x20,0x35,0x20,0x31,0x33,0x2e,0x35,0x20,
  0x43,0x20,0x35,0x2e,0x39,0x33,0x31,0x39,0x38,0x30,0x39,0x20,0x31,0x33,0x2e,0x35,
  0x20,0x36,0x2e,0x37,0x31,0x35,0x35,0x33,0x37,0x34,0x20,0x31,0x32,0x2e,0x38,0x36,
  0x32,0x36,0x39,0x39,0x20,0x36,0x2e,0x39,0x33,0x37,0x35,0x20,0x31,0x32,0x20,0x4c,
  0x20,0x37,0x20,0x31,0x32,0x20,0x4c,0x20,0x39,0x20,0x31,0x32,0x20,0x4c,0x20,0x31,
  0x34,0x20,0x31,0x32,0x20,0x4c,0x20,0x31,0x34,0x20,0x31,0x31,0x20,0x4c,0x20,0x39,
  0x20,0x31,0x31,0x20,0x4c,0x20,0x37,0x20,0x31,0x31,0x20,0x4c,0x20,0x36,0x2e,0x39,
  0x33,0x37,0x35,0x20,0x31,0x31,0x20,0x43,0x20,0x36,0x2e,0x37,0x31,0x35,0x35,0x33,
  0x37,0x34,0x20,0x31,0x30,0x2e,0x31,0x33,0x37,0x33,0x30,0x31,0x20,0x35,0x2e,0x39,
  0x33,0x31,0x39,0x38,0x30,0x39,0x20,0x39,0x2e,0x35,0x20,0x35,0x20,0x39,0x2e,0x35,
  0x20,0x7a,0x20,0x4d,0x20,0x35,0x20,0x31,0x30,0x2e,0x35,0x20,0x43,0x20,0x35,0x2e,
  0x35,0x35,0x32,0x32,0x38,0x20,0x31,0x30,0x2e,0x35,0x20,0x36,0x20,0x31,0x30,0x2e,
  0x39,0x34,0x37,0x37,0x32,0x20,0x36,0x20,0x31,0x31,0x2e,0x35,0x20,0x43,0x20,0x36,
  0x20,0x31,0x32,0x2e,0x30,0x35,0x32,0x32,0x38,0x20,0x35,0x2e,0x35,0x35,0x32,0x32,
  0x38,0x20,0x31,0x32,0x2e,0x35,0x20,0x35,0x20,0x31,0x32,0x2e,0x35,0x20,0x43,0x20,
  0x34,0x2e,0x34,0x34,0x37,0x37,0x32,0x20,0x31,0x32,0x2e,0x35,0x20,0x34,0x20,0x31,
  0x32,0x2e,0x30,0x35,0x32,0x32,0x38,0x20,0x34,0x20,0x31,0x31,0x2e,0x35,0x20,0x43,
  0x20,0x34,0x20,0x31,0x30,0x2e,0x39,0x34,0x37,0x37,0x32,0x20,0x34,0x2e,0x34,0x34,
  0x37,0x37,0x32,0x20,0x31,0x30,0x2e,0x35,0x20,0x35,0x20,0x31,0x30,0x2e,0x35,0x20,
  0x7a,0x20,0x22,0x20,0x63,0x6c,0x61,0x73,0x73,0x3d,0x22,0x43,0x6f,0x6c,0x6f,0x72,
  0x53,0x63,0x68,0x65,0x6d,0x65,0x2d,0x54,0x65,0x78,0x74,0x22,0x2f,0x3e,0xa,0x3c,
  0x2f,0x73,0x76,0x67,0x3e,0xa,
    // view-refresh.svg
  0x0,0x0,0x2,0x71,
  0x3c,
  0x3f,0x78,0x6d,0x6c,0x20,0x76,0x65,0x72,0x73,0x69,0x6f,0x6e,0x3d,0x22,0x31,0x2e,
  0x30,0x22,0x20,0x65,0x6e,0x63,0x6f,0x64,0x69,0x6e,0x67,0x3d,0x22,0x55,0x54,0x46,
  0x2d,0x38,0x22,0x3f,0x3e,0xa,0x3c,0x73,0x76,0x67,0x20,0x76,0x65,0x72,0x73,0x69,
  0x6f,0x6e,0x3d,0x22,0x31,0x2e,0x31,0x22,0x20,0x76,0x69,0x65,0x77,0x42,0x6f,0x78,
  0x3d,0x22,0x30,0x20,0x30,0x20,0x31,0x36,0x20,0x31,0x36,0x22,0x20,0x78,0x6d,0x6c,
  0x6e,0x73,0x3d,0x22,0x68,0x74,0x74,0x70,0x3a,0x2f,0x2f,0x77,0x77,0x77,0x2e,0x77,
  0x33,0x2e,0x6f,0x72,0x67,0x2f,0x32,0x30,0x30,0x30,0x2f,0x73,0x76,0x67,0x22,0x3e,
  0xa,0x3c,0x64,0x65,0x66,0x73,0x3e,0xa,0x3c,0x73,0x74,0x79,0x6c,0x65,0x20,0x74,
  0x79,0x70,0x65,0x3d,0x22,0x74,0x65,0x78,0x74,0x2f,0x63,0x73,0x73,0x22,0x20,0x69,
  0x64,0x3d,0x22,0x63,0x75,0x72,0x72,0x65,0x6e,0x74,0x2d,0x63,0x6f,0x6c,0x6f,0x72,
  0x2d,0x73,0x63,0x68,0x65,0x6d,0x65,0x22,0x3e,0x2e,0x43,0x6f,0x6c,0x6f,0x72,0x53,
  0x63,0x68,0x65,0x6d,0x65,0x2d,0x54,0x65,0x78,0x74,0x20,0x7b,0x20,0x63,0x6f,0x6c,
  0x6f,0x72,0x3a,0x20,0x23,0x66,0x63,0x66,0x63,0x66,0x63,0x3b,0x20,0x7d,0x20,0x3c,
  0x2f,0x73,0x74,0x79,0x6c,0x65,0x3e,0xa,0x3c,0x2f,0x64,0x65,0x66,0x73,0x3e,0xa,
  0x3c,0x70,0x61,0x74,0x68,0x20,0x64,0x3d,0x22,0x6d,0x38,0x20,0x32,0x61,0x36,0x20,
  0x36,0x20,0x30,0x20,0x30,0x20,0x30,0x2d,0x35,0x2e,0x39,0x30,0x38,0x32,0x30,0x33,
  0x31,0x20,0x35,0x68,0x31,0x2e,0x30,0x32,0x33,0x34,0x33,0x37,0x35,0x61,0x35,0x20,
  0x35,0x20,0x30,0x20,0x30,0x20,0x31,0x20,0x34,0x2e,0x38,0x38,0x34,0x37,0x36,0x35,
  0x36,0x2d,0x34,0x20,0x35,0x20,0x35,0x20,0x30,0x20,0x30,0x20,0x31,0x20,0x34,0x2e,
  0x35,0x36,0x34,0x34,0x35,0x33,0x20,0x33,0x68,0x2d,0x33,0x2e,0x35,0x36,0x34,0x34,
  0x35,0x33,0x76,0x31,0x68,0x33,0x2e,0x38,0x39,0x36,0x34,0x38,0x34,0x20,0x30,0x2e,
  0x31,0x30,0x33,0x35,0x31,0x36,0x20,0x30,0x2e,0x39,0x31,0x34,0x30,0x36,0x32,0x20,
  0x30,0x2e,0x30,0x38,0x35,0x39,0x33,0x38,0x76,0x2d,0x35,0x68,0x2d,0x31,0x76,0x32,
  0x2e,0x36,0x38,0x39,0x34,0x35,0x33,0x31,0x61,0x36,0x20,0x36,0x20,0x30,0x20,0x30,
  0x20,0x30,0x2d,0x35,0x2d,0x32,0x2e,0x36,0x38,0x39,0x34,0x35,0x33,0x31,0x7a,0x6d,
  0x2d,0x36,0x20,0x37,0x76,0x35,0x68,0x31,0x76,0x2d,0x32,0x2e,0x36,0x39,0x39,0x32,
  0x31,0x39,0x61,0x36,0x20,0x36,0x20,0x30,0x20,0x30,0x20,0x30,0x20,0x35,0x20,0x32,
  0x2e,0x36,0x39,0x39,0x32,0x31,0x39,0x20,0x36,0x20,0x36,0x20,0x30,0x20,0x30,0x20,
  0x30,0x20,0x35,0x2e,0x39,0x30,0x38,0x32,0x30,0x33,0x2d,0x35,0x68,0x2d,0x31,0x2e,
  0x30,0x32,0x33,0x34,0x33,0x37,0x61,0x35,0x20,0x35,0x20,0x30,0x20,0x30,0x20,0x31,
  0x2d,0x34,0x2e,0x38,0x38,0x34,0x37,0x36,0x36,0x20,0x34,0x20,0x35,0x20,0x35,0x20,
  0x30,0x20,0x30,0x20,0x31,0x2d,0x34,0x2e,0x35,0x35,0x34,0x36,0x38,0x37,0x35,0x2d,
  0x33,0x68,0x33,0x2e,0x35,0x35,0x34,0x36,0x38,0x37,0x35,0x76,0x2d,0x31,0x68,0x2d,
  0x33,0x2e,0x38,0x38,0x34,0x37,0x36,0x35,0x36,0x2d,0x30,0x2e,0x31,0x31,0x35,0x32,
  0x33,0x34,0x34,0x2d,0x30,0x2e,0x39,0x30,0x38,0x32,0x30,0x33,0x31,0x2d,0x30,0x2e,
  0x30,0x39,0x31,0x37,0x39,0x36,0x39,0x7a,0x22,0x20,0x63,0x6c,0x61,0x73,0x73,0x3d,
  0x22,0x43,0x6f,0x6c,0x6f,0x72,0x53,0x63,0x68,0x65,0x6d,0x65,0x2d,0x54,0x65,0x78,
  0x74,0x22,0x20,0x66,0x69,0x6c,0x6c,0x3d,0x22,0x63,0x75,0x72,0x72,0x65,0x6e,0x74,
  0x43,0x6f,0x6c,0x6f,0x72,0x22,0x2f,0x3e,0xa,0x3c,0x2f,0x73,0x76,0x67,0x3e,0xa,
  
    // system-run.svg
  0x0,0x0,0x1,0x9a,
  0x3c,
  0x3f,0x78,0x6d,0x6c,0x20,0x76,0x65,0x72,0x73,0x69,0x6f,0x6e,0x3d,0x22,0x31,0x2e,
  0x30,0x22,0x20,0x65,0x6e,0x63,0x6f,0x64,0x69,0x6e,0x67,0x3d,0x22,0x55,0x54,0x46,
  0x2d,0x38,0x22,0x3f,0x3e,0xa,0x3c,0x73,0x76,0x67,0x20,0x78,0x6d,0x6c,0x6e,0x73,
  0x3d,0x22,0x68,0x74,0x74,0x70,0x3a,0x2f,0x2f,0x77,0x77,0x77,0x2e,0x77,0x33,0x2e,
  0x6f,0x72,0x67,0x2f,0x32,0x30,0x30,0x30,0x2f,0x73,0x76,0x67,0x22,0x20,0x76,0x69,
  0x65,0x77,0x42,0x6f,0x78,0x3d,0x22,0x30,0x20,0x30,0x20,0x31,0x36,0x20,0x31,0x36,
  0x22,0x3e,0xa,0x20,0x20,0x3c,0x64,0x65,0x66,0x73,0x20,0x69,0x64,0x3d,0x22,0x64,
  0x65,0x66,0x73,0x33,0x30,0x35,0x31,0x22,0x3e,0xa,0x20,0x20,0x20,0x20,0x3c,0x73,
  0x74,0x79,0x6c,0x65,0x20,0x74,0x79,0x70,0x65,0x3d,0x22,0x74,0x65,0x78,0x74,0x2f,
  0x63,0x73,0x73,0x22,0x20,0x69,0x64,0x3d,0x22,0x63,0x75,0x72,0x72,0x65,0x6e,0x74,
  0x2d,0x63,0x6f,0x6c,0x6f,0x72,0x2d,0x73,0x63,0x68,0x65,0x6d,0x65,0x22,0x3e,0x2e,
  0x43,0x6f,0x6c,0x6f,0x72,0x53,0x63,0x68,0x65,0x6d,0x65,0x2d,0x54,0x65,0x78,0x74,
  0x20,0x7b,0x20,0x63,0x6f,0x6c,0x6f,0x72,0x3a,0x20,0x23,0x66,0x63,0x66,0x63,0x66,
  0x63,0x3b,0x20,0x7d,0x20,0x3c,0x2f,0x73,0x74,0x79,0x6c,0x65,0x3e,0xa,0x20,0x20,
  0x3c,0x2f,0x64,0x65,0x66,0x73,0x3e,0xa,0x20,0x3c,0x70,0x61,0x74,0x68,0x20,0x73,
  0x74,0x79,0x6c,0x65,0x3d,0x22,0x66,0x69,0x6c,0x6c,0x3a,0x63,0x75,0x72,0x72,0x65,
  0x6e,0x74,0x43,0x6f,0x6c,0x6f,0x72,0x3b,0x66,0x69,0x6c,0x6c,0x2d,0x6f,0x70,0x61,
  0x63,0x69,0x74,0x79,0x3a,0x31,0x3b,0x73,0x74,0x72,0x6f,0x6b,0x65,0x3a,0x6e,0x6f,
  0x6e,0x65,0x22,0x20,0x64,0x3d,0x22,0x6d,0x20,0x32,0x2c,0x32,0x20,0x30,0x2c,0x31,
  0x32,0x20,0x31,0x31,0x2c,0x30,0x20,0x30,0x2c,0x2d,0x31,0x20,0x2d,0x31,0x30,0x2c,
  0x30,0x20,0x30,0x2c,0x2d,0x38,0x20,0x31,0x30,0x2c,0x30,0x20,0x30,0x2c,0x38,0x20,
  0x30,0x2c,0x31,0x20,0x31,0x2c,0x30,0x20,0x4c,0x20,0x31,0x34,0x2c,0x32,0x20,0x33,
  0x2c,0x32,0x20,0x5a,0x20,0x6d,0x20,0x34,0x2c,0x34,0x20,0x30,0x2c,0x36,0x20,0x34,
  0x2c,0x2d,0x33,0x20,0x7a,0x22,0x20,0x63,0x6c,0x61,0x73,0x73,0x3d,0x22,0x43,0x6f,
  0x6c,0x6f,0x72,0x53,0x63,0x68,0x65,0x6d,0x65,0x2d,0x54,0x65,0x78,0x74,0x22,0x2f,
  0x3e,0xa,0x3c,0x2f,0x73,0x76,0x67,0x3e,0xa,
    // system-search.svg
  0x0,0x0,0x2,0xa8,
  0x3c,
  0x3f,0x78,0x6d,0x6c,0x20,0x76,0x65,0x72,0x73,0x69,0x6f,0x6e,0x3d,0x22,0x31,0x2e,
  0x30,0x22,0x20,0x65,0x6e,0x63,0x6f,0x64,0x69,0x6e,0x67,0x3d,0x22,0x55,0x54,0x46,
  0x2d,0x38,0x22,0x3f,0x3e,0xa,0x3c,0x73,0x76,0x67,0x20,0x78,0x6d,0x6c,0x6e,0x73,
  0x3d,0x22,0x68,0x74,0x74,0x70,0x3a,0x2f,0x2f,0x77,0x77,0x77,0x2e,0x77,0x33,0x2e,
  0x6f,0x72,0x67,0x2f,0x32,0x30,0x30,0x30,0x2f,0x73,0x76,0x67,0x22,0x20,0x76,0x69,
  0x65,0x77,0x42,0x6f,0x78,0x3d,0x22,0x30,0x20,0x30,0x20,0x31,0x36,0x20,0x31,0x36,
  0x22,0x3e,0xa,0x20,0x20,0x3c,0x64,0x65,0x66,0x73,0x20,0x69,0x64,0x3d,0x22,0x64,
  0x65,0x66,0x73,0x33,0x30,0x35,0x31,0x22,0x3e,0xa,0x20,0x20,0x20,0x20,0x3c,0x73,
  0x74,0x79,0x6c,0x65,0x20,0x74,0x79,0x70,0x65,0x3d,0x22,0x74,0x65,0x78,0x74,0x2f,
  0x63,0x73,0x73,0x22,0x20,0x69,0x64,0x3d,0x22,0x63,0x75,0x72,0x72,0x65,0x6e,0x74,
  0x2d,0x63,0x6f,0x6c,0x6f,0x72,0x2d,0x73,0x63,0x68,0x65,0x6d,0x65,0x22,0x3e,0x2e,
  0x43,0x6f,0x6c,0x6f,0x72,0x53,0x63,0x68,0x65,0x6d,0x65,0x2d,0x54,0x65,0x78,0x74,
  0x20,0x7b,0x20,0x63,0x6f,0x6c,0x6f,0x72,0x3a,0x20,0x23,0x66,0x63,0x66,0x63,0x66,
  0x63,0x3b,0x20,0x7d,0x20,0x3c,0x2f,0x73,0x74,0x79,0x6c,0x65,0x3e,0xa,0x20,0x20,
  0x3c,0x2f,0x64,0x65,0x66,0x73,0x3e,0xa,0x20,0x3c,0x70,0x61,0x74,0x68,0x20,0x73,
  0x74,0x79,0x6c,0x65,0x3d,0x22,0x66,0x69,0x6c,0x6c,0x3a,0x63,0x75,0x72,0x72,0x65,
  0x6e,0x74,0x43,0x6f,0x6c,0x6f,0x72,0x3b,0x66,0x69,0x6c,0x6c,0x2d,0x6f,0x70,0x61,
  0x63,0x69,0x74,0x79,0x3a,0x31,0x3b,0x73,0x74,0x72,0x6f,0x6b,0x65,0x3a,0x6e,0x6f,
  0x6e,0x65,0x22,0x20,0x64,0x3d,0x22,0x4d,0x20,0x36,0x2e,0x35,0x20,0x32,0x20,0x43,
  0x20,0x34,0x2e,0x30,0x30,0x37,0x20,0x32,0x20,0x32,0x20,0x34,0x2e,0x30,0x31,0x20,
  0x32,0x20,0x36,0x2e,0x35,0x20,0x43,0x20,0x32,0x20,0x38,0x2e,0x39,0x39,0x33,0x20,
  0x34,0x2e,0x30,0x31,0x20,0x31,0x31,0x20,0x36,0x2e,0x35,0x20,0x31,0x31,0x20,0x43,
  0x20,0x37,0x2e,0x35,0x36,0x33,0x36,0x34,0x33,0x32,0x20,0x31,0x31,0x20,0x38,0x2e,
  0x35,0x32,0x36,0x33,0x34,0x30,0x39,0x20,0x31,0x30,0x2e,0x36,0x31,0x38,0x38,0x30,
  0x31,0x20,0x39,0x2e,0x32,0x39,0x34,0x39,0x32,0x31,0x39,0x20,0x31,0x30,0x2e,0x30,
  0x30,0x35,0x38,0x35,0x39,0x20,0x4c,0x20,0x31,0x33,0x2e,0x32,0x39,0x32,0x39,0x36,
  0x39,0x20,0x31,0x34,0x2e,0x30,0x30,0x33,0x39,0x30,0x36,0x20,0x4c,0x20,0x31,0x34,
  0x20,0x31,0x33,0x2e,0x32,0x39,0x36,0x38,0x37,0x35,0x20,0x4c,0x20,0x31,0x30,0x2e,
  0x30,0x30,0x31,0x39,0x35,0x33,0x20,0x39,0x2e,0x32,0x39,0x38,0x38,0x32,0x38,0x31,
  0x20,0x43,0x20,0x31,0x30,0x2e,0x36,0x31,0x37,0x36,0x30,0x34,0x20,0x38,0x2e,0x35,
  0x32,0x39,0x30,0x34,0x38,0x20,0x31,0x31,0x20,0x37,0x2e,0x35,0x36,0x35,0x33,0x33,
  0x38,0x20,0x31,0x31,0x20,0x36,0x2e,0x35,0x20,0x43,0x20,0x31,0x31,0x20,0x34,0x2e,
  0x30,0x30,0x37,0x20,0x38,0x2e,0x39,0x39,0x20,0x32,0x20,0x36,0x2e,0x35,0x20,0x32,
  0x20,0x7a,0x20,0x4d,0x20,0x36,0x2e,0x35,0x20,0x33,0x20,0x43,0x20,0x38,0x2e,0x34,
  0x33,0x39,0x20,0x33,0x20,0x31,0x30,0x20,0x34,0x2e,0x35,0x36,0x31,0x20,0x31,0x30,
  0x20,0x36,0x2e,0x35,0x20,0x43,0x20,0x31,0x30,0x20,0x38,0x2e,0x34,0x33,0x39,0x20,
  0x38,0x2e,0x34,0x33,0x39,0x20,0x31,0x30,0x20,0x36,0x2e,0x35,0x20,0x31,0x30,0x20,
  0x43,0x20,0x34,0x2e,0x35,0x36,0x31,0x20,0x31,0x30,0x20,0x33,0x20,0x38,0x2e,0x34,
  0x33,0x39,0x20,0x33,0x20,0x36,0x2e,0x35,0x20,0x43,0x20,0x33,0x20,0x34,0x2e,0x35,
  0x36,0x31,0x20,0x34,0x2e,0x35,0x36,0x31,0x20,0x33,0x20,0x36,0x2e,0x35,0x20,0x33,
  0x20,0x7a,0x20,0x22,0x20,0x63,0x6c,0x61,0x73,0x73,0x3d,0x22,0x43,0x6f,0x6c,0x6f,
  0x72,0x53,0x63,0x68,0x65,0x6d,0x65,0x2d,0x54,0x65,0x78,0x74,0x22,0x2f,0x3e,0xa,
  0x3c,0x2f,0x73,0x76,0x67,0x3e,0xa,
    // document-save-as.svg
  0x0,0x0,0x3,0x91,
  0x3c,
  0x3f,0x78,0x6d,0x6c,0x20,0x76,0x65,0x72,0x73,0x69,0x6f,0x6e,0x3d,0x22,0x31,0x2e,
  0x30,0x22,0x20,0x65,0x6e,0x63,0x6f,0x64,0x69,0x6e,0x67,0x3d,0x22,0x55,0x54,0x46,
  0x2d,0x38,0x22,0x3f,0x3e,0xa,0x3c,0x73,0x76,0x67,0x20,0x78,0x6d,0x6c,0x6e,0x73,
  0x3d,0x22,0x68,0x74,0x74,0x70,0x3a,0x2f,0x2f,0x77,0x77,0x77,0x2e,0x77,0x33,0x2e,
  0x6f,0x72,0x67,0x2f,0x32,0x30,0x30,0x30,0x2f,0x73,0x76,0x67,0x22,0x20,0x76,0x69,
  0x65,0x77,0x42,0x6f,0x78,0x3d,0x22,0x30,0x20,0x30,0x20,0x31,0x36,0x20,0x31,0x36,
  0x22,0x3e,0xa,0x20,0x20,0x3c,0x64,0x65,0x66,0x73,0x20,0x69,0x64,0x3d,0x22,0x64,
  0x65,0x66,0x73,0x33,0x30,0x35,0x31,0x22,0x3e,0xa,0x20,0x20,0x20,0x20,0x3c,0x73,
  0x74,0x79,0x6c,0x65,0x20,0x74,0x79,0x70,0x65,0x3d,0x22,0x74,0x65,0x78,0x74,0x2f,
  0x63,0x73,0x73,0x22,0x20,0x69,0x64,0x3d,0x22,0x63,0x75,0x72,0x72,0x65,0x6e,0x74,
  0x2d,0x63,0x6f,0x6c,0x6f,0x72,0x2d,0x73,0x63,0x68,0x65,0x6d,0x65,0x22,0x3e,0x2e,
  0x43,0x6f,0x6c,0x6f,0x72,0x53,0x63,0x68,0x65,0x6d,0x65,0x2d,0x54,0x65,0x78,0x74,
  0x20,0x7b,0x20,0x63,0x6f,0x6c,0x6f,0x72,0x3a,0x20,0x23,0x66,0x63,0x66,0x63,0x66,
  0x63,0x3b,0x20,0x7d,0x20,0x3c,0x2f,0x73,0x74,0x79,0x6c,0x65,0x3e,0xa,0x20,0x20,
  0x3c,0x2f,0x64,0x65,0x66,0x73,0x3e,0xa,0x20,0x3c,0x70,0x61,0x74,0x68,0x20,0x73,
  0x74,0x79,0x6c,0x65,0x3d,0x22,0x66,0x69,0x6c,0x6c,0x3a,0x63,0x75,0x72,0x72,0x65,
  0x6e,0x74,0x43,0x6f,0x6c,0x6f,0x72,0x3b,0x66,0x69,0x6c,0x6c,0x2d,0x6f,0x70,0x61,
  0x63,0x69,0x74,0x79,0x3a,0x31,0x3b,0x73,0x74,0x72,0x6f,0x6b,0x65,0x3a,0x6e,0x6f,
  0x6e,0x65,0x22,0x20,0x64,0x3d,0x22,0x4d,0x20,0x32,0x20,0x32,0x20,0x4c,0x20,0x32,
  0x20,0x31,0x34,0x20,0x4c,0x20,0x33,0x20,0x31,0x34,0x20,0x4c,0x20,0x34,0x20,0x31,
  0x34,0x20,0x4c,0x20,0x37,0x20,0x31,0x34,0x20,0x4c,0x20,0x37,0x20,0x31,0x33,0x20,
  0x4c,0x20,0x36,0x20,0x31,0x33,0x20,0x4c,0x20,0x35,0x20,0x31,0x33,0x20,0x4c,0x20,
  0x35,0x20,0x31,0x30,0x20,0x4c,0x20,0x36,0x20,0x31,0x30,0x20,0x4c,0x20,0x37,0x20,
  0x31,0x30,0x20,0x4c,0x20,0x38,0x20,0x31,0x30,0x20,0x4c,0x20,0x38,0x20,0x39,0x20,
  0x4c,0x20,0x37,0x20,0x39,0x20,0x4c,0x20,0x35,0x20,0x39,0x20,0x4c,0x20,0x33,0x2e,
  0x39,0x36,0x38,0x37,0x35,0x20,0x39,0x20,0x4c,0x20,0x33,0x2e,0x39,0x36,0x38,0x37,
  0x35,0x20,0x31,0x33,0x20,0x4c,0x20,0x33,0x20,0x31,0x33,0x20,0x4c,0x20,0x33,0x20,
  0x33,0x20,0x4c,0x20,0x34,0x20,0x33,0x20,0x4c,0x20,0x35,0x20,0x33,0x20,0x4c,0x20,
  0x35,0x20,0x36,0x20,0x4c,0x20,0x35,0x20,0x37,0x20,0x4c,0x20,0x37,0x20,0x37,0x20,
  0x4c,0x20,0x31,0x31,0x20,0x37,0x20,0x4c,0x20,0x31,0x31,0x20,0x36,0x20,0x4c,0x20,
  0x31,0x31,0x20,0x33,0x20,0x4c,0x20,0x31,0x31,0x2e,0x32,0x38,0x31,0x32,0x35,0x20,
  0x33,0x20,0x4c,0x20,0x31,0x33,0x20,0x34,0x2e,0x37,0x31,0x38,0x37,0x35,0x20,0x4c,
  0x20,0x31,0x33,0x20,0x35,0x20,0x4c,0x20,0x31,0x33,0x20,0x37,0x20,0x4c,0x20,0x31,
  0x34,0x20,0x37,0x20,0x4c,0x20,0x31,0x34,0x20,0x34,0x2e,0x32,0x38,0x31,0x32,0x35,
  0x20,0x4c,0x20,0x31,0x31,0x2e,0x37,0x31,0x38,0x37,0x35,0x20,0x32,0x20,0x4c,0x20,
  0x31,0x31,0x2e,0x36,0x38,0x37,0x35,0x20,0x32,0x20,0x4c,0x20,0x31,0x31,0x20,0x32,
  0x20,0x4c,0x20,0x34,0x20,0x32,0x20,0x4c,0x20,0x33,0x20,0x32,0x20,0x4c,0x20,0x32,
  0x20,0x32,0x20,0x7a,0x20,0x4d,0x20,0x36,0x20,0x33,0x20,0x4c,0x20,0x37,0x2e,0x39,
  0x30,0x36,0x32,0x35,0x20,0x33,0x20,0x4c,0x20,0x37,0x2e,0x39,0x30,0x36,0x32,0x35,
  0x20,0x36,0x20,0x4c,0x20,0x36,0x20,0x36,0x20,0x4c,0x20,0x36,0x20,0x33,0x20,0x7a,
  0x20,0x4d,0x20,0x31,0x32,0x20,0x38,0x20,0x4c,0x20,0x31,0x31,0x20,0x39,0x20,0x4c,
  0x20,0x31,0x30,0x20,0x31,0x30,0x20,0x4c,0x20,0x38,0x20,0x31,0x32,0x20,0x4c,0x20,
  0x38,0x20,0x31,0x33,0x20,0x4c,0x20,0x38,0x20,0x31,0x34,0x20,0x4c,0x20,0x31,0x30,
  0x20,0x31,0x34,0x20,0x4c,0x20,0x31,0x31,0x20,0x31,0x33,0x20,0x4c,0x20,0x31,0x32,
  0x20,0x31,0x32,0x20,0x4c,0x20,0x31,0x33,0x20,0x31,0x31,0x20,0x4c,0x20,0x31,0x34,
  0x20,0x31,0x30,0x20,0x4c,0x20,0x31,0x32,0x20,0x38,0x20,0x7a,0x20,0x4d,0x20,0x31,
  0x31,0x2e,0x36,0x38,0x39,0x34,0x35,0x33,0x20,0x39,0x2e,0x36,0x38,0x39,0x34,0x35,
  0x33,0x31,0x20,0x4c,0x20,0x31,0x32,0x2e,0x32,0x38,0x31,0x32,0x35,0x20,0x31,0x30,
  0x2e,0x32,0x38,0x31,0x32,0x35,0x20,0x4c,0x20,0x31,0x30,0x2e,0x35,0x39,0x33,0x37,
  0x35,0x20,0x31,0x31,0x2e,0x39,0x36,0x38,0x37,0x35,0x20,0x4c,0x20,0x31,0x30,0x2e,
  0x35,0x39,0x33,0x37,0x35,0x20,0x31,0x31,0x2e,0x39,0x38,0x34,0x33,0x37,0x35,0x20,
  0x4c,0x20,0x39,0x2e,0x33,0x31,0x32,0x35,0x20,0x31,0x33,0x2e,0x32,0x38,0x31,0x32,
  0x35,0x20,0x4c,0x20,0x38,0x2e,0x37,0x31,0x38,0x37,0x35,0x20,0x31,0x32,0x2e,0x36,
  0x38,0x37,0x35,0x20,0x4c,0x20,0x31,0x31,0x2e,0x36,0x38,0x39,0x34,0x35,0x33,0x20,
  0x39,0x2e,0x36,0x38,0x39,0x34,0x35,0x33,0x31,0x20,0x7a,0x20,0x22,0x20,0x63,0x6c,
  0x61,0x73,0x73,0x3d,0x22,0x43,0x6f,0x6c,0x6f,0x72,0x53,0x63,0x68,0x65,0x6d,0x65,
  0x2d,0x54,0x65,0x78,0x74,0x22,0x2f,0x3e,0xa,0x3c,0x2f,0x73,0x76,0x67,0x3e,0xa,
  
    // view-close.svg
  0x0,0x0,0x2,0x7f,
  0x3c,
  0x3f,0x78,0x6d,0x6c,0x20,0x76,0x65,0x72,0x73,0x69,0x6f,0x6e,0x3d,0x22,0x31,0x2e,
  0x30,0x22,0x20,0x65,0x6e,0x63,0x6f,0x64,0x69,0x6e,0x67,0x3d,0x22,0x55,0x54,0x46,
  0x2d,0x38,0x22,0x3f,0x3e,0xa,0x3c,0x73,0x76,0x67,0x20,0x78,0x6d,0x6c,0x6e,0x73,
  0x3d,0x22,0x68,0x74,0x74,0x70,0x3a,0x2f,0x2f,0x77,0x77,0x77,0x2e,0x77,0x33,0x2e,
  0x6f,0x72,0x67,0x2f,0x32,0x30,0x30,0x30,0x2f,0x73,0x76,0x67,0x22,0x20,0x76,0x69,
  0x65,0x77,0x42,0x6f,0x78,0x3d,0x22,0x30,0x20,0x30,0x20,0x31,0x36,0x20,0x31,0x36,
  0x22,0x3e,0xa,0x20,0x20,0x3c,0x64,0x65,0x66,0x73,0x20,0x69,0x64,0x3d,0x22,0x64,
  0x65,0x66,0x73,0x33,0x30,0x35,0x31,0x22,0x3e,0xa,0x20,0x20,0x20,0x20,0x3c,0x73,
  0x74,0x79,0x6c,0x65,0x20,0x74,0x79,0x70,0x65,0x3d,0x22,0x74,0x65,0x78,0x74,0x2f,
  0x63,0x73,0x73,0x22,0x20,0x69,0x64,0x3d,0x22,0x63,0x75,0x72,0x72,0x65,0x6e,0x74,
  0x2d,0x63,0x6f,0x6c,0x6f,0x72,0x2d,0x73,0x63,0x68,0x65,0x6d,0x65,0x22,0x3e,0x2e,
  0x43,0x6f,0x6c,0x6f,0x72,0x53,0x63,0x68,0x65,0x6d,0x65,0x2d,0x4e,0x65,0x67,0x61,
  0x74,0x69,0x76,0x65,0x54,0x65,0x78,0x74,0x20,0x7b,0x20,0x63,0x6f,0x6c,0x6f,0x72,
  0x3a,0x20,0x23,0x64,0x61,0x34,0x34,0x35,0x33,0x3b,0x20,0x7d,0x20,0x2e,0x43,0x6f,
  0x6c,0x6f,0x72,0x53,0x63,0x68,0x65,0x6d,0x65,0x2d,0x54,0x65,0x78,0x74,0x20,0x7b,
  0x20,0x63,0x6f,0x6c,0x6f,0x72,0x3a,0x20,0x23,0x66,0x63,0x66,0x63,0x66,0x63,0x3b,
  0x20,0x7d,0x20,0x3c,0x2f,0x73,0x74,0x79,0x6c,0x65,0x3e,0xa,0x20,0x20,0x3c,0x2f,
  0x64,0x65,0x66,0x73,0x3e,0xa,0x20,0x3c,0x70,0x61,0x74,0x68,0x20,0x73,0x74,0x79,
  0x6c,0x65,0x3d,0x22,0x66,0x69,0x6c,0x6c,0x3a,0x63,0x75,0x72,0x72,0x65,0x6e,0x74,
  0x43,0x6f,0x6c,0x6f,0x72,0x3b,0x66,0x69,0x6c,0x6c,0x2d,0x6f,0x70,0x61,0x63,0x69,
  0x74,0x79,0x3a,0x31,0x3b,0x73,0x74,0x72,0x6f,0x6b,0x65,0x3a,0x6e,0x6f,0x6e,0x65,
  0x22,0x20,0x64,0x3d,0x22,0x6d,0x32,0x20,0x32,0x76,0x31,0x32,0x68,0x31,0x32,0x76,
  0x2d,0x31,0x32,0x68,0x2d,0x31,0x32,0x6d,0x31,0x20,0x32,0x68,0x31,0x30,0x76,0x39,
  0x68,0x2d,0x31,0x30,0x76,0x2d,0x39,0x22,0x20,0x63,0x6c,0x61,0x73,0x73,0x3d,0x22,
  0x43,0x6f,0x6c,0x6f,0x72,0x53,0x63,0x68,0x65,0x6d,0x65,0x2d,0x54,0x65,0x78,0x74,
  0x22,0x2f,0x3e,0xa,0x20,0x3c,0x70,0x61,0x74,0x68,0x20,0x64,0x3d,0x22,0x6d,0x36,
  0x2e,0x32,0x20,0x36,0x6c,0x2d,0x2e,0x37,0x30,0x37,0x2e,0x37,0x30,0x37,0x20,0x31,
  0x2e,0x37,0x39,0x33,0x20,0x31,0x2e,0x37,0x39,0x33,0x2d,0x31,0x2e,0x37,0x39,0x33,
  0x20,0x31,0x2e,0x37,0x39,0x33,0x2e,0x37,0x30,0x37,0x2e,0x37,0x30,0x37,0x20,0x31,
  0x2e,0x37,0x39,0x33,0x2d,0x31,0x2e,0x37,0x39,0x33,0x20,0x31,0x2e,0x37,0x39,0x33,
  0x20,0x31,0x2e,0x37,0x39,0x33,0x2e,0x37,0x30,0x37,0x2d,0x2e,0x37,0x30,0x37,0x2d,
  0x31,0x2e,0x37,0x39,0x33,0x2d,0x31,0x2e,0x37,0x39,0x33,0x20,0x31,0x2e,0x37,0x39,
  0x33,0x2d,0x31,0x2e,0x37,0x39,0x33,0x2d,0x2e,0x37,0x30,0x37,0x2d,0x2e,0x37,0x30,
  0x37,0x2d,0x31,0x2e,0x37,0x39,0x33,0x20,0x31,0x2e,0x37,0x39,0x33,0x22,0x20,0x73,
  0x74,0x79,0x6c,0x65,0x3d,0x22,0x66,0x69,0x6c,0x6c,0x3a,0x63,0x75,0x72,0x72,0x65,
  0x6e,0x74,0x43,0x6f,0x6c,0x6f,0x72,0x3b,0x66,0x69,0x6c,0x6c,0x2d,0x6f,0x70,0x61,
  0x63,0x69,0x74,0x79,0x3a,0x31,0x3b,0x73,0x74,0x72,0x6f,0x6b,0x65,0x3a,0x6e,0x6f,
  0x6e,0x65,0x22,0x20,0x63,0x6c,0x61,0x73,0x73,0x3d,0x22,0x43,0x6f,0x6c,0x6f,0x72,
  0x53,0x63,0x68,0x65,0x6d,0x65,0x2d,0x4e,0x65,0x67,0x61,0x74,0x69,0x76,0x65,0x54,
  0x65,0x78,0x74,0x22,0x2f,0x3e,0xa,0x3c,0x2f,0x73,0x76,0x67,0x3e,0xa,
    // edit-copy.svg
  0x0,0x0,0x2,0xd,
  0x3c,
  0x3f,0x78,0x6d,0x6c,0x20,0x76,0x65,0x72,0x73,0x69,0x6f,0x6e,0x3d,0x22,0x31,0x2e,
  0x30,0x22,0x20,0x65,0x6e,0x63,0x6f,0x64,0x69,0x6e,0x67,0x3d,0x22,0x55,0x54,0x46,
  0x2d,0x38,0x22,0x3f,0x3e,0xa,0x3c,0x21,0x44,0x4f,0x43,0x54,0x59,0x50,0x45,0x20,
  0x73,0x76,0x67,0x3e,0xa,0x3c,0x73,0x76,0x67,0x20,0x76,0x69,0x65,0x77,0x42,0x6f,
  0x78,0x3d,0x22,0x30,0x20,0x30,0x20,0x31,0x36,0x20,0x31,0x36,0x22,0x20,0x76,0x65,
  0x72,0x73,0x69,0x6f,0x6e,0x3d,0x22,0x31,0x2e,0x31,0x22,0x20,0x78,0x6d,0x6c,0x6e,
  0x73,0x3d,0x22,0x68,0x74,0x74,0x70,0x3a,0x2f,0x2f,0x77,0x77,0x77,0x2e,0x77,0x33,
  0x2e,0x6f,0x72,0x67,0x2f,0x32,0x30,0x30,0x30,0x2f,0x73,0x76,0x67,0x22,0x3e,0xa,
  0x20,0x20,0x20,0x20,0x3c,0x64,0x65,0x66,0x73,0x3e,0xa,0x20,0x20,0x20,0x20,0x20,
  0x20,0x20,0x20,0x3c,0x73,0x74,0x79,0x6c,0x65,0x20,0x74,0x79,0x70,0x65,0x3d,0x22,
  0x74,0x65,0x78,0x74,0x2f,0x63,0x73,0x73,0x22,0x20,0x69,0x64,0x3d,0x22,0x63,0x75,
  0x72,0x72,0x65,0x6e,0x74,0x2d,0x63,0x6f,0x6c,0x6f,0x72,0x2d,0x73,0x63,0x68,0x65,
  0x6d,0x65,0x22,0x3e,0x2e,0x43,0x6f,0x6c,0x6f,0x72,0x53,0x63,0x68,0x65,0x6d,0x65,
  0x2d,0x54,0x65,0x78,0x74,0x20,0x7b,0x20,0x63,0x6f,0x6c,0x6f,0x72,0x3a,0x20,0x23,
  0x66,0x63,0x66,0x63,0x66,0x63,0x3b,0x20,0x7d,0x20,0x3c,0x2f,0x73,0x74,0x79,0x6c,
  0x65,0x3e,0xa,0x20,0x20,0x20,0x20,0x3c,0x2f,0x64,0x65,0x66,0x73,0x3e,0xa,0x20,
  0x20,0x20,0x20,0x3c,0x70,0x61,0x74,0x68,0x20,0x63,0x6c,0x61,0x73,0x73,0x3d,0x22,
  0x43,0x6f,0x6c,0x6f,0x72,0x53,0x63,0x68,0x65,0x6d,0x65,0x2d,0x54,0x65,0x78,0x74,
  0x22,0x20,0x73,0x74,0x79,0x6c,0x65,0x3d,0x22,0x66,0x69,0x6c,0x6c,0x3a,0x63,0x75,
  0x72,0x72,0x65,0x6e,0x74,0x43,0x6f,0x6c,0x6f,0x72,0x3b,0x20,0x66,0x69,0x6c,0x6c,
  0x2d,0x6f,0x70,0x61,0x63,0x69,0x74,0x79,0x3a,0x31,0x3b,0x20,0x73,0x74,0x72,0x6f,
  0x6b,0x65,0x3a,0x6e,0x6f,0x6e,0x65,0x22,0x20,0x64,0x3d,0x22,0x4d,0x20,0x33,0x20,
  0x32,0x20,0x4c,0x20,0x33,0x20,0x31,0x32,0x20,0x4c,0x20,0x36,0x20,0x31,0x32,0x20,
  0x4c,0x20,0x36,0x20,0x31,0x34,0x20,0x4c,0x20,0x31,0x34,0x20,0x31,0x34,0x20,0x4c,
  0x20,0x31,0x34,0x20,0x37,0x20,0x4c,0x20,0x31,0x31,0x20,0x34,0x20,0x4c,0x20,0x31,
  0x30,0x20,0x34,0x20,0x4c,0x20,0x38,0x20,0x32,0x20,0x4c,0x20,0x33,0x20,0x32,0x20,
  0x5a,0x20,0x4d,0x20,0x34,0x20,0x33,0x20,0x4c,0x20,0x37,0x20,0x33,0x20,0x4c,0x20,
  0x37,0x20,0x34,0x20,0x4c,0x20,0x36,0x20,0x34,0x20,0x4c,0x20,0x36,0x20,0x31,0x31,
  0x20,0x4c,0x20,0x34,0x20,0x31,0x31,0x20,0x4c,0x20,0x34,0x20,0x33,0x20,0x5a,0x20,
  0x4d,0x20,0x37,0x20,0x35,0x20,0x4c,0x20,0x31,0x30,0x20,0x35,0x20,0x4c,0x20,0x31,
  0x30,0x20,0x38,0x20,0x4c,0x20,0x31,0x33,0x20,0x38,0x20,0x4c,0x20,0x31,0x33,0x20,
  0x31,0x33,0x20,0x4c,0x20,0x37,0x20,0x31,0x33,0x20,0x4c,0x20,0x37,0x20,0x35,0x20,
  0x5a,0x22,0x2f,0x3e,0xa,0x3c,0x2f,0x73,0x76,0x67,0x3e,0xa,
    // document-open.svg
  0x0,0x0,0x2,0xa,
  0x3c,
  0x3f,0x78,0x6d,0x6c,0x20,0x76,0x65,0x72,0x73,0x69,0x6f,0x6e,0x3d,0x22,0x31,0x2e,
  0x30,0x22,0x20,0x65,0x6e,0x63,0x6f,0x64,0x69,0x6e,0x67,0x3d,0x22,0x55,0x54,0x46,
  0x2d,0x38,0x22,0x3f,0x3e,0xa,0x3c,0x73,0x76,0x67,0x20,0x78,0x6d,0x6c,0x6e,0x73,
  0x3d,0x22,0x68,0x74,0x74,0x70,0x3a,0x2f,0x2f,0x77,0x77,0x77,0x2e,0x77,0x33,0x2e,
  0x6f,0x72,0x67,0x2f,0x32,0x30,0x30,0x30,0x2f,0x73,0x76,0x67,0x22,0x20,0x76,0x69,
  0x65,0x77,0x42,0x6f,0x78,0x3d,0x22,0x30,0x20,0x30,0x20,0x31,0x36,0x20,0x31,0x36,
  0x22,0x3e,0xa,0x20,0x20,0x3c,0x64,0x65,0x66,0x73,0x20,0x69,0x64,0x3d,0x22,0x64,
  0x65,0x66,0x73,0x33,0x30,0x35,0x31,0x22,0x3e,0xa,0x20,0x20,0x20,0x20,0x3c,0x73,
  0x74,0x79,0x6c,0x65,0x20,0x74,0x79,0x70,0x65,0x3d,0x22,0x74,0x65,0x78,0x74,0x2f,
  0x63,0x73,0x73,0x22,0x20,0x69,0x64,0x3d,0x22,0x63,0x75,0x72,0x72,0x65,0x6e,0x74,
  0x2d,0x63,0x6f,0x6c,0x6f,0x72,0x2d,0x73,0x63,0x68,0x65,0x6d,0x65,0x22,0x3e,0x2e,
  0x43,0x6f,0x6c,0x6f,0x72,0x53,0x63,0x68,0x65,0x6d,0x65,0x2d,0x54,0x65,0x78,0x74,
  0x20,0x7b,0x20,0x63,0x6f,0x6c,0x6f,0x72,0x3a,0x20,0x23,0x66,0x63,0x66,0x63,0x66,
  0x63,0x3b,0x20,0x7d,0x20,0x3c,0x2f,0x73,0x74,0x79,0x6c,0x65,0x3e,0xa,0x20,0x20,
  0x3c,0x2f,0x64,0x65,0x66,0x73,0x3e,0xa,0x20,0x3c,0x70,0x61,0x74,0x68,0x20,0x73,
  0x74,0x79,0x6c,0x65,0x3d,0x22,0x66,0x69,0x6c,0x6c,0x3a,0x63,0x75,0x72,0x72,0x65,
  0x6e,0x74,0x43,0x6f,0x6c,0x6f,0x72,0x3b,0x66,0x69,0x6c,0x6c,0x2d,0x6f,0x70,0x61,
  0x63,0x69,0x74,0x79,0x3a,0x31,0x3b,0x73,0x74,0x72,0x6f,0x6b,0x65,0x3a,0x6e,0x6f,
  0x6e,0x65,0x22,0x20,0x64,0x3d,0x22,0x4d,0x20,0x33,0x20,0x32,0x20,0x4c,0x20,0x33,
  0x20,0x31,0x34,0x20,0x4c,0x20,0x36,0x20,0x31,0x34,0x20,0x4c,0x20,0x36,0x20,0x31,
  0x33,0x20,0x4c,0x20,0x34,0x20,0x31,0x33,0x20,0x4c,0x20,0x34,0x20,0x33,0x20,0x4c,
  0x20,0x39,0x20,0x33,0x20,0x4c,0x20,0x39,0x20,0x36,0x20,0x4c,0x20,0x31,0x32,0x20,
  0x36,0x20,0x4c,0x20,0x31,0x32,0x20,0x38,0x20,0x4c,0x20,0x31,0x33,0x20,0x38,0x20,
  0x4c,0x20,0x31,0x33,0x20,0x35,0x20,0x4c,0x20,0x31,0x30,0x20,0x32,0x20,0x4c,0x20,
  0x39,0x20,0x32,0x20,0x4c,0x20,0x33,0x20,0x32,0x20,0x7a,0x20,0x4d,0x20,0x37,0x20,
  0x38,0x20,0x4c,0x20,0x37,0x20,0x31,0x34,0x20,0x4c,0x20,0x31,0x33,0x20,0x31,0x34,
  0x20,0x4c,0x20,0x31,0x33,0x20,0x39,0x20,0x4c,0x20,0x31,0x31,0x20,0x39,0x20,0x4c,
  0x20,0x31,0x30,0x20,0x38,0x20,0x4c,0x20,0x37,0x20,0x38,0x20,0x7a,0x20,0x4d,0x20,
  0x38,0x20,0x31,0x30,0x20,0x4c,0x20,0x31,0x32,0x20,0x31,0x30,0x20,0x4c,0x20,0x31,
  0x32,0x20,0x31,0x33,0x20,0x4c,0x20,0x38,0x20,0x31,0x33,0x20,0x4c,0x20,0x38,0x20,
  0x31,0x30,0x20,0x7a,0x20,0x22,0x20,0x63,0x6c,0x61,0x73,0x73,0x3d,0x22,0x43,0x6f,
  0x6c,0x6f,0x72,0x53,0x63,0x68,0x65,0x6d,0x65,0x2d,0x54,0x65,0x78,0x74,0x22,0x2f,
  0x3e,0xa,0x3c,0x2f,0x73,0x76,0x67,0x3e,0xa,
    // network-connect.svg
  0x0,0x0,0x2,0x46,
  0x3c,
  0x3f,0x78,0x6d,0x6c,0x20,0x76,0x65,0x72,0x73,0x69,0x6f,0x6e,0x3d,0x22,0x31,0x2e,
  0x30,0x22,0x20,0x65,0x6e,0x63,0x6f,0x64,0x69,0x6e,0x67,0x3d,0x22,0x55,0x54,0x46,
  0x2d,0x38,0x22,0x3f,0x3e,0xa,0x3c,0x73,0x76,0x67,0x20,0x78,0x6d,0x6c,0x6e,0x73,
  0x3d,0x22,0x68,0x74,0x74,0x70,0x3a,0x2f,0x2f,0x77,0x77,0x77,0x2e,0x77,0x33,0x2e,
  0x6f,0x72,0x67,0x2f,0x32,0x30,0x30,0x30,0x2f,0x73,0x76,0x67,0x22,0x20,0x76,0x69,
  0x65,0x77,0x42,0x6f,0x78,0x3d,0x22,0x30,0x20,0x30,0x20,0x31,0x36,0x20,0x31,0x36,
  0x22,0x3e,0xa,0x20,0x20,0x3c,0x64,0x65,0x66,0x73,0x20,0x69,0x64,0x3d,0x22,0x64,
  0x65,0x66,0x73,0x33,0x30,0x35,0x31,0x22,0x3e,0xa,0x20,0x20,0x20,0x20,0x3c,0x73,
  0x74,0x79,0x6c,0x65,0x20,0x74,0x79,0x70,0x65,0x3d,0x22,0x74,0x65,0x78,0x74,0x2f,
  0x63,0x73,0x73,0x22,0x20,0x69,0x64,0x3d,0x22,0x63,0x75,0x72,0x72,0x65,0x6e,0x74,
  0x2d,0x63,0x6f,0x6c,0x6f,0x72,0x2d,0x73,0x63,0x68,0x65,0x6d,0x65,0x22,0x3e,0x2e,
  0x43,0x6f,0x6c,0x6f,0x72,0x53,0x63,0x68,0x65,0x6d,0x65,0x2d,0x54,0x65,0x78,0x74,
  0x20,0x7b,0x20,0x63,0x6f,0x6c,0x6f,0x72,0x3a,0x20,0x23,0x66,0x63,0x66,0x63,0x66,
  0x63,0x3b,0x20,0x7d,0x20,0x3c,0x2f,0x73,0x74,0x79,0x6c,0x65,0x3e,0xa,0x20,0x20,
  0x3c,0x2f,0x64,0x65,0x66,0x73,0x3e,0xa,0x20,0x3c,0x70,0x61,0x74,0x68,0x20,0x73,
  0x74,0x79,0x6c,0x65,0x3d,0x22,0x66,0x69,0x6c,0x6c,0x3a,0x63,0x75,0x72,0x72,0x65,
  0x6e,0x74,0x43,0x6f,0x6c,0x6f,0x72,0x3b,0x66,0x69,0x6c,0x6c,0x2d,0x6f,0x70,0x61,
  0x63,0x69,0x74,0x79,0x3a,0x31,0x3b,0x73,0x74,0x72,0x6f,0x6b,0x65,0x3a,0x6e,0x6f,
  0x6e,0x65,0x22,0x20,0x64,0x3d,0x22,0x4d,0x20,0x31,0x33,0x2e,0x33,0x30,0x30,0x37,
  0x38,0x31,0x20,0x32,0x20,0x4c,0x20,0x31,0x30,0x2e,0x36,0x35,0x30,0x33,0x39,0x31,
  0x20,0x34,0x2e,0x36,0x35,0x30,0x33,0x39,0x30,0x36,0x20,0x4c,0x20,0x39,0x2e,0x35,
  0x38,0x35,0x39,0x33,0x37,0x35,0x20,0x33,0x2e,0x35,0x38,0x35,0x39,0x33,0x37,0x35,
  0x20,0x4c,0x20,0x33,0x2e,0x35,0x38,0x35,0x39,0x33,0x37,0x35,0x20,0x39,0x2e,0x35,
  0x38,0x35,0x39,0x33,0x37,0x35,0x20,0x4c,0x20,0x34,0x2e,0x36,0x35,0x30,0x33,0x39,
  0x30,0x36,0x20,0x31,0x30,0x2e,0x36,0x35,0x30,0x33,0x39,0x31,0x20,0x4c,0x20,0x32,
  0x20,0x31,0x33,0x2e,0x33,0x30,0x30,0x37,0x38,0x31,0x20,0x4c,0x20,0x32,0x2e,0x36,
  0x39,0x39,0x32,0x31,0x38,0x38,0x20,0x31,0x34,0x20,0x4c,0x20,0x35,0x2e,0x33,0x34,
  0x39,0x36,0x30,0x39,0x34,0x20,0x31,0x31,0x2e,0x33,0x34,0x39,0x36,0x30,0x39,0x20,
  0x4c,0x20,0x36,0x2e,0x34,0x31,0x34,0x30,0x36,0x32,0x35,0x20,0x31,0x32,0x2e,0x34,
  0x31,0x34,0x30,0x36,0x32,0x20,0x4c,0x20,0x31,0x32,0x2e,0x34,0x31,0x34,0x30,0x36,
  0x32,0x20,0x36,0x2e,0x34,0x31,0x34,0x30,0x36,0x32,0x35,0x20,0x4c,0x20,0x31,0x31,
  0x2e,0x33,0x34,0x39,0x36,0x30,0x39,0x20,0x35,0x2e,0x33,0x34,0x39,0x36,0x30,0x39,
  0x34,0x20,0x4c,0x20,0x31,0x34,0x20,0x32,0x2e,0x36,0x39,0x39,0x32,0x31,0x38,0x38,
  0x20,0x4c,0x20,0x31,0x33,0x2e,0x33,0x30,0x30,0x37,0x38,0x31,0x20,0x32,0x20,0x7a,
  0x20,0x22,0x20,0x63,0x6c,0x61,0x73,0x73,0x3d,0x22,0x43,0x6f,0x6c,0x6f,0x72,0x53,
  0x63,0x68,0x65,0x6d,0x65,0x2d,0x54,0x65,0x78,0x74,0x22,0x2f,0x3e,0xa,0x3c,0x2f,
  0x73,0x76,0x67,0x3e,0xa,
    // window-restore-pip.svg
  0x0,0x0,0x2,0x70,
  0x3c,
  0x3f,0x78,0x6d,0x6c,0x20,0x76,0x65,0x72,0x73,0x69,0x6f,0x6e,0x3d,0x22,0x31,0x2e,
  0x30,0x22,0x20,0x65,0x6e,0x63,0x6f,0x64,0x69,0x6e,0x67,0x3d,0x22,0x55,0x54,0x46,
  0x2d,0x38,0x22,0x3f,0x3e,0xa,0x3c,0x73,0x76,0x67,0x20,0x76,0x65,0x72,0x73,0x69,
  0x6f,0x6e,0x3d,0x22,0x31,0x2e,0x31,0x22,0x20,0x76,0x69,0x65,0x77,0x42,0x6f,0x78,
  0x3d,0x22,0x30,0x20,0x30,0x20,0x31,0x36,0x20,0x31,0x36,0x22,0x20,0x78,0x6d,0x6c,
  0x6e,0x73,0x3d,0x22,0x68,0x74,0x74,0x70,0x3a,0x2f,0x2f,0x77,0x77,0x77,0x2e,0x77,
  0x33,0x2e,0x6f,0x72,0x67,0x2f,0x32,0x30,0x30,0x30,0x2f,0x73,0x76,0x67,0x22,0x3e,
  0xa,0x20,0x20,0x20,0x20,0x3c,0x64,0x65,0x66,0x73,0x3e,0xa,0x20,0x20,0x20,0x20,
  0x20,0x20,0x20,0x20,0x3c,0x73,0x74,0x79,0x6c,0x65,0x20,0x69,0x64,0x3d,0x22,0x63,
  0x75,0x72,0x72,0x65,0x6e,0x74,0x2d,0x63,0x6f,0x6c,0x6f,0x72,0x2d,0x73,0x63,0x68,
  0x65,0x6d,0x65,0x22,0x20,0x74,0x79,0x70,0x65,0x3d,0x22,0x74,0x65,0x78,0x74,0x2f,
  0x63,0x73,0x73,0x22,0x3e,0x2e,0x43,0x6f,0x6c,0x6f,0x72,0x53,0x63,0x68,0x65,0x6d,
  0x65,0x2d,0x54,0x65,0x78,0x74,0x20,0x7b,0x20,0x63,0x6f,0x6c,0x6f,0x72,0x3a,0x20,
  0x23,0x66,0x63,0x66,0x63,0x66,0x63,0x3b,0x20,0x7d,0x20,0x3c,0x2f,0x73,0x74,0x79,
  0x6c,0x65,0x3e,0xa,0x20,0x20,0x20,0x20,0x3c,0x2f,0x64,0x65,0x66,0x73,0x3e,0xa,
  0x20,0x20,0x20,0x20,0x3c,0x70,0x61,0x74,0x68,0x20,0x63,0x6c,0x61,0x73,0x73,0x3d,
  0x22,0x43,0x6f,0x6c,0x6f,0x72,0x53,0x63,0x68,0x65,0x6d,0x65,0x2d,0x54,0x65,0x78,
  0x74,0x22,0x20,0x64,0x3d,0x22,0x6d,0x32,0x20,0x32,0x76,0x31,0x32,0x68,0x36,0x76,
  0x2d,0x31,0x68,0x2d,0x35,0x76,0x2d,0x39,0x68,0x31,0x30,0x76,0x34,0x68,0x31,0x76,
  0x2d,0x36,0x7a,0x6d,0x37,0x20,0x37,0x76,0x36,0x68,0x36,0x76,0x2d,0x36,0x7a,0x6d,
  0x31,0x20,0x32,0x68,0x34,0x76,0x33,0x68,0x2d,0x34,0x7a,0x22,0x20,0x66,0x69,0x6c,
  0x6c,0x3d,0x22,0x63,0x75,0x72,0x72,0x65,0x6e,0x74,0x43,0x6f,0x6c,0x6f,0x72,0x22,
  0x2f,0x3e,0xa,0x20,0x20,0x20,0x20,0x3c,0x70,0x61,0x74,0x68,0x20,0x63,0x6c,0x61,
  0x73,0x73,0x3d,0x22,0x43,0x6f,0x6c,0x6f,0x72,0x53,0x63,0x68,0x65,0x6d,0x65,0x2d,
  0x54,0x65,0x78,0x74,0x22,0x20,0x64,0x3d,0x22,0x4d,0x20,0x34,0x2c,0x38,0x2e,0x39,
  0x39,0x39,0x37,0x38,0x36,0x20,0x48,0x20,0x34,0x2e,0x39,0x39,0x39,0x39,0x36,0x30,
  0x36,0x20,0x56,0x20,0x37,0x2e,0x36,0x35,0x37,0x33,0x38,0x39,0x20,0x4c,0x20,0x34,
  0x2e,0x39,0x39,0x39,0x39,0x35,0x39,0x36,0x2c,0x36,0x2e,0x37,0x30,0x37,0x32,0x31,
  0x33,0x20,0x37,0x2e,0x38,0x39,0x32,0x38,0x34,0x35,0x32,0x2c,0x39,0x2e,0x35,0x39,
  0x30,0x31,0x37,0x31,0x20,0x38,0x2e,0x36,0x2c,0x38,0x2e,0x38,0x38,0x33,0x30,0x36,
  0x35,0x20,0x35,0x2e,0x37,0x31,0x31,0x30,0x36,0x32,0x33,0x2c,0x35,0x2e,0x39,0x39,
  0x39,0x39,0x34,0x36,0x20,0x6c,0x20,0x30,0x2e,0x39,0x35,0x30,0x32,0x30,0x30,0x36,
  0x2c,0x31,0x65,0x2d,0x36,0x20,0x31,0x2e,0x33,0x33,0x39,0x31,0x38,0x37,0x35,0x2c,
  0x2d,0x31,0x65,0x2d,0x36,0x20,0x2d,0x34,0x2e,0x36,0x36,0x36,0x65,0x2d,0x34,0x2c,
  0x2d,0x30,0x2e,0x39,0x39,0x39,0x38,0x39,0x33,0x20,0x48,0x20,0x36,0x2e,0x36,0x36,
  0x31,0x32,0x36,0x31,0x39,0x20,0x4c,0x20,0x34,0x2e,0x30,0x30,0x30,0x34,0x31,0x33,
  0x31,0x2c,0x35,0x20,0x34,0x2c,0x37,0x2e,0x36,0x35,0x37,0x33,0x38,0x38,0x20,0x5a,
  0x22,0x20,0x66,0x69,0x6c,0x6c,0x3d,0x22,0x63,0x75,0x72,0x72,0x65,0x6e,0x74,0x43,
  0x6f,0x6c,0x6f,0x72,0x22,0x2f,0x3e,0xa,0x3c,0x2f,0x73,0x76,0x67,0x3e,0xa,
    // network-disconnect.svg
  0x0,0x0,0x3,0xd6,
  0x3c,
  0x3f,0x78,0x6d,0x6c,0x20,0x76,0x65,0x72,0x73,0x69,0x6f,0x6e,0x3d,0x22,0x31,0x2e,
  0x30,0x22,0x20,0x65,0x6e,0x63,0x6f,0x64,0x69,0x6e,0x67,0x3d,0x22,0x55,0x54,0x46,
  0x2d,0x38,0x22,0x3f,0x3e,0xa,0x3c,0x73,0x76,0x67,0x20,0x78,0x6d,0x6c,0x6e,0x73,
  0x3d,0x22,0x68,0x74,0x74,0x70,0x3a,0x2f,0x2f,0x77,0x77,0x77,0x2e,0x77,0x33,0x2e,
  0x6f,0x72,0x67,0x2f,0x32,0x30,0x30,0x30,0x2f,0x73,0x76,0x67,0x22,0x20,0x76,0x69,
  0x65,0x77,0x42,0x6f,0x78,0x3d,0x22,0x30,0x20,0x30,0x20,0x31,0x36,0x20,0x31,0x36,
  0x22,0x3e,0xa,0x20,0x20,0x3c,0x64,0x65,0x66,0x73,0x20,0x69,0x64,0x3d,0x22,0x64,
  0x65,0x66,0x73,0x33,0x30,0x35,0x31,0x22,0x3e,0xa,0x20,0x20,0x20,0x20,0x3c,0x73,
  0x74,0x79,0x6c,0x65,0x20,0x74,0x79,0x70,0x65,0x3d,0x22,0x74,0x65,0x78,0x74,0x2f,
  0x63,0x73,0x73,0x22,0x20,0x69,0x64,0x3d,0x22,0x63,0x75,0x72,0x72,0x65,0x6e,0x74,
  0x2d,0x63,0x6f,0x6c,0x6f,0x72,0x2d,0x73,0x63,0x68,0x65,0x6d,0x65,0x22,0x3e,0x2e,
  0x43,0x6f,0x6c,0x6f,0x72,0x53,0x63,0x68,0x65,0x6d,0x65,0x2d,0x4e,0x65,0x67,0x61,
  0x74,0x69,0x76,0x65,0x54,0x65,0x78,0x74,0x20,0x7b,0x20,0x63,0x6f,0x6c,0x6f,0x72,
  0x3a,0x20,0x23,0x64,0x61,0x34,0x34,0x35,0x33,0x3b,0x20,0x7d,0x20,0x2e,0x43,0x6f,
  0x6c,0x6f,0x72,0x53,0x63,0x68,0x65,0x6d,0x65,0x2d,0x54,0x65,0x78,0x74,0x20,0x7b,
  0x20,0x63,0x6f,0x6c,0x6f,0x72,0x3a,0x20,0x23,0x66,0x63,0x66,0x63,0x66,0x63,0x3b,
  0x20,0x7d,0x20,0x3c,0x2f,0x73,0x74,0x79,0x6c,0x65,0x3e,0xa,0x20,0x20,0x3c,0x2f,
  0x64,0x65,0x66,0x73,0x3e,0xa,0x20,0x3c,0x70,0x61,0x74,0x68,0x20,0x73,0x74,0x79,
  0x6c,0x65,0x3d,0x22,0x66,0x69,0x6c,0x6c,0x3a,0x63,0x75,0x72,0x72,0x65,0x6e,0x74,
  0x43,0x6f,0x6c,0x6f,0x72,0x3b,0x66,0x69,0x6c,0x6c,0x2d,0x6f,0x70,0x61,0x63,0x69,
  0x74,0x79,0x3a,0x31,0x3b,0x73,0x74,0x72,0x6f,0x6b,0x65,0x3a,0x6e,0x6f,0x6e,0x65,
  0x22,0x20,0x64,0x3d,0x22,0x4d,0x20,0x31,0x33,0x2e,0x33,0x30,0x30,0x37,0x38,0x31,
  0x20,0x32,0x20,0x4c,0x20,0x31,0x30,0x2e,0x36,0x35,0x30,0x33,0x39,0x31,0x20,0x34,
  0x2e,0x36,0x35,0x30,0x33,0x39,0x30,0x36,0x20,0x4c,0x20,0x39,0x2e,0x35,0x38,0x35,
  0x39,0x33,0x37,0x35,0x20,0x33,0x2e,0x35,0x38,0x35,0x39,0x33,0x37,0x35,0x20,0x4c,
  0x20,0x36,0x2e,0x35,0x38,0x35,0x39,0x33,0x37,0x35,0x20,0x36,0x2e,0x35,0x38,0x35,
  0x39,0x33,0x37,0x35,0x20,0x4c,0x20,0x39,0x2e,0x34,0x31,0x34,0x30,0x36,0x32,0x35,
  0x20,0x39,0x2e,0x34,0x31,0x34,0x30,0x36,0x32,0x35,0x20,0x4c,0x20,0x31,0x32,0x2e,
  0x34,0x31,0x34,0x30,0x36,0x32,0x20,0x36,0x2e,0x34,0x31,0x34,0x30,0x36,0x32,0x35,
  0x20,0x4c,0x20,0x31,0x31,0x2e,0x33,0x34,0x39,0x36,0x30,0x39,0x20,0x35,0x2e,0x33,
  0x34,0x39,0x36,0x30,0x39,0x34,0x20,0x4c,0x20,0x31,0x34,0x20,0x32,0x2e,0x36,0x39,
  0x39,0x32,0x31,0x38,0x38,0x20,0x4c,0x20,0x31,0x33,0x2e,0x33,0x30,0x30,0x37,0x38,
  0x31,0x20,0x32,0x20,0x7a,0x20,0x4d,0x20,0x35,0x2e,0x35,0x38,0x35,0x39,0x33,0x37,
  0x35,0x20,0x37,0x2e,0x35,0x38,0x35,0x39,0x33,0x37,0x35,0x20,0x4c,0x20,0x33,0x2e,
  0x35,0x38,0x35,0x39,0x33,0x37,0x35,0x20,0x39,0x2e,0x35,0x38,0x35,0x39,0x33,0x37,
  0x35,0x20,0x4c,0x20,0x34,0x2e,0x36,0x35,0x30,0x33,0x39,0x30,0x36,0x20,0x31,0x30,
  0x2e,0x36,0x35,0x30,0x33,0x39,0x31,0x20,0x4c,0x20,0x32,0x20,0x31,0x33,0x2e,0x33,
  0x30,0x30,0x37,0x38,0x31,0x20,0x4c,0x20,0x32,0x2e,0x36,0x39,0x39,0x32,0x31,0x38,
  0x38,0x20,0x31,0x34,0x20,0x4c,0x20,0x35,0x2e,0x33,0x34,0x39,0x36,0x30,0x39,0x34,
  0x20,0x31,0x31,0x2e,0x33,0x34,0x39,0x36,0x30,0x39,0x20,0x4c,0x20,0x36,0x2e,0x34,
  0x31,0x34,0x30,0x36,0x32,0x35,0x20,0x31,0x32,0x2e,0x34,0x31,0x34,0x30,0x36,0x32,
  0x20,0x4c,0x20,0x38,0x2e,0x34,0x31,0x34,0x30,0x36,0x32,0x35,0x20,0x31,0x30,0x2e,
  0x34,0x31,0x34,0x30,0x36,0x32,0x20,0x4c,0x20,0x35,0x2e,0x35,0x38,0x35,0x39,0x33,
  0x37,0x35,0x20,0x37,0x2e,0x35,0x38,0x35,0x39,0x33,0x37,0x35,0x20,0x7a,0x20,0x22,
  0x20,0x63,0x6c,0x61,0x73,0x73,0x3d,0x22,0x43,0x6f,0x6c,0x6f,0x72,0x53,0x63,0x68,
  0x65,0x6d,0x65,0x2d,0x54,0x65,0x78,0x74,0x22,0x2f,0x3e,0xa,0x20,0x20,0x20,0x3c,
  0x70,0x61,0x74,0x68,0x20,0x73,0x74,0x79,0x6c,0x65,0x3d,0x22,0x66,0x69,0x6c,0x6c,
  0x3a,0x63,0x75,0x72,0x72,0x65,0x6e,0x74,0x43,0x6f,0x6c,0x6f,0x72,0x3b,0x66,0x69,
  0x6c,0x6c,0x2d,0x6f,0x70,0x61,0x63,0x69,0x74,0x79,0x3a,0x31,0x3b,0x73,0x74,0x72,
  0x6f,0x6b,0x65,0x3a,0x6e,0x6f,0x6e,0x65,0x22,0x20,0x64,0x3d,0x22,0x4d,0x20,0x39,
  0x2c,0x39,0x2e,0x38,0x33,0x20,0x31,0x30,0x2e,0x36,0x36,0x37,0x2c,0x31,0x31,0x2e,
  0x34,0x39,0x37,0x20,0x39,0x2c,0x31,0x33,0x2e,0x31,0x36,0x34,0x20,0x39,0x2e,0x38,
  0x33,0x33,0x2c,0x31,0x33,0x2e,0x39,0x39,0x37,0x20,0x31,0x31,0x2e,0x35,0x2c,0x31,
  0x32,0x2e,0x33,0x33,0x20,0x31,0x33,0x2e,0x31,0x36,0x37,0x2c,0x31,0x33,0x2e,0x39,
  0x39,0x37,0x20,0x31,0x34,0x2c,0x31,0x33,0x2e,0x31,0x36,0x34,0x20,0x31,0x32,0x2e,
  0x33,0x33,0x33,0x2c,0x31,0x31,0x2e,0x34,0x39,0x37,0x20,0x31,0x34,0x2c,0x39,0x2e,
  0x38,0x33,0x20,0x31,0x33,0x2e,0x31,0x36,0x37,0x2c,0x38,0x2e,0x39,0x39,0x37,0x20,
  0x31,0x31,0x2e,0x35,0x2c,0x31,0x30,0x2e,0x36,0x36,0x34,0x20,0x39,0x2e,0x38,0x33,
  0x33,0x2c,0x38,0x2e,0x39,0x39,0x37,0x20,0x5a,0x22,0x20,0x63,0x6c,0x61,0x73,0x73,
  0x3d,0x22,0x43,0x6f,0x6c,0x6f,0x72,0x53,0x63,0x68,0x65,0x6d,0x65,0x2d,0x4e,0x65,
  0x67,0x61,0x74,0x69,0x76,0x65,0x54,0x65,0x78,0x74,0x22,0x2f,0x3e,0xa,0x3c,0x2f,
  0x73,0x76,0x67,0x3e,0xa,
    // tools-report-bug.svg
  0x0,0x0,0x1,0xc1,
  0x3c,
  0x3f,0x78,0x6d,0x6c,0x20,0x76,0x65,0x72,0x73,0x69,0x6f,0x6e,0x3d,0x22,0x31,0x2e,
  0x30,0x22,0x20,0x65,0x6e,0x63,0x6f,0x64,0x69,0x6e,0x67,0x3d,0x22,0x55,0x54,0x46,
  0x2d,0x38,0x22,0x3f,0x3e,0xa,0x3c,0x73,0x76,0x67,0x20,0x78,0x6d,0x6c,0x6e,0x73,
  0x3d,0x22,0x68,0x74,0x74,0x70,0x3a,0x2f,0x2f,0x77,0x77,0x77,0x2e,0x77,0x33,0x2e,
  0x6f,0x72,0x67,0x2f,0x32,0x30,0x30,0x30,0x2f,0x73,0x76,0x67,0x22,0x20,0x76,0x69,
  0x65,0x77,0x42,0x6f,0x78,0x3d,0x22,0x30,0x20,0x30,0x20,0x31,0x36,0x20,0x31,0x36,
  0x22,0x3e,0xa,0x20,0x20,0x3c,0x64,0x65,0x66,0x73,0x20,0x69,0x64,0x3d,0x22,0x64,
  0x65,0x66,0x73,0x33,0x30,0x35,0x31,0x22,0x3e,0xa,0x20,0x20,0x20,0x20,0x3c,0x73,
  0x74,0x79,0x6c,0x65,0x20,0x74,0x79,0x70,0x65,0x3d,0x22,0x74,0x65,0x78,0x74,0x2f,
  0x63,0x73,0x73,0x22,0x20,0x69,0x64,0x3d,0x22,0x63,0x75,0x72,0x72,0x65,0x6e,0x74,
  0x2d,0x63,0x6f,0x6c,0x6f,0x72,0x2d,0x73,0x63,0x68,0x65,0x6d,0x65,0x22,0x3e,0x2e,
  0x43,0x6f,0x6c,0x6f,0x72,0x53,0x63,0x68,0x65,0x6d,0x65,0x2d,0x54,0x65,0x78,0x74,
  0x20,0x7b,0x20,0x63,0x6f,0x6c,0x6f,0x72,0x3a,0x20,0x23,0x66,0x63,0x66,0x63,0x66,
  0x63,0x3b,0x20,0x7d,0x20,0x3c,0x2f,0x73,0x74,0x79,0x6c,0x65,0x3e,0xa,0x20,0x20,
  0x3c,0x2f,0x64,0x65,0x66,0x73,0x3e,0xa,0x20,0x3c,0x70,0x61,0x74,0x68,0x20,0x73,
  0x74,0x79,0x6c,0x65,0x3d,0x22,0x66,0x69,0x6c,0x6c,0x3a,0x63,0x75,0x72,0x72,0x65,
  0x6e,0x74,0x43,0x6f,0x6c,0x6f,0x72,0x3b,0x66,0x69,0x6c,0x6c,0x2d,0x6f,0x70,0x61,
  0x63,0x69,0x74,0x79,0x3a,0x31,0x3b,0x73,0x74,0x72,0x6f,0x6b,0x65,0x3a,0x6e,0x6f,
  0x6e,0x65,0x22,0x20,0x64,0x3d,0x22,0x6d,0x32,0x20,0x32,0x76,0x31,0x32,0x68,0x31,
  0x32,0x76,0x2d,0x31,0x32,0x7a,0x6d,0x31,0x20,0x31,0x68,0x31,0x30,0x76,0x31,0x30,
  0x68,0x2d,0x31,0x30,0x7a,0x6d,0x31,0x20,0x32,0x76,0x32,0x68,0x32,0x76,0x2d,0x32,
  0x7a,0x6d,0x36,0x20,0x30,0x76,0x32,0x68,0x32,0x76,0x2d,0x32,0x7a,0x6d,0x2d,0x34,
  0x20,0x34,0x76,0x31,0x68,0x34,0x76,0x2d,0x31,0x7a,0x6d,0x34,0x20,0x31,0x76,0x31,
  0x68,0x31,0x76,0x2d,0x31,0x7a,0x6d,0x31,0x20,0x31,0x76,0x31,0x68,0x31,0x76,0x2d,
  0x31,0x7a,0x6d,0x2d,0x35,0x2d,0x31,0x68,0x2d,0x31,0x76,0x31,0x68,0x31,0x7a,0x6d,
  0x2d,0x31,0x20,0x31,0x68,0x2d,0x31,0x76,0x31,0x68,0x31,0x7a,0x22,0x20,0x63,0x6c,
  0x61,0x73,0x73,0x3d,0x22,0x43,0x6f,0x6c,0x6f,0x72,0x53,0x63,0x68,0x65,0x6d,0x65,
  0x2d,0x54,0x65,0x78,0x74,0x22,0x2f,0x3e,0xa,0x3c,0x2f,0x73,0x76,0x67,0x3e,0xa,
  
    // go-down.svg
  0x0,0x0,0x1,0x43,
  0x3c,
  0x3f,0x78,0x6d,0x6c,0x20,0x76,0x65,0x72,0x73,0x69,0x6f,0x6e,0x3d,0x22,0x31,0x2e,
  0x30,0x22,0x20,0x65,0x6e,0x63,0x6f,0x64,0x69,0x6e,0x67,0x3d,0x22,0x55,0x54,0x46,
  0x2d,0x38,0x22,0x3f,0x3e,0xa,0x3c,0x73,0x76,0x67,0x20,0x76,0x69,0x65,0x77,0x42,
  0x6f,0x78,0x3d,0x22,0x30,0x20,0x30,0x20,0x31,0x36,0x20,0x31,0x36,0x22,0x20,0x78,
  0x6d,0x6c,0x6e,0x73,0x3d,0x22,0x68,0x74,0x74,0x70,0x3a,0x2f,0x2f,0x77,0x77,0x77,
  0x2e,0x77,0x33,0x2e,0x6f,0x72,0x67,0x2f,0x32,0x30,0x30,0x30,0x2f,0x73,0x76,0x67,
  0x22,0x3e,0xa,0x20,0x20,0x20,0x20,0x3c,0x73,0x74,0x79,0x6c,0x65,0x20,0x74,0x79,
  0x70,0x65,0x3d,0x22,0x74,0x65,0x78,0x74,0x2f,0x63,0x73,0x73,0x22,0x20,0x69,0x64,
  0x3d,0x22,0x63,0x75,0x72,0x72,0x65,0x6e,0x74,0x2d,0x63,0x6f,0x6c,0x6f,0x72,0x2d,
  0x73,0x63,0x68,0x65,0x6d,0x65,0x22,0x3e,0x2e,0x43,0x6f,0x6c,0x6f,0x72,0x53,0x63,
  0x68,0x65,0x6d,0x65,0x2d,0x54,0x65,0x78,0x74,0x20,0x7b,0x20,0x63,0x6f,0x6c,0x6f,
  0x72,0x3a,0x20,0x23,0x66,0x63,0x66,0x63,0x66,0x63,0x3b,0x20,0x7d,0x20,0x3c,0x2f,
  0x73,0x74,0x79,0x6c,0x65,0x3e,0xa,0x20,0x20,0x20,0x20,0x3c,0x70,0x61,0x74,0x68,
  0x20,0x64,0x3d,0x22,0x4d,0x38,0x20,0x31,0x31,0x2e,0x37,0x30,0x37,0x6c,0x2d,0x36,
  0x2d,0x36,0x4c,0x32,0x2e,0x37,0x30,0x37,0x20,0x35,0x20,0x38,0x20,0x31,0x30,0x2e,
  0x32,0x39,0x33,0x20,0x31,0x33,0x2e,0x32,0x39,0x33,0x20,0x35,0x6c,0x2e,0x37,0x30,
  0x37,0x2e,0x37,0x30,0x37,0x2d,0x36,0x20,0x36,0x7a,0x22,0x20,0x63,0x6c,0x61,0x73,
  0x73,0x3d,0x22,0x43,0x6f,0x6c,0x6f,0x72,0x53,0x63,0x68,0x65,0x6d,0x65,0x2d,0x54,
  0x65,0x78,0x74,0x22,0x20,0x66,0x69,0x6c,0x6c,0x3d,0x22,0x63,0x75,0x72,0x72,0x65,
  0x6e,0x74,0x43,0x6f,0x6c,0x6f,0x72,0x22,0x2f,0x3e,0xa,0x3c,0x2f,0x73,0x76,0x67,
  0x3e,0xa,
    // window-minimize-pip.svg
  0x0,0x0,0x2,0x81,
  0x3c,
  0x3f,0x78,0x6d,0x6c,0x20,0x76,0x65,0x72,0x73,0x69,0x6f,0x6e,0x3d,0x22,0x31,0x2e,
  0x30,0x22,0x20,0x65,0x6e,0x63,0x6f,0x64,0x69,0x6e,0x67,0x3d,0x22,0x55,0x54,0x46,
  0x2d,0x38,0x22,0x3f,0x3e,0xa,0x3c,0x73,0x76,0x67,0x20,0x76,0x65,0x72,0x73,0x69,
  0x6f,0x6e,0x3d,0x22,0x31,0x2e,0x31,0x22,0x20,0x76,0x69,0x65,0x77,0x42,0x6f,0x78,
  0x3d,0x22,0x30,0x20,0x30,0x20,0x31,0x36,0x20,0x31,0x36,0x22,0x20,0x78,0x6d,0x6c,
  0x6e,0x73,0x3d,0x22,0x68,0x74,0x74,0x70,0x3a,0x2f,0x2f,0x77,0x77,0x77,0x2e,0x77,
  0x33,0x2e,0x6f,0x72,0x67,0x2f,0x32,0x30,0x30,0x30,0x2f,0x73,0x76,0x67,0x22,0x3e,
  0xa,0x20,0x20,0x20,0x20,0x3c,0x64,0x65,0x66,0x73,0x3e,0xa,0x20,0x20,0x20,0x20,
  0x20,0x20,0x20,0x20,0x3c,0x73,0x74,0x79,0x6c,0x65,0x20,0x69,0x64,0x3d,0x22,0x63,
  0x75,0x72,0x72,0x65,0x6e,0x74,0x2d,0x63,0x6f,0x6c,0x6f,0x72,0x2d,0x73,0x63,0x68,
  0x65,0x6d,0x65,0x22,0x20,0x74,0x79,0x70,0x65,0x3d,0x22,0x74,0x65,0x78,0x74,0x2f,
  0x63,0x73,0x73,0x22,0x3e,0x2e,0x43,0x6f,0x6c,0x6f,0x72,0x53,0x63,0x68,0x65,0x6d,
  0x65,0x2d,0x54,0x65,0x78,0x74,0x20,0x7b,0x20,0x63,0x6f,0x6c,0x6f,0x72,0x3a,0x20,
  0x23,0x66,0x63,0x66,0x63,0x66,0x63,0x3b,0x20,0x7d,0x20,0x3c,0x2f,0x73,0x74,0x79,
  0x6c,0x65,0x3e,0xa,0x20,0x20,0x20,0x20,0x3c,0x2f,0x64,0x65,0x66,0x73,0x3e,0xa,
  0x20,0x20,0x20,0x20,0x3c,0x70,0x61,0x74,0x68,0x20,0x63,0x6c,0x61,0x73,0x73,0x3d,
  0x22,0x43,0x6f,0x6c,0x6f,0x72,0x53,0x63,0x68,0x65,0x6d,0x65,0x2d,0x54,0x65,0x78,
  0x74,0x22,0x20,0x64,0x3d,0x22,0x6d,0x32,0x20,0x32,0x76,0x31,0x32,0x68,0x36,0x76,
  0x2d,0x31,0x68,0x2d,0x35,0x76,0x2d,0x39,0x68,0x31,0x30,0x76,0x34,0x68,0x31,0x76,
  0x2d,0x36,0x7a,0x6d,0x37,0x20,0x37,0x76,0x36,0x68,0x36,0x76,0x2d,0x36,0x7a,0x6d,
  0x31,0x20,0x32,0x68,0x34,0x76,0x33,0x68,0x2d,0x34,0x7a,0x22,0x20,0x66,0x69,0x6c,
  0x6c,0x3d,0x22,0x63,0x75,0x72,0x72,0x65,0x6e,0x74,0x43,0x6f,0x6c,0x6f,0x72,0x22,
  0x2f,0x3e,0xa,0x20,0x20,0x20,0x20,0x3c,0x70,0x61,0x74,0x68,0x20,0x63,0x6c,0x61,
  0x73,0x73,0x3d,0x22,0x43,0x6f,0x6c,0x6f,0x72,0x53,0x63,0x68,0x65,0x6d,0x65,0x2d,
  0x54,0x65,0x78,0x74,0x22,0x20,0x64,0x3d,0x22,0x6d,0x37,0x2e,0x39,0x39,0x39,0x39,
  0x34,0x36,0x35,0x20,0x35,0x2e,0x30,0x30,0x30,0x32,0x31,0x33,0x37,0x2d,0x30,0x2e,
  0x39,0x39,0x39,0x38,0x39,0x33,0x20,0x32,0x65,0x2d,0x37,0x76,0x31,0x2e,0x33,0x34,
  0x32,0x33,0x39,0x37,0x35,0x6c,0x31,0x65,0x2d,0x36,0x20,0x30,0x2e,0x39,0x35,0x30,
  0x31,0x37,0x35,0x34,0x2d,0x32,0x2e,0x38,0x39,0x32,0x36,0x38,0x39,0x38,0x2d,0x32,
  0x2e,0x38,0x38,0x32,0x39,0x35,0x38,0x2d,0x30,0x2e,0x37,0x30,0x37,0x31,0x30,0x37,
  0x20,0x30,0x2e,0x37,0x30,0x37,0x31,0x30,0x36,0x37,0x20,0x32,0x2e,0x38,0x38,0x38,
  0x37,0x34,0x32,0x33,0x20,0x32,0x2e,0x38,0x38,0x33,0x31,0x31,0x38,0x35,0x2d,0x30,
  0x2e,0x39,0x35,0x30,0x31,0x33,0x36,0x34,0x2d,0x37,0x65,0x2d,0x37,0x20,0x2d,0x31,
  0x2e,0x33,0x33,0x39,0x30,0x39,0x36,0x39,0x20,0x37,0x65,0x2d,0x37,0x20,0x34,0x2e,
  0x36,0x36,0x36,0x65,0x2d,0x34,0x20,0x30,0x2e,0x39,0x39,0x39,0x38,0x39,0x32,0x38,
  0x68,0x31,0x2e,0x33,0x33,0x38,0x36,0x33,0x31,0x33,0x6c,0x32,0x2e,0x36,0x36,0x30,
  0x36,0x36,0x38,0x38,0x20,0x35,0x2e,0x33,0x32,0x65,0x2d,0x35,0x20,0x34,0x2e,0x31,
  0x33,0x31,0x65,0x2d,0x34,0x20,0x2d,0x32,0x2e,0x36,0x35,0x37,0x33,0x38,0x38,0x31,
  0x7a,0x22,0x20,0x66,0x69,0x6c,0x6c,0x3d,0x22,0x63,0x75,0x72,0x72,0x65,0x6e,0x74,
  0x43,0x6f,0x6c,0x6f,0x72,0x22,0x2f,0x3e,0xa,0x3c,0x2f,0x73,0x76,0x67,0x3e,0xa,
  
    // software-updates-release.svg
  0x0,0x0,0x6,0x92,
  0x3c,
  0x3f,0x78,0x6d,0x6c,0x20,0x76,0x65,0x72,0x73,0x69,0x6f,0x6e,0x3d,0x22,0x31,0x2e,
  0x30,0x22,0x20,0x65,0x6e,0x63,0x6f,0x64,0x69,0x6e,0x67,0x3d,0x22,0x55,0x54,0x46,
  0x2d,0x38,0x22,0x3f,0x3e,0xa,0x3c,0x73,0x76,0x67,0x20,0x78,0x6d,0x6c,0x6e,0x73,
  0x3d,0x22,0x68,0x74,0x74,0x70,0x3a,0x2f,0x2f,0x77,0x77,0x77,0x2e,0x77,0x33,0x2e,
  0x6f,0x72,0x67,0x2f,0x32,0x30,0x30,0x30,0x2f,0x73,0x76,0x67,0x22,0x20,0x78,0x6d,
  0x6c,0x6e,0x73,0x3a,0x78,0x6c,0x69,0x6e,0x6b,0x3d,0x22,0x68,0x74,0x74,0x70,0x3a,
  0x2f,0x2f,0x77,0x77,0x77,0x2e,0x77,0x33,0x2e,0x6f,0x72,0x67,0x2f,0x31,0x39,0x39,
  0x39,0x2f,0x78,0x6c,0x69,0x6e,0x6b,0x22,0x20,0x78,0x6d,0x6c,0x6e,0x73,0x3a,0x63,
  0x63,0x3d,0x22,0x68,0x74,0x74,0x70,0x3a,0x2f,0x2f,0x63,0x72,0x65,0x61,0x74,0x69,
  0x76,0x65,0x63,0x6f,0x6d,0x6d,0x6f,0x6e,0x73,0x2e,0x6f,0x72,0x67,0x2f,0x6e,0x73,
  0x23,0x22,0x20,0x78,0x6d,0x6c,0x6e,0x73,0x3a,0x64,0x63,0x3d,0x22,0x68,0x74,0x74,
  0x70,0x3a,0x2f,0x2f,0x70,0x75,0x72,0x6c,0x2e,0x6f,0x72,0x67,0x2f,0x64,0x63,0x2f,
  0x65,0x6c,0x65,0x6d,0x65,0x6e,0x74,0x73,0x2f,0x31,0x2e,0x31,0x2f,0x22,0x20,0x78,
  0x6d,0x6c,0x6e,0x73,0x3a,0x72,0x64,0x66,0x3d,0x22,0x68,0x74,0x74,0x70,0x3a,0x2f,
  0x2f,0x77,0x77,0x77,0x2e,0x77,0x33,0x2e,0x6f,0x72,0x67,0x2f,0x31,0x39,0x39,0x39,
  0x2f,0x30,0x32,0x2f,0x32,0x32,0x2d,0x72,0x64,0x66,0x2d,0x73,0x79,0x6e,0x74,0x61,
  0x78,0x2d,0x6e,0x73,0x23,0x22,0x20,0x78,0x6d,0x6c,0x6e,0x73,0x3a,0x69,0x6e,0x6b,
  0x73,0x63,0x61,0x70,0x65,0x3d,0x22,0x68,0x74,0x74,0x70,0x3a,0x2f,0x2f,0x77,0x77,
  0x77,0x2e,0x69,0x6e,0x6b,0x73,0x63,0x61,0x70,0x65,0x2e,0x6f,0x72,0x67,0x2f,0x6e,
  0x61,0x6d,0x65,0x73,0x70,0x61,0x63,0x65,0x73,0x2f,0x69,0x6e,0x6b,0x73,0x63,0x61,
  0x70,0x65,0x22,0x20,0x78,0x6d,0x6c,0x6e,0x73,0x3a,0x73,0x6f,0x64,0x69,0x70,0x6f,
  0x64,0x69,0x3d,0x22,0x68,0x74,0x74,0x70,0x3a,0x2f,0x2f,0x73,0x6f,0x64,0x69,0x70,
  0x6f,0x64,0x69,0x2e,0x73,0x6f,0x75,0x72,0x63,0x65,0x66,0x6f,0x72,0x67,0x65,0x2e,
  0x6e,0x65,0x74,0x2f,0x44,0x54,0x44,0x2f,0x73,0x6f,0x64,0x69,0x70,0x6f,0x64,0x69,
  0x2d,0x30,0x2e,0x64,0x74,0x64,0x22,0x20,0x77,0x69,0x64,0x74,0x68,0x3d,0x22,0x32,
  0x32,0x22,0x20,0x68,0x65,0x69,0x67,0x68,0x74,0x3d,0x22,0x32,0x32,0x22,0x3e,0xa,
  0x20,0x20,0x20,0x20,0x3c,0x73,0x74,0x79,0x6c,0x65,0x20,0x74,0x79,0x70,0x65,0x3d,
  0x22,0x74,0x65,0x78,0x74,0x2f,0x63,0x73,0x73,0x22,0x20,0x69,0x64,0x3d,0x22,0x63,
  0x75,0x72,0x72,0x65,0x6e,0x74,0x2d,0x63,0x6f,0x6c,0x6f,0x72,0x2d,0x73,0x63,0x68,
  0x65,0x6d,0x65,0x22,0x3e,0x2e,0x43,0x6f,0x6c,0x6f,0x72,0x53,0x63,0x68,0x65,0x6d,
  0x65,0x2d,0x41,0x63,0x63,0x65,0x6e,0x74,0x20,0x7b,0x20,0x63,0x6f,0x6c,0x6f,0x72,
  0x3a,0x20,0x23,0x33,0x64,0x61,0x65,0x65,0x39,0x3b,0x20,0x7d,0x20,0x2e,0x43,0x6f,
  0x6c,0x6f,0x72,0x53,0x63,0x68,0x65,0x6d,0x65,0x2d,0x42,0x61,0x63,0x6b,0x67,0x72,
  0x6f,0x75,0x6e,0x64,0x20,0x7b,0x20,0x63,0x6f,0x6c,0x6f,0x72,0x3a,0x20,0x23,0x32,
  0x61,0x32,0x65,0x33,0x32,0x3b,0x20,0x7d,0x20,0x2e,0x43,0x6f,0x6c,0x6f,0x72,0x53,
  0x63,0x68,0x65,0x6d,0x65,0x2d,0x42,0x75,0x74,0x74,0x6f,0x6e,0x54,0x65,0x78,0x74,
  0x20,0x7b,0x20,0x63,0x6f,0x6c,0x6f,0x72,0x3a,0x20,0x23,0x33,0x31,0x33,0x36,0x33,
  0x62,0x3b,0x20,0x7d,0x20,0x2e,0x43,0x6f,0x6c,0x6f,0x72,0x53,0x63,0x68,0x65,0x6d,
  0x65,0x2d,0x54,0x65,0x78,0x74,0x20,0x7b,0x20,0x63,0x6f,0x6c,0x6f,0x72,0x3a,0x20,
  0x23,0x66,0x63,0x66,0x63,0x66,0x63,0x3b,0x20,0x7d,0x20,0x3c,0x2f,0x73,0x74,0x79,
  0x6c,0x65,0x3e,0xa,0x20,0x20,0x20,0x20,0x3c,0x67,0x20,0x69,0x64,0x3d,0x22,0x73,
  0x6f,0x66,0x74,0x77,0x61,0x72,0x65,0x2d,0x75,0x70,0x64,0x61,0x74,0x65,0x73,0x2d,
  0x72,0x65,0x6c,0x65,0x61,0x73,0x65,0x22,0x20,0x74,0x72,0x61,0x6e,0x73,0x66,0x6f,
  0x72,0x6d,0x3d,0x22,0x74,0x72,0x61,0x6e,0x73,0x6c,0x61,0x74,0x65,0x28,0x30,0x2c,
  0x32,0x32,0x29,0x20,0x74,0x72,0x61,0x6e,0x73,0x6c,0x61,0x74,0x65,0x28,0x30,0x2c,
  0x2d,0x32,0x32,0x29,0x22,0x3e,0xa,0x20,0x20,0x20,0x20,0x3c,0x70,0x61,0x74,0x68,
  0x20,0x73,0x74,0x79,0x6c,0x65,0x3d,0x22,0x66,0x69,0x6c,0x6c,0x3a,0x23,0x32,0x65,
  0x63,0x63,0x37,0x31,0x3b,0x66,0x69,0x6c,0x6c,0x2d,0x6f,0x70,0x61,0x63,0x69,0x74,
  0x79,0x3a,0x31,0x3b,0x66,0x69,0x6c,0x6c,0x2d,0x72,0x75,0x6c,0x65,0x3a,0x65,0x76,
  0x65,0x6e,0x6f,0x64,0x64,0x3b,0x73,0x74,0x72,0x6f,0x6b,0x65,0x3a,0x6e,0x6f,0x6e,
  0x65,0x3b,0x73,0x74,0x72,0x6f,0x6b,0x65,0x2d,0x77,0x69,0x64,0x74,0x68,0x3a,0x31,
  0x70,0x78,0x3b,0x73,0x74,0x72,0x6f,0x6b,0x65,0x2d,0x6c,0x69,0x6e,0x65,0x63,0x61,
  0x70,0x3a,0x62,0x75,0x74,0x74,0x3b,0x73,0x74,0x72,0x6f,0x6b,0x65,0x2d,0x6c,0x69,
  0x6e,0x65,0x6a,0x6f,0x69,0x6e,0x3a,0x6d,0x69,0x74,0x65,0x72,0x3b,0x73,0x74,0x72,
  0x6f,0x6b,0x65,0x2d,0x6f,0x70,0x61,0x63,0x69,0x74,0x79,0x3a,0x31,0x22,0x20,0x64,
  0x3d,0x22,0x4d,0x20,0x37,0x2c,0x37,0x20,0x34,0x2c,0x31,0x30,0x20,0x34,0x2c,0x31,
  0x39,0x20,0x39,0x2e,0x30,0x39,0x39,0x36,0x30,0x39,0x34,0x2c,0x31,0x39,0x20,0x31,
  0x33,0x2c,0x31,0x39,0x20,0x6c,0x20,0x35,0x2e,0x30,0x39,0x39,0x36,0x30,0x39,0x2c,
  0x30,0x20,0x30,0x2c,0x2d,0x39,0x20,0x2d,0x33,0x2c,0x2d,0x33,0x20,0x4c,0x20,0x31,
  0x33,0x2c,0x37,0x20,0x39,0x2e,0x30,0x39,0x39,0x36,0x30,0x39,0x34,0x2c,0x37,0x20,
  0x5a,0x20,0x6d,0x20,0x30,0x2e,0x33,0x2c,0x31,0x20,0x33,0x2e,0x37,0x2c,0x30,0x20,
  0x33,0x2e,0x37,0x2c,0x30,0x20,0x32,0x2c,0x32,0x20,0x2d,0x31,0x31,0x2e,0x34,0x2c,
  0x30,0x20,0x7a,0x20,0x6d,0x20,0x31,0x2e,0x37,0x2c,0x33,0x20,0x34,0x2c,0x30,0x20,
  0x30,0x2c,0x35,0x20,0x2d,0x31,0x2c,0x2d,0x31,0x20,0x2d,0x31,0x2c,0x31,0x20,0x2d,
  0x31,0x2c,0x2d,0x31,0x20,0x2d,0x31,0x2c,0x31,0x20,0x7a,0x22,0x20,0x69,0x64,0x3d,
  0x22,0x70,0x61,0x74,0x68,0x34,0x31,0x36,0x34,0x22,0x20,0x69,0x6e,0x6b,0x73,0x63,
  0x61,0x70,0x65,0x3a,0x63,0x6f,0x6e,0x6e,0x65,0x63,0x74,0x6f,0x72,0x2d,0x63,0x75,
  0x72,0x76,0x61,0x74,0x75,0x72,0x65,0x3d,0x22,0x30,0x22,0x20,0x73,0x6f,0x64,0x69,
  0x70,0x6f,0x64,0x69,0x3a,0x6e,0x6f,0x64,0x65,0x74,0x79,0x70,0x65,0x73,0x3d,0x22,
  0x63,0x63,0x63,0x63,0x63,0x63,0x63,0x63,0x63,0x63,0x63,0x63,0x63,0x63,0x63,0x63,
  0x63,0x63,0x63,0x63,0x63,0x63,0x63,0x63,0x63,0x22,0x2f,0x3e,0xa,0x20,0x20,0x20,
  0x20,0x3c,0x70,0x61,0x74,0x68,0x20,0x73,0x74,0x79,0x6c,0x65,0x3d,0x22,0x6f,0x70,
  0x61,0x63,0x69,0x74,0x79,0x3a,0x31,0x3b,0x66,0x69,0x6c,0x6c,0x3a,0x23,0x32,0x65,
  0x63,0x63,0x37,0x31,0x3b,0x66,0x69,0x6c,0x6c,0x2d,0x6f,0x70,0x61,0x63,0x69,0x74,
  0x79,0x3a,0x31,0x3b,0x73,0x74,0x72,0x6f,0x6b,0x65,0x3a,0x6e,0x6f,0x6e,0x65,0x22,
  0x20,0x64,0x3d,0x22,0x4d,0x20,0x31,0x36,0x2c,0x33,0x20,0x41,0x20,0x33,0x2c,0x33,
  0x20,0x30,0x20,0x30,0x20,0x30,0x20,0x31,0x33,0x2c,0x36,0x20,0x33,0x2c,0x33,0x20,
  0x30,0x20,0x30,0x20,0x30,0x20,0x31,0x36,0x2c,0x39,0x20,0x33,0x2c,0x33,0x20,0x30,
  0x20,0x30,0x20,0x30,0x20,0x31,0x39,0x2c,0x36,0x20,0x33,0x2c,0x33,0x20,0x30,0x20,
  0x30,0x20,0x30,0x20,0x31,0x36,0x2c,0x33,0x20,0x5a,0x22,0x20,0x69,0x64,0x3d,0x22,
  0x70,0x61,0x74,0x68,0x34,0x31,0x36,0x36,0x22,0x20,0x69,0x6e,0x6b,0x73,0x63,0x61,
  0x70,0x65,0x3a,0x63,0x6f,0x6e,0x6e,0x65,0x63,0x74,0x6f,0x72,0x2d,0x63,0x75,0x72,
  0x76,0x61,0x74,0x75,0x72,0x65,0x3d,0x22,0x30,0x22,0x2f,0x3e,0xa,0x20,0x20,0x20,
  0x20,0x3c,0x70,0x61,0x74,0x68,0x20,0x73,0x74,0x79,0x6c,0x65,0x3d,0x22,0x6f,0x70,
  0x61,0x63,0x69,0x74,0x79,0x3a,0x31,0x3b,0x66,0x69,0x6c,0x6c,0x3a,0x63,0x75,0x72,
  0x72,0x65,0x6e,0x74,0x43,0x6f,0x6c,0x6f,0x72,0x3b,0x66,0x69,0x6c,0x6c,0x2d,0x6f,
  0x70,0x61,0x63,0x69,0x74,0x79,0x3a,0x31,0x3b,0x73,0x74,0x72,0x6f,0x6b,0x65,0x3a,
  0x6e,0x6f,0x6e,0x65,0x22,0x20,0x64,0x3d,0x22,0x6d,0x20,0x31,0x36,0x2c,0x34,0x20,
  0x32,0x2c,0x32,0x20,0x2d,0x31,0x2c,0x30,0x20,0x30,0x2c,0x32,0x20,0x2d,0x32,0x2c,
  0x30,0x20,0x30,0x2c,0x2d,0x32,0x20,0x2d,0x31,0x2c,0x30,0x20,0x31,0x2c,0x2d,0x31,
  0x20,0x31,0x2c,0x2d,0x31,0x20,0x7a,0x22,0x20,0x69,0x64,0x3d,0x22,0x70,0x61,0x74,
  0x68,0x34,0x31,0x36,0x38,0x22,0x20,0x69,0x6e,0x6b,0x73,0x63,0x61,0x70,0x65,0x3a,
  0x63,0x6f,0x6e,0x6e,0x65,0x63,0x74,0x6f,0x72,0x2d,0x63,0x75,0x72,0x76,0x61,0x74,
  0x75,0x72,0x65,0x3d,0x22,0x30,0x22,0x20,0x63,0x6c,0x61,0x73,0x73,0x3d,0x22,0x43,
  0x6f,0x6c,0x6f,0x72,0x53,0x63,0x68,0x65,0x6d,0x65,0x2d,0x42,0x61,0x63,0x6b,0x67,
  0x72,0x6f,0x75,0x6e,0x64,0x22,0x2f,0x3e,0xa,0x20,0x20,0x20,0x20,0x3c,0x72,0x65,
  0x63,0x74,0x20,0x79,0x3d,0x22,0x2d,0x32,0x2e,0x36,0x36,0x34,0x35,0x33,0x35,0x33,
  0x65,0x2d,0x31,0x35,0x22,0x20,0x78,0x3d,0x22,0x30,0x22,0x20,0x68,0x65,0x69,0x67,
  0x68,0x74,0x3d,0x22,0x32,0x32,0x22,0x20,0x77,0x69,0x64,0x74,0x68,0x3d,0x22,0x32,
  0x32,0x22,0x20,0x69,0x64,0x3d,0x22,0x72,0x65,0x63,0x74,0x34,0x31,0x37,0x30,0x22,
  0x20,0x73,0x74,0x79,0x6c,0x65,0x3d,0x22,0x6f,0x70,0x61,0x63,0x69,0x74,0x79,0x3a,
  0x31,0x3b,0x66,0x69,0x6c,0x6c,0x3a,0x6e,0x6f,0x6e,0x65,0x3b,0x66,0x69,0x6c,0x6c,
  0x2d,0x6f,0x70,0x61,0x63,0x69,0x74,0x79,0x3a,0x30,0x2e,0x35,0x39,0x39,0x30,0x35,
  0x36,0x35,0x39,0x3b,0x73,0x74,0x72,0x6f,0x6b,0x65,0x3a,0x6e,0x6f,0x6e,0x65,0x22,
  0x2f,0x3e,0xa,0x20,0x20,0x3c,0x2f,0x67,0x3e,0xa,0x3c,0x2f,0x73,0x76,0x67,0x3e,
  0xa,
    // dialog-positive.svg
  0x0,0x0,0x2,0x2e,
  0x0,
  0x0,0x7,0x94,0x78,0xda,0xdd,0x95,0x4d,0x6f,0xdb,0x30,0xc,0x86,0xef,0xfd,0x15,
  0x84,0x7a,0xd9,0xe,0x96,0x25,0xea,0xc3,0xd2,0x10,0x17,0xc8,0xd2,0x65,0x97,0xe,
  0x3b,0xc,0xbd,0xec,0x12,0x4,0x89,0x92,0x1a,0x70,0xed,0xc0,0x76,0x9b,0xa6,0xbf,
  0x7e,0x74,0x9c,0xcc,0x5d,0xd7,0x14,0xc9,0xbe,0xe,0xb3,0x5,0x4b,0xa4,0x45,0xf9,
  0xd5,0x3,0x52,0x1e,0xd4,0xf7,0x4b,0x58,0x64,0x79,0x9e,0xb2,0xa2,0x2c,0x2,0x83,
  0xfb,0x50,0xd5,0x59,0x59,0xa4,0x4c,0x72,0x49,0x56,0x16,0xd6,0xef,0xcb,0x87,0x94,
  0x9,0x10,0x60,0x35,0x35,0x6,0xf,0xb7,0x79,0x51,0xa7,0xec,0xa6,0x69,0x56,0xef,
  0xe2,0x78,0xbd,0x5e,0xf3,0xb5,0xe2,0x65,0xb5,0x8c,0x51,0x8,0x11,0xd3,0x7a,0xec,
  0xe2,0xc,0xe8,0x1a,0xac,0xa6,0xcd,0xd,0xcc,0x53,0x76,0xab,0x10,0x8c,0x9f,0x49,
  0xcd,0x95,0xf1,0x9a,0x16,0x42,0x1b,0x49,0xc9,0xad,0x16,0xb6,0x1d,0xa2,0xad,0xf7,
  0x66,0x84,0x7d,0x83,0xde,0x7,0xbd,0x5,0xb8,0x6b,0x8f,0x6c,0x27,0xfb,0xae,0xca,
  0xdf,0x9c,0xaf,0xa6,0x59,0xd1,0x88,0x49,0x9e,0x15,0x61,0x5a,0x4d,0xa4,0xf5,0x6e,
  0x82,0xc2,0x68,0xfd,0x96,0xc5,0xff,0x54,0xcc,0x39,0x21,0xe8,0xc6,0x51,0xb9,0x9a,
  0xce,0xb2,0x66,0x93,0x32,0x8e,0x2f,0x8b,0x70,0x7f,0x9f,0x88,0x3c,0x86,0xc8,0x27,
  0x93,0x70,0xef,0xa4,0x3,0x85,0xdb,0xfe,0x4a,0x1b,0x40,0x71,0x85,0x8,0x5a,0x5d,
  0x29,0xcb,0x11,0x13,0xa0,0x29,0xd6,0x38,0x39,0xd2,0x8e,0xa3,0xa5,0xa9,0xc6,0x70,
  0xeb,0x85,0x69,0xfd,0x46,0x3a,0xb,0xda,0x70,0x6d,0xbc,0x87,0x67,0x4b,0x7d,0x65,
  0x30,0xcb,0xb3,0x55,0x54,0xdd,0xe5,0x21,0x65,0xe1,0x3e,0x14,0xe5,0x7c,0xfe,0xb3,
  0x4c,0x7c,0x49,0x66,0x47,0xf1,0x59,0xe4,0xab,0x50,0xb5,0x7,0xd4,0x11,0xa,0xee,
  0x12,0x97,0x0,0x52,0x2,0xa3,0x54,0x11,0x6e,0x3b,0x90,0x5b,0x6f,0x24,0x91,0x1a,
  0xe8,0x48,0x83,0xa3,0x5b,0xfa,0x48,0x7a,0xd0,0xa0,0x1f,0x8f,0x13,0xaa,0x8e,0x15,
  0xba,0xd7,0x36,0xf,0x8b,0xba,0x1b,0x6e,0xcd,0x2e,0xfa,0x63,0x35,0x9d,0x67,0xa1,
  0x68,0x20,0x23,0xd5,0x87,0x32,0x97,0xea,0x4c,0xa6,0x2c,0x92,0xdc,0x8b,0x44,0x99,
  0x10,0x59,0x72,0x60,0xca,0xda,0x2,0xdc,0xd0,0xb,0xaa,0xcd,0x4d,0x6b,0x1a,0x6,
  0xcb,0xdd,0x72,0xd7,0x45,0xd6,0x50,0x5d,0xde,0xd5,0xa1,0xfa,0x42,0x98,0xc2,0xe7,
  0xe2,0xba,0xe,0xac,0xff,0xfa,0x56,0x41,0xdd,0x94,0x2b,0x68,0x1f,0xd1,0xac,0xcc,
  0xcb,0x8a,0x32,0x36,0x19,0x5e,0x8e,0x44,0x42,0x68,0x17,0x8b,0x3a,0x34,0x54,0xe9,
  0x7b,0xf1,0xaf,0xc4,0x68,0x1c,0x5a,0xa1,0xfa,0x18,0xf9,0x34,0x66,0x10,0xff,0xb8,
  0xcd,0x23,0xf6,0x2f,0x4f,0xdf,0xff,0x13,0xff,0x66,0xe7,0xff,0xf,0x40,0xe0,0x21,
  0x10,0x54,0x50,0x89,0x70,0xbe,0x83,0xa0,0x3d,0x47,0x81,0xb6,0x23,0xa1,0x54,0x5b,
  0x7a,0xba,0xc3,0x60,0x68,0x9a,0xd3,0xea,0x97,0x59,0xf4,0xf5,0x65,0x8f,0x3,0xf1,
  0x3d,0x40,0xfc,0x39,0x8,0xea,0x70,0x36,0xa0,0xb1,0x5c,0x60,0x47,0xa1,0xb7,0x5a,
  0xc,0xda,0xf2,0x44,0x49,0xdf,0x61,0x90,0x74,0x2c,0x69,0xe5,0x7e,0x3b,0x25,0x3e,
  0xc,0xc7,0xe3,0xcb,0xd1,0x69,0x29,0x31,0xa6,0x98,0xb1,0x39,0x89,0xc6,0x20,0xee,
  0xce,0x89,0x41,0xfb,0xf7,0xbc,0x38,0xfb,0x6,0x59,0x92,0x1,0xb0,
    // dialog-error.svg
  0x0,0x0,0x2,0x43,
  0x0,
  0x0,0x7,0xc2,0x78,0xda,0xdd,0x95,0x4d,0x6f,0xdb,0x30,0xc,0x86,0xef,0xfd,0x15,
  0x82,0x7a,0xd9,0xe,0xb1,0x25,0x4a,0x96,0xe4,0x21,0x2e,0xb0,0x76,0xc8,0x7a,0x70,
  0xb1,0xc3,0xd0,0x1c,0x76,0x9,0x82,0x44,0x49,0xd,0x78,0xb6,0x61,0x3b,0x49,0xf3,
  0xef,0x47,0xdb,0x72,0x3e,0xba,0xa4,0x48,0xbb,0x61,0x87,0x5,0x41,0xf4,0x41,0x93,
  0x7c,0xf5,0x98,0x54,0x86,0xd5,0x7a,0x49,0x16,0x49,0x9a,0x46,0x34,0xcb,0x33,0x4b,
  0xc9,0xda,0x96,0x55,0x92,0x67,0x11,0xe5,0x1e,0xc7,0x55,0x62,0x37,0xb7,0xf9,0x73,
  0x44,0x19,0x61,0x44,0x49,0xfc,0x52,0xf2,0xfc,0x33,0xcd,0xaa,0x88,0x3e,0xd5,0x75,
  0xf1,0xc9,0xf7,0x37,0x9b,0x8d,0xb7,0x11,0x5e,0x5e,0x2e,0x7d,0x60,0x8c,0xf9,0x18,
  0x8f,0xde,0x5c,0x11,0xfc,0xc,0x8b,0x69,0xfd,0x44,0xe6,0x11,0x7d,0x0,0xf0,0x98,
  0xd0,0x9a,0x84,0xb1,0x21,0x38,0xe7,0x2,0xf8,0x58,0xa,0xcf,0x28,0x1d,0xc6,0xc0,
  0xdb,0x35,0x9,0xf4,0xbd,0x84,0x6e,0x2b,0x50,0x4,0xa7,0xa1,0x2,0x31,0x6,0xd1,
  0x7a,0xc6,0xce,0x44,0xc2,0x7b,0x17,0xeb,0x7,0x75,0xaa,0x57,0x65,0xfa,0xe1,0xba,
  0x98,0x26,0x59,0xcd,0x26,0x69,0x92,0xd9,0x69,0x39,0xe1,0x9a,0xb1,0x9,0xf,0xc3,
  0x80,0x7d,0xa4,0xfe,0xbf,0xd4,0x72,0x8d,0x0,0xba,0xf9,0x20,0x2f,0xa6,0xb3,0xa4,
  0xde,0x46,0xd4,0x83,0xf3,0x1a,0x4c,0xa3,0x81,0x3b,0xd,0xf0,0x42,0x83,0x3a,0xd2,
  0xc0,0x9d,0x6,0x38,0xd6,0x60,0x5e,0xe1,0xc1,0x2f,0xe3,0x61,0x30,0x55,0xcc,0x35,
  0x91,0x41,0x2c,0x15,0xe1,0xa6,0x49,0x7,0x66,0x8c,0x19,0x75,0xd0,0xe4,0xd1,0x8d,
  0x14,0x30,0x27,0x12,0xc0,0xa9,0x4,0x2f,0x8f,0x6f,0x4e,0xa4,0xd4,0x18,0x5a,0x4b,
  0x22,0x20,0xe6,0x81,0x67,0xb4,0xc1,0xe4,0xa2,0x1d,0x63,0x60,0x1e,0x7,0x2e,0x88,
  0x34,0xed,0x18,0xb,0x20,0x42,0x79,0x20,0x41,0xc5,0xee,0x91,0x9d,0xc9,0x8d,0x3b,
  0x57,0xf7,0x5c,0x13,0xb5,0x37,0xb9,0x68,0x3b,0x57,0x97,0xad,0x89,0xda,0x69,0x10,
  0xbb,0x84,0xbd,0xa9,0x17,0xd4,0xbb,0xee,0xb5,0x22,0x80,0x59,0x9a,0x14,0x83,0x72,
  0x95,0xda,0x88,0xda,0xb5,0xcd,0xf2,0xf9,0xfc,0x77,0x28,0xe2,0x3c,0x94,0x63,0xcf,
  0x1e,0xcb,0xdc,0x2e,0xaa,0x6e,0xda,0x2e,0x3b,0xef,0xaf,0xe5,0x74,0x9e,0xd8,0xac,
  0x26,0x9,0x2,0x3b,0x57,0xdd,0xd8,0x8a,0x3c,0xa2,0x8a,0x7b,0x4c,0xab,0x10,0x17,
  0x10,0x51,0xf0,0xa4,0xe2,0x1,0x36,0xe9,0xb6,0xb1,0x80,0xb3,0x6c,0xd1,0x22,0x7a,
  0xcb,0xd2,0x85,0x7e,0xcc,0x92,0x1a,0xdb,0x78,0x55,0xd9,0xf2,0x3b,0xbe,0x2d,0xfb,
  0x2d,0x7b,0xac,0x2c,0xdd,0x2b,0x69,0xd5,0x54,0x75,0x5e,0x90,0xe6,0x67,0x30,0xcb,
  0xd3,0xbc,0xc4,0x12,0xbf,0x53,0x5c,0x82,0xa0,0x24,0x5f,0x2c,0x2a,0x5b,0xe3,0xc5,
  0xd0,0x1f,0xe4,0x15,0x9f,0x2f,0x77,0x70,0x2b,0xf9,0xde,0x87,0x1f,0xfa,0xc,0xfd,
  0xe3,0x23,0x5f,0xc0,0x82,0xbf,0x83,0x5,0x3f,0x60,0x1,0xff,0x11,0xb,0x38,0xc7,
  0x2,0x42,0xac,0xe4,0xa0,0x43,0x81,0xd,0xd1,0xce,0xb7,0x7,0xfb,0xdb,0x83,0xfd,
  0x77,0x72,0xd8,0x77,0xf9,0x85,0x10,0x76,0xe,0xec,0xef,0x1,0x10,0xe7,0x0,0xc,
  0x38,0x5e,0xc7,0x5e,0x8,0x1d,0x82,0xfd,0xaa,0x81,0xe0,0x6e,0x88,0x8e,0x82,0xeb,
  0xf9,0x3f,0x2e,0x87,0xd1,0x68,0x24,0x46,0xf2,0x6d,0xe5,0x80,0x3e,0xe1,0xe8,0xf3,
  0x9b,0x68,0xc,0xfd,0xee,0xca,0x18,0x36,0xff,0xb5,0x37,0x57,0xbf,0x0,0x91,0xda,
  0x8,0x75,
    // security-medium.svg
  0x0,0x0,0xa,0xbb,
  0x3c,
  0x3f,0x78,0x6d,0x6c,0x20,0x76,0x65,0x72,0x73,0x69,0x6f,0x6e,0x3d,0x22,0x31,0x2e,
  0x30,0x22,0x20,0x65,0x6e,0x63,0x6f,0x64,0x69,0x6e,0x67,0x3d,0x22,0x55,0x54,0x46,
  0x2d,0x38,0x22,0x20,0x73,0x74,0x61,0x6e,0x64,0x61,0x6c,0x6f,0x6e,0x65,0x3d,0x22,
  0x6e,0x6f,0x22,0x3f,0x3e,0xa,0xa,0x3c,0x21,0x2d,0x2d,0x20,0x43,0x72,0x65,0x61,
  0x74,0x65,0x64,0x20,0x77,0x69,0x74,0x68,0x20,0x49,0x6e,0x6b,0x73,0x63,0x61,0x70,
  0x65,0x20,0x28,0x68,0x74,0x74,0x70,0x3a,0x2f,0x2f,0x77,0x77,0x77,0x2e,0x69,0x6e,
  0x6b,0x73,0x63,0x61,0x70,0x65,0x2e,0x6f,0x72,0x67,0x2f,0x29,0x20,0x2d,0x2d,0x3e,
  0xa,0x3c,0x73,0x76,0x67,0x20,0x77,0x69,0x64,0x74,0x68,0x3d,0x22,0x36,0x34,0x22,
  0x20,0x76,0x65,0x72,0x73,0x69,0x6f,0x6e,0x3d,0x22,0x31,0x2e,0x31,0x22,0x20,0x78,
  0x6d,0x6c,0x6e,0x73,0x3d,0x22,0x68,0x74,0x74,0x70,0x3a,0x2f,0x2f,0x77,0x77,0x77,
  0x2e,0x77,0x33,0x2e,0x6f,0x72,0x67,0x2f,0x32,0x30,0x30,0x30,0x2f,0x73,0x76,0x67,
  0x22,0x20,0x68,0x65,0x69,0x67,0x68,0x74,0x3d,0x22,0x36,0x34,0x22,0x20,0x78,0x6d,
  0x6c,0x6e,0x73,0x3a,0x78,0x6c,0x69,0x6e,0x6b,0x3d,0x22,0x68,0x74,0x74,0x70,0x3a,
  0x2f,0x2f,0x77,0x77,0x77,0x2e,0x77,0x33,0x2e,0x6f,0x72,0x67,0x2f,0x31,0x39,0x39,
  0x39,0x2f,0x78,0x6c,0x69,0x6e,0x6b,0x22,0x20,0x78,0x6d,0x6c,0x6e,0x73,0x3a,0x69,
  0x6e,0x6b,0x73,0x63,0x61,0x70,0x65,0x3d,0x22,0x68,0x74,0x74,0x70,0x3a,0x2f,0x2f,
  0x77,0x77,0x77,0x2e,0x69,0x6e,0x6b,0x73,0x63,0x61,0x70,0x65,0x2e,0x6f,0x72,0x67,
  0x2f,0x6e,0x61,0x6d,0x65,0x73,0x70,0x61,0x63,0x65,0x73,0x2f,0x69,0x6e,0x6b,0x73,
  0x63,0x61,0x70,0x65,0x22,0x3e,0xa,0x20,0x3c,0x64,0x65,0x66,0x73,0x20,0x69,0x64,
  0x3d,0x22,0x64,0x65,0x66,0x73,0x33,0x38,0x31,0x31,0x22,0x3e,0xa,0x20,0x20,0x3c,
  0x6c,0x69,0x6e,0x65,0x61,0x72,0x47,0x72,0x61,0x64,0x69,0x65,0x6e,0x74,0x20,0x69,
  0x6e,0x6b,0x73,0x63,0x61,0x70,0x65,0x3a,0x63,0x6f,0x6c,0x6c,0x65,0x63,0x74,0x3d,
  0x22,0x61,0x6c,0x77,0x61,0x79,0x73,0x22,0x20,0x69,0x64,0x3d,0x22,0x6c,0x69,0x6e,
  0x65,0x61,0x72,0x47,0x72,0x61,0x64,0x69,0x65,0x6e,0x74,0x34,0x31,0x35,0x35,0x22,
  0x3e,0xa,0x20,0x20,0x20,0x3c,0x73,0x74,0x6f,0x70,0x20,0x73,0x74,0x79,0x6c,0x65,
  0x3d,0x22,0x73,0x74,0x6f,0x70,0x2d,0x63,0x6f,0x6c,0x6f,0x72,0x3a,0x23,0x66,0x63,
  0x64,0x39,0x39,0x34,0x22,0x20,0x69,0x64,0x3d,0x22,0x73,0x74,0x6f,0x70,0x34,0x31,
  0x35,0x37,0x22,0x2f,0x3e,0xa,0x20,0x20,0x20,0x3c,0x73,0x74,0x6f,0x70,0x20,0x6f,
  0x66,0x66,0x73,0x65,0x74,0x3d,0x22,0x31,0x22,0x20,0x73,0x74,0x79,0x6c,0x65,0x3d,
  0x22,0x73,0x74,0x6f,0x70,0x2d,0x63,0x6f,0x6c,0x6f,0x72,0x3a,0x23,0x66,0x66,0x66,
  0x36,0x65,0x31,0x22,0x20,0x69,0x64,0x3d,0x22,0x73,0x74,0x6f,0x70,0x34,0x31,0x35,
  0x39,0x22,0x2f,0x3e,0xa,0x20,0x20,0x3c,0x2f,0x6c,0x69,0x6e,0x65,0x61,0x72,0x47,
  0x72,0x61,0x64,0x69,0x65,0x6e,0x74,0x3e,0xa,0x20,0x20,0x3c,0x6c,0x69,0x6e,0x65,
  0x61,0x72,0x47,0x72,0x61,0x64,0x69,0x65,0x6e,0x74,0x20,0x69,0x6e,0x6b,0x73,0x63,
  0x61,0x70,0x65,0x3a,0x63,0x6f,0x6c,0x6c,0x65,0x63,0x74,0x3d,0x22,0x61,0x6c,0x77,
  0x61,0x79,0x73,0x22,0x20,0x69,0x64,0x3d,0x22,0x6c,0x69,0x6e,0x65,0x61,0x72,0x47,
  0x72,0x61,0x64,0x69,0x65,0x6e,0x74,0x34,0x32,0x32,0x37,0x22,0x3e,0xa,0x20,0x20,
  0x20,0x3c,0x73,0x74,0x6f,0x70,0x20,0x73,0x74,0x79,0x6c,0x65,0x3d,0x22,0x73,0x74,
  0x6f,0x70,0x2d,0x63,0x6f,0x6c,0x6f,0x72,0x3a,0x23,0x32,0x39,0x32,0x63,0x32,0x66,
  0x22,0x20,0x69,0x64,0x3d,0x22,0x73,0x74,0x6f,0x70,0x34,0x32,0x32,0x39,0x22,0x2f,
  0x3e,0xa,0x20,0x20,0x20,0x3c,0x73,0x74,0x6f,0x70,0x20,0x6f,0x66,0x66,0x73,0x65,
  0x74,0x3d,0x22,0x31,0x22,0x20,0x73,0x74,0x79,0x6c,0x65,0x3d,0x22,0x73,0x74,0x6f,
  0x70,0x2d,0x6f,0x70,0x61,0x63,0x69,0x74,0x79,0x3a,0x30,0x22,0x20,0x69,0x64,0x3d,
  0x22,0x73,0x74,0x6f,0x70,0x34,0x32,0x33,0x31,0x22,0x2f,0x3e,0xa,0x20,0x20,0x3c,
  0x2f,0x6c,0x69,0x6e,0x65,0x61,0x72,0x47,0x72,0x61,0x64,0x69,0x65,0x6e,0x74,0x3e,
  0xa,0x20,0x20,0x3c,0x6c,0x69,0x6e,0x65,0x61,0x72,0x47,0x72,0x61,0x64,0x69,0x65,
  0x6e,0x74,0x20,0x69,0x6e,0x6b,0x73,0x63,0x61,0x70,0x65,0x3a,0x63,0x6f,0x6c,0x6c,
  0x65,0x63,0x74,0x3d,0x22,0x61,0x6c,0x77,0x61,0x79,0x73,0x22,0x20,0x69,0x64,0x3d,
  0x22,0x6c,0x69,0x6e,0x65,0x61,0x72,0x47,0x72,0x61,0x64,0x69,0x65,0x6e,0x74,0x34,
  0x31,0x39,0x31,0x2d,0x31,0x2d,0x37,0x22,0x20,0x78,0x6c,0x69,0x6e,0x6b,0x3a,0x68,
  0x72,0x65,0x66,0x3d,0x22,0x23,0x6c,0x69,0x6e,0x65,0x61,0x72,0x47,0x72,0x61,0x64,
  0x69,0x65,0x6e,0x74,0x34,0x32,0x32,0x37,0x22,0x20,0x79,0x31,0x3d,0x22,0x39,0x22,
  0x20,0x79,0x32,0x3d,0x22,0x32,0x33,0x22,0x20,0x78,0x31,0x3d,0x22,0x39,0x2e,0x30,
  0x30,0x30,0x30,0x31,0x22,0x20,0x67,0x72,0x61,0x64,0x69,0x65,0x6e,0x74,0x55,0x6e,
  0x69,0x74,0x73,0x3d,0x22,0x75,0x73,0x65,0x72,0x53,0x70,0x61,0x63,0x65,0x4f,0x6e,
  0x55,0x73,0x65,0x22,0x20,0x78,0x32,0x3d,0x22,0x32,0x33,0x2e,0x30,0x30,0x30,0x30,
  0x34,0x22,0x20,0x67,0x72,0x61,0x64,0x69,0x65,0x6e,0x74,0x54,0x72,0x61,0x6e,0x73,
  0x66,0x6f,0x72,0x6d,0x3d,0x22,0x6d,0x61,0x74,0x72,0x69,0x78,0x28,0x32,0x20,0x30,
  0x20,0x30,0x20,0x32,0x20,0x37,0x33,0x35,0x2e,0x38,0x35,0x37,0x31,0x39,0x20,0x31,
  0x35,0x38,0x2e,0x39,0x33,0x33,0x36,0x31,0x29,0x22,0x2f,0x3e,0xa,0x20,0x20,0x3c,
  0x6c,0x69,0x6e,0x65,0x61,0x72,0x47,0x72,0x61,0x64,0x69,0x65,0x6e,0x74,0x20,0x69,
  0x6e,0x6b,0x73,0x63,0x61,0x70,0x65,0x3a,0x63,0x6f,0x6c,0x6c,0x65,0x63,0x74,0x3d,
  0x22,0x61,0x6c,0x77,0x61,0x79,0x73,0x22,0x20,0x69,0x64,0x3d,0x22,0x6c,0x69,0x6e,
  0x65,0x61,0x72,0x47,0x72,0x61,0x64,0x69,0x65,0x6e,0x74,0x34,0x31,0x34,0x33,0x2d,
  0x36,0x22,0x3e,0xa,0x20,0x20,0x20,0x3c,0x73,0x74,0x6f,0x70,0x20,0x73,0x74,0x79,
  0x6c,0x65,0x3d,0x22,0x73,0x74,0x6f,0x70,0x2d,0x63,0x6f,0x6c,0x6f,0x72,0x3a,0x23,
  0x66,0x61,0x61,0x65,0x32,0x61,0x22,0x20,0x69,0x64,0x3d,0x22,0x73,0x74,0x6f,0x70,
  0x34,0x31,0x34,0x35,0x2d,0x38,0x22,0x2f,0x3e,0xa,0x20,0x20,0x20,0x3c,0x73,0x74,
  0x6f,0x70,0x20,0x6f,0x66,0x66,0x73,0x65,0x74,0x3d,0x22,0x31,0x22,0x20,0x73,0x74,
  0x79,0x6c,0x65,0x3d,0x22,0x73,0x74,0x6f,0x70,0x2d,0x63,0x6f,0x6c,0x6f,0x72,0x3a,
  0x23,0x66,0x66,0x63,0x33,0x35,0x61,0x22,0x20,0x69,0x64,0x3d,0x22,0x73,0x74,0x6f,
  0x70,0x34,0x31,0x34,0x37,0x2d,0x30,0x22,0x2f,0x3e,0xa,0x20,0x20,0x3c,0x2f,0x6c,
  0x69,0x6e,0x65,0x61,0x72,0x47,0x72,0x61,0x64,0x69,0x65,0x6e,0x74,0x3e,0xa,0x20,
  0x20,0x3c,0x6c,0x69,0x6e,0x65,0x61,0x72,0x47,0x72,0x61,0x64,0x69,0x65,0x6e,0x74,
  0x20,0x69,0x6e,0x6b,0x73,0x63,0x61,0x70,0x65,0x3a,0x63,0x6f,0x6c,0x6c,0x65,0x63,
  0x74,0x3d,0x22,0x61,0x6c,0x77,0x61,0x79,0x73,0x22,0x20,0x78,0x6c,0x69,0x6e,0x6b,
  0x3a,0x68,0x72,0x65,0x66,0x3d,0x22,0x23,0x6c,0x69,0x6e,0x65,0x61,0x72,0x47,0x72,
  0x61,0x64,0x69,0x65,0x6e,0x74,0x34,0x31,0x34,0x33,0x2d,0x36,0x22,0x20,0x69,0x64,
  0x3d,0x22,0x6c,0x69,0x6e,0x65,0x61,0x72,0x47,0x72,0x61,0x64,0x69,0x65,0x6e,0x74,
  0x34,0x31,0x38,0x31,0x22,0x20,0x79,0x31,0x3d,0x22,0x36,0x22,0x20,0x78,0x31,0x3d,
  0x22,0x33,0x32,0x22,0x20,0x79,0x32,0x3d,0x22,0x35,0x37,0x22,0x20,0x78,0x32,0x3d,
  0x22,0x33,0x31,0x22,0x20,0x67,0x72,0x61,0x64,0x69,0x65,0x6e,0x74,0x55,0x6e,0x69,
  0x74,0x73,0x3d,0x22,0x75,0x73,0x65,0x72,0x53,0x70,0x61,0x63,0x65,0x4f,0x6e,0x55,
  0x73,0x65,0x22,0x2f,0x3e,0xa,0x20,0x20,0x3c,0x6c,0x69,0x6e,0x65,0x61,0x72,0x47,
  0x72,0x61,0x64,0x69,0x65,0x6e,0x74,0x20,0x69,0x6e,0x6b,0x73,0x63,0x61,0x70,0x65,
  0x3a,0x63,0x6f,0x6c,0x6c,0x65,0x63,0x74,0x3d,0x22,0x61,0x6c,0x77,0x61,0x79,0x73,
  0x22,0x20,0x78,0x6c,0x69,0x6e,0x6b,0x3a,0x68,0x72,0x65,0x66,0x3d,0x22,0x23,0x6c,
  0x69,0x6e,0x65,0x61,0x72,0x47,0x72,0x61,0x64,0x69,0x65,0x6e,0x74,0x34,0x31,0x35,
  0x35,0x22,0x20,0x69,0x64,0x3d,0x22,0x6c,0x69,0x6e,0x65,0x61,0x72,0x47,0x72,0x61,
  0x64,0x69,0x65,0x6e,0x74,0x34,0x31,0x39,0x30,0x22,0x20,0x79,0x31,0x3d,0x22,0x31,
  0x37,0x22,0x20,0x79,0x32,0x3d,0x22,0x34,0x31,0x22,0x20,0x78,0x32,0x3d,0x22,0x30,
  0x22,0x20,0x67,0x72,0x61,0x64,0x69,0x65,0x6e,0x74,0x55,0x6e,0x69,0x74,0x73,0x3d,
  0x22,0x75,0x73,0x65,0x72,0x53,0x70,0x61,0x63,0x65,0x4f,0x6e,0x55,0x73,0x65,0x22,
  0x2f,0x3e,0xa,0x20,0x3c,0x2f,0x64,0x65,0x66,0x73,0x3e,0xa,0x20,0x3c,0x6d,0x65,
  0x74,0x61,0x64,0x61,0x74,0x61,0x20,0x69,0x64,0x3d,0x22,0x6d,0x65,0x74,0x61,0x64,
  0x61,0x74,0x61,0x33,0x38,0x31,0x34,0x22,0x2f,0x3e,0xa,0x20,0x3c,0x67,0x20,0x69,
  0x6e,0x6b,0x73,0x63,0x61,0x70,0x65,0x3a,0x6c,0x61,0x62,0x65,0x6c,0x3d,0x22,0x4c,
  0x61,0x79,0x65,0x72,0x20,0x31,0x22,0x20,0x69,0x6e,0x6b,0x73,0x63,0x61,0x70,0x65,
  0x3a,0x67,0x72,0x6f,0x75,0x70,0x6d,0x6f,0x64,0x65,0x3d,0x22,0x6c,0x61,0x79,0x65,
  0x72,0x22,0x20,0x69,0x64,0x3d,0x22,0x6c,0x61,0x79,0x65,0x72,0x31,0x22,0x20,0x74,
  0x72,0x61,0x6e,0x73,0x66,0x6f,0x72,0x6d,0x3d,0x22,0x6d,0x61,0x74,0x72,0x69,0x78,
  0x28,0x31,0x20,0x30,0x20,0x30,0x20,0x31,0x20,0x2d,0x37,0x33,0x36,0x2e,0x38,0x35,
  0x37,0x31,0x38,0x20,0x2d,0x31,0x35,0x37,0x2e,0x39,0x33,0x33,0x36,0x31,0x29,0x22,
  0x3e,0xa,0x20,0x20,0x3c,0x70,0x61,0x74,0x68,0x20,0x73,0x74,0x79,0x6c,0x65,0x3d,
  0x22,0x66,0x69,0x6c,0x6c,0x3a,0x75,0x72,0x6c,0x28,0x23,0x6c,0x69,0x6e,0x65,0x61,
  0x72,0x47,0x72,0x61,0x64,0x69,0x65,0x6e,0x74,0x34,0x31,0x38,0x31,0x29,0x3b,0x73,
  0x74,0x72,0x6f,0x6b,0x65,0x2d,0x6c,0x69,0x6e,0x65,0x63,0x61,0x70,0x3a,0x73,0x71,
  0x75,0x61,0x72,0x65,0x3b,0x73,0x74,0x72,0x6f,0x6b,0x65,0x2d,0x77,0x69,0x64,0x74,
  0x68,0x3a,0x32,0x22,0x20,0x69,0x64,0x3d,0x22,0x72,0x65,0x63,0x74,0x34,0x31,0x38,
  0x36,0x2d,0x32,0x2d,0x31,0x22,0x20,0x64,0x3d,0x22,0x4d,0x20,0x33,0x32,0x20,0x36,
  0x20,0x43,0x20,0x32,0x35,0x2e,0x36,0x36,0x36,0x36,0x37,0x20,0x39,0x2e,0x33,0x35,
  0x34,0x34,0x37,0x20,0x31,0x39,0x2e,0x33,0x33,0x33,0x33,0x33,0x20,0x31,0x30,0x2e,
  0x37,0x32,0x34,0x39,0x31,0x20,0x31,0x33,0x20,0x31,0x32,0x20,0x4c,0x20,0x31,0x33,
  0x20,0x33,0x37,0x20,0x43,0x20,0x31,0x33,0x20,0x34,0x34,0x20,0x32,0x33,0x2e,0x32,
  0x36,0x33,0x33,0x31,0x20,0x35,0x33,0x2e,0x35,0x36,0x31,0x33,0x33,0x37,0x20,0x33,
  0x32,0x20,0x35,0x37,0x2e,0x39,0x39,0x38,0x30,0x34,0x37,0x20,0x43,0x20,0x34,0x30,
  0x2e,0x37,0x33,0x36,0x36,0x39,0x20,0x35,0x33,0x2e,0x35,0x36,0x31,0x33,0x33,0x37,
  0x20,0x35,0x31,0x20,0x34,0x34,0x20,0x35,0x31,0x20,0x33,0x37,0x20,0x4c,0x20,0x35,
  0x31,0x20,0x31,0x32,0x20,0x43,0x20,0x34,0x34,0x2e,0x36,0x36,0x36,0x36,0x37,0x20,
  0x31,0x30,0x2e,0x37,0x32,0x34,0x39,0x31,0x20,0x33,0x38,0x2e,0x33,0x33,0x33,0x33,
  0x33,0x20,0x39,0x2e,0x33,0x35,0x34,0x34,0x37,0x20,0x33,0x32,0x20,0x36,0x20,0x7a,
  0x20,0x22,0x20,0x74,0x72,0x61,0x6e,0x73,0x66,0x6f,0x72,0x6d,0x3d,0x22,0x6d,0x61,
  0x74,0x72,0x69,0x78,0x28,0x31,0x20,0x30,0x20,0x30,0x20,0x31,0x20,0x37,0x33,0x36,
  0x2e,0x38,0x35,0x37,0x31,0x38,0x20,0x31,0x35,0x37,0x2e,0x39,0x33,0x33,0x36,0x31,
  0x29,0x22,0x2f,0x3e,0xa,0x20,0x20,0x3c,0x70,0x61,0x74,0x68,0x20,0x69,0x6e,0x6b,
  0x73,0x63,0x61,0x70,0x65,0x3a,0x63,0x6f,0x6e,0x6e,0x65,0x63,0x74,0x6f,0x72,0x2d,
  0x63,0x75,0x72,0x76,0x61,0x74,0x75,0x72,0x65,0x3d,0x22,0x30,0x22,0x20,0x73,0x74,
  0x79,0x6c,0x65,0x3d,0x22,0x66,0x69,0x6c,0x6c,0x3a,0x75,0x72,0x6c,0x28,0x23,0x6c,
  0x69,0x6e,0x65,0x61,0x72,0x47,0x72,0x61,0x64,0x69,0x65,0x6e,0x74,0x34,0x31,0x39,
  0x31,0x2d,0x31,0x2d,0x37,0x29,0x3b,0x6f,0x70,0x61,0x63,0x69,0x74,0x79,0x3a,0x30,
  0x2e,0x32,0x3b,0x66,0x69,0x6c,0x6c,0x2d,0x72,0x75,0x6c,0x65,0x3a,0x65,0x76,0x65,
  0x6e,0x6f,0x64,0x64,0x22,0x20,0x69,0x64,0x3d,0x22,0x70,0x61,0x74,0x68,0x34,0x31,
  0x38,0x34,0x2d,0x35,0x22,0x20,0x64,0x3d,0x22,0x6d,0x20,0x37,0x36,0x39,0x2e,0x38,
  0x35,0x37,0x31,0x38,0x2c,0x31,0x37,0x34,0x2e,0x39,0x33,0x33,0x36,0x31,0x20,0x2d,
  0x32,0x2c,0x30,0x20,0x30,0x2c,0x32,0x30,0x20,0x32,0x2c,0x32,0x20,0x2d,0x32,0x2c,
  0x32,0x20,0x31,0x36,0x2c,0x31,0x37,0x20,0x31,0x31,0x2c,0x30,0x20,0x30,0x2c,0x2d,
  0x31,0x38,0x20,0x7a,0x22,0x2f,0x3e,0xa,0x20,0x20,0x3c,0x70,0x61,0x74,0x68,0x20,
  0x73,0x74,0x79,0x6c,0x65,0x3d,0x22,0x66,0x69,0x6c,0x6c,0x3a,0x75,0x72,0x6c,0x28,
  0x23,0x6c,0x69,0x6e,0x65,0x61,0x72,0x47,0x72,0x61,0x64,0x69,0x65,0x6e,0x74,0x34,
  0x31,0x39,0x30,0x29,0x3b,0x73,0x74,0x72,0x6f,0x6b,0x65,0x2d,0x6c,0x69,0x6e,0x65,
  0x63,0x61,0x70,0x3a,0x73,0x71,0x75,0x61,0x72,0x65,0x3b,0x73,0x74,0x72,0x6f,0x6b,
  0x65,0x2d,0x77,0x69,0x64,0x74,0x68,0x3a,0x32,0x22,0x20,0x69,0x64,0x3d,0x22,0x72,
  0x65,0x63,0x74,0x34,0x31,0x37,0x39,0x22,0x20,0x64,0x3d,0x22,0x4d,0x20,0x33,0x31,
  0x20,0x31,0x37,0x20,0x4c,0x20,0x33,0x31,0x20,0x33,0x37,0x20,0x4c,0x20,0x33,0x33,
  0x20,0x33,0x37,0x20,0x4c,0x20,0x33,0x33,0x20,0x31,0x37,0x20,0x4c,0x20,0x33,0x31,
  0x20,0x31,0x37,0x20,0x7a,0x20,0x4d,0x20,0x33,0x31,0x20,0x33,0x39,0x20,0x4c,0x20,
  0x33,0x31,0x20,0x34,0x31,0x20,0x4c,0x20,0x33,0x33,0x20,0x34,0x31,0x20,0x4c,0x20,
  0x33,0x33,0x20,0x33,0x39,0x20,0x4c,0x20,0x33,0x31,0x20,0x33,0x39,0x20,0x7a,0x20,
  0x22,0x20,0x74,0x72,0x61,0x6e,0x73,0x66,0x6f,0x72,0x6d,0x3d,0x22,0x6d,0x61,0x74,
  0x72,0x69,0x78,0x28,0x31,0x20,0x30,0x20,0x30,0x20,0x31,0x20,0x37,0x33,0x36,0x2e,
  0x38,0x35,0x37,0x31,0x38,0x20,0x31,0x35,0x37,0x2e,0x39,0x33,0x33,0x36,0x31,0x29,
  0x22,0x2f,0x3e,0xa,0x20,0x20,0x3c,0x70,0x61,0x74,0x68,0x20,0x73,0x74,0x79,0x6c,
  0x65,0x3d,0x22,0x66,0x69,0x6c,0x6c,0x3a,0x23,0x65,0x35,0x39,0x33,0x30,0x35,0x3b,
  0x73,0x74,0x72,0x6f,0x6b,0x65,0x2d,0x6c,0x69,0x6e,0x65,0x63,0x61,0x70,0x3a,0x73,
  0x71,0x75,0x61,0x72,0x65,0x3b,0x73,0x74,0x72,0x6f,0x6b,0x65,0x2d,0x77,0x69,0x64,
  0x74,0x68,0x3a,0x32,0x22,0x20,0x69,0x64,0x3d,0x22,0x72,0x65,0x63,0x74,0x34,0x31,
  0x38,0x36,0x2d,0x32,0x2d,0x31,0x2d,0x35,0x22,0x20,0x64,0x3d,0x22,0x4d,0x20,0x31,
  0x33,0x20,0x33,0x35,0x20,0x4c,0x20,0x31,0x33,0x20,0x33,0x37,0x20,0x43,0x20,0x31,
  0x33,0x20,0x34,0x34,0x20,0x32,0x33,0x2e,0x32,0x36,0x33,0x33,0x31,0x20,0x35,0x33,
  0x2e,0x35,0x36,0x31,0x33,0x33,0x37,0x20,0x33,0x32,0x20,0x35,0x37,0x2e,0x39,0x39,
  0x38,0x30,0x34,0x37,0x20,0x43,0x20,0x34,0x30,0x2e,0x37,0x33,0x36,0x36,0x39,0x20,
  0x35,0x33,0x2e,0x35,0x36,0x31,0x33,0x33,0x37,0x20,0x35,0x31,0x20,0x34,0x34,0x20,
  0x35,0x31,0x20,0x33,0x37,0x20,0x4c,0x20,0x35,0x31,0x20,0x33,0x35,0x20,0x43,0x20,
  0x35,0x31,0x20,0x34,0x32,0x20,0x34,0x30,0x2e,0x37,0x33,0x36,0x36,0x39,0x20,0x35,
  0x31,0x2e,0x35,0x36,0x31,0x33,0x33,0x37,0x20,0x33,0x32,0x20,0x35,0x35,0x2e,0x39,
  0x39,0x38,0x30,0x34,0x37,0x20,0x43,0x20,0x32,0x33,0x2e,0x32,0x36,0x33,0x33,0x31,
  0x20,0x35,0x31,0x2e,0x35,0x36,0x31,0x33,0x33,0x37,0x20,0x31,0x33,0x20,0x34,0x32,
  0x20,0x31,0x33,0x20,0x33,0x35,0x20,0x7a,0x20,0x22,0x20,0x74,0x72,0x61,0x6e,0x73,
  0x66,0x6f,0x72,0x6d,0x3d,0x22,0x6d,0x61,0x74,0x72,0x69,0x78,0x28,0x31,0x20,0x30,
  0x20,0x30,0x20,0x31,0x20,0x37,0x33,0x36,0x2e,0x38,0x35,0x37,0x31,0x38,0x20,0x31,
  0x35,0x37,0x2e,0x39,0x33,0x33,0x36,0x31,0x29,0x22,0x2f,0x3e,0xa,0x20,0x3c,0x2f,
  0x67,0x3e,0xa,0x3c,0x2f,0x73,0x76,0x67,0x3e,0xa,
    // dialog-information.svg
  0x0,0x0,0x2,0x2,
  0x0,
  0x0,0x7,0x20,0x78,0xda,0xdd,0x55,0x4d,0x6f,0x9c,0x30,0x10,0xbd,0xe7,0x57,0x58,
  0xce,0xa5,0x3d,0x60,0xfc,0x4d,0x5c,0x41,0xa4,0x66,0x95,0x6d,0xe,0x89,0x7a,0xa8,
  0x92,0x43,0x2f,0x2b,0xb4,0x98,0x5d,0x24,0x16,0x10,0xb0,0x90,0xe4,0xd7,0x77,0x1c,
  0x76,0x4b,0x93,0x6e,0x56,0xa4,0x5f,0x87,0x22,0xb,0xcf,0x58,0x3c,0xfb,0xbd,0x37,
  0x1e,0x11,0x36,0xdd,0xa,0xa5,0x59,0x9e,0x47,0xb8,0x28,0xb,0x8b,0x51,0x67,0xeb,
  0x26,0x2b,0x8b,0x8,0x33,0xc2,0x20,0xcb,0x6c,0x7f,0x51,0xde,0x47,0x98,0x22,0x8a,
  0xb4,0x84,0x81,0xd1,0xfd,0x26,0x2f,0x9a,0x8,0xaf,0xdb,0xb6,0xfa,0xe0,0xfb,0x7d,
  0xdf,0x93,0x5e,0x90,0xb2,0x5e,0xf9,0x9c,0x52,0xea,0xc3,0x7e,0xf8,0xfc,0x4,0xc1,
  0x13,0x56,0x71,0xbb,0x46,0x49,0x84,0x37,0x82,0x23,0x65,0x96,0x4c,0x12,0xa1,0x8c,
  0x84,0x8d,0xb8,0xf6,0x18,0x23,0x5a,0x52,0xed,0x42,0xae,0x9b,0x7d,0xea,0xf1,0x71,
  0xa0,0x71,0xd,0x8d,0x19,0xe2,0xbb,0xf1,0x88,0x77,0xb4,0xb7,0x75,0xfe,0xee,0xb4,
  0x8a,0xb3,0xa2,0xa5,0x8b,0x3c,0x2b,0x6c,0x5c,0x2f,0x58,0x40,0xe9,0x2,0xd8,0x88,
  0xe0,0x3d,0xf6,0xff,0x29,0x99,0x53,0xb0,0x60,0x88,0xbd,0xb2,0x8a,0x97,0x59,0xfb,
  0x10,0x61,0xc2,0xf,0x93,0x38,0xfb,0xfb,0x8e,0xb0,0x29,0x8e,0xdc,0x88,0x0,0xa9,
  0x80,0x18,0x63,0x82,0x6b,0x6e,0x90,0x34,0x2e,0xd4,0x57,0x42,0xde,0x71,0xed,0x16,
  0x38,0xbb,0x63,0xea,0x4a,0xa8,0x6b,0xf8,0x48,0x21,0x11,0x10,0x19,0x68,0x3d,0x53,
  0x1a,0x12,0x29,0x90,0x62,0x30,0x2b,0xb7,0xbe,0xdf,0xe4,0x2b,0x46,0xcb,0x3c,0xab,
  0xbc,0x7a,0x9b,0xdb,0x8,0xdb,0xce,0x16,0x65,0x92,0xfc,0xcc,0x8d,0x1f,0xe2,0x36,
  0x58,0xf7,0x2,0x79,0xd4,0x49,0x20,0xc8,0x54,0xa7,0xd7,0xba,0xf3,0xf4,0xda,0xd3,
  0x8f,0x1b,0x8d,0x84,0xea,0x3c,0xae,0x20,0xe9,0xe0,0xed,0x6c,0x99,0x42,0x47,0x4c,
  0xa5,0xb3,0x67,0x90,0xd8,0xb4,0x19,0xc2,0xa7,0x74,0x40,0x7f,0xaa,0xe3,0x24,0xb3,
  0x45,0x8b,0x32,0xe0,0xf6,0xda,0xa5,0x84,0x16,0xe2,0x11,0x76,0xad,0xf4,0xc0,0xa0,
  0xcf,0x60,0x72,0xa9,0xc2,0x68,0xb5,0x43,0xdf,0x16,0x59,0xb,0x1d,0xb6,0x6d,0x6c,
  0xfd,0x5,0xb4,0xdb,0xcf,0xc5,0x6d,0x63,0xf1,0x78,0xd8,0xd3,0x81,0x4d,0x5b,0x56,
  0xc8,0xbd,0xbc,0x65,0x99,0x97,0x35,0xdc,0x3d,0x4e,0x2f,0x66,0xf3,0x8f,0xe0,0x57,
  0x9a,0x36,0xb6,0x85,0x9e,0xdd,0x73,0x3d,0x82,0x61,0x26,0x98,0xcd,0xd9,0x88,0x61,
  0x3f,0x62,0x42,0xff,0xb9,0xaa,0x9,0x72,0xd9,0x51,0xb9,0xbb,0xf9,0x3f,0xd0,0xc9,
  0xf,0xea,0x84,0x72,0xa,0x39,0xe8,0x55,0x82,0x30,0xc3,0x83,0xa1,0xc6,0xdc,0x10,
  0x41,0x3,0x31,0x38,0x20,0xcf,0xc8,0xaf,0xd7,0x7a,0xec,0x5,0x3d,0xcd,0x80,0xef,
  0x0,0xfa,0xe7,0xc4,0x8b,0x57,0xc5,0x73,0x27,0xcd,0xc9,0x1f,0x22,0xa7,0x5d,0xf1,
  0x41,0x36,0xe3,0xbf,0x5d,0xf8,0x4b,0x71,0x39,0x9b,0xab,0xb7,0x15,0x3e,0x4d,0xd3,
  0x37,0x9,0xf,0xfd,0xa1,0xb1,0x43,0xf7,0x27,0x3b,0x3f,0xf9,0x6,0x85,0x1b,0xec,
  0xfd,
    // dialog-warning.svg
  0x0,0x0,0x6,0x7c,
  0x3c,
  0x73,0x76,0x67,0x20,0x66,0x69,0x6c,0x6c,0x3d,0x22,0x6e,0x6f,0x6e,0x65,0x22,0x20,
  0x76,0x65,0x72,0x73,0x69,0x6f,0x6e,0x3d,0x22,0x31,0x2e,0x31,0x22,0x20,0x76,0x69,
  0x65,0x77,0x42,0x6f,0x78,0x3d,0x22,0x30,0x20,0x30,0x20,0x36,0x34,0x20,0x36,0x34,
  0x22,0x20,0x78,0x6d,0x6c,0x6e,0x73,0x3d,0x22,0x68,0x74,0x74,0x70,0x3a,0x2f,0x2f,
  0x77,0x77,0x77,0x2e,0x77,0x33,0x2e,0x6f,0x72,0x67,0x2f,0x32,0x30,0x30,0x30,0x2f,
  0x73,0x76,0x67,0x22,0x3e,0xa,0x20,0x20,0x20,0x20,0x3c,0x70,0x61,0x74,0x68,0x20,
  0x64,0x3d,0x22,0x4d,0x36,0x20,0x35,0x37,0x4c,0x33,0x32,0x20,0x35,0x4c,0x35,0x38,
  0x20,0x35,0x37,0x48,0x36,0x5a,0x22,0x20,0x66,0x69,0x6c,0x6c,0x3d,0x22,0x75,0x72,
  0x6c,0x28,0x23,0x70,0x61,0x69,0x6e,0x74,0x30,0x5f,0x6c,0x69,0x6e,0x65,0x61,0x72,
  0x5f,0x31,0x37,0x30,0x30,0x5f,0x32,0x30,0x30,0x31,0x34,0x29,0x22,0x2f,0x3e,0xa,
  0x20,0x20,0x20,0x20,0x3c,0x70,0x61,0x74,0x68,0x20,0x64,0x3d,0x22,0x4d,0x34,0x33,
  0x2e,0x30,0x33,0x31,0x31,0x20,0x32,0x37,0x2e,0x30,0x38,0x37,0x34,0x4c,0x35,0x38,
  0x20,0x35,0x37,0x48,0x33,0x34,0x4c,0x32,0x39,0x20,0x35,0x32,0x48,0x33,0x35,0x56,
  0x34,0x36,0x48,0x33,0x33,0x4c,0x32,0x39,0x20,0x34,0x32,0x56,0x31,0x39,0x48,0x33,
  0x35,0x4c,0x34,0x33,0x2e,0x30,0x33,0x31,0x31,0x20,0x32,0x37,0x2e,0x30,0x38,0x37,
  0x34,0x5a,0x22,0x20,0x63,0x6c,0x69,0x70,0x2d,0x72,0x75,0x6c,0x65,0x3d,0x22,0x65,
  0x76,0x65,0x6e,0x6f,0x64,0x64,0x22,0x20,0x66,0x69,0x6c,0x6c,0x3d,0x22,0x75,0x72,
  0x6c,0x28,0x23,0x70,0x61,0x69,0x6e,0x74,0x31,0x5f,0x6c,0x69,0x6e,0x65,0x61,0x72,
  0x5f,0x31,0x37,0x30,0x30,0x5f,0x32,0x30,0x30,0x31,0x34,0x29,0x22,0x20,0x66,0x69,
  0x6c,0x6c,0x2d,0x72,0x75,0x6c,0x65,0x3d,0x22,0x65,0x76,0x65,0x6e,0x6f,0x64,0x64,
  0x22,0x20,0x6f,0x70,0x61,0x63,0x69,0x74,0x79,0x3d,0x22,0x2e,0x32,0x22,0x2f,0x3e,
  0xa,0x20,0x20,0x20,0x20,0x3c,0x70,0x61,0x74,0x68,0x20,0x64,0x3d,0x22,0x6d,0x32,
  0x39,0x20,0x35,0x32,0x76,0x2d,0x36,0x68,0x36,0x76,0x36,0x68,0x2d,0x36,0x7a,0x6d,
  0x30,0x2d,0x33,0x33,0x76,0x32,0x33,0x68,0x36,0x76,0x2d,0x32,0x33,0x68,0x2d,0x36,
  0x7a,0x22,0x20,0x63,0x6c,0x69,0x70,0x2d,0x72,0x75,0x6c,0x65,0x3d,0x22,0x65,0x76,
  0x65,0x6e,0x6f,0x64,0x64,0x22,0x20,0x66,0x69,0x6c,0x6c,0x3d,0x22,0x75,0x72,0x6c,
  0x28,0x23,0x70,0x61,0x69,0x6e,0x74,0x32,0x5f,0x6c,0x69,0x6e,0x65,0x61,0x72,0x5f,
  0x31,0x37,0x30,0x30,0x5f,0x32,0x30,0x30,0x31,0x34,0x29,0x22,0x20,0x66,0x69,0x6c,
  0x6c,0x2d,0x72,0x75,0x6c,0x65,0x3d,0x22,0x65,0x76,0x65,0x6e,0x6f,0x64,0x64,0x22,
  0x2f,0x3e,0xa,0x20,0x20,0x20,0x20,0x3c,0x72,0x65,0x63,0x74,0x20,0x78,0x3d,0x22,
  0x36,0x22,0x20,0x79,0x3d,0x22,0x35,0x37,0x22,0x20,0x77,0x69,0x64,0x74,0x68,0x3d,
  0x22,0x35,0x32,0x22,0x20,0x68,0x65,0x69,0x67,0x68,0x74,0x3d,0x22,0x31,0x22,0x20,
  0x66,0x69,0x6c,0x6c,0x3d,0x22,0x75,0x72,0x6c,0x28,0x23,0x70,0x61,0x69,0x6e,0x74,
  0x33,0x5f,0x6c,0x69,0x6e,0x65,0x61,0x72,0x5f,0x31,0x37,0x30,0x30,0x5f,0x32,0x30,
  0x30,0x31,0x34,0x29,0x22,0x2f,0x3e,0xa,0x20,0x20,0x20,0x20,0x3c,0x72,0x65,0x63,
  0x74,0x20,0x78,0x3d,0x22,0x36,0x22,0x20,0x79,0x3d,0x22,0x35,0x37,0x22,0x20,0x77,
  0x69,0x64,0x74,0x68,0x3d,0x22,0x35,0x32,0x22,0x20,0x68,0x65,0x69,0x67,0x68,0x74,
  0x3d,0x22,0x31,0x22,0x20,0x66,0x69,0x6c,0x6c,0x3d,0x22,0x23,0x30,0x30,0x30,0x22,
  0x20,0x66,0x69,0x6c,0x6c,0x2d,0x6f,0x70,0x61,0x63,0x69,0x74,0x79,0x3d,0x22,0x2e,
  0x32,0x22,0x2f,0x3e,0xa,0x20,0x20,0x20,0x20,0x3c,0x64,0x65,0x66,0x73,0x3e,0xa,
  0x20,0x20,0x20,0x20,0x20,0x20,0x20,0x20,0x3c,0x6c,0x69,0x6e,0x65,0x61,0x72,0x47,
  0x72,0x61,0x64,0x69,0x65,0x6e,0x74,0x20,0x69,0x64,0x3d,0x22,0x70,0x61,0x69,0x6e,
  0x74,0x30,0x5f,0x6c,0x69,0x6e,0x65,0x61,0x72,0x5f,0x31,0x37,0x30,0x30,0x5f,0x32,
  0x30,0x30,0x31,0x34,0x22,0x20,0x78,0x32,0x3d,0x22,0x36,0x34,0x22,0x20,0x79,0x32,
  0x3d,0x22,0x36,0x34,0x22,0x20,0x67,0x72,0x61,0x64,0x69,0x65,0x6e,0x74,0x55,0x6e,
  0x69,0x74,0x73,0x3d,0x22,0x75,0x73,0x65,0x72,0x53,0x70,0x61,0x63,0x65,0x4f,0x6e,
  0x55,0x73,0x65,0x22,0x3e,0xa,0x20,0x20,0x20,0x20,0x20,0x20,0x20,0x20,0x20,0x20,
  0x20,0x20,0x3c,0x73,0x74,0x6f,0x70,0x20,0x73,0x74,0x6f,0x70,0x2d,0x63,0x6f,0x6c,
  0x6f,0x72,0x3d,0x22,0x23,0x46,0x46,0x39,0x30,0x32,0x45,0x22,0x20,0x6f,0x66,0x66,
  0x73,0x65,0x74,0x3d,0x22,0x30,0x22,0x2f,0x3e,0xa,0x20,0x20,0x20,0x20,0x20,0x20,
  0x20,0x20,0x20,0x20,0x20,0x20,0x3c,0x73,0x74,0x6f,0x70,0x20,0x73,0x74,0x6f,0x70,
  0x2d,0x63,0x6f,0x6c,0x6f,0x72,0x3d,0x22,0x23,0x46,0x30,0x37,0x34,0x30,0x36,0x22,
  0x20,0x6f,0x66,0x66,0x73,0x65,0x74,0x3d,0x22,0x31,0x22,0x2f,0x3e,0xa,0x20,0x20,
  0x20,0x20,0x20,0x20,0x20,0x20,0x3c,0x2f,0x6c,0x69,0x6e,0x65,0x61,0x72,0x47,0x72,
  0x61,0x64,0x69,0x65,0x6e,0x74,0x3e,0xa,0x20,0x20,0x20,0x20,0x20,0x20,0x20,0x20,
  0x3c,0x6c,0x69,0x6e,0x65,0x61,0x72,0x47,0x72,0x61,0x64,0x69,0x65,0x6e,0x74,0x20,
  0x69,0x64,0x3d,0x22,0x70,0x61,0x69,0x6e,0x74,0x31,0x5f,0x6c,0x69,0x6e,0x65,0x61,
  0x72,0x5f,0x31,0x37,0x30,0x30,0x5f,0x32,0x30,0x30,0x31,0x34,0x22,0x20,0x78,0x31,
  0x3d,0x22,0x33,0x31,0x2e,0x35,0x22,0x20,0x78,0x32,0x3d,0x22,0x35,0x31,0x2e,0x33,
  0x39,0x39,0x35,0x22,0x20,0x79,0x31,0x3d,0x22,0x33,0x32,0x2e,0x30,0x33,0x36,0x35,
  0x22,0x20,0x79,0x32,0x3d,0x22,0x35,0x34,0x2e,0x30,0x33,0x32,0x31,0x22,0x20,0x67,
  0x72,0x61,0x64,0x69,0x65,0x6e,0x74,0x55,0x6e,0x69,0x74,0x73,0x3d,0x22,0x75,0x73,
  0x65,0x72,0x53,0x70,0x61,0x63,0x65,0x4f,0x6e,0x55,0x73,0x65,0x22,0x3e,0xa,0x20,
  0x20,0x20,0x20,0x20,0x20,0x20,0x20,0x20,0x20,0x20,0x20,0x3c,0x73,0x74,0x6f,0x70,
  0x20,0x73,0x74,0x6f,0x70,0x2d,0x6f,0x70,0x61,0x63,0x69,0x74,0x79,0x3d,0x22,0x2e,
  0x36,0x22,0x20,0x6f,0x66,0x66,0x73,0x65,0x74,0x3d,0x22,0x30,0x22,0x2f,0x3e,0xa,
  0x20,0x20,0x20,0x20,0x20,0x20,0x20,0x20,0x20,0x20,0x20,0x20,0x3c,0x73,0x74,0x6f,
  0x70,0x20,0x73,0x74,0x6f,0x70,0x2d,0x6f,0x70,0x61,0x63,0x69,0x74,0x79,0x3d,0x22,
  0x30,0x22,0x20,0x6f,0x66,0x66,0x73,0x65,0x74,0x3d,0x22,0x31,0x22,0x2f,0x3e,0xa,
  0x20,0x20,0x20,0x20,0x20,0x20,0x20,0x20,0x3c,0x2f,0x6c,0x69,0x6e,0x65,0x61,0x72,
  0x47,0x72,0x61,0x64,0x69,0x65,0x6e,0x74,0x3e,0xa,0x20,0x20,0x20,0x20,0x20,0x20,
  0x20,0x20,0x3c,0x6c,0x69,0x6e,0x65,0x61,0x72,0x47,0x72,0x61,0x64,0x69,0x65,0x6e,
  0x74,0x20,0x69,0x64,0x3d,0x22,0x70,0x61,0x69,0x6e,0x74,0x32,0x5f,0x6c,0x69,0x6e,
  0x65,0x61,0x72,0x5f,0x31,0x37,0x30,0x30,0x5f,0x32,0x30,0x30,0x31,0x34,0x22,0x20,
  0x78,0x31,0x3d,0x22,0x2d,0x36,0x34,0x22,0x20,0x78,0x32,0x3d,0x22,0x2d,0x36,0x34,
  0x22,0x20,0x79,0x31,0x3d,0x22,0x37,0x33,0x2e,0x35,0x22,0x20,0x79,0x32,0x3d,0x22,
  0x31,0x39,0x2e,0x35,0x22,0x20,0x67,0x72,0x61,0x64,0x69,0x65,0x6e,0x74,0x55,0x6e,
  0x69,0x74,0x73,0x3d,0x22,0x75,0x73,0x65,0x72,0x53,0x70,0x61,0x63,0x65,0x4f,0x6e,
  0x55,0x73,0x65,0x22,0x3e,0xa,0x20,0x20,0x20,0x20,0x20,0x20,0x20,0x20,0x20,0x20,
  0x20,0x20,0x3c,0x73,0x74,0x6f,0x70,0x20,0x73,0x74,0x6f,0x70,0x2d,0x63,0x6f,0x6c,
  0x6f,0x72,0x3d,0x22,0x23,0x46,0x46,0x45,0x33,0x42,0x33,0x22,0x20,0x6f,0x66,0x66,
  0x73,0x65,0x74,0x3d,0x22,0x30,0x22,0x2f,0x3e,0xa,0x20,0x20,0x20,0x20,0x20,0x20,
  0x20,0x20,0x20,0x20,0x20,0x20,0x3c,0x73,0x74,0x6f,0x70,0x20,0x73,0x74,0x6f,0x70,
  0x2d,0x63,0x6f,0x6c,0x6f,0x72,0x3d,0x22,0x23,0x46,0x46,0x46,0x45,0x46,0x43,0x22,
  0x20,0x6f,0x66,0x66,0x73,0x65,0x74,0x3d,0x22,0x31,0x22,0x2f,0x3e,0xa,0x20,0x20,
  0x20,0x20,0x20,0x20,0x20,0x20,0x3c,0x2f,0x6c,0x69,0x6e,0x65,0x61,0x72,0x47,0x72,
  0x61,0x64,0x69,0x65,0x6e,0x74,0x3e,0xa,0x20,0x20,0x20,0x20,0x20,0x20,0x20,0x20,
  0x3c,0x6c,0x69,0x6e,0x65,0x61,0x72,0x47,0x72,0x61,0x64,0x69,0x65,0x6e,0x74,0x20,
  0x69,0x64,0x3d,0x22,0x70,0x61,0x69,0x6e,0x74,0x33,0x5f,0x6c,0x69,0x6e,0x65,0x61,
  0x72,0x5f,0x31,0x37,0x30,0x30,0x5f,0x32,0x30,0x30,0x31,0x34,0x22,0x20,0x78,0x32,
  0x3d,0x22,0x2e,0x30,0x34,0x37,0x33,0x31,0x39,0x38,0x22,0x20,0x79,0x31,0x3d,0x22,
  0x35,0x36,0x2e,0x39,0x30,0x33,0x38,0x22,0x20,0x79,0x32,0x3d,0x22,0x35,0x39,0x2e,
  0x33,0x36,0x34,0x35,0x22,0x20,0x67,0x72,0x61,0x64,0x69,0x65,0x6e,0x74,0x55,0x6e,
  0x69,0x74,0x73,0x3d,0x22,0x75,0x73,0x65,0x72,0x53,0x70,0x61,0x63,0x65,0x4f,0x6e,
  0x55,0x73,0x65,0x22,0x3e,0xa,0x20,0x20,0x20,0x20,0x20,0x20,0x20,0x20,0x20,0x20,
  0x20,0x20,0x3c,0x73,0x74,0x6f,0x70,0x20,0x73,0x74,0x6f,0x70,0x2d,0x63,0x6f,0x6c,
  0x6f,0x72,0x3d,0x22,0x23,0x46,0x46,0x39,0x30,0x32,0x45,0x22,0x20,0x6f,0x66,0x66,
  0x73,0x65,0x74,0x3d,0x22,0x30,0x22,0x2f,0x3e,0xa,0x20,0x20,0x20,0x20,0x20,0x20,
  0x20,0x20,0x20,0x20,0x20,0x20,0x3c,0x73,0x74,0x6f,0x70,0x20,0x73,0x74,0x6f,0x70,
  0x2d,0x63,0x6f,0x6c,0x6f,0x72,0x3d,0x22,0x23,0x46,0x30,0x37,0x34,0x30,0x36,0x22,
  0x20,0x6f,0x66,0x66,0x73,0x65,0x74,0x3d,0x22,0x31,0x22,0x2f,0x3e,0xa,0x20,0x20,
  0x20,0x20,0x20,0x20,0x20,0x20,0x3c,0x2f,0x6c,0x69,0x6e,0x65,0x61,0x72,0x47,0x72,
  0x61,0x64,0x69,0x65,0x6e,0x74,0x3e,0xa,0x20,0x20,0x20,0x20,0x3c,0x2f,0x64,0x65,
  0x66,0x73,0x3e,0xa,0x3c,0x2f,0x73,0x76,0x67,0x3e,0xa,
    // security-high.svg
  0x0,0x0,0xb,0x88,
  0x3c,
  0x3f,0x78,0x6d,0x6c,0x20,0x76,0x65,0x72,0x73,0x69,0x6f,0x6e,0x3d,0x22,0x31,0x2e,
  0x30,0x22,0x20,0x65,0x6e,0x63,0x6f,0x64,0x69,0x6e,0x67,0x3d,0x22,0x55,0x54,0x46,
  0x2d,0x38,0x22,0x20,0x73,0x74,0x61,0x6e,0x64,0x61,0x6c,0x6f,0x6e,0x65,0x3d,0x22,
  0x6e,0x6f,0x22,0x3f,0x3e,0xa,0xa,0x3c,0x21,0x2d,0x2d,0x20,0x43,0x72,0x65,0x61,
  0x74,0x65,0x64,0x20,0x77,0x69,0x74,0x68,0x20,0x49,0x6e,0x6b,0x73,0x63,0x61,0x70,
  0x65,0x20,0x28,0x68,0x74,0x74,0x70,0x3a,0x2f,0x2f,0x77,0x77,0x77,0x2e,0x69,0x6e,
  0x6b,0x73,0x63,0x61,0x70,0x65,0x2e,0x6f,0x72,0x67,0x2f,0x29,0x20,0x2d,0x2d,0x3e,
  0xa,0x3c,0x73,0x76,0x67,0x20,0x77,0x69,0x64,0x74,0x68,0x3d,0x22,0x36,0x34,0x22,
  0x20,0x76,0x65,0x72,0x73,0x69,0x6f,0x6e,0x3d,0x22,0x31,0x2e,0x31,0x22,0x20,0x78,
  0x6d,0x6c,0x6e,0x73,0x3d,0x22,0x68,0x74,0x74,0x70,0x3a,0x2f,0x2f,0x77,0x77,0x77,
  0x2e,0x77,0x33,0x2e,0x6f,0x72,0x67,0x2f,0x32,0x30,0x30,0x30,0x2f,0x73,0x76,0x67,
  0x22,0x20,0x68,0x65,0x69,0x67,0x68,0x74,0x3d,0x22,0x36,0x34,0x22,0x20,0x78,0x6d,
  0x6c,0x6e,0x73,0x3a,0x78,0x6c,0x69,0x6e,0x6b,0x3d,0x22,0x68,0x74,0x74,0x70,0x3a,
  0x2f,0x2f,0x77,0x77,0x77,0x2e,0x77,0x33,0x2e,0x6f,0x72,0x67,0x2f,0x31,0x39,0x39,
  0x39,0x2f,0x78,0x6c,0x69,0x6e,0x6b,0x22,0x20,0x78,0x6d,0x6c,0x6e,0x73,0x3a,0x69,
  0x6e,0x6b,0x73,0x63,0x61,0x70,0x65,0x3d,0x22,0x68,0x74,0x74,0x70,0x3a,0x2f,0x2f,
  0x77,0x77,0x77,0x2e,0x69,0x6e,0x6b,0x73,0x63,0x61,0x70,0x65,0x2e,0x6f,0x72,0x67,
  0x2f,0x6e,0x61,0x6d,0x65,0x73,0x70,0x61,0x63,0x65,0x73,0x2f,0x69,0x6e,0x6b,0x73,
  0x63,0x61,0x70,0x65,0x22,0x3e,0xa,0x20,0x3c,0x64,0x65,0x66,0x73,0x20,0x69,0x64,
  0x3d,0x22,0x64,0x65,0x66,0x73,0x33,0x38,0x31,0x31,0x22,0x3e,0xa,0x20,0x20,0x3c,
  0x6c,0x69,0x6e,0x65,0x61,0x72,0x47,0x72,0x61,0x64,0x69,0x65,0x6e,0x74,0x20,0x69,
  0x6e,0x6b,0x73,0x63,0x61,0x70,0x65,0x3a,0x63,0x6f,0x6c,0x6c,0x65,0x63,0x74,0x3d,
  0x22,0x61,0x6c,0x77,0x61,0x79,0x73,0x22,0x20,0x69,0x64,0x3d,0x22,0x6c,0x69,0x6e,
  0x65,0x61,0x72,0x47,0x72,0x61,0x64,0x69,0x65,0x6e,0x74,0x34,0x32,0x32,0x37,0x22,
  0x3e,0xa,0x20,0x20,0x20,0x3c,0x73,0x74,0x6f,0x70,0x20,0x73,0x74,0x79,0x6c,0x65,
  0x3d,0x22,0x73,0x74,0x6f,0x70,0x2d,0x63,0x6f,0x6c,0x6f,0x72,0x3a,0x23,0x32,0x39,
  0x32,0x63,0x32,0x66,0x22,0x20,0x69,0x64,0x3d,0x22,0x73,0x74,0x6f,0x70,0x34,0x32,
  0x32,0x39,0x22,0x2f,0x3e,0xa,0x20,0x20,0x20,0x3c,0x73,0x74,0x6f,0x70,0x20,0x6f,
  0x66,0x66,0x73,0x65,0x74,0x3d,0x22,0x31,0x22,0x20,0x73,0x74,0x79,0x6c,0x65,0x3d,
  0x22,0x73,0x74,0x6f,0x70,0x2d,0x6f,0x70,0x61,0x63,0x69,0x74,0x79,0x3a,0x30,0x22,
  0x20,0x69,0x64,0x3d,0x22,0x73,0x74,0x6f,0x70,0x34,0x32,0x33,0x31,0x22,0x2f,0x3e,
  0xa,0x20,0x20,0x3c,0x2f,0x6c,0x69,0x6e,0x65,0x61,0x72,0x47,0x72,0x61,0x64,0x69,
  0x65,0x6e,0x74,0x3e,0xa,0x20,0x20,0x3c,0x6c,0x69,0x6e,0x65,0x61,0x72,0x47,0x72,
  0x61,0x64,0x69,0x65,0x6e,0x74,0x20,0x69,0x6e,0x6b,0x73,0x63,0x61,0x70,0x65,0x3a,
  0x63,0x6f,0x6c,0x6c,0x65,0x63,0x74,0x3d,0x22,0x61,0x6c,0x77,0x61,0x79,0x73,0x22,
  0x20,0x69,0x64,0x3d,0x22,0x6c,0x69,0x6e,0x65,0x61,0x72,0x47,0x72,0x61,0x64,0x69,
  0x65,0x6e,0x74,0x34,0x31,0x39,0x31,0x2d,0x31,0x2d,0x37,0x22,0x20,0x78,0x6c,0x69,
  0x6e,0x6b,0x3a,0x68,0x72,0x65,0x66,0x3d,0x22,0x23,0x6c,0x69,0x6e,0x65,0x61,0x72,
  0x47,0x72,0x61,0x64,0x69,0x65,0x6e,0x74,0x34,0x32,0x32,0x37,0x22,0x20,0x79,0x31,
  0x3d,0x22,0x39,0x22,0x20,0x79,0x32,0x3d,0x22,0x32,0x33,0x22,0x20,0x78,0x31,0x3d,
  0x22,0x39,0x2e,0x30,0x30,0x30,0x30,0x31,0x22,0x20,0x67,0x72,0x61,0x64,0x69,0x65,
  0x6e,0x74,0x55,0x6e,0x69,0x74,0x73,0x3d,0x22,0x75,0x73,0x65,0x72,0x53,0x70,0x61,
  0x63,0x65,0x4f,0x6e,0x55,0x73,0x65,0x22,0x20,0x78,0x32,0x3d,0x22,0x32,0x33,0x2e,
  0x30,0x30,0x30,0x30,0x34,0x22,0x20,0x67,0x72,0x61,0x64,0x69,0x65,0x6e,0x74,0x54,
  0x72,0x61,0x6e,0x73,0x66,0x6f,0x72,0x6d,0x3d,0x22,0x6d,0x61,0x74,0x72,0x69,0x78,
  0x28,0x32,0x20,0x30,0x20,0x30,0x20,0x32,0x20,0x37,0x33,0x35,0x2e,0x38,0x35,0x37,
  0x31,0x39,0x20,0x31,0x35,0x38,0x2e,0x39,0x33,0x33,0x36,0x31,0x29,0x22,0x2f,0x3e,
  0xa,0x20,0x20,0x3c,0x6c,0x69,0x6e,0x65,0x61,0x72,0x47,0x72,0x61,0x64,0x69,0x65,
  0x6e,0x74,0x20,0x69,0x6e,0x6b,0x73,0x63,0x61,0x70,0x65,0x3a,0x63,0x6f,0x6c,0x6c,
  0x65,0x63,0x74,0x3d,0x22,0x61,0x6c,0x77,0x61,0x79,0x73,0x22,0x20,0x78,0x6c,0x69,
  0x6e,0x6b,0x3a,0x68,0x72,0x65,0x66,0x3d,0x22,0x23,0x6c,0x69,0x6e,0x65,0x61,0x72,
  0x47,0x72,0x61,0x64,0x69,0x65,0x6e,0x74,0x34,0x32,0x39,0x38,0x22,0x20,0x69,0x64,
  0x3d,0x22,0x6c,0x69,0x6e,0x65,0x61,0x72,0x47,0x72,0x61,0x64,0x69,0x65,0x6e,0x74,
  0x34,0x31,0x38,0x31,0x22,0x20,0x79,0x31,0x3d,0x22,0x36,0x22,0x20,0x78,0x31,0x3d,
  0x22,0x33,0x32,0x22,0x20,0x79,0x32,0x3d,0x22,0x35,0x37,0x22,0x20,0x78,0x32,0x3d,
  0x22,0x33,0x31,0x22,0x20,0x67,0x72,0x61,0x64,0x69,0x65,0x6e,0x74,0x55,0x6e,0x69,
  0x74,0x73,0x3d,0x22,0x75,0x73,0x65,0x72,0x53,0x70,0x61,0x63,0x65,0x4f,0x6e,0x55,
  0x73,0x65,0x22,0x2f,0x3e,0xa,0x20,0x20,0x3c,0x6c,0x69,0x6e,0x65,0x61,0x72,0x47,
  0x72,0x61,0x64,0x69,0x65,0x6e,0x74,0x20,0x69,0x6e,0x6b,0x73,0x63,0x61,0x70,0x65,
  0x3a,0x63,0x6f,0x6c,0x6c,0x65,0x63,0x74,0x3d,0x22,0x61,0x6c,0x77,0x61,0x79,0x73,
  0x22,0x20,0x69,0x64,0x3d,0x22,0x6c,0x69,0x6e,0x65,0x61,0x72,0x47,0x72,0x61,0x64,
  0x69,0x65,0x6e,0x74,0x34,0x33,0x37,0x34,0x22,0x3e,0xa,0x20,0x20,0x20,0x3c,0x73,
  0x74,0x6f,0x70,0x20,0x73,0x74,0x79,0x6c,0x65,0x3d,0x22,0x73,0x74,0x6f,0x70,0x2d,
  0x63,0x6f,0x6c,0x6f,0x72,0x3a,0x23,0x62,0x63,0x66,0x64,0x39,0x33,0x22,0x20,0x69,
  0x64,0x3d,0x22,0x73,0x74,0x6f,0x70,0x34,0x33,0x37,0x36,0x22,0x2f,0x3e,0xa,0x20,
  0x20,0x20,0x3c,0x73,0x74,0x6f,0x70,0x20,0x6f,0x66,0x66,0x73,0x65,0x74,0x3d,0x22,
  0x31,0x22,0x20,0x73,0x74,0x79,0x6c,0x65,0x3d,0x22,0x73,0x74,0x6f,0x70,0x2d,0x63,
  0x6f,0x6c,0x6f,0x72,0x3a,0x23,0x66,0x61,0x66,0x66,0x66,0x35,0x22,0x20,0x69,0x64,
  0x3d,0x22,0x73,0x74,0x6f,0x70,0x34,0x33,0x37,0x38,0x22,0x2f,0x3e,0xa,0x20,0x20,
  0x3c,0x2f,0x6c,0x69,0x6e,0x65,0x61,0x72,0x47,0x72,0x61,0x64,0x69,0x65,0x6e,0x74,
  0x3e,0xa,0x20,0x20,0x3c,0x6c,0x69,0x6e,0x65,0x61,0x72,0x47,0x72,0x61,0x64,0x69,
  0x65,0x6e,0x74,0x20,0x69,0x6e,0x6b,0x73,0x63,0x61,0x70,0x65,0x3a,0x63,0x6f,0x6c,
  0x6c,0x65,0x63,0x74,0x3d,0x22,0x61,0x6c,0x77,0x61,0x79,0x73,0x22,0x20,0x69,0x64,
  0x3d,0x22,0x6c,0x69,0x6e,0x65,0x61,0x72,0x47,0x72,0x61,0x64,0x69,0x65,0x6e,0x74,
  0x34,0x32,0x39,0x38,0x22,0x3e,0xa,0x20,0x20,0x20,0x3c,0x73,0x74,0x6f,0x70,0x20,
  0x73,0x74,0x79,0x6c,0x65,0x3d,0x22,0x73,0x74,0x6f,0x70,0x2d,0x63,0x6f,0x6c,0x6f,
  0x72,0x3a,0x23,0x34,0x32,0x61,0x36,0x30,0x33,0x22,0x20,0x69,0x64,0x3d,0x22,0x73,
  0x74,0x6f,0x70,0x34,0x33,0x30,0x30,0x22,0x2f,0x3e,0xa,0x20,0x20,0x20,0x3c,0x73,
  0x74,0x6f,0x70,0x20,0x6f,0x66,0x66,0x73,0x65,0x74,0x3d,0x22,0x31,0x22,0x20,0x73,
  0x74,0x79,0x6c,0x65,0x3d,0x22,0x73,0x74,0x6f,0x70,0x2d,0x63,0x6f,0x6c,0x6f,0x72,
  0x3a,0x23,0x37,0x38,0x64,0x61,0x30,0x36,0x22,0x20,0x69,0x64,0x3d,0x22,0x73,0x74,
  0x6f,0x70,0x34,0x33,0x30,0x32,0x22,0x2f,0x3e,0xa,0x20,0x20,0x3c,0x2f,0x6c,0x69,
  0x6e,0x65,0x61,0x72,0x47,0x72,0x61,0x64,0x69,0x65,0x6e,0x74,0x3e,0xa,0x20,0x20,
  0x3c,0x6c,0x69,0x6e,0x65,0x61,0x72,0x47,0x72,0x61,0x64,0x69,0x65,0x6e,0x74,0x20,
  0x69,0x6e,0x6b,0x73,0x63,0x61,0x70,0x65,0x3a,0x63,0x6f,0x6c,0x6c,0x65,0x63,0x74,
  0x3d,0x22,0x61,0x6c,0x77,0x61,0x79,0x73,0x22,0x20,0x78,0x6c,0x69,0x6e,0x6b,0x3a,
  0x68,0x72,0x65,0x66,0x3d,0x22,0x23,0x6c,0x69,0x6e,0x65,0x61,0x72,0x47,0x72,0x61,
  0x64,0x69,0x65,0x6e,0x74,0x34,0x33,0x37,0x34,0x22,0x20,0x69,0x64,0x3d,0x22,0x6c,
  0x69,0x6e,0x65,0x61,0x72,0x47,0x72,0x61,0x64,0x69,0x65,0x6e,0x74,0x34,0x31,0x38,
  0x39,0x22,0x20,0x79,0x31,0x3d,0x22,0x31,0x39,0x39,0x2e,0x39,0x33,0x33,0x36,0x31,
  0x22,0x20,0x79,0x32,0x3d,0x22,0x31,0x37,0x35,0x2e,0x39,0x33,0x33,0x36,0x31,0x22,
  0x20,0x78,0x32,0x3d,0x22,0x30,0x22,0x20,0x67,0x72,0x61,0x64,0x69,0x65,0x6e,0x74,
  0x55,0x6e,0x69,0x74,0x73,0x3d,0x22,0x75,0x73,0x65,0x72,0x53,0x70,0x61,0x63,0x65,
  0x4f,0x6e,0x55,0x73,0x65,0x22,0x2f,0x3e,0xa,0x20,0x3c,0x2f,0x64,0x65,0x66,0x73,
  0x3e,0xa,0x20,0x3c,0x6d,0x65,0x74,0x61,0x64,0x61,0x74,0x61,0x20,0x69,0x64,0x3d,
  0x22,0x6d,0x65,0x74,0x61,0x64,0x61,0x74,0x61,0x33,0x38,0x31,0x34,0x22,0x2f,0x3e,
  0xa,0x20,0x3c,0x67,0x20,0x69,0x6e,0x6b,0x73,0x63,0x61,0x70,0x65,0x3a,0x6c,0x61,
  0x62,0x65,0x6c,0x3d,0x22,0x4c,0x61,0x79,0x65,0x72,0x20,0x31,0x22,0x20,0x69,0x6e,
  0x6b,0x73,0x63,0x61,0x70,0x65,0x3a,0x67,0x72,0x6f,0x75,0x70,0x6d,0x6f,0x64,0x65,
  0x3d,0x22,0x6c,0x61,0x79,0x65,0x72,0x22,0x20,0x69,0x64,0x3d,0x22,0x6c,0x61,0x79,
  0x65,0x72,0x31,0x22,0x20,0x74,0x72,0x61,0x6e,0x73,0x66,0x6f,0x72,0x6d,0x3d,0x22,
  0x6d,0x61,0x74,0x72,0x69,0x78,0x28,0x31,0x20,0x30,0x20,0x30,0x20,0x31,0x20,0x2d,
  0x37,0x33,0x36,0x2e,0x38,0x35,0x37,0x31,0x38,0x20,0x2d,0x31,0x35,0x37,0x2e,0x39,
  0x33,0x33,0x36,0x31,0x29,0x22,0x3e,0xa,0x20,0x20,0x3c,0x70,0x61,0x74,0x68,0x20,
  0x73,0x74,0x79,0x6c,0x65,0x3d,0x22,0x66,0x69,0x6c,0x6c,0x3a,0x75,0x72,0x6c,0x28,
  0x23,0x6c,0x69,0x6e,0x65,0x61,0x72,0x47,0x72,0x61,0x64,0x69,0x65,0x6e,0x74,0x34,
  0x31,0x38,0x31,0x29,0x3b,0x73,0x74,0x72,0x6f,0x6b,0x65,0x2d,0x6c,0x69,0x6e,0x65,
  0x63,0x61,0x70,0x3a,0x73,0x71,0x75,0x61,0x72,0x65,0x3b,0x73,0x74,0x72,0x6f,0x6b,
  0x65,0x2d,0x77,0x69,0x64,0x74,0x68,0x3a,0x32,0x22,0x20,0x69,0x64,0x3d,0x22,0x72,
  0x65,0x63,0x74,0x34,0x31,0x38,0x36,0x2d,0x32,0x2d,0x31,0x22,0x20,0x64,0x3d,0x22,
  0x4d,0x20,0x33,0x32,0x20,0x36,0x20,0x43,0x20,0x32,0x35,0x2e,0x36,0x36,0x36,0x36,
  0x37,0x20,0x39,0x2e,0x33,0x35,0x34,0x34,0x37,0x20,0x31,0x39,0x2e,0x33,0x33,0x33,
  0x33,0x33,0x20,0x31,0x30,0x2e,0x37,0x32,0x34,0x39,0x31,0x20,0x31,0x33,0x20,0x31,
  0x32,0x20,0x4c,0x20,0x31,0x33,0x20,0x33,0x37,0x20,0x43,0x20,0x31,0x33,0x20,0x34,
  0x34,0x20,0x32,0x33,0x2e,0x32,0x36,0x33,0x33,0x31,0x20,0x35,0x33,0x2e,0x35,0x36,
  0x31,0x33,0x33,0x37,0x20,0x33,0x32,0x20,0x35,0x37,0x2e,0x39,0x39,0x38,0x30,0x34,
  0x37,0x20,0x43,0x20,0x34,0x30,0x2e,0x37,0x33,0x36,0x36,0x39,0x20,0x35,0x33,0x2e,
  0x35,0x36,0x31,0x33,0x33,0x37,0x20,0x35,0x31,0x20,0x34,0x34,0x20,0x35,0x31,0x20,
  0x33,0x37,0x20,0x4c,0x20,0x35,0x31,0x20,0x31,0x32,0x20,0x43,0x20,0x34,0x34,0x2e,
  0x36,0x36,0x36,0x36,0x37,0x20,0x31,0x30,0x2e,0x37,0x32,0x34,0x39,0x31,0x20,0x33,
  0x38,0x2e,0x33,0x33,0x33,0x33,0x33,0x20,0x39,0x2e,0x33,0x35,0x34,0x34,0x37,0x20,
  0x33,0x32,0x20,0x36,0x20,0x7a,0x20,0x22,0x20,0x74,0x72,0x61,0x6e,0x73,0x66,0x6f,
  0x72,0x6d,0x3d,0x22,0x6d,0x61,0x74,0x72,0x69,0x78,0x28,0x31,0x20,0x30,0x20,0x30,
  0x20,0x31,0x20,0x37,0x33,0x36,0x2e,0x38,0x35,0x37,0x31,0x38,0x20,0x31,0x35,0x37,
  0x2e,0x39,0x33,0x33,0x36,0x31,0x29,0x22,0x2f,0x3e,0xa,0x20,0x20,0x3c,0x70,0x61,
  0x74,0x68,0x20,0x69,0x6e,0x6b,0x73,0x63,0x61,0x70,0x65,0x3a,0x63,0x6f,0x6e,0x6e,
  0x65,0x63,0x74,0x6f,0x72,0x2d,0x63,0x75,0x72,0x76,0x61,0x74,0x75,0x72,0x65,0x3d,
  0x22,0x30,0x22,0x20,0x73,0x74,0x79,0x6c,0x65,0x3d,0x22,0x66,0x69,0x6c,0x6c,0x3a,
  0x75,0x72,0x6c,0x28,0x23,0x6c,0x69,0x6e,0x65,0x61,0x72,0x47,0x72,0x61,0x64,0x69,
  0x65,0x6e,0x74,0x34,0x31,0x39,0x31,0x2d,0x31,0x2d,0x37,0x29,0x3b,0x6f,0x70,0x61,
  0x63,0x69,0x74,0x79,0x3a,0x30,0x2e,0x32,0x3b,0x66,0x69,0x6c,0x6c,0x2d,0x72,0x75,
  0x6c,0x65,0x3a,0x65,0x76,0x65,0x6e,0x6f,0x64,0x64,0x22,0x20,0x69,0x64,0x3d,0x22,
  0x70,0x61,0x74,0x68,0x34,0x31,0x38,0x34,0x2d,0x35,0x22,0x20,0x64,0x3d,0x22,0x6d,
  0x20,0x37,0x37,0x39,0x2e,0x38,0x35,0x37,0x31,0x38,0x2c,0x31,0x37,0x35,0x2e,0x39,
  0x33,0x33,0x36,0x31,0x20,0x2d,0x38,0x2c,0x31,0x34,0x20,0x2d,0x37,0x2c,0x38,0x20,
  0x2d,0x37,0x2c,0x2d,0x33,0x20,0x38,0x2c,0x38,0x20,0x31,0x32,0x2c,0x31,0x33,0x20,
  0x31,0x37,0x2c,0x30,0x20,0x30,0x2c,0x2d,0x32,0x37,0x20,0x7a,0x22,0x2f,0x3e,0xa,
  0x20,0x20,0x3c,0x70,0x61,0x74,0x68,0x20,0x69,0x6e,0x6b,0x73,0x63,0x61,0x70,0x65,
  0x3a,0x63,0x6f,0x6e,0x6e,0x65,0x63,0x74,0x6f,0x72,0x2d,0x63,0x75,0x72,0x76,0x61,
  0x74,0x75,0x72,0x65,0x3d,0x22,0x30,0x22,0x20,0x73,0x74,0x79,0x6c,0x65,0x3d,0x22,
  0x73,0x68,0x61,0x70,0x65,0x2d,0x72,0x65,0x6e,0x64,0x65,0x72,0x69,0x6e,0x67,0x3a,
  0x61,0x75,0x74,0x6f,0x3b,0x63,0x6f,0x6c,0x6f,0x72,0x2d,0x69,0x6e,0x74,0x65,0x72,
  0x70,0x6f,0x6c,0x61,0x74,0x69,0x6f,0x6e,0x2d,0x66,0x69,0x6c,0x74,0x65,0x72,0x73,
  0x3a,0x6c,0x69,0x6e,0x65,0x61,0x72,0x52,0x47,0x42,0x3b,0x66,0x69,0x6c,0x6c,0x3a,
  0x75,0x72,0x6c,0x28,0x23,0x6c,0x69,0x6e,0x65,0x61,0x72,0x47,0x72,0x61,0x64,0x69,
  0x65,0x6e,0x74,0x34,0x31,0x38,0x39,0x29,0x3b,0x69,0x6d,0x61,0x67,0x65,0x2d,0x72,
  0x65,0x6e,0x64,0x65,0x72,0x69,0x6e,0x67,0x3a,0x61,0x75,0x74,0x6f,0x3b,0x74,0x65,
  0x78,0x74,0x2d,0x72,0x65,0x6e,0x64,0x65,0x72,0x69,0x6e,0x67,0x3a,0x61,0x75,0x74,
  0x6f,0x3b,0x63,0x6f,0x6c,0x6f,0x72,0x3a,0x23,0x30,0x30,0x30,0x30,0x30,0x30,0x3b,
  0x66,0x69,0x6c,0x6c,0x2d,0x72,0x75,0x6c,0x65,0x3a,0x65,0x76,0x65,0x6e,0x6f,0x64,
  0x64,0x3b,0x73,0x74,0x72,0x6f,0x6b,0x65,0x2d,0x77,0x69,0x64,0x74,0x68,0x3a,0x32,
  0x3b,0x63,0x6f,0x6c,0x6f,0x72,0x2d,0x72,0x65,0x6e,0x64,0x65,0x72,0x69,0x6e,0x67,
  0x3a,0x61,0x75,0x74,0x6f,0x3b,0x63,0x6f,0x6c,0x6f,0x72,0x2d,0x69,0x6e,0x74,0x65,
  0x72,0x70,0x6f,0x6c,0x61,0x74,0x69,0x6f,0x6e,0x3a,0x73,0x52,0x47,0x42,0x22,0x20,
  0x69,0x64,0x3d,0x22,0x70,0x61,0x74,0x68,0x34,0x31,0x37,0x39,0x22,0x20,0x64,0x3d,
  0x22,0x6d,0x20,0x37,0x37,0x39,0x2e,0x30,0x31,0x39,0x35,0x33,0x2c,0x31,0x37,0x35,
  0x2e,0x33,0x38,0x36,0x37,0x32,0x20,0x2d,0x31,0x34,0x2e,0x34,0x32,0x39,0x36,0x39,
  0x2c,0x32,0x32,0x2e,0x31,0x32,0x36,0x39,0x35,0x20,0x2d,0x36,0x2e,0x31,0x35,0x32,
  0x33,0x34,0x2c,0x2d,0x34,0x2e,0x33,0x39,0x34,0x35,0x33,0x20,0x2d,0x31,0x2e,0x31,
  0x36,0x32,0x31,0x31,0x2c,0x31,0x2e,0x36,0x32,0x38,0x39,0x31,0x20,0x37,0x2e,0x38,
  0x34,0x39,0x36,0x31,0x2c,0x35,0x2e,0x36,0x30,0x35,0x34,0x37,0x20,0x31,0x35,0x2e,
  0x35,0x37,0x30,0x33,0x31,0x2c,0x2d,0x32,0x33,0x2e,0x38,0x37,0x33,0x30,0x35,0x20,
  0x2d,0x31,0x2e,0x36,0x37,0x35,0x37,0x38,0x2c,0x2d,0x31,0x2e,0x30,0x39,0x33,0x37,
  0x35,0x20,0x7a,0x22,0x2f,0x3e,0xa,0x20,0x20,0x3c,0x70,0x61,0x74,0x68,0x20,0x69,
  0x6e,0x6b,0x73,0x63,0x61,0x70,0x65,0x3a,0x63,0x6f,0x6e,0x6e,0x65,0x63,0x74,0x6f,
  0x72,0x2d,0x63,0x75,0x72,0x76,0x61,0x74,0x75,0x72,0x65,0x3d,0x22,0x30,0x22,0x20,
  0x73,0x74,0x79,0x6c,0x65,0x3d,0x22,0x66,0x69,0x6c,0x6c,0x3a,0x23,0x33,0x36,0x38,
  0x39,0x30,0x32,0x3b,0x73,0x74,0x72,0x6f,0x6b,0x65,0x2d,0x6c,0x69,0x6e,0x65,0x63,
  0x61,0x70,0x3a,0x73,0x71,0x75,0x61,0x72,0x65,0x3b,0x73,0x74,0x72,0x6f,0x6b,0x65,
  0x2d,0x77,0x69,0x64,0x74,0x68,0x3a,0x32,0x22,0x20,0x69,0x64,0x3d,0x22,0x72,0x65,
  0x63,0x74,0x34,0x31,0x38,0x36,0x2d,0x32,0x2d,0x31,0x2d,0x35,0x22,0x20,0x64,0x3d,
  0x22,0x6d,0x20,0x37,0x34,0x39,0x2e,0x38,0x35,0x37,0x31,0x38,0x2c,0x31,0x39,0x32,
  0x2e,0x39,0x33,0x33,0x36,0x31,0x20,0x30,0x2c,0x32,0x20,0x63,0x20,0x30,0x2c,0x37,
  0x20,0x31,0x30,0x2e,0x32,0x36,0x33,0x33,0x31,0x2c,0x31,0x36,0x2e,0x35,0x36,0x31,
  0x33,0x34,0x20,0x31,0x39,0x2c,0x32,0x30,0x2e,0x39,0x39,0x38,0x30,0x35,0x20,0x38,
  0x2e,0x37,0x33,0x36,0x36,0x39,0x2c,0x2d,0x34,0x2e,0x34,0x33,0x36,0x37,0x31,0x20,
  0x31,0x39,0x2c,0x2d,0x31,0x33,0x2e,0x39,0x39,0x38,0x30,0x35,0x20,0x31,0x39,0x2c,
  0x2d,0x32,0x30,0x2e,0x39,0x39,0x38,0x30,0x35,0x20,0x6c,0x20,0x30,0x2c,0x2d,0x32,
  0x20,0x63,0x20,0x30,0x2c,0x37,0x20,0x2d,0x31,0x30,0x2e,0x32,0x36,0x33,0x33,0x31,
  0x2c,0x31,0x36,0x2e,0x35,0x36,0x31,0x33,0x34,0x20,0x2d,0x31,0x39,0x2c,0x32,0x30,
  0x2e,0x39,0x39,0x38,0x30,0x35,0x20,0x2d,0x38,0x2e,0x37,0x33,0x36,0x36,0x39,0x2c,
  0x2d,0x34,0x2e,0x34,0x33,0x36,0x37,0x31,0x20,0x2d,0x31,0x39,0x2c,0x2d,0x31,0x33,
  0x2e,0x39,0x39,0x38,0x30,0x35,0x20,0x2d,0x31,0x39,0x2c,0x2d,0x32,0x30,0x2e,0x39,
  0x39,0x38,0x30,0x35,0x20,0x7a,0x22,0x2f,0x3e,0xa,0x20,0x3c,0x2f,0x67,0x3e,0xa,
  0x3c,0x2f,0x73,0x76,0x67,0x3e,0xa,
    // security-low.svg
  0x0,0x0,0xb,0x96,
  0x3c,
  0x3f,0x78,0x6d,0x6c,0x20,0x76,0x65,0x72,0x73,0x69,0x6f,0x6e,0x3d,0x22,0x31,0x2e,
  0x30,0x22,0x20,0x65,0x6e,0x63,0x6f,0x64,0x69,0x6e,0x67,0x3d,0x22,0x55,0x54,0x46,
  0x2d,0x38,0x22,0x20,0x73,0x74,0x61,0x6e,0x64,0x61,0x6c,0x6f,0x6e,0x65,0x3d,0x22,
  0x6e,0x6f,0x22,0x3f,0x3e,0xa,0xa,0x3c,0x21,0x2d,0x2d,0x20,0x43,0x72,0x65,0x61,
  0x74,0x65,0x64,0x20,0x77,0x69,0x74,0x68,0x20,0x49,0x6e,0x6b,0x73,0x63,0x61,0x70,
  0x65,0x20,0x28,0x68,0x74,0x74,0x70,0x3a,0x2f,0x2f,0x77,0x77,0x77,0x2e,0x69,0x6e,
  0x6b,0x73,0x63,0x61,0x70,0x65,0x2e,0x6f,0x72,0x67,0x2f,0x29,0x20,0x2d,0x2d,0x3e,
  0xa,0x3c,0x73,0x76,0x67,0x20,0x77,0x69,0x64,0x74,0x68,0x3d,0x22,0x36,0x34,0x22,
  0x20,0x76,0x65,0x72,0x73,0x69,0x6f,0x6e,0x3d,0x22,0x31,0x2e,0x31,0x22,0x20,0x78,
  0x6d,0x6c,0x6e,0x73,0x3d,0x22,0x68,0x74,0x74,0x70,0x3a,0x2f,0x2f,0x77,0x77,0x77,
  0x2e,0x77,0x33,0x2e,0x6f,0x72,0x67,0x2f,0x32,0x30,0x30,0x30,0x2f,0x73,0x76,0x67,
  0x22,0x20,0x68,0x65,0x69,0x67,0x68,0x74,0x3d,0x22,0x36,0x34,0x22,0x20,0x78,0x6d,
  0x6c,0x6e,0x73,0x3a,0x78,0x6c,0x69,0x6e,0x6b,0x3d,0x22,0x68,0x74,0x74,0x70,0x3a,
  0x2f,0x2f,0x77,0x77,0x77,0x2e,0x77,0x33,0x2e,0x6f,0x72,0x67,0x2f,0x31,0x39,0x39,
  0x39,0x2f,0x78,0x6c,0x69,0x6e,0x6b,0x22,0x20,0x78,0x6d,0x6c,0x6e,0x73,0x3a,0x69,
  0x6e,0x6b,0x73,0x63,0x61,0x70,0x65,0x3d,0x22,0x68,0x74,0x74,0x70,0x3a,0x2f,0x2f,
  0x77,0x77,0x77,0x2e,0x69,0x6e,0x6b,0x73,0x63,0x61,0x70,0x65,0x2e,0x6f,0x72,0x67,
  0x2f,0x6e,0x61,0x6d,0x65,0x73,0x70,0x61,0x63,0x65,0x73,0x2f,0x69,0x6e,0x6b,0x73,
  0x63,0x61,0x70,0x65,0x22,0x3e,0xa,0x20,0x3c,0x64,0x65,0x66,0x73,0x20,0x69,0x64,
  0x3d,0x22,0x64,0x65,0x66,0x73,0x33,0x38,0x31,0x31,0x22,0x3e,0xa,0x20,0x20,0x3c,
  0x6c,0x69,0x6e,0x65,0x61,0x72,0x47,0x72,0x61,0x64,0x69,0x65,0x6e,0x74,0x20,0x69,
  0x6e,0x6b,0x73,0x63,0x61,0x70,0x65,0x3a,0x63,0x6f,0x6c,0x6c,0x65,0x63,0x74,0x3d,
  0x22,0x61,0x6c,0x77,0x61,0x79,0x73,0x22,0x20,0x69,0x64,0x3d,0x22,0x6c,0x69,0x6e,
  0x65,0x61,0x72,0x47,0x72,0x61,0x64,0x69,0x65,0x6e,0x74,0x34,0x32,0x32,0x37,0x22,
  0x3e,0xa,0x20,0x20,0x20,0x3c,0x73,0x74,0x6f,0x70,0x20,0x73,0x74,0x79,0x6c,0x65,
  0x3d,0x22,0x73,0x74,0x6f,0x70,0x2d,0x63,0x6f,0x6c,0x6f,0x72,0x3a,0x23,0x32,0x39,
  0x32,0x63,0x32,0x66,0x22,0x20,0x69,0x64,0x3d,0x22,0x73,0x74,0x6f,0x70,0x34,0x32,
  0x32,0x39,0x22,0x2f,0x3e,0xa,0x20,0x20,0x20,0x3c,0x73,0x74,0x6f,0x70,0x20,0x6f,
  0x66,0x66,0x73,0x65,0x74,0x3d,0x22,0x31,0x22,0x20,0x73,0x74,0x79,0x6c,0x65,0x3d,
  0x22,0x73,0x74,0x6f,0x70,0x2d,0x6f,0x70,0x61,0x63,0x69,0x74,0x79,0x3a,0x30,0x22,
  0x20,0x69,0x64,0x3d,0x22,0x73,0x74,0x6f,0x70,0x34,0x32,0x33,0x31,0x22,0x2f,0x3e,
  0xa,0x20,0x20,0x3c,0x2f,0x6c,0x69,0x6e,0x65,0x61,0x72,0x47,0x72,0x61,0x64,0x69,
  0x65,0x6e,0x74,0x3e,0xa,0x20,0x20,0x3c,0x6c,0x69,0x6e,0x65,0x61,0x72,0x47,0x72,
  0x61,0x64,0x69,0x65,0x6e,0x74,0x20,0x69,0x6e,0x6b,0x73,0x63,0x61,0x70,0x65,0x3a,
  0x63,0x6f,0x6c,0x6c,0x65,0x63,0x74,0x3d,0x22,0x61,0x6c,0x77,0x61,0x79,0x73,0x22,
  0x20,0x69,0x64,0x3d,0x22,0x6c,0x69,0x6e,0x65,0x61,0x72,0x47,0x72,0x61,0x64,0x69,
  0x65,0x6e,0x74,0x34,0x31,0x39,0x31,0x2d,0x31,0x2d,0x37,0x22,0x20,0x78,0x6c,0x69,
  0x6e,0x6b,0x3a,0x68,0x72,0x65,0x66,0x3d,0x22,0x23,0x6c,0x69,0x6e,0x65,0x61,0x72,
  0x47,0x72,0x61,0x64,0x69,0x65,0x6e,0x74,0x34,0x32,0x32,0x37,0x22,0x20,0x79,0x31,
  0x3d,0x22,0x39,0x22,0x20,0x79,0x32,0x3d,0x22,0x32,0x33,0x22,0x20,0x78,0x31,0x3d,
  0x22,0x39,0x2e,0x30,0x30,0x30,0x30,0x31,0x22,0x20,0x67,0x72,0x61,0x64,0x69,0x65,
  0x6e,0x74,0x55,0x6e,0x69,0x74,0x73,0x3d,0x22,0x75,0x73,0x65,0x72,0x53,0x70,0x61,
  0x63,0x65,0x4f,0x6e,0x55,0x73,0x65,0x22,0x20,0x78,0x32,0x3d,0x22,0x32,0x33,0x2e,
  0x30,0x30,0x30,0x30,0x34,0x22,0x20,0x67,0x72,0x61,0x64,0x69,0x65,0x6e,0x74,0x54,
  0x72,0x61,0x6e,0x73,0x66,0x6f,0x72,0x6d,0x3d,0x22,0x6d,0x61,0x74,0x72,0x69,0x78,
  0x28,0x32,0x20,0x30,0x20,0x30,0x20,0x32,0x20,0x37,0x33,0x35,0x2e,0x38,0x35,0x37,
  0x31,0x39,0x20,0x31,0x35,0x38,0x2e,0x39,0x33,0x33,0x36,0x31,0x29,0x22,0x2f,0x3e,
  0xa,0x20,0x20,0x3c,0x6c,0x69,0x6e,0x65,0x61,0x72,0x47,0x72,0x61,0x64,0x69,0x65,
  0x6e,0x74,0x20,0x69,0x6e,0x6b,0x73,0x63,0x61,0x70,0x65,0x3a,0x63,0x6f,0x6c,0x6c,
  0x65,0x63,0x74,0x3d,0x22,0x61,0x6c,0x77,0x61,0x79,0x73,0x22,0x20,0x69,0x64,0x3d,
  0x22,0x6c,0x69,0x6e,0x65,0x61,0x72,0x47,0x72,0x61,0x64,0x69,0x65,0x6e,0x74,0x34,
  0x33,0x34,0x34,0x22,0x3e,0xa,0x20,0x20,0x20,0x3c,0x73,0x74,0x6f,0x70,0x20,0x73,
  0x74,0x79,0x6c,0x65,0x3d,0x22,0x73,0x74,0x6f,0x70,0x2d,0x63,0x6f,0x6c,0x6f,0x72,
  0x3a,0x23,0x65,0x64,0x38,0x36,0x38,0x64,0x22,0x20,0x69,0x64,0x3d,0x22,0x73,0x74,
  0x6f,0x70,0x34,0x33,0x34,0x36,0x22,0x2f,0x3e,0xa,0x20,0x20,0x20,0x3c,0x73,0x74,
  0x6f,0x70,0x20,0x6f,0x66,0x66,0x73,0x65,0x74,0x3d,0x22,0x31,0x22,0x20,0x73,0x74,
  0x79,0x6c,0x65,0x3d,0x22,0x73,0x74,0x6f,0x70,0x2d,0x63,0x6f,0x6c,0x6f,0x72,0x3a,
  0x23,0x66,0x62,0x65,0x36,0x65,0x38,0x22,0x20,0x69,0x64,0x3d,0x22,0x73,0x74,0x6f,
  0x70,0x34,0x33,0x34,0x38,0x22,0x2f,0x3e,0xa,0x20,0x20,0x3c,0x2f,0x6c,0x69,0x6e,
  0x65,0x61,0x72,0x47,0x72,0x61,0x64,0x69,0x65,0x6e,0x74,0x3e,0xa,0x20,0x20,0x3c,
  0x6c,0x69,0x6e,0x65,0x61,0x72,0x47,0x72,0x61,0x64,0x69,0x65,0x6e,0x74,0x20,0x69,
  0x6e,0x6b,0x73,0x63,0x61,0x70,0x65,0x3a,0x63,0x6f,0x6c,0x6c,0x65,0x63,0x74,0x3d,
  0x22,0x61,0x6c,0x77,0x61,0x79,0x73,0x22,0x20,0x69,0x64,0x3d,0x22,0x6c,0x69,0x6e,
  0x65,0x61,0x72,0x47,0x72,0x61,0x64,0x69,0x65,0x6e,0x74,0x34,0x34,0x33,0x35,0x22,
  0x3e,0xa,0x20,0x20,0x20,0x3c,0x73,0x74,0x6f,0x70,0x20,0x73,0x74,0x79,0x6c,0x65,
  0x3d,0x22,0x73,0x74,0x6f,0x70,0x2d,0x63,0x6f,0x6c,0x6f,0x72,0x3a,0x23,0x63,0x36,
  0x31,0x34,0x32,0x33,0x22,0x20,0x69,0x64,0x3d,0x22,0x73,0x74,0x6f,0x70,0x34,0x34,
  0x33,0x37,0x22,0x2f,0x3e,0xa,0x20,0x20,0x20,0x3c,0x73,0x74,0x6f,0x70,0x20,0x6f,
  0x66,0x66,0x73,0x65,0x74,0x3d,0x22,0x31,0x22,0x20,0x73,0x74,0x79,0x6c,0x65,0x3d,
  0x22,0x73,0x74,0x6f,0x70,0x2d,0x63,0x6f,0x6c,0x6f,0x72,0x3a,0x23,0x64,0x63,0x32,
  0x62,0x34,0x31,0x22,0x20,0x69,0x64,0x3d,0x22,0x73,0x74,0x6f,0x70,0x34,0x34,0x33,
  0x39,0x22,0x2f,0x3e,0xa,0x20,0x20,0x3c,0x2f,0x6c,0x69,0x6e,0x65,0x61,0x72,0x47,
  0x72,0x61,0x64,0x69,0x65,0x6e,0x74,0x3e,0xa,0x20,0x20,0x3c,0x6c,0x69,0x6e,0x65,
  0x61,0x72,0x47,0x72,0x61,0x64,0x69,0x65,0x6e,0x74,0x20,0x69,0x6e,0x6b,0x73,0x63,
  0x61,0x70,0x65,0x3a,0x63,0x6f,0x6c,0x6c,0x65,0x63,0x74,0x3d,0x22,0x61,0x6c,0x77,
  0x61,0x79,0x73,0x22,0x20,0x69,0x64,0x3d,0x22,0x6c,0x69,0x6e,0x65,0x61,0x72,0x47,
  0x72,0x61,0x64,0x69,0x65,0x6e,0x74,0x34,0x31,0x37,0x39,0x22,0x20,0x78,0x6c,0x69,
  0x6e,0x6b,0x3a,0x68,0x72,0x65,0x66,0x3d,0x22,0x23,0x6c,0x69,0x6e,0x65,0x61,0x72,
  0x47,0x72,0x61,0x64,0x69,0x65,0x6e,0x74,0x34,0x33,0x34,0x34,0x22,0x20,0x79,0x31,
  0x3d,0x22,0x32,0x30,0x31,0x2e,0x39,0x33,0x33,0x36,0x31,0x22,0x20,0x79,0x32,0x3d,
  0x22,0x31,0x37,0x37,0x2e,0x39,0x33,0x33,0x36,0x31,0x22,0x20,0x67,0x72,0x61,0x64,
  0x69,0x65,0x6e,0x74,0x55,0x6e,0x69,0x74,0x73,0x3d,0x22,0x75,0x73,0x65,0x72,0x53,
  0x70,0x61,0x63,0x65,0x4f,0x6e,0x55,0x73,0x65,0x22,0x20,0x78,0x32,0x3d,0x22,0x30,
  0x22,0x20,0x67,0x72,0x61,0x64,0x69,0x65,0x6e,0x74,0x54,0x72,0x61,0x6e,0x73,0x66,
  0x6f,0x72,0x6d,0x3d,0x22,0x6d,0x61,0x74,0x72,0x69,0x78,0x28,0x31,0x20,0x30,0x20,
  0x30,0x20,0x31,0x20,0x30,0x2e,0x30,0x30,0x30,0x30,0x30,0x32,0x20,0x2d,0x32,0x2e,
  0x39,0x39,0x39,0x39,0x39,0x39,0x29,0x22,0x2f,0x3e,0xa,0x20,0x20,0x3c,0x6c,0x69,
  0x6e,0x65,0x61,0x72,0x47,0x72,0x61,0x64,0x69,0x65,0x6e,0x74,0x20,0x69,0x6e,0x6b,
  0x73,0x63,0x61,0x70,0x65,0x3a,0x63,0x6f,0x6c,0x6c,0x65,0x63,0x74,0x3d,0x22,0x61,
  0x6c,0x77,0x61,0x79,0x73,0x22,0x20,0x78,0x6c,0x69,0x6e,0x6b,0x3a,0x68,0x72,0x65,
  0x66,0x3d,0x22,0x23,0x6c,0x69,0x6e,0x65,0x61,0x72,0x47,0x72,0x61,0x64,0x69,0x65,
  0x6e,0x74,0x34,0x34,0x33,0x35,0x22,0x20,0x69,0x64,0x3d,0x22,0x6c,0x69,0x6e,0x65,
  0x61,0x72,0x47,0x72,0x61,0x64,0x69,0x65,0x6e,0x74,0x34,0x34,0x32,0x34,0x22,0x20,
  0x79,0x31,0x3d,0x22,0x35,0x38,0x22,0x20,0x79,0x32,0x3d,0x22,0x36,0x22,0x20,0x78,
  0x32,0x3d,0x22,0x30,0x22,0x20,0x67,0x72,0x61,0x64,0x69,0x65,0x6e,0x74,0x55,0x6e,
  0x69,0x74,0x73,0x3d,0x22,0x75,0x73,0x65,0x72,0x53,0x70,0x61,0x63,0x65,0x4f,0x6e,
  0x55,0x73,0x65,0x22,0x2f,0x3e,0xa,0x20,0x3c,0x2f,0x64,0x65,0x66,0x73,0x3e,0xa,
  0x20,0x3c,0x6d,0x65,0x74,0x61,0x64,0x61,0x74,0x61,0x20,0x69,0x64,0x3d,0x22,0x6d,
  0x65,0x74,0x61,0x64,0x61,0x74,0x61,0x33,0x38,0x31,0x34,0x22,0x2f,0x3e,0xa,0x20,
  0x3c,0x67,0x20,0x69,0x6e,0x6b,0x73,0x63,0x61,0x70,0x65,0x3a,0x6c,0x61,0x62,0x65,
  0x6c,0x3d,0x22,0x4c,0x61,0x79,0x65,0x72,0x20,0x31,0x22,0x20,0x69,0x6e,0x6b,0x73,
  0x63,0x61,0x70,0x65,0x3a,0x67,0x72,0x6f,0x75,0x70,0x6d,0x6f,0x64,0x65,0x3d,0x22,
  0x6c,0x61,0x79,0x65,0x72,0x22,0x20,0x69,0x64,0x3d,0x22,0x6c,0x61,0x79,0x65,0x72,
  0x31,0x22,0x20,0x74,0x72,0x61,0x6e,0x73,0x66,0x6f,0x72,0x6d,0x3d,0x22,0x6d,0x61,
  0x74,0x72,0x69,0x78,0x28,0x31,0x20,0x30,0x20,0x30,0x20,0x31,0x20,0x2d,0x37,0x33,
  0x36,0x2e,0x38,0x35,0x37,0x31,0x38,0x20,0x2d,0x31,0x35,0x37,0x2e,0x39,0x33,0x33,
  0x36,0x31,0x29,0x22,0x3e,0xa,0x20,0x20,0x3c,0x70,0x61,0x74,0x68,0x20,0x73,0x74,
  0x79,0x6c,0x65,0x3d,0x22,0x66,0x69,0x6c,0x6c,0x3a,0x75,0x72,0x6c,0x28,0x23,0x6c,
  0x69,0x6e,0x65,0x61,0x72,0x47,0x72,0x61,0x64,0x69,0x65,0x6e,0x74,0x34,0x34,0x32,
  0x34,0x29,0x3b,0x73,0x74,0x72,0x6f,0x6b,0x65,0x2d,0x6c,0x69,0x6e,0x65,0x63,0x61,
  0x70,0x3a,0x73,0x71,0x75,0x61,0x72,0x65,0x3b,0x73,0x74,0x72,0x6f,0x6b,0x65,0x2d,
  0x77,0x69,0x64,0x74,0x68,0x3a,0x32,0x22,0x20,0x69,0x64,0x3d,0x22,0x72,0x65,0x63,
  0x74,0x34,0x31,0x38,0x36,0x2d,0x32,0x2d,0x31,0x22,0x20,0x64,0x3d,0x22,0x4d,0x20,
  0x33,0x32,0x20,0x36,0x20,0x43,0x20,0x32,0x35,0x2e,0x36,0x36,0x36,0x36,0x37,0x20,
  0x39,0x2e,0x33,0x35,0x34,0x34,0x37,0x20,0x31,0x39,0x2e,0x33,0x33,0x33,0x33,0x33,
  0x20,0x31,0x30,0x2e,0x37,0x32,0x34,0x39,0x31,0x20,0x31,0x33,0x20,0x31,0x32,0x20,
  0x4c,0x20,0x31,0x33,0x20,0x33,0x37,0x20,0x43,0x20,0x31,0x33,0x20,0x34,0x34,0x20,
  0x32,0x33,0x2e,0x32,0x36,0x33,0x33,0x31,0x20,0x35,0x33,0x2e,0x35,0x36,0x31,0x33,
  0x33,0x37,0x20,0x33,0x32,0x20,0x35,0x37,0x2e,0x39,0x39,0x38,0x30,0x34,0x37,0x20,
  0x43,0x20,0x34,0x30,0x2e,0x37,0x33,0x36,0x36,0x39,0x20,0x35,0x33,0x2e,0x35,0x36,
  0x31,0x33,0x33,0x37,0x20,0x35,0x31,0x20,0x34,0x34,0x20,0x35,0x31,0x20,0x33,0x37,
  0x20,0x4c,0x20,0x35,0x31,0x20,0x31,0x32,0x20,0x43,0x20,0x34,0x34,0x2e,0x36,0x36,
  0x36,0x36,0x37,0x20,0x31,0x30,0x2e,0x37,0x32,0x34,0x39,0x31,0x20,0x33,0x38,0x2e,
  0x33,0x33,0x33,0x33,0x33,0x20,0x39,0x2e,0x33,0x35,0x34,0x34,0x37,0x20,0x33,0x32,
  0x20,0x36,0x20,0x7a,0x20,0x22,0x20,0x74,0x72,0x61,0x6e,0x73,0x66,0x6f,0x72,0x6d,
  0x3d,0x22,0x6d,0x61,0x74,0x72,0x69,0x78,0x28,0x31,0x20,0x30,0x20,0x30,0x20,0x31,
  0x20,0x37,0x33,0x36,0x2e,0x38,0x35,0x37,0x31,0x38,0x20,0x31,0x35,0x37,0x2e,0x39,
  0x33,0x33,0x36,0x31,0x29,0x22,0x2f,0x3e,0xa,0x20,0x20,0x3c,0x70,0x61,0x74,0x68,
  0x20,0x69,0x6e,0x6b,0x73,0x63,0x61,0x70,0x65,0x3a,0x63,0x6f,0x6e,0x6e,0x65,0x63,
  0x74,0x6f,0x72,0x2d,0x63,0x75,0x72,0x76,0x61,0x74,0x75,0x72,0x65,0x3d,0x22,0x30,
  0x22,0x20,0x73,0x74,0x79,0x6c,0x65,0x3d,0x22,0x66,0x69,0x6c,0x6c,0x3a,0x75,0x72,
  0x6c,0x28,0x23,0x6c,0x69,0x6e,0x65,0x61,0x72,0x47,0x72,0x61,0x64,0x69,0x65,0x6e,
  0x74,0x34,0x31,0x39,0x31,0x2d,0x31,0x2d,0x37,0x29,0x3b,0x6f,0x70,0x61,0x63,0x69,
  0x74,0x79,0x3a,0x30,0x2e,0x32,0x3b,0x66,0x69,0x6c,0x6c,0x2d,0x72,0x75,0x6c,0x65,
  0x3a,0x65,0x76,0x65,0x6e,0x6f,0x64,0x64,0x22,0x20,0x69,0x64,0x3d,0x22,0x70,0x61,
  0x74,0x68,0x34,0x31,0x38,0x34,0x2d,0x35,0x22,0x20,0x64,0x3d,0x22,0x6d,0x20,0x37,
  0x37,0x39,0x2e,0x36,0x32,0x32,0x35,0x37,0x2c,0x31,0x37,0x35,0x2e,0x31,0x36,0x38,
  0x32,0x33,0x20,0x2d,0x38,0x2e,0x37,0x36,0x35,0x33,0x39,0x2c,0x39,0x2e,0x37,0x36,
  0x35,0x33,0x38,0x20,0x2d,0x32,0x2c,0x32,0x20,0x2d,0x31,0x30,0x2c,0x31,0x30,0x20,
  0x2d,0x31,0x2e,0x33,0x35,0x31,0x39,0x32,0x2c,0x31,0x2e,0x31,0x31,0x37,0x33,0x31,
  0x20,0x31,0x37,0x2e,0x30,0x33,0x39,0x31,0x2c,0x31,0x37,0x2e,0x38,0x38,0x32,0x36,
  0x39,0x20,0x32,0x30,0x2e,0x33,0x31,0x32,0x38,0x32,0x2c,0x30,0x20,0x30,0x2c,0x2d,
  0x32,0x35,0x2e,0x35,0x33,0x30,0x37,0x37,0x20,0x7a,0x22,0x2f,0x3e,0xa,0x20,0x20,
  0x3c,0x70,0x61,0x74,0x68,0x20,0x69,0x6e,0x6b,0x73,0x63,0x61,0x70,0x65,0x3a,0x63,
  0x6f,0x6e,0x6e,0x65,0x63,0x74,0x6f,0x72,0x2d,0x63,0x75,0x72,0x76,0x61,0x74,0x75,
  0x72,0x65,0x3d,0x22,0x30,0x22,0x20,0x73,0x74,0x79,0x6c,0x65,0x3d,0x22,0x66,0x69,
  0x6c,0x6c,0x3a,0x75,0x72,0x6c,0x28,0x23,0x6c,0x69,0x6e,0x65,0x61,0x72,0x47,0x72,
  0x61,0x64,0x69,0x65,0x6e,0x74,0x34,0x31,0x37,0x39,0x29,0x22,0x20,0x69,0x64,0x3d,
  0x22,0x72,0x65,0x63,0x74,0x34,0x31,0x36,0x38,0x22,0x20,0x64,0x3d,0x22,0x6d,0x20,
  0x37,0x37,0x39,0x2e,0x34,0x34,0x33,0x31,0x32,0x2c,0x31,0x37,0x34,0x2e,0x39,0x33,
  0x33,0x36,0x31,0x20,0x31,0x2e,0x34,0x31,0x34,0x30,0x36,0x2c,0x31,0x2e,0x34,0x31,
  0x34,0x30,0x36,0x20,0x2d,0x31,0x30,0x2e,0x35,0x38,0x35,0x39,0x34,0x2c,0x31,0x30,
  0x2e,0x35,0x38,0x35,0x39,0x34,0x20,0x31,0x30,0x2e,0x35,0x38,0x35,0x39,0x34,0x2c,
  0x31,0x30,0x2e,0x35,0x38,0x35,0x39,0x34,0x20,0x2d,0x31,0x2e,0x34,0x31,0x34,0x30,
  0x36,0x2c,0x31,0x2e,0x34,0x31,0x34,0x30,0x36,0x20,0x2d,0x31,0x30,0x2e,0x35,0x38,
  0x35,0x39,0x34,0x2c,0x2d,0x31,0x30,0x2e,0x35,0x38,0x35,0x39,0x34,0x20,0x2d,0x31,
  0x30,0x2e,0x35,0x38,0x35,0x39,0x34,0x2c,0x31,0x30,0x2e,0x35,0x38,0x35,0x39,0x34,
  0x20,0x2d,0x31,0x2e,0x34,0x31,0x34,0x30,0x36,0x2c,0x2d,0x31,0x2e,0x34,0x31,0x34,
  0x30,0x36,0x20,0x31,0x30,0x2e,0x35,0x38,0x35,0x39,0x34,0x2c,0x2d,0x31,0x30,0x2e,
  0x35,0x38,0x35,0x39,0x34,0x20,0x2d,0x31,0x30,0x2e,0x35,0x38,0x35,0x39,0x34,0x2c,
  0x2d,0x31,0x30,0x2e,0x35,0x38,0x35,0x39,0x34,0x20,0x31,0x2e,0x34,0x31,0x34,0x30,
  0x36,0x2c,0x2d,0x31,0x2e,0x34,0x31,0x34,0x30,0x36,0x20,0x31,0x30,0x2e,0x35,0x38,
  0x35,0x39,0x34,0x2c,0x31,0x30,0x2e,0x35,0x38,0x35,0x39,0x34,0x20,0x31,0x30,0x2e,
  0x35,0x38,0x35,0x39,0x34,0x2c,0x2d,0x31,0x30,0x2e,0x35,0x38,0x35,0x39,0x34,0x20,
  0x7a,0x22,0x2f,0x3e,0xa,0x20,0x20,0x3c,0x70,0x61,0x74,0x68,0x20,0x69,0x6e,0x6b,
  0x73,0x63,0x61,0x70,0x65,0x3a,0x63,0x6f,0x6e,0x6e,0x65,0x63,0x74,0x6f,0x72,0x2d,
  0x63,0x75,0x72,0x76,0x61,0x74,0x75,0x72,0x65,0x3d,0x22,0x30,0x22,0x20,0x73,0x74,
  0x79,0x6c,0x65,0x3d,0x22,0x66,0x69,0x6c,0x6c,0x3a,0x23,0x61,0x61,0x31,0x31,0x31,
  0x65,0x3b,0x73,0x74,0x72,0x6f,0x6b,0x65,0x2d,0x6c,0x69,0x6e,0x65,0x63,0x61,0x70,
  0x3a,0x73,0x71,0x75,0x61,0x72,0x65,0x3b,0x73,0x74,0x72,0x6f,0x6b,0x65,0x2d,0x77,
  0x69,0x64,0x74,0x68,0x3a,0x32,0x22,0x20,0x69,0x64,0x3d,0x22,0x72,0x65,0x63,0x74,
  0x34,0x31,0x38,0x36,0x2d,0x32,0x2d,0x31,0x2d,0x35,0x22,0x20,0x64,0x3d,0x22,0x6d,
  0x20,0x37,0x34,0x39,0x2e,0x38,0x35,0x37,0x31,0x38,0x2c,0x31,0x39,0x32,0x2e,0x39,
  0x33,0x33,0x36,0x31,0x20,0x30,0x2c,0x32,0x20,0x63,0x20,0x30,0x2c,0x37,0x20,0x31,
  0x30,0x2e,0x32,0x36,0x33,0x33,0x31,0x2c,0x31,0x36,0x2e,0x35,0x36,0x31,0x33,0x34,
  0x20,0x31,0x39,0x2c,0x32,0x30,0x2e,0x39,0x39,0x38,0x30,0x35,0x20,0x38,0x2e,0x37,
  0x33,0x36,0x36,0x39,0x2c,0x2d,0x34,0x2e,0x34,0x33,0x36,0x37,0x31,0x20,0x31,0x39,
  0x2c,0x2d,0x31,0x33,0x2e,0x39,0x39,0x38,0x30,0x35,0x20,0x31,0x39,0x2c,0x2d,0x32,
  0x30,0x2e,0x39,0x39,0x38,0x30,0x35,0x20,0x6c,0x20,0x30,0x2c,0x2d,0x32,0x20,0x63,
  0x20,0x30,0x2c,0x37,0x20,0x2d,0x31,0x30,0x2e,0x32,0x36,0x33,0x33,0x31,0x2c,0x31,
  0x36,0x2e,0x35,0x36,0x31,0x33,0x34,0x20,0x2d,0x31,0x39,0x2c,0x32,0x30,0x2e,0x39,
  0x39,0x38,0x30,0x35,0x20,0x2d,0x38,0x2e,0x37,0x33,0x36,0x36,0x39,0x2c,0x2d,0x34,
  0x2e,0x34,0x33,0x36,0x37,0x31,0x20,0x2d,0x31,0x39,0x2c,0x2d,0x31,0x33,0x2e,0x39,
  0x39,0x38,0x30,0x35,0x20,0x2d,0x31,0x39,0x2c,0x2d,0x32,0x30,0x2e,0x39,0x39,0x38,
  0x30,0x35,0x20,0x7a,0x22,0x2f,0x3e,0xa,0x20,0x3c,0x2f,0x67,0x3e,0xa,0x3c,0x2f,
  0x73,0x76,0x67,0x3e,0xa,
    // dialog-question.svg
  0x0,0x0,0x9,0xb8,
  0x3c,
  0x73,0x76,0x67,0x20,0x66,0x69,0x6c,0x6c,0x3d,0x22,0x6e,0x6f,0x6e,0x65,0x22,0x20,
  0x76,0x65,0x72,0x73,0x69,0x6f,0x6e,0x3d,0x22,0x31,0x2e,0x31,0x22,0x20,0x76,0x69,
  0x65,0x77,0x42,0x6f,0x78,0x3d,0x22,0x30,0x20,0x30,0x20,0x36,0x34,0x20,0x36,0x34,
  0x22,0x20,0x78,0x6d,0x6c,0x6e,0x73,0x3d,0x22,0x68,0x74,0x74,0x70,0x3a,0x2f,0x2f,
  0x77,0x77,0x77,0x2e,0x77,0x33,0x2e,0x6f,0x72,0x67,0x2f,0x32,0x30,0x30,0x30,0x2f,
  0x73,0x76,0x67,0x22,0x3e,0xa,0x20,0x20,0x20,0x20,0x3c,0x63,0x69,0x72,0x63,0x6c,
  0x65,0x20,0x63,0x78,0x3d,0x22,0x33,0x32,0x22,0x20,0x63,0x79,0x3d,0x22,0x33,0x33,
  0x22,0x20,0x72,0x3d,0x22,0x32,0x36,0x22,0x20,0x66,0x69,0x6c,0x6c,0x3d,0x22,0x75,
  0x72,0x6c,0x28,0x23,0x70,0x61,0x69,0x6e,0x74,0x30,0x5f,0x6c,0x69,0x6e,0x65,0x61,
  0x72,0x5f,0x31,0x37,0x30,0x30,0x5f,0x31,0x39,0x39,0x38,0x34,0x29,0x22,0x2f,0x3e,
  0xa,0x20,0x20,0x20,0x20,0x3c,0x63,0x69,0x72,0x63,0x6c,0x65,0x20,0x63,0x78,0x3d,
  0x22,0x33,0x32,0x22,0x20,0x63,0x79,0x3d,0x22,0x33,0x33,0x22,0x20,0x72,0x3d,0x22,
  0x32,0x36,0x22,0x20,0x66,0x69,0x6c,0x6c,0x3d,0x22,0x23,0x30,0x30,0x30,0x22,0x20,
  0x66,0x69,0x6c,0x6c,0x2d,0x6f,0x70,0x61,0x63,0x69,0x74,0x79,0x3d,0x22,0x2e,0x32,
  0x22,0x2f,0x3e,0xa,0x20,0x20,0x20,0x20,0x3c,0x63,0x69,0x72,0x63,0x6c,0x65,0x20,
  0x63,0x78,0x3d,0x22,0x33,0x32,0x22,0x20,0x63,0x79,0x3d,0x22,0x33,0x32,0x22,0x20,
  0x72,0x3d,0x22,0x32,0x36,0x22,0x20,0x66,0x69,0x6c,0x6c,0x3d,0x22,0x75,0x72,0x6c,
  0x28,0x23,0x70,0x61,0x69,0x6e,0x74,0x31,0x5f,0x6c,0x69,0x6e,0x65,0x61,0x72,0x5f,
  0x31,0x37,0x30,0x30,0x5f,0x31,0x39,0x39,0x38,0x34,0x29,0x22,0x2f,0x3e,0xa,0x20,
  0x20,0x20,0x20,0x3c,0x70,0x61,0x74,0x68,0x20,0x64,0x3d,0x22,0x6d,0x33,0x35,0x2e,
  0x36,0x30,0x34,0x31,0x20,0x35,0x37,0x2e,0x37,0x35,0x32,0x32,0x2d,0x36,0x2e,0x34,
  0x39,0x33,0x2d,0x36,0x2e,0x34,0x39,0x32,0x39,0x68,0x34,0x2e,0x38,0x31,0x34,0x38,
  0x76,0x2d,0x34,0x2e,0x38,0x31,0x34,0x38,0x6c,0x2d,0x34,0x2e,0x38,0x31,0x34,0x38,
  0x2d,0x34,0x2e,0x38,0x31,0x34,0x39,0x68,0x31,0x2e,0x39,0x32,0x35,0x39,0x76,0x2d,
  0x35,0x2e,0x37,0x37,0x37,0x37,0x6c,0x2d,0x31,0x31,0x2e,0x35,0x31,0x34,0x39,0x2d,
  0x31,0x31,0x2e,0x35,0x31,0x34,0x39,0x20,0x31,0x32,0x2e,0x34,0x37,0x37,0x39,0x2d,
  0x31,0x31,0x2e,0x35,0x39,0x36,0x33,0x20,0x31,0x31,0x2e,0x30,0x37,0x34,0x31,0x20,
  0x35,0x2e,0x32,0x39,0x36,0x33,0x20,0x31,0x34,0x2e,0x33,0x32,0x37,0x20,0x31,0x39,
  0x2e,0x35,0x33,0x36,0x39,0x63,0x2d,0x32,0x2e,0x33,0x30,0x30,0x37,0x20,0x31,0x30,
  0x2e,0x35,0x33,0x33,0x32,0x2d,0x31,0x30,0x2e,0x39,0x38,0x36,0x33,0x20,0x31,0x38,
  0x2e,0x36,0x37,0x39,0x32,0x2d,0x32,0x31,0x2e,0x37,0x39,0x37,0x20,0x32,0x30,0x2e,
  0x31,0x37,0x38,0x33,0x7a,0x22,0x20,0x63,0x6c,0x69,0x70,0x2d,0x72,0x75,0x6c,0x65,
  0x3d,0x22,0x65,0x76,0x65,0x6e,0x6f,0x64,0x64,0x22,0x20,0x66,0x69,0x6c,0x6c,0x3d,
  0x22,0x75,0x72,0x6c,0x28,0x23,0x70,0x61,0x69,0x6e,0x74,0x32,0x5f,0x6c,0x69,0x6e,
  0x65,0x61,0x72,0x5f,0x31,0x37,0x30,0x30,0x5f,0x31,0x39,0x39,0x38,0x34,0x29,0x22,
  0x20,0x66,0x69,0x6c,0x6c,0x2d,0x72,0x75,0x6c,0x65,0x3d,0x22,0x65,0x76,0x65,0x6e,
  0x6f,0x64,0x64,0x22,0x20,0x6f,0x70,0x61,0x63,0x69,0x74,0x79,0x3d,0x22,0x2e,0x32,
  0x22,0x2f,0x3e,0xa,0x20,0x20,0x20,0x20,0x3c,0x70,0x61,0x74,0x68,0x20,0x64,0x3d,
  0x22,0x6d,0x32,0x35,0x2e,0x33,0x37,0x30,0x34,0x20,0x32,0x34,0x2e,0x32,0x39,0x36,
  0x33,0x63,0x30,0x2d,0x32,0x2e,0x32,0x35,0x32,0x35,0x20,0x30,0x2e,0x37,0x36,0x30,
  0x33,0x2d,0x33,0x2e,0x35,0x31,0x30,0x36,0x20,0x31,0x2e,0x37,0x30,0x36,0x31,0x2d,
  0x34,0x2e,0x32,0x37,0x35,0x20,0x31,0x2e,0x30,0x34,0x34,0x32,0x2d,0x30,0x2e,0x38,
  0x34,0x33,0x39,0x20,0x32,0x2e,0x37,0x30,0x34,0x2d,0x31,0x2e,0x33,0x39,0x31,0x37,
  0x20,0x34,0x2e,0x39,0x32,0x33,0x35,0x2d,0x31,0x2e,0x33,0x39,0x31,0x37,0x20,0x32,
  0x2e,0x32,0x31,0x37,0x36,0x20,0x30,0x20,0x33,0x2e,0x39,0x33,0x34,0x20,0x30,0x2e,
  0x35,0x34,0x38,0x20,0x35,0x2e,0x30,0x31,0x35,0x33,0x20,0x31,0x2e,0x33,0x35,0x34,
  0x36,0x20,0x30,0x2e,0x39,0x37,0x38,0x34,0x20,0x30,0x2e,0x37,0x32,0x39,0x39,0x20,
  0x31,0x2e,0x36,0x31,0x34,0x33,0x20,0x31,0x2e,0x37,0x38,0x35,0x39,0x20,0x31,0x2e,
  0x36,0x31,0x34,0x33,0x20,0x33,0x2e,0x34,0x34,0x35,0x34,0x20,0x30,0x20,0x30,0x2e,
  0x39,0x31,0x33,0x37,0x2d,0x30,0x2e,0x33,0x30,0x34,0x39,0x20,0x31,0x2e,0x37,0x35,
  0x36,0x37,0x2d,0x30,0x2e,0x39,0x38,0x33,0x34,0x20,0x32,0x2e,0x37,0x35,0x32,0x2d,
  0x30,0x2e,0x36,0x33,0x35,0x32,0x20,0x30,0x2e,0x39,0x33,0x31,0x37,0x2d,0x31,0x2e,
  0x34,0x35,0x34,0x36,0x20,0x31,0x2e,0x38,0x30,0x36,0x34,0x2d,0x32,0x2e,0x34,0x39,
  0x37,0x36,0x20,0x32,0x2e,0x39,0x31,0x39,0x38,0x68,0x2d,0x31,0x65,0x2d,0x34,0x63,
  0x2d,0x30,0x2e,0x31,0x37,0x30,0x32,0x20,0x30,0x2e,0x31,0x38,0x31,0x38,0x2d,0x30,
  0x2e,0x33,0x34,0x36,0x35,0x20,0x30,0x2e,0x33,0x36,0x39,0x39,0x2d,0x30,0x2e,0x35,
  0x32,0x38,0x38,0x20,0x30,0x2e,0x35,0x36,0x35,0x36,0x2d,0x32,0x2e,0x34,0x34,0x34,
  0x37,0x20,0x32,0x2e,0x36,0x32,0x34,0x34,0x2d,0x35,0x2e,0x36,0x31,0x39,0x37,0x20,
  0x36,0x2e,0x32,0x33,0x35,0x34,0x2d,0x35,0x2e,0x36,0x31,0x39,0x37,0x20,0x31,0x31,
  0x2e,0x39,0x36,0x32,0x36,0x68,0x36,0x63,0x30,0x2d,0x33,0x2e,0x32,0x32,0x35,0x37,
  0x20,0x31,0x2e,0x36,0x33,0x39,0x38,0x2d,0x35,0x2e,0x33,0x32,0x38,0x35,0x20,0x34,
  0x2e,0x30,0x30,0x39,0x39,0x2d,0x37,0x2e,0x38,0x37,0x32,0x39,0x20,0x30,0x2e,0x31,
  0x35,0x31,0x38,0x2d,0x30,0x2e,0x31,0x36,0x32,0x39,0x20,0x30,0x2e,0x33,0x30,0x39,
  0x34,0x2d,0x30,0x2e,0x33,0x33,0x30,0x35,0x20,0x30,0x2e,0x34,0x37,0x31,0x32,0x2d,
  0x30,0x2e,0x35,0x30,0x32,0x36,0x20,0x31,0x2e,0x30,0x31,0x38,0x39,0x2d,0x31,0x2e,
  0x30,0x38,0x33,0x39,0x20,0x32,0x2e,0x32,0x30,0x32,0x31,0x2d,0x32,0x2e,0x33,0x34,
  0x32,0x34,0x20,0x33,0x2e,0x31,0x32,0x32,0x37,0x2d,0x33,0x2e,0x36,0x39,0x32,0x38,
  0x20,0x31,0x2e,0x31,0x32,0x37,0x2d,0x31,0x2e,0x36,0x35,0x33,0x32,0x20,0x32,0x2e,
  0x30,0x32,0x35,0x38,0x2d,0x33,0x2e,0x36,0x35,0x39,0x31,0x20,0x32,0x2e,0x30,0x32,
  0x35,0x38,0x2d,0x36,0x2e,0x31,0x33,0x31,0x37,0x20,0x30,0x2d,0x33,0x2e,0x35,0x34,
  0x30,0x34,0x2d,0x31,0x2e,0x35,0x31,0x39,0x37,0x2d,0x36,0x2e,0x33,0x38,0x34,0x34,
  0x2d,0x34,0x2e,0x30,0x32,0x36,0x36,0x2d,0x38,0x2e,0x32,0x35,0x34,0x36,0x2d,0x32,
  0x2e,0x34,0x30,0x33,0x39,0x2d,0x31,0x2e,0x37,0x39,0x33,0x33,0x2d,0x35,0x2e,0x35,
  0x30,0x32,0x33,0x2d,0x32,0x2e,0x35,0x34,0x35,0x34,0x2d,0x38,0x2e,0x36,0x30,0x33,
  0x2d,0x32,0x2e,0x35,0x34,0x35,0x34,0x2d,0x33,0x2e,0x30,0x39,0x38,0x38,0x20,0x30,
  0x2d,0x36,0x2e,0x32,0x35,0x33,0x38,0x20,0x30,0x2e,0x37,0x35,0x32,0x33,0x2d,0x38,
  0x2e,0x36,0x39,0x34,0x39,0x20,0x32,0x2e,0x37,0x32,0x35,0x31,0x2d,0x32,0x2e,0x35,
  0x33,0x39,0x34,0x20,0x32,0x2e,0x30,0x35,0x32,0x33,0x2d,0x33,0x2e,0x39,0x33,0x34,
  0x37,0x20,0x35,0x2e,0x31,0x32,0x37,0x35,0x2d,0x33,0x2e,0x39,0x33,0x34,0x37,0x20,
  0x38,0x2e,0x39,0x34,0x31,0x36,0x68,0x36,0x7a,0x6d,0x33,0x2e,0x36,0x32,0x39,0x36,
  0x20,0x32,0x31,0x2e,0x31,0x38,0x35,0x32,0x76,0x35,0x2e,0x37,0x37,0x37,0x38,0x68,
  0x36,0x76,0x2d,0x35,0x2e,0x37,0x37,0x37,0x38,0x68,0x2d,0x36,0x7a,0x22,0x20,0x63,
  0x6c,0x69,0x70,0x2d,0x72,0x75,0x6c,0x65,0x3d,0x22,0x65,0x76,0x65,0x6e,0x6f,0x64,
  0x64,0x22,0x20,0x66,0x69,0x6c,0x6c,0x3d,0x22,0x75,0x72,0x6c,0x28,0x23,0x70,0x61,
  0x69,0x6e,0x74,0x33,0x5f,0x6c,0x69,0x6e,0x65,0x61,0x72,0x5f,0x31,0x37,0x30,0x30,
  0x5f,0x31,0x39,0x39,0x38,0x34,0x29,0x22,0x20,0x66,0x69,0x6c,0x6c,0x2d,0x72,0x75,
  0x6c,0x65,0x3d,0x22,0x65,0x76,0x65,0x6e,0x6f,0x64,0x64,0x22,0x2f,0x3e,0xa,0x20,
  0x20,0x20,0x20,0x3c,0x64,0x65,0x66,0x73,0x3e,0xa,0x20,0x20,0x20,0x20,0x20,0x20,
  0x20,0x20,0x3c,0x6c,0x69,0x6e,0x65,0x61,0x72,0x47,0x72,0x61,0x64,0x69,0x65,0x6e,
  0x74,0x20,0x69,0x64,0x3d,0x22,0x70,0x61,0x69,0x6e,0x74,0x30,0x5f,0x6c,0x69,0x6e,
  0x65,0x61,0x72,0x5f,0x31,0x37,0x30,0x30,0x5f,0x31,0x39,0x39,0x38,0x34,0x22,0x20,
  0x78,0x31,0x3d,0x22,0x36,0x34,0x22,0x20,0x78,0x32,0x3d,0x22,0x32,0x2e,0x31,0x33,
  0x32,0x35,0x35,0x65,0x2d,0x36,0x22,0x20,0x79,0x31,0x3d,0x22,0x36,0x35,0x22,0x20,
  0x79,0x32,0x3d,0x22,0x2e,0x39,0x39,0x39,0x39,0x39,0x38,0x22,0x20,0x67,0x72,0x61,
  0x64,0x69,0x65,0x6e,0x74,0x55,0x6e,0x69,0x74,0x73,0x3d,0x22,0x75,0x73,0x65,0x72,
  0x53,0x70,0x61,0x63,0x65,0x4f,0x6e,0x55,0x73,0x65,0x22,0x3e,0xa,0x20,0x20,0x20,
  0x20,0x20,0x20,0x20,0x20,0x20,0x20,0x20,0x20,0x3c,0x73,0x74,0x6f,0x70,0x20,0x73,
  0x74,0x6f,0x70,0x2d,0x63,0x6f,0x6c,0x6f,0x72,0x3d,0x22,0x23,0x38,0x45,0x34,0x34,
  0x41,0x44,0x22,0x20,0x6f,0x66,0x66,0x73,0x65,0x74,0x3d,0x22,0x30,0x22,0x2f,0x3e,
  0xa,0x20,0x20,0x20,0x20,0x20,0x20,0x20,0x20,0x20,0x20,0x20,0x20,0x3c,0x73,0x74,
  0x6f,0x70,0x20,0x73,0x74,0x6f,0x70,0x2d,0x63,0x6f,0x6c,0x6f,0x72,0x3d,0x22,0x23,
  0x39,0x42,0x35,0x39,0x42,0x36,0x22,0x20,0x6f,0x66,0x66,0x73,0x65,0x74,0x3d,0x22,
  0x31,0x22,0x2f,0x3e,0xa,0x20,0x20,0x20,0x20,0x20,0x20,0x20,0x20,0x3c,0x2f,0x6c,
  0x69,0x6e,0x65,0x61,0x72,0x47,0x72,0x61,0x64,0x69,0x65,0x6e,0x74,0x3e,0xa,0x20,
  0x20,0x20,0x20,0x20,0x20,0x20,0x20,0x3c,0x6c,0x69,0x6e,0x65,0x61,0x72,0x47,0x72,
  0x61,0x64,0x69,0x65,0x6e,0x74,0x20,0x69,0x64,0x3d,0x22,0x70,0x61,0x69,0x6e,0x74,
  0x31,0x5f,0x6c,0x69,0x6e,0x65,0x61,0x72,0x5f,0x31,0x37,0x30,0x30,0x5f,0x31,0x39,
  0x39,0x38,0x34,0x22,0x20,0x78,0x31,0x3d,0x22,0x36,0x34,0x22,0x20,0x78,0x32,0x3d,
  0x22,0x32,0x2e,0x31,0x33,0x32,0x35,0x35,0x65,0x2d,0x36,0x22,0x20,0x79,0x31,0x3d,
  0x22,0x36,0x34,0x22,0x20,0x79,0x32,0x3d,0x22,0x2d,0x32,0x2e,0x31,0x33,0x32,0x35,
  0x35,0x65,0x2d,0x36,0x22,0x20,0x67,0x72,0x61,0x64,0x69,0x65,0x6e,0x74,0x55,0x6e,
  0x69,0x74,0x73,0x3d,0x22,0x75,0x73,0x65,0x72,0x53,0x70,0x61,0x63,0x65,0x4f,0x6e,
  0x55,0x73,0x65,0x22,0x3e,0xa,0x20,0x20,0x20,0x20,0x20,0x20,0x20,0x20,0x20,0x20,
  0x20,0x20,0x3c,0x73,0x74,0x6f,0x70,0x20,0x73,0x74,0x6f,0x70,0x2d,0x63,0x6f,0x6c,
  0x6f,0x72,0x3d,0x22,0x23,0x38,0x45,0x34,0x34,0x41,0x44,0x22,0x20,0x6f,0x66,0x66,
  0x73,0x65,0x74,0x3d,0x22,0x30,0x22,0x2f,0x3e,0xa,0x20,0x20,0x20,0x20,0x20,0x20,
  0x20,0x20,0x20,0x20,0x20,0x20,0x3c,0x73,0x74,0x6f,0x70,0x20,0x73,0x74,0x6f,0x70,
  0x2d,0x63,0x6f,0x6c,0x6f,0x72,0x3d,0x22,0x23,0x39,0x42,0x35,0x39,0x42,0x36,0x22,
  0x20,0x6f,0x66,0x66,0x73,0x65,0x74,0x3d,0x22,0x31,0x22,0x2f,0x3e,0xa,0x20,0x20,
  0x20,0x20,0x20,0x20,0x20,0x20,0x3c,0x2f,0x6c,0x69,0x6e,0x65,0x61,0x72,0x47,0x72,
  0x61,0x64,0x69,0x65,0x6e,0x74,0x3e,0xa,0x20,0x20,0x20,0x20,0x20,0x20,0x20,0x20,
  0x3c,0x6c,0x69,0x6e,0x65,0x61,0x72,0x47,0x72,0x61,0x64,0x69,0x65,0x6e,0x74,0x20,
  0x69,0x64,0x3d,0x22,0x70,0x61,0x69,0x6e,0x74,0x32,0x5f,0x6c,0x69,0x6e,0x65,0x61,
  0x72,0x5f,0x31,0x37,0x30,0x30,0x5f,0x31,0x39,0x39,0x38,0x34,0x22,0x20,0x78,0x31,
  0x3d,0x22,0x31,0x36,0x2e,0x35,0x39,0x31,0x33,0x22,0x20,0x78,0x32,0x3d,0x22,0x34,
  0x34,0x2e,0x33,0x33,0x37,0x31,0x22,0x20,0x79,0x31,0x3d,0x22,0x32,0x36,0x2e,0x38,
  0x38,0x33,0x38,0x22,0x20,0x79,0x32,0x3d,0x22,0x35,0x34,0x2e,0x36,0x34,0x32,0x31,
  0x22,0x20,0x67,0x72,0x61,0x64,0x69,0x65,0x6e,0x74,0x55,0x6e,0x69,0x74,0x73,0x3d,
  0x22,0x75,0x73,0x65,0x72,0x53,0x70,0x61,0x63,0x65,0x4f,0x6e,0x55,0x73,0x65,0x22,
  0x3e,0xa,0x20,0x20,0x20,0x20,0x20,0x20,0x20,0x20,0x20,0x20,0x20,0x20,0x3c,0x73,
  0x74,0x6f,0x70,0x20,0x73,0x74,0x6f,0x70,0x2d,0x6f,0x70,0x61,0x63,0x69,0x74,0x79,
  0x3d,0x22,0x2e,0x36,0x22,0x20,0x6f,0x66,0x66,0x73,0x65,0x74,0x3d,0x22,0x2e,0x34,
  0x39,0x37,0x34,0x39,0x39,0x22,0x2f,0x3e,0xa,0x20,0x20,0x20,0x20,0x20,0x20,0x20,
  0x20,0x20,0x20,0x20,0x20,0x3c,0x73,0x74,0x6f,0x70,0x20,0x73,0x74,0x6f,0x70,0x2d,
  0x6f,0x70,0x61,0x63,0x69,0x74,0x79,0x3d,0x22,0x30,0x22,0x20,0x6f,0x66,0x66,0x73,
  0x65,0x74,0x3d,0x22,0x2e,0x39,0x39,0x34,0x30,0x39,0x32,0x22,0x2f,0x3e,0xa,0x20,
  0x20,0x20,0x20,0x20,0x20,0x20,0x20,0x3c,0x2f,0x6c,0x69,0x6e,0x65,0x61,0x72,0x47,
  0x72,0x61,0x64,0x69,0x65,0x6e,0x74,0x3e,0xa,0x20,0x20,0x20,0x20,0x20,0x20,0x20,
  0x20,0x3c,0x6c,0x69,0x6e,0x65,0x61,0x72,0x47,0x72,0x61,0x64,0x69,0x65,0x6e,0x74,
  0x20,0x69,0x64,0x3d,0x22,0x70,0x61,0x69,0x6e,0x74,0x33,0x5f,0x6c,0x69,0x6e,0x65,
  0x61,0x72,0x5f,0x31,0x37,0x30,0x30,0x5f,0x31,0x39,0x39,0x38,0x34,0x22,0x20,0x78,
  0x31,0x3d,0x22,0x2d,0x32,0x33,0x2e,0x39,0x33,0x31,0x32,0x22,0x20,0x78,0x32,0x3d,
  0x22,0x2d,0x32,0x33,0x2e,0x39,0x33,0x31,0x32,0x22,0x20,0x79,0x31,0x3d,0x22,0x36,
  0x35,0x2e,0x32,0x36,0x32,0x35,0x22,0x20,0x79,0x32,0x3d,0x22,0x31,0x32,0x2e,0x36,
  0x32,0x39,0x36,0x22,0x20,0x67,0x72,0x61,0x64,0x69,0x65,0x6e,0x74,0x55,0x6e,0x69,
  0x74,0x73,0x3d,0x22,0x75,0x73,0x65,0x72,0x53,0x70,0x61,0x63,0x65,0x4f,0x6e,0x55,
  0x73,0x65,0x22,0x3e,0xa,0x20,0x20,0x20,0x20,0x20,0x20,0x20,0x20,0x20,0x20,0x20,
  0x20,0x3c,0x73,0x74,0x6f,0x70,0x20,0x73,0x74,0x6f,0x70,0x2d,0x63,0x6f,0x6c,0x6f,
  0x72,0x3d,0x22,0x23,0x45,0x32,0x44,0x42,0x45,0x36,0x22,0x20,0x6f,0x66,0x66,0x73,
  0x65,0x74,0x3d,0x22,0x30,0x22,0x2f,0x3e,0xa,0x20,0x20,0x20,0x20,0x20,0x20,0x20,
  0x20,0x20,0x20,0x20,0x20,0x3c,0x73,0x74,0x6f,0x70,0x20,0x73,0x74,0x6f,0x70,0x2d,
  0x63,0x6f,0x6c,0x6f,0x72,0x3d,0x22,0x23,0x66,0x66,0x66,0x22,0x20,0x6f,0x66,0x66,
  0x73,0x65,0x74,0x3d,0x22,0x31,0x22,0x2f,0x3e,0xa,0x20,0x20,0x20,0x20,0x20,0x20,
  0x20,0x20,0x3c,0x2f,0x6c,0x69,0x6e,0x65,0x61,0x72,0x47,0x72,0x61,0x64,0x69,0x65,
  0x6e,0x74,0x3e,0xa,0x20,0x20,0x20,0x20,0x3c,0x2f,0x64,0x65,0x66,0x73,0x3e,0xa,
  0x3c,0x2f,0x73,0x76,0x67,0x3e,0xa,
    // user-trash.svg
  0x0,0x0,0x5,0xcf,
  0x3c,
  0x3f,0x78,0x6d,0x6c,0x20,0x76,0x65,0x72,0x73,0x69,0x6f,0x6e,0x3d,0x22,0x31,0x2e,
  0x30,0x22,0x20,0x65,0x6e,0x63,0x6f,0x64,0x69,0x6e,0x67,0x3d,0x22,0x55,0x54,0x46,
  0x2d,0x38,0x22,0x3f,0x3e,0xa,0x3c,0x73,0x76,0x67,0x20,0x78,0x6d,0x6c,0x6e,0x73,
  0x3d,0x22,0x68,0x74,0x74,0x70,0x3a,0x2f,0x2f,0x77,0x77,0x77,0x2e,0x77,0x33,0x2e,
  0x6f,0x72,0x67,0x2f,0x32,0x30,0x30,0x30,0x2f,0x73,0x76,0x67,0x22,0x20,0x76,0x69,
  0x65,0x77,0x42,0x6f,0x78,0x3d,0x22,0x30,0x20,0x30,0x20,0x36,0x34,0x20,0x36,0x34,
  0x22,0x3e,0xa,0x20,0x20,0x3c,0x64,0x65,0x66,0x73,0x20,0x69,0x64,0x3d,0x22,0x64,
  0x65,0x66,0x73,0x33,0x30,0x35,0x31,0x22,0x3e,0xa,0x20,0x20,0x20,0x20,0x3c,0x73,
  0x74,0x79,0x6c,0x65,0x20,0x74,0x79,0x70,0x65,0x3d,0x22,0x74,0x65,0x78,0x74,0x2f,
  0x63,0x73,0x73,0x22,0x20,0x69,0x64,0x3d,0x22,0x63,0x75,0x72,0x72,0x65,0x6e,0x74,
  0x2d,0x63,0x6f,0x6c,0x6f,0x72,0x2d,0x73,0x63,0x68,0x65,0x6d,0x65,0x22,0x3e,0x2e,
  0x43,0x6f,0x6c,0x6f,0x72,0x53,0x63,0x68,0x65,0x6d,0x65,0x2d,0x41,0x63,0x63,0x65,
  0x6e,0x74,0x20,0x7b,0x20,0x63,0x6f,0x6c,0x6f,0x72,0x3a,0x20,0x23,0x33,0x64,0x61,
  0x65,0x65,0x39,0x3b,0x20,0x7d,0x20,0x2e,0x43,0x6f,0x6c,0x6f,0x72,0x53,0x63,0x68,
  0x65,0x6d,0x65,0x2d,0x54,0x65,0x78,0x74,0x20,0x7b,0x20,0x63,0x6f,0x6c,0x6f,0x72,
  0x3a,0x20,0x23,0x66,0x63,0x66,0x63,0x66,0x63,0x3b,0x20,0x7d,0x20,0x3c,0x2f,0x73,
  0x74,0x79,0x6c,0x65,0x3e,0xa,0x20,0x20,0x3c,0x2f,0x64,0x65,0x66,0x73,0x3e,0xa,
  0x20,0x20,0x3c,0x70,0x61,0x74,0x68,0x20,0x73,0x74,0x79,0x6c,0x65,0x3d,0x22,0x66,
  0x69,0x6c,0x6c,0x3a,0x23,0x61,0x37,0x61,0x66,0x62,0x34,0x22,0x20,0x64,0x3d,0x22,
  0x6d,0x20,0x32,0x34,0x2c,0x36,0x20,0x63,0x20,0x2d,0x31,0x2c,0x30,0x20,0x2d,0x32,
  0x2c,0x31,0x20,0x2d,0x32,0x2c,0x32,0x20,0x76,0x20,0x33,0x20,0x48,0x20,0x31,0x30,
  0x20,0x43,0x20,0x39,0x2c,0x31,0x31,0x20,0x38,0x2c,0x31,0x32,0x20,0x38,0x2c,0x31,
  0x34,0x2e,0x31,0x20,0x56,0x20,0x31,0x35,0x20,0x68,0x20,0x34,0x20,0x76,0x20,0x34,
  0x31,0x2e,0x36,0x20,0x63,0x20,0x30,0x2c,0x30,0x2e,0x38,0x20,0x30,0x2e,0x36,0x2c,
  0x31,0x2e,0x34,0x20,0x31,0x2e,0x35,0x2c,0x31,0x2e,0x34,0x20,0x68,0x20,0x33,0x37,
  0x20,0x63,0x20,0x30,0x2e,0x38,0x2c,0x30,0x20,0x31,0x2e,0x34,0x38,0x31,0x32,0x32,
  0x36,0x2c,0x2d,0x30,0x2e,0x36,0x30,0x30,0x32,0x32,0x20,0x31,0x2e,0x35,0x2c,0x2d,
  0x31,0x2e,0x34,0x20,0x56,0x20,0x31,0x35,0x20,0x68,0x20,0x34,0x20,0x76,0x20,0x2d,
  0x31,0x20,0x63,0x20,0x30,0x2c,0x2d,0x32,0x20,0x2d,0x31,0x2c,0x2d,0x33,0x20,0x2d,
  0x32,0x2c,0x2d,0x33,0x20,0x48,0x20,0x34,0x32,0x20,0x56,0x20,0x38,0x20,0x43,0x20,
  0x34,0x32,0x2c,0x37,0x20,0x34,0x31,0x2c,0x36,0x20,0x34,0x30,0x2c,0x36,0x20,0x5a,
  0x20,0x6d,0x20,0x31,0x2c,0x33,0x20,0x68,0x20,0x31,0x34,0x20,0x76,0x20,0x32,0x20,
  0x48,0x20,0x32,0x35,0x20,0x5a,0x22,0x2f,0x3e,0xa,0x20,0x20,0x3c,0x70,0x61,0x74,
  0x68,0x20,0x73,0x74,0x79,0x6c,0x65,0x3d,0x22,0x66,0x69,0x6c,0x6c,0x2d,0x6f,0x70,
  0x61,0x63,0x69,0x74,0x79,0x3a,0x30,0x2e,0x33,0x33,0x22,0x20,0x64,0x3d,0x22,0x4d,
  0x20,0x31,0x38,0x2e,0x35,0x2c,0x31,0x39,0x20,0x43,0x20,0x31,0x37,0x2e,0x36,0x2c,
  0x31,0x39,0x20,0x31,0x37,0x2c,0x31,0x39,0x2e,0x36,0x20,0x31,0x37,0x2c,0x32,0x30,
  0x2e,0x34,0x20,0x76,0x20,0x33,0x33,0x2e,0x32,0x20,0x63,0x20,0x30,0x2c,0x30,0x2e,
  0x38,0x20,0x30,0x2e,0x36,0x2c,0x31,0x2e,0x34,0x20,0x31,0x2e,0x35,0x2c,0x31,0x2e,
  0x34,0x20,0x30,0x2e,0x39,0x2c,0x30,0x20,0x31,0x2e,0x35,0x2c,0x2d,0x30,0x2e,0x36,
  0x20,0x31,0x2e,0x35,0x2c,0x2d,0x31,0x2e,0x34,0x20,0x56,0x20,0x32,0x30,0x2e,0x34,
  0x20,0x43,0x20,0x32,0x30,0x2c,0x31,0x39,0x2e,0x36,0x20,0x31,0x39,0x2e,0x33,0x33,
  0x31,0x2c,0x31,0x39,0x20,0x31,0x38,0x2e,0x35,0x2c,0x31,0x39,0x20,0x5a,0x20,0x6d,
  0x20,0x39,0x2c,0x30,0x20,0x43,0x20,0x32,0x36,0x2e,0x36,0x2c,0x31,0x39,0x20,0x32,
  0x36,0x2c,0x31,0x39,0x2e,0x36,0x20,0x32,0x36,0x2c,0x32,0x30,0x2e,0x34,0x20,0x76,
  0x20,0x33,0x33,0x2e,0x32,0x20,0x63,0x20,0x30,0x2c,0x30,0x2e,0x38,0x20,0x30,0x2e,
  0x36,0x2c,0x31,0x2e,0x34,0x20,0x31,0x2e,0x35,0x2c,0x31,0x2e,0x34,0x20,0x30,0x2e,
  0x39,0x2c,0x30,0x20,0x31,0x2e,0x35,0x2c,0x2d,0x30,0x2e,0x36,0x20,0x31,0x2e,0x35,
  0x2c,0x2d,0x31,0x2e,0x34,0x20,0x56,0x20,0x32,0x30,0x2e,0x34,0x20,0x43,0x20,0x32,
  0x39,0x2c,0x31,0x39,0x2e,0x36,0x20,0x32,0x38,0x2e,0x33,0x33,0x31,0x2c,0x31,0x39,
  0x20,0x32,0x37,0x2e,0x35,0x2c,0x31,0x39,0x20,0x5a,0x20,0x6d,0x20,0x39,0x2c,0x30,
  0x20,0x43,0x20,0x33,0x35,0x2e,0x36,0x2c,0x31,0x39,0x20,0x33,0x35,0x2c,0x31,0x39,
  0x2e,0x36,0x20,0x33,0x35,0x2c,0x32,0x30,0x2e,0x34,0x20,0x76,0x20,0x33,0x33,0x2e,
  0x32,0x20,0x63,0x20,0x30,0x2c,0x30,0x2e,0x38,0x20,0x30,0x2e,0x36,0x2c,0x31,0x2e,
  0x34,0x20,0x31,0x2e,0x35,0x2c,0x31,0x2e,0x34,0x20,0x30,0x2e,0x39,0x2c,0x30,0x20,
  0x31,0x2e,0x35,0x2c,0x2d,0x30,0x2e,0x36,0x20,0x31,0x2e,0x35,0x2c,0x2d,0x31,0x2e,
  0x34,0x20,0x56,0x20,0x32,0x30,0x2e,0x34,0x20,0x43,0x20,0x33,0x38,0x2c,0x31,0x39,
  0x2e,0x36,0x20,0x33,0x37,0x2e,0x33,0x33,0x31,0x2c,0x31,0x39,0x20,0x33,0x36,0x2e,
  0x35,0x2c,0x31,0x39,0x20,0x5a,0x20,0x6d,0x20,0x39,0x2c,0x30,0x20,0x43,0x20,0x34,
  0x34,0x2e,0x36,0x2c,0x31,0x39,0x20,0x34,0x34,0x2c,0x31,0x39,0x2e,0x36,0x20,0x34,
  0x34,0x2c,0x32,0x30,0x2e,0x34,0x20,0x76,0x20,0x33,0x33,0x2e,0x32,0x20,0x63,0x20,
  0x30,0x2c,0x30,0x2e,0x38,0x20,0x30,0x2e,0x36,0x2c,0x31,0x2e,0x34,0x20,0x31,0x2e,
  0x35,0x2c,0x31,0x2e,0x34,0x20,0x30,0x2e,0x39,0x2c,0x30,0x20,0x31,0x2e,0x35,0x2c,
  0x2d,0x30,0x2e,0x36,0x20,0x31,0x2e,0x35,0x2c,0x2d,0x31,0x2e,0x34,0x20,0x56,0x20,
  0x32,0x30,0x2e,0x34,0x20,0x43,0x20,0x34,0x37,0x2c,0x31,0x39,0x2e,0x36,0x20,0x34,
  0x36,0x2e,0x33,0x33,0x31,0x2c,0x31,0x39,0x20,0x34,0x35,0x2e,0x35,0x2c,0x31,0x39,
  0x20,0x5a,0x22,0x2f,0x3e,0xa,0x20,0x20,0x3c,0x70,0x61,0x74,0x68,0x20,0x73,0x74,
  0x79,0x6c,0x65,0x3d,0x22,0x66,0x69,0x6c,0x6c,0x2d,0x6f,0x70,0x61,0x63,0x69,0x74,
  0x79,0x3a,0x30,0x2e,0x33,0x33,0x22,0x20,0x64,0x3d,0x22,0x6d,0x20,0x31,0x32,0x2c,
  0x35,0x35,0x2e,0x35,0x20,0x76,0x20,0x31,0x20,0x63,0x20,0x30,0x2c,0x30,0x2e,0x38,
  0x20,0x30,0x2e,0x36,0x2c,0x31,0x2e,0x35,0x20,0x31,0x2e,0x35,0x2c,0x31,0x2e,0x35,
  0x20,0x68,0x20,0x33,0x37,0x20,0x63,0x20,0x30,0x2e,0x38,0x2c,0x30,0x20,0x31,0x2e,
  0x35,0x2c,0x2d,0x30,0x2e,0x36,0x20,0x31,0x2e,0x35,0x2c,0x2d,0x31,0x2e,0x35,0x20,
  0x76,0x20,0x2d,0x31,0x20,0x63,0x20,0x30,0x2c,0x30,0x2e,0x38,0x20,0x2d,0x30,0x2e,
  0x36,0x2c,0x31,0x2e,0x35,0x20,0x2d,0x31,0x2e,0x35,0x2c,0x31,0x2e,0x35,0x20,0x68,
  0x20,0x2d,0x33,0x37,0x20,0x43,0x20,0x31,0x32,0x2e,0x37,0x2c,0x35,0x37,0x20,0x31,
  0x32,0x2c,0x35,0x36,0x2e,0x34,0x20,0x31,0x32,0x2c,0x35,0x35,0x2e,0x35,0x20,0x5a,
  0x22,0x2f,0x3e,0xa,0x20,0x20,0x3c,0x70,0x61,0x74,0x68,0x20,0x73,0x74,0x79,0x6c,
  0x65,0x3d,0x22,0x66,0x69,0x6c,0x6c,0x2d,0x6f,0x70,0x61,0x63,0x69,0x74,0x79,0x3a,
  0x30,0x2e,0x33,0x33,0x22,0x20,0x64,0x3d,0x22,0x4d,0x20,0x32,0x34,0x2e,0x37,0x35,
  0x2c,0x38,0x20,0x43,0x20,0x32,0x34,0x2e,0x30,0x35,0x2c,0x38,0x20,0x32,0x34,0x2e,
  0x30,0x31,0x35,0x34,0x39,0x33,0x2c,0x38,0x2e,0x33,0x20,0x32,0x34,0x2c,0x38,0x2e,
  0x37,0x20,0x56,0x20,0x31,0x31,0x20,0x68,0x20,0x31,0x20,0x56,0x20,0x39,0x20,0x68,
  0x20,0x31,0x34,0x20,0x76,0x20,0x32,0x20,0x68,0x20,0x31,0x20,0x56,0x20,0x38,0x2e,
  0x38,0x20,0x43,0x20,0x34,0x30,0x2c,0x38,0x2e,0x34,0x20,0x33,0x39,0x2e,0x37,0x2c,
  0x38,0x20,0x33,0x39,0x2e,0x32,0x35,0x2c,0x38,0x20,0x5a,0x20,0x4d,0x20,0x38,0x2c,
  0x31,0x34,0x20,0x76,0x20,0x31,0x20,0x68,0x20,0x34,0x38,0x20,0x76,0x20,0x2d,0x31,
  0x20,0x7a,0x22,0x2f,0x3e,0xa,0x20,0x20,0x3c,0x70,0x61,0x74,0x68,0x20,0x73,0x74,
  0x79,0x6c,0x65,0x3d,0x22,0x66,0x69,0x6c,0x6c,0x3a,0x23,0x66,0x66,0x66,0x66,0x66,
  0x66,0x3b,0x66,0x69,0x6c,0x6c,0x2d,0x6f,0x70,0x61,0x63,0x69,0x74,0x79,0x3a,0x30,
  0x2e,0x32,0x22,0x20,0x64,0x3d,0x22,0x6d,0x20,0x31,0x32,0x2c,0x31,0x35,0x20,0x76,
  0x20,0x30,0x2e,0x35,0x20,0x4c,0x20,0x35,0x32,0x2c,0x31,0x36,0x20,0x76,0x20,0x2d,
  0x31,0x20,0x7a,0x22,0x2f,0x3e,0xa,0x3c,0x2f,0x73,0x76,0x67,0x3e,0xa,
    // video-display.svg
  0x0,0x0,0x6,0xad,
  0x0,
  0x0,0x22,0x66,0x78,0xda,0xcd,0x5a,0xc9,0x72,0xa3,0x48,0x10,0xbd,0xfb,0x2b,0x18,
  0x7c,0x69,0x47,0x8,0x54,0xfb,0xa2,0x96,0xdc,0x87,0x8e,0x98,0x89,0x39,0xcd,0x61,
  0xba,0x3f,0xa0,0x4,0x25,0x59,0xd1,0x32,0x38,0x10,0xde,0xe6,0xeb,0x27,0x8b,0x45,
  0x2,0x4b,0xd,0xa6,0xd,0x13,0x3,0x97,0x2,0x55,0x52,0x2f,0xf3,0xe5,0x46,0xa1,
  0xe5,0x97,0x97,0xfb,0xbd,0xf7,0x64,0xb3,0xc3,0x2e,0x4d,0x56,0x3e,0xe,0x91,0xef,
  0xd9,0x24,0x4a,0xe3,0x5d,0xb2,0x5d,0xf9,0xdf,0xbf,0xfd,0x1e,0x28,0xdf,0x3b,0xe4,
  0x26,0x89,0xcd,0x3e,0x4d,0xec,0xca,0x4f,0x52,0xff,0xcb,0xed,0xd5,0xd5,0xf2,0xb7,
  0x20,0xf0,0xbe,0x66,0xd6,0xe4,0x36,0xf6,0x9e,0x77,0xf9,0x9d,0xf7,0x67,0xf2,0xe3,
  0x10,0x99,0x7,0xeb,0x7d,0xba,0xcb,0xf3,0x87,0xc5,0x7c,0xfe,0xfc,0xfc,0x1c,0xee,
  0xaa,0x9b,0x61,0x9a,0x6d,0xe7,0x37,0x5e,0x10,0xdc,0x5e,0x2d,0xf,0x4f,0x5b,0x90,
  0x88,0xf3,0xbb,0x95,0x2f,0x98,0xdf,0x5c,0x1b,0xfb,0x1e,0xa0,0x49,0xe,0x2b,0xbf,
  0xf1,0x88,0x67,0x5a,0x8,0x13,0x84,0xd0,0x1c,0x44,0x7d,0xef,0xce,0xee,0xb6,0x77,
  0x79,0x29,0x5c,0x4c,0x5f,0xbc,0xec,0x61,0x9d,0x4b,0x42,0x58,0x6b,0x3d,0x2f,0x7e,
  0xad,0xa7,0xd6,0x80,0x5a,0xb3,0x5b,0x28,0x13,0x73,0x6f,0xf,0xf,0x26,0xb2,0x87,
  0x79,0x7d,0xdf,0xbf,0xbd,0xf2,0x96,0xb1,0xdd,0x1c,0xbc,0x5d,0xbc,0xf2,0xdd,0x80,
  0x33,0xce,0xdd,0x5d,0x6f,0x9,0xf,0xb7,0x26,0xfb,0x23,0x33,0xf1,0xce,0x26,0xb9,
  0x57,0x8b,0x2c,0xa2,0x74,0xbf,0xb7,0x11,0xc0,0x34,0xfb,0x67,0xf3,0x7a,0xf0,0xb,
  0xd1,0xf6,0x64,0x86,0xb9,0x2e,0x1e,0xe2,0x2d,0xf,0x79,0xfa,0x0,0x66,0x7e,0xdd,
  0x3,0x30,0x37,0xe,0x40,0x3c,0xcd,0x16,0xd7,0xc4,0x90,0x88,0x6c,0x4a,0x61,0x77,
  0x9f,0x61,0x81,0xfd,0x79,0x43,0x26,0xdd,0x6c,0xe,0x16,0x56,0xc1,0xfe,0x25,0x71,
  0x46,0x98,0x60,0xba,0x25,0x4e,0x4b,0xf1,0xe5,0xbc,0x8d,0xe5,0xc3,0xba,0x10,0xe,
  0x9e,0x53,0x98,0x7a,0x71,0x97,0xd9,0xcd,0xca,0xbf,0xbe,0xa0,0xac,0xf7,0x8a,0x57,
  0x3e,0xa7,0x22,0x94,0x1a,0x4e,0xb8,0x24,0x70,0x89,0x28,0x5c,0x82,0x97,0x6d,0xab,
  0x99,0xdf,0x93,0x5d,0xe,0x2e,0xf0,0x78,0xb0,0xd9,0xdf,0x8e,0x87,0xbf,0x92,0xef,
  0x7,0xb,0xcf,0x86,0xb9,0xe8,0x34,0xeb,0x5b,0x66,0x92,0xc3,0x26,0xcd,0xee,0x57,
  0xfe,0xbd,0xc9,0xb3,0xdd,0xcb,0x27,0xf0,0x5d,0x45,0xe1,0xc0,0x1e,0x82,0x13,0xae,
  0xb4,0x3b,0x89,0x17,0x50,0x16,0x22,0x26,0x39,0xf5,0x2,0xa6,0x61,0x29,0xad,0x91,
  0xba,0xa9,0xac,0xf0,0x21,0x8d,0x25,0xe9,0xd6,0x98,0x22,0x5a,0x69,0xcc,0x64,0x4b,
  0xe3,0x93,0x1,0x3e,0xae,0x33,0x16,0x70,0x48,0xf6,0x56,0x67,0xa1,0x60,0xcc,0x39,
  0x3e,0xe9,0x2c,0xc6,0xd0,0xd9,0xa9,0xd4,0xed,0xb1,0x91,0x88,0xe2,0x18,0x37,0x5c,
  0x8e,0x22,0x3e,0xc0,0x63,0x2d,0xb2,0xdc,0xca,0x96,0xb8,0x9c,0xc8,0x63,0xb9,0xc6,
  0x3d,0xba,0x48,0xab,0x36,0xda,0x36,0xc0,0x70,0x4d,0x7,0xe8,0xa2,0x58,0x64,0x63,
  0xde,0x12,0xe7,0x93,0xe9,0x22,0x3,0xde,0xed,0x8d,0x4e,0xdd,0xca,0x1b,0x71,0xd3,
  0x1b,0x99,0xd2,0xe3,0xc5,0x9f,0xc4,0x48,0xea,0xca,0x17,0x31,0x72,0x7,0xf8,0x22,
  0x63,0x21,0x95,0x88,0x8,0x18,0xc9,0x10,0x16,0xd6,0x98,0x8c,0xe1,0x8b,0x42,0xe1,
  0x6e,0x8d,0x85,0xe4,0x75,0xc6,0xe1,0xad,0xf8,0x23,0xa4,0xbe,0x7c,0x81,0x5f,0xa9,
  0x66,0x21,0x97,0x98,0xb1,0x77,0x99,0x80,0xa1,0xb3,0xd9,0x17,0x4d,0xa1,0xdd,0x21,
  0x6b,0x53,0x30,0xa2,0xb8,0x60,0x45,0x30,0x32,0x2e,0x9d,0x51,0x24,0xa,0x85,0xe2,
  0x88,0x8f,0x62,0x9,0xc9,0x7b,0x3c,0xd9,0x32,0xc3,0x45,0xdc,0x70,0x45,0x21,0xe5,
  0x0,0x4f,0x36,0x72,0x1d,0x4b,0xd5,0x12,0xd7,0x13,0x79,0xb2,0x50,0xba,0x87,0x55,
  0x45,0x4b,0xde,0x2e,0x30,0xd1,0xc5,0x1b,0xc1,0xef,0xe2,0x4d,0x6a,0x4e,0x18,0x6b,
  0xf1,0x26,0x81,0x37,0x18,0x4b,0x4a,0x74,0xcd,0x1b,0x16,0xe3,0x78,0x70,0x6f,0x36,
  0xa5,0x86,0xb4,0xd,0xaf,0x86,0x64,0x53,0x21,0x94,0x32,0xa6,0x25,0x3e,0x55,0x36,
  0x95,0x44,0x75,0xf3,0x26,0x9,0xb9,0x5c,0xff,0x9,0x6b,0x46,0x23,0x24,0xfc,0x21,
  0xac,0x52,0x19,0x32,0xad,0xa1,0xab,0xe9,0x2e,0x92,0x48,0x2a,0xa4,0xf8,0xdb,0x68,
  0xe4,0x34,0x64,0x90,0xfe,0xe4,0x31,0x1a,0x47,0x61,0xd5,0x29,0xda,0xcd,0xaa,0xe0,
  0x40,0x4b,0xb3,0xab,0x93,0x84,0xd,0xa9,0x2b,0x6b,0xa3,0xa2,0xb8,0x25,0x2e,0x26,
  0x62,0x55,0xb1,0x9e,0xae,0x4e,0x51,0x56,0xf1,0x76,0x1e,0x5f,0x9d,0xbc,0xa9,0x77,
  0x45,0x23,0xb0,0xa3,0xb8,0x7c,0x5b,0x50,0x88,0xc,0x5,0x47,0xba,0x8,0xcc,0xaa,
  0xa2,0xe0,0x31,0x98,0x73,0xca,0x74,0x33,0xa7,0xb4,0x89,0xd5,0xba,0x61,0x7a,0x45,
  0xc5,0x10,0xe6,0xc8,0x9a,0x46,0xb2,0x25,0xae,0xa6,0x8a,0x47,0xc5,0x7a,0xe2,0xd1,
  0xe5,0x95,0x22,0x1e,0x49,0xbb,0x3a,0x62,0xda,0xaa,0x8e,0x4a,0xe,0xaa,0x8e,0x78,
  0x78,0x75,0x24,0x92,0x43,0x48,0x8a,0x66,0x75,0xc4,0x2e,0xae,0x31,0x80,0x18,0x25,
  0x20,0x41,0xd3,0x9e,0xf2,0x88,0xd7,0x58,0xb4,0x2,0x52,0xa1,0x1,0xb4,0x6a,0xbd,
  0xde,0xb8,0xaa,0xd4,0x10,0x27,0x53,0xd1,0xaa,0x7b,0x5e,0x3a,0xa4,0x12,0x15,0xad,
  0x18,0x95,0x7d,0x5d,0xd1,0xe4,0x69,0x55,0x5e,0xc,0x2f,0x9c,0x54,0xff,0x2,0xa5,
  0xa7,0xde,0xef,0x48,0xe9,0xa8,0xbd,0x9f,0xd3,0xb2,0x9b,0x52,0xad,0x23,0xa6,0x64,
  0x8b,0x13,0x35,0x80,0xd2,0x35,0x8b,0x75,0xab,0xf5,0x97,0x1a,0x4d,0x95,0x63,0x51,
  0x4f,0xe5,0x54,0xa8,0xae,0x9c,0x8,0x9f,0x28,0x75,0x17,0x2,0xb,0xac,0x26,0xec,
  0x86,0x30,0x96,0x82,0x89,0xb3,0x86,0x9e,0x8b,0x90,0x6b,0xc1,0xf5,0xc8,0xa4,0x3a,
  0x3d,0x7b,0x5e,0xc8,0x78,0xcc,0xdb,0xf9,0x13,0xb1,0x41,0xed,0x90,0xd9,0xac,0x75,
  0x4b,0x7c,0xaa,0xc2,0x29,0xa5,0xe8,0x4b,0xbf,0xa8,0x24,0x95,0x69,0xde,0x24,0x95,
  0x35,0xe2,0x94,0xa8,0xa9,0x4a,0xea,0x71,0x8f,0x44,0x10,0xf0,0xa3,0xba,0xa2,0x4a,
  0x4,0x94,0x12,0x1d,0x12,0xa,0xc1,0x32,0x4e,0xe6,0x45,0x3d,0x8c,0x2,0x9d,0xeb,
  0x76,0x9c,0x49,0x32,0xa4,0xa0,0x52,0x1d,0x47,0xa8,0x25,0xce,0xa6,0xa,0x53,0xdc,
  0xc3,0xa8,0xc2,0xe8,0x97,0x5a,0x21,0x24,0xde,0xc5,0xdb,0x7f,0xfa,0x6e,0xed,0x74,
  0xe9,0x9,0xc5,0xcd,0x3a,0x8a,0x44,0x33,0x96,0xf0,0x20,0xe2,0xac,0x65,0x96,0xb6,
  0xc4,0x27,0x23,0x8e,0xb0,0x3e,0xe2,0xd4,0xaf,0xf5,0xb0,0xff,0x4b,0xe2,0xfa,0x7a,
  0x1d,0xc5,0x62,0x1e,0xb7,0x72,0x28,0x41,0x83,0x36,0xb5,0xc,0xbc,0x7f,0xb4,0xc4,
  0x7f,0xde,0xeb,0x2c,0xe7,0x6e,0xb3,0xdc,0xd,0xee,0x6d,0x6e,0x62,0x93,0x9b,0x42,
  0xae,0xbe,0xe0,0x8c,0x97,0x35,0x79,0xb9,0x3d,0x69,0xb9,0x37,0x6b,0xbb,0x5f,0xf9,
  0x5f,0xcd,0x83,0xf1,0xdc,0x3e,0x62,0x7d,0x7f,0x9b,0xa5,0x8f,0xf,0xf7,0x69,0xc,
  0x78,0xf6,0xe6,0xd5,0x66,0x95,0xfa,0x6e,0x8,0xd3,0xf2,0x73,0xcb,0x97,0x16,0xf7,
  0x2,0x2a,0x2b,0x9e,0x5c,0x37,0x52,0x6d,0x7d,0xdd,0x94,0x9b,0xf7,0xf,0x26,0xbf,
  0x6b,0xda,0x37,0x49,0xc0,0xbe,0x69,0x16,0x44,0x8f,0xd9,0x93,0xc9,0x1f,0x33,0x5b,
  0x6c,0x79,0x1d,0xad,0x90,0xa5,0x3f,0x6c,0x90,0x82,0x1b,0xec,0xf2,0xd7,0x5,0xbc,
  0xa6,0x72,0xe0,0x8f,0x7f,0xde,0xec,0xf6,0xfb,0xc5,0x63,0xb6,0xff,0x74,0x7d,0xbe,
  0x41,0x7c,0xf3,0xb9,0x92,0x2a,0x3e,0x78,0x2c,0x48,0x58,0xbd,0xcb,0x67,0xb0,0xe,
  0x23,0x1c,0x5c,0xc7,0x99,0xc3,0xab,0xdb,0x66,0x3a,0x3b,0x6e,0x55,0x79,0x68,0x6,
  0x39,0x99,0xc2,0x9,0x23,0x12,0x62,0x20,0x96,0x34,0x46,0x98,0xcd,0x40,0xbd,0x59,
  0x70,0xfa,0xa5,0x39,0xac,0x25,0xff,0xa9,0x98,0x71,0xcb,0xd5,0xdf,0x5c,0x38,0xe,
  0x5d,0xa7,0x56,0x6c,0xb3,0xb8,0xf6,0x9e,0xd4,0x4e,0xfc,0xea,0x6a,0x91,0xae,0x7b,
  0xff,0xfa,0x2b,0xb,0x85,0x72,0x20,0x89,0xa4,0x1f,0x30,0x3,0x47,0x9d,0x66,0xc0,
  0xb2,0xfe,0x26,0x31,0x88,0x8e,0x9f,0xae,0x57,0xec,0x85,0xde,0x94,0xb,0xb8,0x27,
  0x82,0x93,0x69,0xb7,0x39,0x5a,0x58,0x9a,0x2a,0x56,0x5b,0x1a,0x95,0xbe,0xa0,0xc0,
  0x60,0x94,0x7a,0x10,0x85,0x8a,0x12,0x59,0x99,0x95,0xd2,0x22,0x2e,0xeb,0x3b,0xff,
  0x8c,0xa,0x50,0x28,0x7c,0x53,0x98,0x2b,0xc8,0x1e,0xf7,0x76,0x61,0x9f,0x6c,0x92,
  0xc6,0x71,0x3,0x30,0x93,0x22,0xd0,0x35,0x60,0x68,0xf,0x2a,0xc0,0x58,0x15,0x80,
  0xa1,0x46,0x63,0x3c,0x83,0xbe,0x1a,0xd2,0x8a,0x63,0x1b,0xbc,0x5b,0x69,0x22,0x3d,
  0xb8,0x59,0x60,0xc7,0xbc,0x20,0x58,0x8f,0x8e,0x5a,0xf7,0xa1,0x56,0x1,0xbb,0x80,
  0xba,0xd8,0x5e,0x6,0x60,0x98,0x95,0x8e,0xe7,0x81,0x1e,0x14,0x6e,0xe3,0xd1,0xd,
  0x2b,0x89,0xea,0x81,0xa8,0x54,0x80,0xdc,0x17,0xcd,0x32,0xea,0x28,0xb9,0x60,0x5a,
  0x3d,0x3b,0x1a,0xd0,0x8d,0x91,0xd,0xc4,0xc8,0x30,0x15,0x43,0xdd,0x30,0x31,0xc0,
  0xa4,0x35,0x48,0x7c,0x74,0x58,0x68,0x7,0x71,0xe5,0xb0,0x1,0x81,0xf2,0x51,0x62,
  0x54,0x80,0x17,0x60,0xab,0xd9,0x44,0xbc,0x4b,0xc5,0x7a,0xd0,0x6a,0x12,0x88,0xb,
  0xe1,0xa5,0x2b,0x93,0x42,0xd2,0x82,0x2a,0x8,0x7,0x76,0x2e,0xa,0xbe,0x3b,0x36,
  0x40,0x4d,0xfa,0x0,0x9e,0xcc,0x79,0x39,0xfe,0xa1,0x73,0x86,0xda,0xaf,0xbd,0x32,
  0xae,0xb8,0x54,0xb4,0xcc,0xa2,0x65,0xad,0x46,0x13,0x80,0x86,0x97,0xbe,0x6e,0xd0,
  0x4,0xa1,0x0,0x9f,0x47,0x53,0x3,0x34,0x60,0x72,0x35,0xa2,0xc4,0x8,0xae,0x1a,
  0x60,0x51,0x99,0x39,0xa0,0xe0,0x20,0x63,0x5b,0x59,0x8a,0x3e,0xc0,0xe4,0x8,0x18,
  0x72,0x7a,0x88,0x9,0xc2,0x4d,0xc0,0x50,0x9f,0x38,0xbc,0x91,0x43,0x5,0xab,0x7c,
  0xa1,0x70,0x5c,0xb0,0xad,0x98,0xc6,0xc0,0xb8,0x17,0x2f,0x24,0xd9,0x80,0x1c,0x11,
  0xe3,0x37,0x26,0xd6,0x1e,0x9d,0x95,0x75,0x75,0x6c,0x64,0x84,0xf5,0x21,0x53,0x1,
  0x6e,0xd8,0x92,0x9d,0x21,0x83,0x90,0xf2,0x5a,0x1c,0x37,0xb,0x3c,0xa1,0x45,0x1e,
  0x10,0x55,0x81,0xd7,0xa2,0x51,0xe0,0x39,0x13,0x6f,0xb,0x7c,0x19,0x9b,0xe4,0x7d,
  0xf5,0xfd,0x5a,0x6b,0x83,0x8d,0xec,0xec,0x6a,0xaa,0x8f,0x9c,0xcb,0xf9,0xf6,0xf6,
  0x6a,0xe9,0xfe,0xb2,0x71,0x7b,0xf5,0x2f,0xf0,0x2d,0x7c,0x3b,
  
};

static const unsigned char qt_resource_name[] = {
  // icons
  0x0,0x5,
  0x0,0x6f,0xa6,0x53,
  0x0,0x69,
  0x0,0x63,0x0,0x6f,0x0,0x6e,0x0,0x73,
    // deskflow-dark
  0x0,0xd,
  0x3,0x37,0x93,0x4b,
  0x0,0x64,
  0x0,0x65,0x0,0x73,0x0,0x6b,0x0,0x66,0x0,0x6c,0x0,0x6f,0x0,0x77,0x0,0x2d,0x0,0x64,0x0,0x61,0x0,0x72,0x0,0x6b,
    // deskflow-light
  0x0,0xe,
  0x3,0x81,0x41,0x94,
  0x0,0x64,
  0x0,0x65,0x0,0x73,0x0,0x6b,0x0,0x66,0x0,0x6c,0x0,0x6f,0x0,0x77,0x0,0x2d,0x0,0x6c,0x0,0x69,0x0,0x67,0x0,0x68,0x0,0x74,
    // devices
  0x0,0x7,
  0xa,0xcc,0xf9,0x3,
  0x0,0x64,
  0x0,0x65,0x0,0x76,0x0,0x69,0x0,0x63,0x0,0x65,0x0,0x73,
    // index.theme
  0x0,0xb,
  0xb,0xba,0x81,0xb5,
  0x0,0x69,
  0x0,0x6e,0x0,0x64,0x0,0x65,0x0,0x78,0x0,0x2e,0x0,0x74,0x0,0x68,0x0,0x65,0x0,0x6d,0x0,0x65,
    // status
  0x0,0x6,
  0x7,0xaa,0x8b,0xc3,
  0x0,0x73,
  0x0,0x74,0x0,0x61,0x0,0x74,0x0,0x75,0x0,0x73,
    // actions
  0x0,0x7,
  0x7,0xab,0x6,0x93,
  0x0,0x61,
  0x0,0x63,0x0,0x74,0x0,0x69,0x0,0x6f,0x0,0x6e,0x0,0x73,
    // apps
  0x0,0x4,
  0x0,0x6,0x87,0x73,
  0x0,0x61,
  0x0,0x70,0x0,0x70,0x0,0x73,
    // 64
  0x0,0x2,
  0x0,0x0,0x3,0x94,
  0x0,0x36,
  0x0,0x34,
    // org.deskflow.deskflow-symbolic.svg
  0x0,0x22,
  0x2,0x97,0xaf,0xe7,
  0x0,0x6f,
  0x0,0x72,0x0,0x67,0x0,0x2e,0x0,0x64,0x0,0x65,0x0,0x73,0x0,0x6b,0x0,0x66,0x0,0x6c,0x0,0x6f,0x0,0x77,0x0,0x2e,0x0,0x64,0x0,0x65,0x0,0x73,0x0,0x6b,
  0x0,0x66,0x0,0x6c,0x0,0x6f,0x0,0x77,0x0,0x2d,0x0,0x73,0x0,0x79,0x0,0x6d,0x0,0x62,0x0,0x6f,0x0,0x6c,0x0,0x69,0x0,0x63,0x0,0x2e,0x0,0x73,0x0,0x76,
  0x0,0x67,
    // org.deskflow.deskflow.svg
  0x0,0x19,
  0x6,0x19,0x92,0xc7,
  0x0,0x6f,
  0x0,0x72,0x0,0x67,0x0,0x2e,0x0,0x64,0x0,0x65,0x0,0x73,0x0,0x6b,0x0,0x66,0x0,0x6c,0x0,0x6f,0x0,0x77,0x0,0x2e,0x0,0x64,0x0,0x65,0x0,0x73,0x0,0x6b,
  0x0,0x66,0x0,0x6c,0x0,0x6f,0x0,0x77,0x0,0x2e,0x0,0x73,0x0,0x76,0x0,0x67,
    // 16
  0x0,0x2,
  0x0,0x0,0x3,0x46,
  0x0,0x31,
  0x0,0x36,
    // 22
  0x0,0x2,
  0x0,0x0,0x3,0x52,
  0x0,0x32,
  0x0,0x32,
    // 24
  0x0,0x2,
  0x0,0x0,0x3,0x54,
  0x0,0x32,
  0x0,0x34,
    // 32
  0x0,0x2,
  0x0,0x0,0x3,0x62,
  0x0,0x33,
  0x0,0x32,
    // help-about.svg
  0x0,0xe,
  0xe,0xa1,0x2e,0x47,
  0x0,0x68,
  0x0,0x65,0x0,0x6c,0x0,0x70,0x0,0x2d,0x0,0x61,0x0,0x62,0x0,0x6f,0x0,0x75,0x0,0x74,0x0,0x2e,0x0,0x73,0x0,0x76,0x0,0x67,
    // go-up.svg
  0x0,0x9,
  0x4,0xc3,0x86,0x87,
  0x0,0x67,
  0x0,0x6f,0x0,0x2d,0x0,0x75,0x0,0x70,0x0,0x2e,0x0,0x73,0x0,0x76,0x0,0x67,
    // configure.svg
  0x0,0xd,
  0x8,0x51,0xc4,0xa7,
  0x0,0x63,
  0x0,0x6f,0x0,0x6e,0x0,0x66,0x0,0x69,0x0,0x67,0x0,0x75,0x0,0x72,0x0,0x65,0x0,0x2e,0x0,0x73,0x0,0x76,0x0,0x67,
    // view-refresh.svg
  0x0,0x10,
  0x8,0x15,0x1e,0xe7,
  0x0,0x76,
  0x0,0x69,0x0,0x65,0x0,0x77,0x0,0x2d,0x0,0x72,0x0,0x65,0x0,0x66,0x0,0x72,0x0,0x65,0x0,0x73,0x0,0x68,0x0,0x2e,0x0,0x73,0x0,0x76,0x0,0x67,
    // system-search.svg
  0x0,0x11,
  0xe,0xfe,0x47,0x67,
  0x0,0x73,
  0x0,0x79,0x0,0x73,0x0,0x74,0x0,0x65,0x0,0x6d,0x0,0x2d,0x0,0x73,0x0,0x65,0x0,0x61,0x0,0x72,0x0,0x63,0x0,0x68,0x0,0x2e,0x0,0x73,0x0,0x76,0x0,0x67,
  
    // application-exit.svg
  0x0,0x14,
  0x7,0x40,0xaf,0x47,
  0x0,0x61,
  0x0,0x70,0x0,0x70,0x0,0x6c,0x0,0x69,0x0,0x63,0x0,0x61,0x0,0x74,0x0,0x69,0x0,0x6f,0x0,0x6e,0x0,0x2d,0x0,0x65,0x0,0x78,0x0,0x69,0x0,0x74,0x0,0x2e,
  0x0,0x73,0x0,0x76,0x0,0x67,
    // document-save-as.svg
  0x0,0x14,
  0xb,0xa9,0xa6,0xa7,
  0x0,0x64,
  0x0,0x6f,0x0,0x63,0x0,0x75,0x0,0x6d,0x0,0x65,0x0,0x6e,0x0,0x74,0x0,0x2d,0x0,0x73,0x0,0x61,0x0,0x76,0x0,0x65,0x0,0x2d,0x0,0x61,0x0,0x73,0x0,0x2e,
  0x0,0x73,0x0,0x76,0x0,0x67,
    // dialog-ok.svg
  0x0,0xd,
  0x9,0xae,0x30,0x27,
  0x0,0x64,
  0x0,0x69,0x0,0x61,0x0,0x6c,0x0,0x6f,0x0,0x67,0x0,0x2d,0x0,0x6f,0x0,0x6b,0x0,0x2e,0x0,0x73,0x0,0x76,0x0,0x67,
    // document-open.svg
  0x0,0x11,
  0x1,0xa6,0xc9,0x7,
  0x0,0x64,
  0x0,0x6f,0x0,0x63,0x0,0x75,0x0,0x6d,0x0,0x65,0x0,0x6e,0x0,0x74,0x0,0x2d,0x0,0x6f,0x0,0x70,0x0,0x65,0x0,0x6e,0x0,0x2e,0x0,0x73,0x0,0x76,0x0,0x67,
  
    // dialog-cancel.svg
  0x0,0x11,
  0x3,0x53,0x8a,0x87,
  0x0,0x64,
  0x0,0x69,0x0,0x61,0x0,0x6c,0x0,0x6f,0x0,0x67,0x0,0x2d,0x0,0x63,0x0,0x61,0x0,0x6e,0x0,0x63,0x0,0x65,0x0,0x6c,0x0,0x2e,0x0,0x73,0x0,0x76,0x0,0x67,
  
    // go-down.svg
  0x0,0xb,
  0x6,0x3d,0x1d,0xa7,
  0x0,0x67,
  0x0,0x6f,0x0,0x2d,0x0,0x64,0x0,0x6f,0x0,0x77,0x0,0x6e,0x0,0x2e,0x0,0x73,0x0,0x76,0x0,0x67,
    // dialog-ok-apply.svg
  0x0,0x13,
  0x4,0x68,0xff,0xc7,
  0x0,0x64,
  0x0,0x69,0x0,0x61,0x0,0x6c,0x0,0x6f,0x0,0x67,0x0,0x2d,0x0,0x6f,0x0,0x6b,0x0,0x2d,0x0,0x61,0x0,0x70,0x0,0x70,0x0,0x6c,0x0,0x79,0x0,0x2e,0x0,0x73,
  0x0,0x76,0x0,0x67,
    // process-stop.svg
  0x0,0x10,
  0x8,0xea,0xf6,0xe7,
  0x0,0x70,
  0x0,0x72,0x0,0x6f,0x0,0x63,0x0,0x65,0x0,0x73,0x0,0x73,0x0,0x2d,0x0,0x73,0x0,0x74,0x0,0x6f,0x0,0x70,0x0,0x2e,0x0,0x73,0x0,0x76,0x0,0x67,
    // document-edit.svg
  0x0,0x11,
  0xc,0x20,0xd6,0xa7,
  0x0,0x64,
  0x0,0x6f,0x0,0x63,0x0,0x75,0x0,0x6d,0x0,0x65,0x0,0x6e,0x0,0x74,0x0,0x2d,0x0,0x65,0x0,0x64,0x0,0x69,0x0,0x74,0x0,0x2e,0x0,0x73,0x0,0x76,0x0,0x67,
  
    // fingerprint.svg
  0x0,0xf,
  0x9,0xef,0xc1,0xc7,
  0x0,0x66,
  0x0,0x69,0x0,0x6e,0x0,0x67,0x0,0x65,0x0,0x72,0x0,0x70,0x0,0x72,0x0,0x69,0x0,0x6e,0x0,0x74,0x0,0x2e,0x0,0x73,0x0,0x76,0x0,0x67,
    // system-run.svg
  0x0,0xe,
  0x9,0x14,0x3c,0x87,
  0x0,0x73,
  0x0,0x79,0x0,0x73,0x0,0x74,0x0,0x65,0x0,0x6d,0x0,0x2d,0x0,0x72,0x0,0x75,0x0,0x6e,0x0,0x2e,0x0,0x73,0x0,0x76,0x0,0x67,
    // view-close.svg
  0x0,0xe,
  0x9,0x4,0x29,0x87,
  0x0,0x76,
  0x0,0x69,0x0,0x65,0x0,0x77,0x0,0x2d,0x0,0x63,0x0,0x6c,0x0,0x6f,0x0,0x73,0x0,0x65,0x0,0x2e,0x0,0x73,0x0,0x76,0x0,0x67,
    // edit-copy.svg
  0x0,0xd,
  0x1,0x1c,0xbc,0x27,
  0x0,0x65,
  0x0,0x64,0x0,0x69,0x0,0x74,0x0,0x2d,0x0,0x63,0x0,0x6f,0x0,0x70,0x0,0x79,0x0,0x2e,0x0,0x73,0x0,0x76,0x0,0x67,
    // network-connect.svg
  0x0,0x13,
  0x4,0xc4,0x9,0xc7,
  0x0,0x6e,
  0x0,0x65,0x0,0x74,0x0,0x77,0x0,0x6f,0x0,0x72,0x0,0x6b,0x0,0x2d,0x0,0x63,0x0,0x6f,0x0,0x6e,0x0,0x6e,0x0,0x65,0x0,0x63,0x0,0x74,0x0,0x2e,0x0,0x73,
  0x0,0x76,0x0,0x67,
    // window-restore-pip.svg
  0x0,0x16,
  0xf,0xc8,0x6b,0x27,
  0x0,0x77,
  0x0,0x69,0x0,0x6e,0x0,0x64,0x0,0x6f,0x0,0x77,0x0,0x2d,0x0,0x72,0x0,0x65,0x0,0x73,0x0,0x74,0x0,0x6f,0x0,0x72,0x0,0x65,0x0,0x2d,0x0,0x70,0x0,0x69,
  0x0,0x70,0x0,0x2e,0x0,0x73,0x0,0x76,0x0,0x67,
    // network-disconnect.svg
  0x0,0x16,
  0x3,0xa,0xfb,0x67,
  0x0,0x6e,
  0x0,0x65,0x0,0x74,0x0,0x77,0x0,0x6f,0x0,0x72,0x0,0x6b,0x0,0x2d,0x0,0x64,0x0,0x69,0x0,0x73,0x0,0x63,0x0,0x6f,0x0,0x6e,0x0,0x6e,0x0,0x65,0x0,0x63,
  0x0,0x74,0x0,0x2e,0x0,0x73,0x0,0x76,0x0,0x67,
    // tools-report-bug.svg
  0x0,0x14,
  0x8,0xda,0xdb,0x27,
  0x0,0x74,
  0x0,0x6f,0x0,0x6f,0x0,0x6c,0x0,0x73,0x0,0x2d,0x0,0x72,0x0,0x65,0x0,0x70,0x0,0x6f,0x0,0x72,0x0,0x74,0x0,0x2d,0x0,0x62,0x0,0x75,0x0,0x67,0x0,0x2e,
  0x0,0x73,0x0,0x76,0x0,0x67,
    // window-minimize-pip.svg
  0x0,0x17,
  0xc,0x1,0xb6,0xc7,
  0x0,0x77,
  0x0,0x69,0x0,0x6e,0x0,0x64,0x0,0x6f,0x0,0x77,0x0,0x2d,0x0,0x6d,0x0,0x69,0x0,0x6e,0x0,0x69,0x0,0x6d,0x0,0x69,0x0,0x7a,0x0,0x65,0x0,0x2d,0x0,0x70,
  0x0,0x69,0x0,0x70,0x0,0x2e,0x0,0x73,0x0,0x76,0x0,0x67,
    // edit-clear-all.svg
  0x0,0x12,
  0xa,0x94,0x4c,0x67,
  0x0,0x65,
  0x0,0x64,0x0,0x69,0x0,0x74,0x0,0x2d,0x0,0x63,0x0,0x6c,0x0,0x65,0x0,0x61,0x0,0x72,0x0,0x2d,0x0,0x61,0x0,0x6c,0x0,0x6c,0x0,0x2e,0x0,0x73,0x0,0x76,
  0x0,0x67,
    // software-updates-release.svg
  0x0,0x1c,
  0x3,0x15,0xb,0x67,
  0x0,0x73,
  0x0,0x6f,0x0,0x66,0x0,0x74,0x0,0x77,0x0,0x61,0x0,0x72,0x0,0x65,0x0,0x2d,0x0,0x75,0x0,0x70,0x0,0x64,0x0,0x61,0x0,0x74,0x0,0x65,0x0,0x73,0x0,0x2d,
  0x0,0x72,0x0,0x65,0x0,0x6c,0x0,0x65,0x0,0x61,0x0,0x73,0x0,0x65,0x0,0x2e,0x0,0x73,0x0,0x76,0x0,0x67,
    // dialog-positive.svg
  0x0,0x13,
  0x3,0xca,0x4e,0x67,
  0x0,0x64,
  0x0,0x69,0x0,0x61,0x0,0x6c,0x0,0x6f,0x0,0x67,0x0,0x2d,0x0,0x70,0x0,0x6f,0x0,0x73,0x0,0x69,0x0,0x74,0x0,0x69,0x0,0x76,0x0,0x65,0x0,0x2e,0x0,0x73,
  0x0,0x76,0x0,0x67,
    // dialog-error.svg
  0x0,0x10,
  0xf,0xcb,0x9d,0xe7,
  0x0,0x64,
  0x0,0x69,0x0,0x61,0x0,0x6c,0x0,0x6f,0x0,0x67,0x0,0x2d,0x0,0x65,0x0,0x72,0x0,0x72,0x0,0x6f,0x0,0x72,0x0,0x2e,0x0,0x73,0x0,0x76,0x0,0x67,
    // security-medium.svg
  0x0,0x13,
  0x1,0x4f,0xa,0x47,
  0x0,0x73,
  0x0,0x65,0x0,0x63,0x0,0x75,0x0,0x72,0x0,0x69,0x0,0x74,0x0,0x79,0x0,0x2d,0x0,0x6d,0x0,0x65,0x0,0x64,0x0,0x69,0x0,0x75,0x0,0x6d,0x0,0x2e,0x0,0x73,
  0x0,0x76,0x0,0x67,
    // dialog-information.svg
  0x0,0x16,
  0xb,0xee,0xa6,0xa7,
  0x0,0x64,
  0x0,0x69,0x0,0x61,0x0,0x6c,0x0,0x6f,0x0,0x67,0x0,0x2d,0x0,0x69,0x0,0x6e,0x0,0x66,0x0,0x6f,0x0,0x72,0x0,0x6d,0x0,0x61,0x0,0x74,0x0,0x69,0x0,0x6f,
  0x0,0x6e,0x0,0x2e,0x0,0x73,0x0,0x76,0x0,0x67,
    // dialog-warning.svg
  0x0,0x12,
  0x2,0x6f,0x45,0x7,
  0x0,0x64,
  0x0,0x69,0x0,0x61,0x0,0x6c,0x0,0x6f,0x0,0x67,0x0,0x2d,0x0,0x77,0x0,0x61,0x0,0x72,0x0,0x6e,0x0,0x69,0x0,0x6e,0x0,0x67,0x0,0x2e,0x0,0x73,0x0,0x76,
  0x0,0x67,
    // security-high.svg
  0x0,0x11,
  0xc,0x2a,0xb6,0x27,
  0x0,0x73,
  0x0,0x65,0x0,0x63,0x0,0x75,0x0,0x72,0x0,0x69,0x0,0x74,0x0,0x79,0x0,0x2d,0x0,0x68,0x0,0x69,0x0,0x67,0x0,0x68,0x0,0x2e,0x0,0x73,0x0,0x76,0x0,0x67,
  
    // security-low.svg
  0x0,0x10,
  0xa,0x59,0x45,0xe7,
  0x0,0x73,
  0x0,0x65,0x0,0x63,0x0,0x75,0x0,0x72,0x0,0x69,0x0,0x74,0x0,0x79,0x0,0x2d,0x0,0x6c,0x0,0x6f,0x0,0x77,0x0,0x2e,0x0,0x73,0x0,0x76,0x0,0x67,
    // dialog-question.svg
  0x0,0x13,
  0xe,0xd6,0x1a,0x47,
  0x0,0x64,
  0x0,0x69,0x0,0x61,0x0,0x6c,0x0,0x6f,0x0,0x67,0x0,0x2d,0x0,0x71,0x0,0x75,0x0,0x65,0x0,0x73,0x0,0x74,0x0,0x69,0x0,0x6f,0x0,0x6e,0x0,0x2e,0x0,0x73,
  0x0,0x76,0x0,0x67,
    // video-display.svg
  0x0,0x11,
  0x7,0x11,0xa5,0x27,
  0x0,0x76,
  0x0,0x69,0x0,0x64,0x0,0x65,0x0,0x6f,0x0,0x2d,0x0,0x64,0x0,0x69,0x0,0x73,0x0,0x70,0x0,0x6c,0x0,0x61,0x0,0x79,0x0,0x2e,0x0,0x73,0x0,0x76,0x0,0x67,
  
    // places
  0x0,0x6,
  0x7,0x72,0x79,0xc3,
  0x0,0x70,
  0x0,0x6c,0x0,0x61,0x0,0x63,0x0,0x65,0x0,0x73,
    // user-trash.svg
  0x0,0xe,
  0xb,0x11,0xd2,0xe7,
  0x0,0x75,
  0x0,0x73,0x0,0x65,0x0,0x72,0x0,0x2d,0x0,0x74,0x0,0x72,0x0,0x61,0x0,0x73,0x0,0x68,0x0,0x2e,0x0,0x73,0x0,0x76,0x0,0x67,
  
};

static const unsigned char qt_resource_struct[] = {
  // :
  0x0,0x0,0x0,0x0,0x0,0x2,0x0,0x0,0x0,0x1,0x0,0x0,0x0,0x1,
0x0,0x0,0x0,0x0,0x0,0x0,0x0,0x0,
  // :/icons
  0x0,0x0,0x0,0x0,0x0,0x2,0x0,0x0,0x0,0x2,0x0,0x0,0x0,0x2,
0x0,0x0,0x0,0x0,0x0,0x0,0x0,0x0,
  // :/icons/deskflow-dark
  0x0,0x0,0x0,0x10,0x0,0x2,0x0,0x0,0x0,0x6,0x0,0x0,0x0,0x64,
0x0,0x0,0x0,0x0,0x0,0x0,0x0,0x0,
  // :/icons/deskflow-light
  0x0,0x0,0x0,0x30,0x0,0x2,0x0,0x0,0x0,0x5,0x0,0x0,0x0,0x4,
0x0,0x0,0x0,0x0,0x0,0x0,0x0,0x0,
  // :/icons/deskflow-light/apps
  0x0,0x0,0x0,0xa8,0x0,0x2,0x0,0x0,0x0,0x1,0x0,0x0,0x0,0x61,
0x0,0x0,0x0,0x0,0x0,0x0,0x0,0x0,
  // :/icons/deskflow-light/status
  0x0,0x0,0x0,0x82,0x0,0x2,0x0,0x0,0x0,0x2,0x0,0x0,0x0,0x56,
0x0,0x0,0x0,0x0,0x0,0x0,0x0,0x0,
  // :/icons/deskflow-light/actions
  0x0,0x0,0x0,0x94,0x0,0x2,0x0,0x0,0x0,0x4,0x0,0x0,0x0,0xb,
0x0,0x0,0x0,0x0,0x0,0x0,0x0,0x0,
  // :/icons/deskflow-light/devices
  0x0,0x0,0x0,0x52,0x0,0x2,0x0,0x0,0x0,0x1,0x0,0x0,0x0,0x9,
0x0,0x0,0x0,0x0,0x0,0x0,0x0,0x0,
  // :/icons/deskflow-light/index.theme
  0x0,0x0,0x0,0x66,0x0,0x1,0x0,0x0,0x0,0x1,0x0,0x0,0x0,0x0,
0x0,0x0,0x1,0x9d,0x9a,0x2a,0xf5,0x1e,
  // :/icons/deskflow-light/devices/64
  0x0,0x0,0x0,0xb6,0x0,0x2,0x0,0x0,0x0,0x1,0x0,0x0,0x0,0xa,
0x0,0x0,0x0,0x0,0x0,0x0,0x0,0x0,
  // :/icons/deskflow-light/devices/64/video-display.svg
  0x0,0x0,0x6,0xaa,0x0,0x1,0x0,0x0,0x0,0x1,0x0,0x1,0x40,0x2a,
0x0,0x0,0x1,0x9d,0x9a,0x2a,0xf8,0xe0,
  // :/icons/deskflow-light/actions/16
  0x0,0x0,0x1,0x42,0x0,0x2,0x0,0x0,0x0,0x13,0x0,0x0,0x0,0x43,
0x0,0x0,0x0,0x0,0x0,0x0,0x0,0x0,
  // :/icons/deskflow-light/actions/22
  0x0,0x0,0x1,0x4c,0x0,0x2,0x0,0x0,0x0,0x14,0x0,0x0,0x0,0x2f,
0x0,0x0,0x0,0x0,0x0,0x0,0x0,0x0,
  // :/icons/deskflow-light/actions/24
  0x0,0x0,0x1,0x56,0x0,0x2,0x0,0x0,0x0,0x14,0x0,0x0,0x0,0x1b,
0x0,0x0,0x0,0x0,0x0,0x0,0x0,0x0,
  // :/icons/deskflow-light/actions/32
  0x0,0x0,0x1,0x60,0x0,0x2,0x0,0x0,0x0,0xc,0x0,0x0,0x0,0xf,
0x0,0x0,0x0,0x0,0x0,0x0,0x0,0x0,
  // :/icons/deskflow-light/actions/32/document-open.svg
  0x0,0x0,0x2,0x8e,0x0,0x0,0x0,0x0,0x0,0x1,0x0,0x0,0x32,0xdb,
0x0,0x0,0x1,0x9d,0x9a,0x2a,0xf8,0x5f,
  // :/icons/deskflow-light/actions/32/dialog-cancel.svg
  0x0,0x0,0x2,0xb6,0x0,0x0,0x0,0x0,0x0,0x1,0x0,0x0,0x35,0xa0,
0x0,0x0,0x1,0x9d,0x9a,0x2a,0xf8,0x34,
  // :/icons/deskflow-light/actions/32/dialog-ok-apply.svg
  0x0,0x0,0x2,0xfa,0x0,0x0,0x0,0x0,0x0,0x1,0x0,0x0,0x39,0xd1,
0x0,0x0,0x1,0x9d,0x9a,0x2a,0xf8,0x45,
  // :/icons/deskflow-light/actions/32/go-up.svg
  0x0,0x0,0x1,0x8c,0x0,0x0,0x0,0x0,0x0,0x1,0x0,0x0,0x22,0x0,
0x0,0x0,0x1,0x9d,0x9a,0x2a,0xf8,0x82,
  // :/icons/deskflow-light/actions/32/go-down.svg
  0x0,0x0,0x2,0xde,0x0,0x0,0x0,0x0,0x0,0x1,0x0,0x0,0x38,0x81,
0x0,0x0,0x1,0x9d,0x9a,0x2a,0xf8,0x78,
  // :/icons/deskflow-light/actions/32/application-exit.svg
  0x0,0x0,0x2,0x12,0x0,0x0,0x0,0x0,0x0,0x1,0x0,0x0,0x2c,0xb9,
0x0,0x0,0x1,0x9d,0x9a,0x2a,0xf8,0x25,
  // :/icons/deskflow-light/actions/32/view-refresh.svg
  0x0,0x0,0x1,0xc4,0x0,0x0,0x0,0x0,0x0,0x1,0x0,0x0,0x26,0x2a,
0x0,0x0,0x1,0x9d,0x9a,0x2a,0xf8,0x9f,
  // :/icons/deskflow-light/actions/32/configure.svg
  0x0,0x0,0x1,0xa4,0x0,0x0,0x0,0x0,0x0,0x1,0x0,0x0,0x23,0x51,
0x0,0x0,0x1,0x9d,0x9a,0x2a,0xf8,0x2c,
  // :/icons/deskflow-light/actions/32/dialog-ok.svg
  0x0,0x0,0x2,0x6e,0x0,0x0,0x0,0x0,0x0,0x1,0x0,0x0,0x32,0xc4,
0x0,0x0,0x1,0x9d,0x9a,0x2a,0xf8,0x4b,
  // :/icons/deskflow-light/actions/32/document-save-as.svg
  0x0,0x0,0x2,0x40,0x0,0x0,0x0,0x0,0x0,0x1,0x0,0x0,0x2e,0x62,
0x0,0x0,0x1,0x9d,0x9a,0x2a,0xf8,0x5f,
  // :/icons/deskflow-light/actions/32/help-about.svg
  0x0,0x0,0x1,0x6a,0x0,0x0,0x0,0x0,0x0,0x1,0x0,0x0,0x17,0xd4,
0x0,0x0,0x1,0x9d,0x9a,0x2a,0xf8,0x8b,
  // :/icons/deskflow-light/actions/32/system-search.svg
  0x0,0x0,0x1,0xea,0x0,0x0,0x0,0x0,0x0,0x1,0x0,0x0,0x28,0xd0,
0x0,0x0,0x1,0x9d,0x9a,0x2a,0xf8,0x92,
  // :/icons/deskflow-light/actions/24/edit-copy.svg
  0x0,0x0,0x3,0xdc,0x0,0x0,0x0,0x0,0x0,0x1,0x0,0x0,0x6a,0xdd,
0x0,0x0,0x1,0x9d,0x9a,0x2a,0xf7,0x63,
  // :/icons/deskflow-light/actions/24/document-open.svg
  0x0,0x0,0x2,0x8e,0x0,0x0,0x0,0x0,0x0,0x1,0x0,0x0,0x6d,0x31,
0x0,0x0,0x1,0x9d,0x9a,0x2a,0xf7,0x4f,
  // :/icons/deskflow-light/actions/24/network-disconnect.svg
  0x0,0x0,0x4,0x5a,0x0,0x0,0x0,0x0,0x0,0x1,0x0,0x0,0x74,0x8b,
0x0,0x0,0x1,0x9d,0x9a,0x2a,0xf7,0xb1,
  // :/icons/deskflow-light/actions/24/go-up.svg
  0x0,0x0,0x1,0x8c,0x0,0x0,0x0,0x0,0x0,0x1,0x0,0x0,0x41,0x26,
0x0,0x0,0x1,0x9d,0x9a,0x2a,0xf7,0x8a,
  // :/icons/deskflow-light/actions/24/network-connect.svg
  0x0,0x0,0x3,0xfc,0x0,0x0,0x0,0x0,0x0,0x1,0x0,0x0,0x6f,0xb5,
0x0,0x0,0x1,0x9d,0x9a,0x2a,0xf7,0xb1,
  // :/icons/deskflow-light/actions/24/go-down.svg
  0x0,0x0,0x2,0xde,0x0,0x0,0x0,0x0,0x0,0x1,0x0,0x0,0x7d,0x1c,
0x0,0x0,0x1,0x9d,0x9a,0x2a,0xf7,0x80,
  // :/icons/deskflow-light/actions/24/view-refresh.svg
  0x0,0x0,0x1,0xc4,0x0,0x0,0x0,0x0,0x0,0x1,0x0,0x0,0x5b,0x88,
0x0,0x0,0x1,0x9d,0x9a,0x2a,0xf7,0xfa,
  // :/icons/deskflow-light/actions/24/configure.svg
  0x0,0x0,0x1,0xa4,0x0,0x0,0x0,0x0,0x0,0x1,0x0,0x0,0x57,0xcb,
0x0,0x0,0x1,0x9d,0x9a,0x2a,0xf7,0x34,
  // :/icons/deskflow-light/actions/24/tools-report-bug.svg
  0x0,0x0,0x4,0x8c,0x0,0x0,0x0,0x0,0x0,0x1,0x0,0x0,0x79,0x15,
0x0,0x0,0x1,0x9d,0x9a,0x2a,0xf7,0xe5,
  // :/icons/deskflow-light/actions/24/process-stop.svg
  0x0,0x0,0x3,0x26,0x0,0x0,0x0,0x0,0x0,0x1,0x0,0x0,0x3b,0x38,
0x0,0x0,0x1,0x9d,0x9a,0x2a,0xf7,0xc0,
  // :/icons/deskflow-light/actions/24/view-close.svg
  0x0,0x0,0x3,0xba,0x0,0x0,0x0,0x0,0x0,0x1,0x0,0x0,0x67,0xd4,
0x0,0x0,0x1,0x9d,0x9a,0x2a,0xf7,0xef,
  // :/icons/deskflow-light/actions/24/system-run.svg
  0x0,0x0,0x3,0x98,0x0,0x0,0x0,0x0,0x0,0x1,0x0,0x0,0x5d,0xe3,
0x0,0x0,0x1,0x9d,0x9a,0x2a,0xf7,0xd0,
  // :/icons/deskflow-light/actions/24/fingerprint.svg
  0x0,0x0,0x3,0x74,0x0,0x0,0x0,0x0,0x0,0x1,0x0,0x0,0x45,0xba,
0x0,0x0,0x1,0x9d,0x9a,0x2a,0xf7,0x76,
  // :/icons/deskflow-light/actions/24/edit-clear-all.svg
  0x0,0x0,0x4,0xee,0x0,0x0,0x0,0x0,0x0,0x1,0x0,0x0,0x81,0x9d,
0x0,0x0,0x1,0x9d,0x9a,0x2a,0xf7,0x63,
  // :/icons/deskflow-light/actions/24/document-save-as.svg
  0x0,0x0,0x2,0x40,0x0,0x0,0x0,0x0,0x0,0x1,0x0,0x0,0x63,0x8,
0x0,0x0,0x1,0x9d,0x9a,0x2a,0xf7,0x59,
  // :/icons/deskflow-light/actions/24/window-minimize-pip.svg
  0x0,0x0,0x4,0xba,0x0,0x0,0x0,0x0,0x0,0x1,0x0,0x0,0x7f,0x38,
0x0,0x0,0x1,0x9d,0x9a,0x2a,0xf8,0x5,
  // :/icons/deskflow-light/actions/24/document-edit.svg
  0x0,0x0,0x3,0x4c,0x0,0x0,0x0,0x0,0x0,0x1,0x0,0x0,0x42,0xde,
0x0,0x0,0x1,0x9d,0x9a,0x2a,0xf7,0x43,
  // :/icons/deskflow-light/actions/24/help-about.svg
  0x0,0x0,0x1,0x6a,0x0,0x0,0x0,0x0,0x0,0x1,0x0,0x0,0x3e,0x77,
0x0,0x0,0x1,0x9d,0x9a,0x2a,0xf7,0x95,
  // :/icons/deskflow-light/actions/24/system-search.svg
  0x0,0x0,0x1,0xea,0x0,0x0,0x0,0x0,0x0,0x1,0x0,0x0,0x60,0xb,
0x0,0x0,0x1,0x9d,0x9a,0x2a,0xf7,0xd7,
  // :/icons/deskflow-light/actions/24/window-restore-pip.svg
  0x0,0x0,0x4,0x28,0x0,0x0,0x0,0x0,0x0,0x1,0x0,0x0,0x72,0x3a,
0x0,0x0,0x1,0x9d,0x9a,0x2a,0xf8,0x10,
  // :/icons/deskflow-light/actions/22/edit-copy.svg
  0x0,0x0,0x3,0xdc,0x0,0x0,0x0,0x0,0x0,0x1,0x0,0x0,0xb4,0x18,
0x0,0x0,0x1,0x9d,0x9a,0x2a,0xf6,0x80,
  // :/icons/deskflow-light/actions/22/document-open.svg
  0x0,0x0,0x2,0x8e,0x0,0x0,0x0,0x0,0x0,0x1,0x0,0x0,0xb6,0x35,
0x0,0x0,0x1,0x9d,0x9a,0x2a,0xf6,0x60,
  // :/icons/deskflow-light/actions/22/network-disconnect.svg
  0x0,0x0,0x4,0x5a,0x0,0x0,0x0,0x0,0x0,0x1,0x0,0x0,0xbd,0x0,
0x0,0x0,0x1,0x9d,0x9a,0x2a,0xf6,0xc7,
  // :/icons/deskflow-light/actions/22/go-up.svg
  0x0,0x0,0x1,0x8c,0x0,0x0,0x0,0x0,0x0,0x1,0x0,0x0,0x8b,0xfd,
0x0,0x0,0x1,0x9d,0x9a,0x2a,0xf6,0x99,
  // :/icons/deskflow-light/actions/22/network-connect.svg
  0x0,0x0,0x3,0xfc,0x0,0x0,0x0,0x0,0x0,0x1,0x0,0x0,0xb8,0x8c,
0x0,0x0,0x1,0x9d,0x9a,0x2a,0xf6,0xc7,
  // :/icons/deskflow-light/actions/22/go-down.svg
  0x0,0x0,0x2,0xde,0x0,0x0,0x0,0x0,0x0,0x1,0x0,0x0,0xc5,0x4f,
0x0,0x0,0x1,0x9d,0x9a,0x2a,0xf6,0x95,
  // :/icons/deskflow-light/actions/22/view-refresh.svg
  0x0,0x0,0x1,0xc4,0x0,0x0,0x0,0x0,0x0,0x1,0x0,0x0,0xa5,0xb2,
0x0,0x0,0x1,0x9d,0x9a,0x2a,0xf7,0x13,
  // :/icons/deskflow-light/actions/22/configure.svg
  0x0,0x0,0x1,0xa4,0x0,0x0,0x0,0x0,0x0,0x1,0x0,0x0,0xa2,0x26,
0x0,0x0,0x1,0x9d,0x9a,0x2a,0xf6,0x50,
  // :/icons/deskflow-light/actions/22/tools-report-bug.svg
  0x0,0x0,0x4,0x8c,0x0,0x0,0x0,0x0,0x0,0x1,0x0,0x0,0xc1,0x75,
0x0,0x0,0x1,0x9d,0x9a,0x2a,0xf6,0xfd,
  // :/icons/deskflow-light/actions/22/process-stop.svg
  0x0,0x0,0x3,0x26,0x0,0x0,0x0,0x0,0x0,0x1,0x0,0x0,0x86,0x6d,
0x0,0x0,0x1,0x9d,0x9a,0x2a,0xf6,0xdf,
  // :/icons/deskflow-light/actions/22/view-close.svg
  0x0,0x0,0x3,0xba,0x0,0x0,0x0,0x0,0x0,0x1,0x0,0x0,0xb1,0x2b,
0x0,0x0,0x1,0x9d,0x9a,0x2a,0xf7,0x8,
  // :/icons/deskflow-light/actions/22/system-run.svg
  0x0,0x0,0x3,0x98,0x0,0x0,0x0,0x0,0x0,0x1,0x0,0x0,0xa7,0xc2,
0x0,0x0,0x1,0x9d,0x9a,0x2a,0xf6,0xea,
  // :/icons/deskflow-light/actions/22/fingerprint.svg
  0x0,0x0,0x3,0x74,0x0,0x0,0x0,0x0,0x0,0x1,0x0,0x0,0x90,0x35,
0x0,0x0,0x1,0x9d,0x9a,0x2a,0xf6,0x8c,
  // :/icons/deskflow-light/actions/22/edit-clear-all.svg
  0x0,0x0,0x4,0xee,0x0,0x0,0x0,0x0,0x0,0x1,0x0,0x0,0xc9,0x69,
0x0,0x0,0x1,0x9d,0x9a,0x2a,0xf6,0x75,
  // :/icons/deskflow-light/actions/22/document-save-as.svg
  0x0,0x0,0x2,0x40,0x0,0x0,0x0,0x0,0x0,0x1,0x0,0x0,0xac,0x8c,
0x0,0x0,0x1,0x9d,0x9a,0x2a,0xf6,0x6e,
  // :/icons/deskflow-light/actions/22/window-minimize-pip.svg
  0x0,0x0,0x4,0xba,0x0,0x0,0x0,0x0,0x0,0x1,0x0,0x0,0xc7,0x3b,
0x0,0x0,0x1,0x9d,0x9a,0x2a,0xf7,0x1d,
  // :/icons/deskflow-light/actions/22/document-edit.svg
  0x0,0x0,0x3,0x4c,0x0,0x0,0x0,0x0,0x0,0x1,0x0,0x0,0x8d,0x88,
0x0,0x0,0x1,0x9d,0x9a,0x2a,0xf6,0x59,
  // :/icons/deskflow-light/actions/22/help-about.svg
  0x0,0x0,0x1,0x6a,0x0,0x0,0x0,0x0,0x0,0x1,0x0,0x0,0x89,0x79,
0x0,0x0,0x1,0x9d,0x9a,0x2a,0xf6,0xaa,
  // :/icons/deskflow-light/actions/22/system-search.svg
  0x0,0x0,0x1,0xea,0x0,0x0,0x0,0x0,0x0,0x1,0x0,0x0,0xa9,0xbc,
0x0,0x0,0x1,0x9d,0x9a,0x2a,0xf6,0xf2,
  // :/icons/deskflow-light/actions/22/window-restore-pip.svg
  0x0,0x0,0x4,0x28,0x0,0x0,0x0,0x0,0x0,0x1,0x0,0x0,0xba,0xe6,
0x0,0x0,0x1,0x9d,0x9a,0x2a,0xf7,0x28,
  // :/icons/deskflow-light/actions/16/edit-copy.svg
  0x0,0x0,0x3,0xdc,0x0,0x0,0x0,0x0,0x0,0x1,0x0,0x0,0xe9,0x7,
0x0,0x0,0x1,0x9d,0x9a,0x2a,0xf5,0xa4,
  // :/icons/deskflow-light/actions/16/document-open.svg
  0x0,0x0,0x2,0x8e,0x0,0x0,0x0,0x0,0x0,0x1,0x0,0x0,0xeb,0x21,
0x0,0x0,0x1,0x9d,0x9a,0x2a,0xf5,0x84,
  // :/icons/deskflow-light/actions/16/network-disconnect.svg
  0x0,0x0,0x4,0x5a,0x0,0x0,0x0,0x0,0x0,0x1,0x0,0x0,0xf1,0xda,
0x0,0x0,0x1,0x9d,0x9a,0x2a,0xf5,0xec,
  // :/icons/deskflow-light/actions/16/go-up.svg
  0x0,0x0,0x1,0x8c,0x0,0x0,0x0,0x0,0x0,0x1,0x0,0x0,0xd3,0x73,
0x0,0x0,0x1,0x9d,0x9a,0x2a,0xf5,0xb8,
  // :/icons/deskflow-light/actions/16/network-connect.svg
  0x0,0x0,0x3,0xfc,0x0,0x0,0x0,0x0,0x0,0x1,0x0,0x0,0xed,0x33,
0x0,0x0,0x1,0x9d,0x9a,0x2a,0xf5,0xe1,
  // :/icons/deskflow-light/actions/16/go-down.svg
  0x0,0x0,0x2,0xde,0x0,0x0,0x0,0x0,0x0,0x1,0x0,0x0,0xf7,0xab,
0x0,0x0,0x1,0x9d,0x9a,0x2a,0xf5,0xae,
  // :/icons/deskflow-light/actions/16/view-refresh.svg
  0x0,0x0,0x1,0xc4,0x0,0x0,0x0,0x0,0x0,0x1,0x0,0x0,0xdc,0x1c,
0x0,0x0,0x1,0x9d,0x9a,0x2a,0xf6,0x20,
  // :/icons/deskflow-light/actions/16/configure.svg
  0x0,0x0,0x1,0xa4,0x0,0x0,0x0,0x0,0x0,0x1,0x0,0x0,0xd8,0x3b,
0x0,0x0,0x1,0x9d,0x9a,0x2a,0xf5,0x6e,
  // :/icons/deskflow-light/actions/16/tools-report-bug.svg
  0x0,0x0,0x4,0x8c,0x0,0x0,0x0,0x0,0x0,0x1,0x0,0x0,0xf5,0xe2,
0x0,0x0,0x1,0x9d,0x9a,0x2a,0xf6,0x14,
  // :/icons/deskflow-light/actions/16/process-stop.svg
  0x0,0x0,0x3,0x26,0x0,0x0,0x0,0x0,0x0,0x1,0x0,0x0,0xce,0xb,
0x0,0x0,0x1,0x9d,0x9a,0x2a,0xf5,0xf6,
  // :/icons/deskflow-light/actions/16/view-close.svg
  0x0,0x0,0x3,0xba,0x0,0x0,0x0,0x0,0x0,0x1,0x0,0x0,0xe6,0x55,
0x0,0x0,0x1,0x9d,0x9a,0x2a,0xf6,0x1c,
  // :/icons/deskflow-light/actions/16/system-run.svg
  0x0,0x0,0x3,0x98,0x0,0x0,0x0,0x0,0x0,0x1,0x0,0x0,0xde,0x6a,
0x0,0x0,0x1,0x9d,0x9a,0x2a,0xf5,0xfb,
  // :/icons/deskflow-light/actions/16/edit-clear-all.svg
  0x0,0x0,0x4,0xee,0x0,0x0,0x0,0x0,0x0,0x1,0x0,0x0,0xfb,0x65,
0x0,0x0,0x1,0x9d,0x9a,0x2a,0xf5,0x99,
  // :/icons/deskflow-light/actions/16/document-save-as.svg
  0x0,0x0,0x2,0x40,0x0,0x0,0x0,0x0,0x0,0x1,0x0,0x0,0xe2,0xbc,
0x0,0x0,0x1,0x9d,0x9a,0x2a,0xf5,0x8e,
  // :/icons/deskflow-light/actions/16/window-minimize-pip.svg
  0x0,0x0,0x4,0xba,0x0,0x0,0x0,0x0,0x0,0x1,0x0,0x0,0xf8,0xfb,
0x0,0x0,0x1,0x9d,0x9a,0x2a,0xf6,0x32,
  // :/icons/deskflow-light/actions/16/document-edit.svg
  0x0,0x0,0x3,0x4c,0x0,0x0,0x0,0x0,0x0,0x1,0x0,0x0,0xd4,0xc4,
0x0,0x0,0x1,0x9d,0x9a,0x2a,0xf5,0x7a,
  // :/icons/deskflow-light/actions/16/help-about.svg
  0x0,0x0,0x1,0x6a,0x0,0x0,0x0,0x0,0x0,0x1,0x0,0x0,0xd1,0x80,
0x0,0x0,0x1,0x9d,0x9a,0x2a,0xf5,0xc3,
  // :/icons/deskflow-light/actions/16/system-search.svg
  0x0,0x0,0x1,0xea,0x0,0x0,0x0,0x0,0x0,0x1,0x0,0x0,0xe0,0xc,
0x0,0x0,0x1,0x9d,0x9a,0x2a,0xf6,0x2,
  // :/icons/deskflow-light/actions/16/window-restore-pip.svg
  0x0,0x0,0x4,0x28,0x0,0x0,0x0,0x0,0x0,0x1,0x0,0x0,0xef,0x81,
0x0,0x0,0x1,0x9d,0x9a,0x2a,0xf6,0x3a,
  // :/icons/deskflow-light/status/32
  0x0,0x0,0x1,0x60,0x0,0x2,0x0,0x0,0x0,0x1,0x0,0x0,0x0,0x60,
0x0,0x0,0x0,0x0,0x0,0x0,0x0,0x0,
  // :/icons/deskflow-light/status/64
  0x0,0x0,0x0,0xb6,0x0,0x2,0x0,0x0,0x0,0x8,0x0,0x0,0x0,0x58,
0x0,0x0,0x0,0x0,0x0,0x0,0x0,0x0,
  // :/icons/deskflow-light/status/64/security-medium.svg
  0x0,0x0,0x5,0xa8,0x0,0x0,0x0,0x0,0x0,0x1,0x0,0x1,0xc,0x3,
0x0,0x0,0x1,0x9d,0x9a,0x2a,0xf9,0x71,
  // :/icons/deskflow-light/status/64/dialog-warning.svg
  0x0,0x0,0x6,0x6,0x0,0x0,0x0,0x0,0x0,0x1,0x0,0x1,0x18,0xc8,
0x0,0x0,0x1,0x9d,0x9a,0x2a,0xf9,0x55,
  // :/icons/deskflow-light/status/64/dialog-positive.svg
  0x0,0x0,0x5,0x56,0x0,0x1,0x0,0x0,0x0,0x1,0x0,0x1,0x7,0x8a,
0x0,0x0,0x1,0x9d,0x9a,0x2a,0xf9,0x3f,
  // :/icons/deskflow-light/status/64/security-low.svg
  0x0,0x0,0x6,0x58,0x0,0x0,0x0,0x0,0x0,0x1,0x0,0x1,0x2a,0xd4,
0x0,0x0,0x1,0x9d,0x9a,0x2a,0xf9,0x67,
  // :/icons/deskflow-light/status/64/dialog-information.svg
  0x0,0x0,0x5,0xd4,0x0,0x1,0x0,0x0,0x0,0x1,0x0,0x1,0x16,0xc2,
0x0,0x0,0x1,0x9d,0x9a,0x2a,0xf9,0x30,
  // :/icons/deskflow-light/status/64/security-high.svg
  0x0,0x0,0x6,0x30,0x0,0x0,0x0,0x0,0x0,0x1,0x0,0x1,0x1f,0x48,
0x0,0x0,0x1,0x9d,0x9a,0x2a,0xf9,0x60,
  // :/icons/deskflow-light/status/64/dialog-question.svg
  0x0,0x0,0x6,0x7e,0x0,0x0,0x0,0x0,0x0,0x1,0x0,0x1,0x36,0x6e,
0x0,0x0,0x1,0x9d,0x9a,0x2a,0xf9,0x4b,
  // :/icons/deskflow-light/status/64/dialog-error.svg
  0x0,0x0,0x5,0x82,0x0,0x1,0x0,0x0,0x0,0x1,0x0,0x1,0x9,0xbc,
0x0,0x0,0x1,0x9d,0x9a,0x2a,0xf9,0x28,
  // :/icons/deskflow-light/status/32/software-updates-release.svg
  0x0,0x0,0x5,0x18,0x0,0x0,0x0,0x0,0x0,0x1,0x0,0x1,0x0,0xa1,
0x0,0x0,0x1,0x9d,0x9a,0x2a,0xf9,0xf,
  // :/icons/deskflow-light/apps/64
  0x0,0x0,0x0,0xb6,0x0,0x2,0x0,0x0,0x0,0x2,0x0,0x0,0x0,0x62,
0x0,0x0,0x0,0x0,0x0,0x0,0x0,0x0,
  // :/icons/deskflow-light/apps/64/org.deskflow.deskflow-symbolic.svg
  0x0,0x0,0x0,0xc0,0x0,0x0,0x0,0x0,0x0,0x1,0x0,0x0,0x2,0xef,
0x0,0x0,0x1,0x9d,0x9a,0x2a,0xf8,0xba,
  // :/icons/deskflow-light/apps/64/org.deskflow.deskflow.svg
  0x0,0x0,0x1,0xa,0x0,0x0,0x0,0x0,0x0,0x1,0x0,0x0,0xd,0xa8,
0x0,0x0,0x1,0x9d,0x9a,0x2a,0xf8,0xc4,
  // :/icons/deskflow-dark/apps
  0x0,0x0,0x0,0xa8,0x0,0x2,0x0,0x0,0x0,0x1,0x0,0x0,0x0,0xc2,
0x0,0x0,0x0,0x0,0x0,0x0,0x0,0x0,
  // :/icons/deskflow-dark/places
  0x0,0x0,0x6,0xd2,0x0,0x2,0x0,0x0,0x0,0x1,0x0,0x0,0x0,0xc0,
0x0,0x0,0x0,0x0,0x0,0x0,0x0,0x0,
  // :/icons/deskflow-dark/status
  0x0,0x0,0x0,0x82,0x0,0x2,0x0,0x0,0x0,0x2,0x0,0x0,0x0,0xb5,
0x0,0x0,0x0,0x0,0x0,0x0,0x0,0x0,
  // :/icons/deskflow-dark/actions
  0x0,0x0,0x0,0x94,0x0,0x2,0x0,0x0,0x0,0x4,0x0,0x0,0x0,0x6c,
0x0,0x0,0x0,0x0,0x0,0x0,0x0,0x0,
  // :/icons/deskflow-dark/devices
  0x0,0x0,0x0,0x52,0x0,0x2,0x0,0x0,0x0,0x1,0x0,0x0,0x0,0x6a,
0x0,0x0,0x0,0x0,0x0,0x0,0x0,0x0,
  // :/icons/deskflow-dark/index.theme
  0x0,0x0,0x0,0x66,0x0,0x1,0x0,0x0,0x0,0x1,0x0,0x1,0x46,0xdb,
0x0,0x0,0x1,0x9d,0x9a,0x2a,0xf0,0x9e,
  // :/icons/deskflow-dark/devices/64
  0x0,0x0,0x0,0xb6,0x0,0x2,0x0,0x0,0x0,0x1,0x0,0x0,0x0,0x6b,
0x0,0x0,0x0,0x0,0x0,0x0,0x0,0x0,
  // :/icons/deskflow-dark/devices/64/video-display.svg
  0x0,0x0,0x6,0xaa,0x0,0x1,0x0,0x0,0x0,0x1,0x0,0x2,0x7f,0xfe,
0x0,0x0,0x1,0x9d,0x9a,0x2a,0xf4,0x78,
  // :/icons/deskflow-dark/actions/16
  0x0,0x0,0x1,0x42,0x0,0x2,0x0,0x0,0x0,0x12,0x0,0x0,0x0,0xa3,
0x0,0x0,0x0,0x0,0x0,0x0,0x0,0x0,
  // :/icons/deskflow-dark/actions/22
  0x0,0x0,0x1,0x4c,0x0,0x2,0x0,0x0,0x0,0x13,0x0,0x0,0x0,0x90,
0x0,0x0,0x0,0x0,0x0,0x0,0x0,0x0,
  // :/icons/deskflow-dark/actions/24
  0x0,0x0,0x1,0x56,0x0,0x2,0x0,0x0,0x0,0x14,0x0,0x0,0x0,0x7c,
0x0,0x0,0x0,0x0,0x0,0x0,0x0,0x0,
  // :/icons/deskflow-dark/actions/32
  0x0,0x0,0x1,0x60,0x0,0x2,0x0,0x0,0x0,0xc,0x0,0x0,0x0,0x70,
0x0,0x0,0x0,0x0,0x0,0x0,0x0,0x0,
  // :/icons/deskflow-dark/actions/32/document-open.svg
  0x0,0x0,0x2,0x8e,0x0,0x0,0x0,0x0,0x0,0x1,0x0,0x1,0x79,0x74,
0x0,0x0,0x1,0x9d,0x9a,0x2a,0xf3,0xff,
  // :/icons/deskflow-dark/actions/32/dialog-cancel.svg
  0x0,0x0,0x2,0xb6,0x0,0x0,0x0,0x0,0x0,0x1,0x0,0x1,0x7c,0x35,
0x0,0x0,0x1,0x9d,0x9a,0x2a,0xf3,0xc9,
  // :/icons/deskflow-dark/actions/32/dialog-ok-apply.svg
  0x0,0x0,0x2,0xfa,0x0,0x0,0x0,0x0,0x0,0x1,0x0,0x1,0x80,0x5d,
0x0,0x0,0x1,0x9d,0x9a,0x2a,0xf3,0xe1,
  // :/icons/deskflow-dark/actions/32/go-up.svg
  0x0,0x0,0x1,0x8c,0x0,0x0,0x0,0x0,0x0,0x1,0x0,0x1,0x68,0xdb,
0x0,0x0,0x1,0x9d,0x9a,0x2a,0xf4,0x19,
  // :/icons/deskflow-dark/actions/32/go-down.svg
  0x0,0x0,0x2,0xde,0x0,0x0,0x0,0x0,0x0,0x1,0x0,0x1,0x7f,0x16,
0x0,0x0,0x1,0x9d,0x9a,0x2a,0xf4,0xe,
  // :/icons/deskflow-dark/actions/32/application-exit.svg
  0x0,0x0,0x2,0x12,0x0,0x0,0x0,0x0,0x0,0x1,0x0,0x1,0x73,0x74,
0x0,0x0,0x1,0x9d,0x9a,0x2a,0xf3,0xc2,
  // :/icons/deskflow-dark/actions/32/view-refresh.svg
  0x0,0x0,0x1,0xc4,0x0,0x0,0x0,0x0,0x0,0x1,0x0,0x1,0x6c,0xdf,
0x0,0x0,0x1,0x9d,0x9a,0x2a,0xf4,0x37,
  // :/icons/deskflow-dark/actions/32/configure.svg
  0x0,0x0,0x1,0xa4,0x0,0x0,0x0,0x0,0x0,0x1,0x0,0x1,0x6a,0x23,
0x0,0x0,0x1,0x9d,0x9a,0x2a,0xf3,0xc9,
  // :/icons/deskflow-dark/actions/32/dialog-ok.svg
  0x0,0x0,0x2,0x6e,0x0,0x0,0x0,0x0,0x0,0x1,0x0,0x1,0x79,0x5d,
0x0,0x0,0x1,0x9d,0x9a,0x2a,0xf3,0xe9,
  // :/icons/deskflow-dark/actions/32/document-save-as.svg
  0x0,0x0,0x2,0x40,0x0,0x0,0x0,0x0,0x0,0x1,0x0,0x1,0x75,0x1d,
0x0,0x0,0x1,0x9d,0x9a,0x2a,0xf4,0x7,
  // :/icons/deskflow-dark/actions/32/help-about.svg
  0x0,0x0,0x1,0x6a,0x0,0x0,0x0,0x0,0x0,0x1,0x0,0x1,0x5e,0xaf,
0x0,0x0,0x1,0x9d,0x9a,0x2a,0xf4,0x19,
  // :/icons/deskflow-dark/actions/32/system-search.svg
  0x0,0x0,0x1,0xea,0x0,0x0,0x0,0x0,0x0,0x1,0x0,0x1,0x6f,0xab,
0x0,0x0,0x1,0x9d,0x9a,0x2a,0xf4,0x2f,
  // :/icons/deskflow-dark/actions/24/edit-copy.svg
  0x0,0x0,0x3,0xdc,0x0,0x0,0x0,0x0,0x0,0x1,0x0,0x1,0xb0,0x6e,
0x0,0x0,0x1,0x9d,0x9a,0x2a,0xf3,0x4,
  // :/icons/deskflow-dark/actions/24/document-open.svg
  0x0,0x0,0x2,0x8e,0x0,0x0,0x0,0x0,0x0,0x1,0x0,0x1,0xb2,0xc2,
0x0,0x0,0x1,0x9d,0x9a,0x2a,0xf2,0xe5,
  // :/icons/deskflow-dark/actions/24/network-disconnect.svg
  0x0,0x0,0x4,0x5a,0x0,0x0,0x0,0x0,0x0,0x1,0x0,0x1,0xb9,0xdc,
0x0,0x0,0x1,0x9d,0x9a,0x2a,0xf3,0x55,
  // :/icons/deskflow-dark/actions/24/go-up.svg
  0x0,0x0,0x1,0x8c,0x0,0x0,0x0,0x0,0x0,0x1,0x0,0x1,0x87,0x68,
0x0,0x0,0x1,0x9d,0x9a,0x2a,0xf3,0x22,
  // :/icons/deskflow-dark/actions/24/network-connect.svg
  0x0,0x0,0x3,0xfc,0x0,0x0,0x0,0x0,0x0,0x1,0x0,0x1,0xb5,0x2c,
0x0,0x0,0x1,0x9d,0x9a,0x2a,0xf3,0x4b,
  // :/icons/deskflow-dark/actions/24/go-down.svg
  0x0,0x0,0x2,0xde,0x0,0x0,0x0,0x0,0x0,0x1,0x0,0x1,0xc2,0x26,
0x0,0x0,0x1,0x9d,0x9a,0x2a,0xf3,0x14,
  // :/icons/deskflow-dark/actions/24/view-refresh.svg
  0x0,0x0,0x1,0xc4,0x0,0x0,0x0,0x0,0x0,0x1,0x0,0x1,0xa1,0x6d,
0x0,0x0,0x1,0x9d,0x9a,0x2a,0xf3,0x95,
  // :/icons/deskflow-dark/actions/24/configure.svg
  0x0,0x0,0x1,0xa4,0x0,0x0,0x0,0x0,0x0,0x1,0x0,0x1,0x9d,0xca,
0x0,0x0,0x1,0x9d,0x9a,0x2a,0xf2,0xd1,
  // :/icons/deskflow-dark/actions/24/tools-report-bug.svg
  0x0,0x0,0x4,0x8c,0x0,0x0,0x0,0x0,0x0,0x1,0x0,0x1,0xbe,0x39,
0x0,0x0,0x1,0x9d,0x9a,0x2a,0xf3,0x7c,
  // :/icons/deskflow-dark/actions/24/process-stop.svg
  0x0,0x0,0x3,0x26,0x0,0x0,0x0,0x0,0x0,0x1,0x0,0x1,0x81,0xc4,
0x0,0x0,0x1,0x9d,0x9a,0x2a,0xf3,0x60,
  // :/icons/deskflow-dark/actions/24/view-close.svg
  0x0,0x0,0x3,0xba,0x0,0x0,0x0,0x0,0x0,0x1,0x0,0x1,0xad,0x92,
0x0,0x0,0x1,0x9d,0x9a,0x2a,0xf3,0x8a,
  // :/icons/deskflow-dark/actions/24/system-run.svg
  0x0,0x0,0x3,0x98,0x0,0x0,0x0,0x0,0x0,0x1,0x0,0x1,0xa3,0xc8,
0x0,0x0,0x1,0x9d,0x9a,0x2a,0xf3,0x67,
  // :/icons/deskflow-dark/actions/24/fingerprint.svg
  0x0,0x0,0x3,0x74,0x0,0x0,0x0,0x0,0x0,0x1,0x0,0x1,0x8b,0xe9,
0x0,0x0,0x1,0x9d,0x9a,0x2a,0xf3,0xe,
  // :/icons/deskflow-dark/actions/24/edit-clear-all.svg
  0x0,0x0,0x4,0xee,0x0,0x0,0x0,0x0,0x0,0x1,0x0,0x1,0xc6,0xa8,
0x0,0x0,0x1,0x9d,0x9a,0x2a,0xf2,0xfa,
  // :/icons/deskflow-dark/actions/24/document-save-as.svg
  0x0,0x0,0x2,0x40,0x0,0x0,0x0,0x0,0x0,0x1,0x0,0x1,0xa8,0xe0,
0x0,0x0,0x1,0x9d,0x9a,0x2a,0xf2,0xee,
  // :/icons/deskflow-dark/actions/24/window-minimize-pip.svg
  0x0,0x0,0x4,0xba,0x0,0x0,0x0,0x0,0x0,0x1,0x0,0x1,0xc4,0x4f,
0x0,0x0,0x1,0x9d,0x9a,0x2a,0xf3,0xa3,
  // :/icons/deskflow-dark/actions/24/document-edit.svg
  0x0,0x0,0x3,0x4c,0x0,0x0,0x0,0x0,0x0,0x1,0x0,0x1,0x89,0x27,
0x0,0x0,0x1,0x9d,0x9a,0x2a,0xf2,0xd5,
  // :/icons/deskflow-dark/actions/24/help-about.svg
  0x0,0x0,0x1,0x6a,0x0,0x0,0x0,0x0,0x0,0x1,0x0,0x1,0x84,0xd3,
0x0,0x0,0x1,0x9d,0x9a,0x2a,0xf3,0x29,
  // :/icons/deskflow-dark/actions/24/system-search.svg
  0x0,0x0,0x1,0xea,0x0,0x0,0x0,0x0,0x0,0x1,0x0,0x1,0xa5,0xd6,
0x0,0x0,0x1,0x9d,0x9a,0x2a,0xf3,0x71,
  // :/icons/deskflow-dark/actions/24/window-restore-pip.svg
  0x0,0x0,0x4,0x28,0x0,0x0,0x0,0x0,0x0,0x1,0x0,0x1,0xb7,0x97,
0x0,0x0,0x1,0x9d,0x9a,0x2a,0xf3,0xab,
  // :/icons/deskflow-dark/actions/22/edit-copy.svg
  0x0,0x0,0x3,0xdc,0x0,0x0,0x0,0x0,0x0,0x1,0x0,0x1,0xf8,0xbf,
0x0,0x0,0x1,0x9d,0x9a,0x2a,0xf2,0x11,
  // :/icons/deskflow-dark/actions/22/document-open.svg
  0x0,0x0,0x2,0x8e,0x0,0x0,0x0,0x0,0x0,0x1,0x0,0x1,0xfa,0xd3,
0x0,0x0,0x1,0x9d,0x9a,0x2a,0xf1,0xf0,
  // :/icons/deskflow-dark/actions/22/network-disconnect.svg
  0x0,0x0,0x4,0x5a,0x0,0x0,0x0,0x0,0x0,0x1,0x0,0x2,0x1,0xa9,
0x0,0x0,0x1,0x9d,0x9a,0x2a,0xf2,0x68,
  // :/icons/deskflow-dark/actions/22/go-up.svg
  0x0,0x0,0x1,0x8c,0x0,0x0,0x0,0x0,0x0,0x1,0x0,0x1,0xd0,0xdb,
0x0,0x0,0x1,0x9d,0x9a,0x2a,0xf2,0x31,
  // :/icons/deskflow-dark/actions/22/network-connect.svg
  0x0,0x0,0x3,0xfc,0x0,0x0,0x0,0x0,0x0,0x1,0x0,0x1,0xfd,0x24,
0x0,0x0,0x1,0x9d,0x9a,0x2a,0xf2,0x58,
  // :/icons/deskflow-dark/actions/22/go-down.svg
  0x0,0x0,0x2,0xde,0x0,0x0,0x0,0x0,0x0,0x1,0x0,0x2,0x9,0xbf,
0x0,0x0,0x1,0x9d,0x9a,0x2a,0xf2,0x27,
  // :/icons/deskflow-dark/actions/22/view-refresh.svg
  0x0,0x0,0x1,0xc4,0x0,0x0,0x0,0x0,0x0,0x1,0x0,0x1,0xea,0x74,
0x0,0x0,0x1,0x9d,0x9a,0x2a,0xf2,0xaa,
  // :/icons/deskflow-dark/actions/22/configure.svg
  0x0,0x0,0x1,0xa4,0x0,0x0,0x0,0x0,0x0,0x1,0x0,0x1,0xe6,0xec,
0x0,0x0,0x1,0x9d,0x9a,0x2a,0xf1,0xdc,
  // :/icons/deskflow-dark/actions/22/tools-report-bug.svg
  0x0,0x0,0x4,0x8c,0x0,0x0,0x0,0x0,0x0,0x1,0x0,0x2,0x5,0xeb,
0x0,0x0,0x1,0x9d,0x9a,0x2a,0xf2,0x96,
  // :/icons/deskflow-dark/actions/22/process-stop.svg
  0x0,0x0,0x3,0x26,0x0,0x0,0x0,0x0,0x0,0x1,0x0,0x1,0xcb,0x5e,
0x0,0x0,0x1,0x9d,0x9a,0x2a,0xf2,0x73,
  // :/icons/deskflow-dark/actions/22/view-close.svg
  0x0,0x0,0x3,0xba,0x0,0x0,0x0,0x0,0x0,0x1,0x0,0x1,0xf6,0x1,
0x0,0x0,0x1,0x9d,0x9a,0x2a,0xf2,0x9f,
  // :/icons/deskflow-dark/actions/22/system-run.svg
  0x0,0x0,0x3,0x98,0x0,0x0,0x0,0x0,0x0,0x1,0x0,0x1,0xec,0xab,
0x0,0x0,0x1,0x9d,0x9a,0x2a,0xf2,0x7e,
  // :/icons/deskflow-dark/actions/22/fingerprint.svg
  0x0,0x0,0x3,0x74,0x0,0x0,0x0,0x0,0x0,0x1,0x0,0x1,0xd5,0x4,
0x0,0x0,0x1,0x9d,0x9a,0x2a,0xf2,0x1a,
  // :/icons/deskflow-dark/actions/22/document-save-as.svg
  0x0,0x0,0x2,0x40,0x0,0x0,0x0,0x0,0x0,0x1,0x0,0x1,0xf1,0x68,
0x0,0x0,0x1,0x9d,0x9a,0x2a,0xf1,0xf6,
  // :/icons/deskflow-dark/actions/22/window-minimize-pip.svg
  0x0,0x0,0x4,0xba,0x0,0x0,0x0,0x0,0x0,0x1,0x0,0x2,0xb,0xa8,
0x0,0x0,0x1,0x9d,0x9a,0x2a,0xf2,0xb1,
  // :/icons/deskflow-dark/actions/22/document-edit.svg
  0x0,0x0,0x3,0x4c,0x0,0x0,0x0,0x0,0x0,0x1,0x0,0x1,0xd2,0x5d,
0x0,0x0,0x1,0x9d,0x9a,0x2a,0xf1,0xe6,
  // :/icons/deskflow-dark/actions/22/help-about.svg
  0x0,0x0,0x1,0x6a,0x0,0x0,0x0,0x0,0x0,0x1,0x0,0x1,0xce,0x61,
0x0,0x0,0x1,0x9d,0x9a,0x2a,0xf2,0x3b,
  // :/icons/deskflow-dark/actions/22/system-search.svg
  0x0,0x0,0x1,0xea,0x0,0x0,0x0,0x0,0x0,0x1,0x0,0x1,0xee,0x9e,
0x0,0x0,0x1,0x9d,0x9a,0x2a,0xf2,0x8a,
  // :/icons/deskflow-dark/actions/22/window-restore-pip.svg
  0x0,0x0,0x4,0x28,0x0,0x0,0x0,0x0,0x0,0x1,0x0,0x1,0xff,0x74,
0x0,0x0,0x1,0x9d,0x9a,0x2a,0xf2,0xb7,
  // :/icons/deskflow-dark/actions/16/edit-copy.svg
  0x0,0x0,0x3,0xdc,0x0,0x0,0x0,0x0,0x0,0x1,0x0,0x2,0x28,0xad,
0x0,0x0,0x1,0x9d,0x9a,0x2a,0xf1,0x35,
  // :/icons/deskflow-dark/actions/16/document-open.svg
  0x0,0x0,0x2,0x8e,0x0,0x0,0x0,0x0,0x0,0x1,0x0,0x2,0x2a,0xbe,
0x0,0x0,0x1,0x9d,0x9a,0x2a,0xf1,0xc,
  // :/icons/deskflow-dark/actions/16/network-disconnect.svg
  0x0,0x0,0x4,0x5a,0x0,0x0,0x0,0x0,0x0,0x1,0x0,0x2,0x31,0x8a,
0x0,0x0,0x1,0x9d,0x9a,0x2a,0xf1,0x78,
  // :/icons/deskflow-dark/actions/16/go-up.svg
  0x0,0x0,0x1,0x8c,0x0,0x0,0x0,0x0,0x0,0x1,0x0,0x2,0x13,0x40,
0x0,0x0,0x1,0x9d,0x9a,0x2a,0xf1,0x48,
  // :/icons/deskflow-dark/actions/16/network-connect.svg
  0x0,0x0,0x3,0xfc,0x0,0x0,0x0,0x0,0x0,0x1,0x0,0x2,0x2c,0xcc,
0x0,0x0,0x1,0x9d,0x9a,0x2a,0xf1,0x71,
  // :/icons/deskflow-dark/actions/16/go-down.svg
  0x0,0x0,0x2,0xde,0x0,0x0,0x0,0x0,0x0,0x1,0x0,0x2,0x37,0x29,
0x0,0x0,0x1,0x9d,0x9a,0x2a,0xf1,0x3a,
  // :/icons/deskflow-dark/actions/16/view-refresh.svg
  0x0,0x0,0x1,0xc4,0x0,0x0,0x0,0x0,0x0,0x1,0x0,0x2,0x1b,0xd6,
0x0,0x0,0x1,0x9d,0x9a,0x2a,0xf1,0xb6,
  // :/icons/deskflow-dark/actions/16/configure.svg
  0x0,0x0,0x1,0xa4,0x0,0x0,0x0,0x0,0x0,0x1,0x0,0x2,0x17,0xfb,
0x0,0x0,0x1,0x9d,0x9a,0x2a,0xf0,0xed,
  // :/icons/deskflow-dark/actions/16/tools-report-bug.svg
  0x0,0x0,0x4,0x8c,0x0,0x0,0x0,0x0,0x0,0x1,0x0,0x2,0x35,0x64,
0x0,0x0,0x1,0x9d,0x9a,0x2a,0xf1,0xa2,
  // :/icons/deskflow-dark/actions/16/process-stop.svg
  0x0,0x0,0x3,0x26,0x0,0x0,0x0,0x0,0x0,0x1,0x0,0x2,0xd,0xf1,
0x0,0x0,0x1,0x9d,0x9a,0x2a,0xf1,0x84,
  // :/icons/deskflow-dark/actions/16/view-close.svg
  0x0,0x0,0x3,0xba,0x0,0x0,0x0,0x0,0x0,0x1,0x0,0x2,0x26,0x2a,
0x0,0x0,0x1,0x9d,0x9a,0x2a,0xf1,0xa6,
  // :/icons/deskflow-dark/actions/16/system-run.svg
  0x0,0x0,0x3,0x98,0x0,0x0,0x0,0x0,0x0,0x1,0x0,0x2,0x1e,0x4b,
0x0,0x0,0x1,0x9d,0x9a,0x2a,0xf1,0x8f,
  // :/icons/deskflow-dark/actions/16/document-save-as.svg
  0x0,0x0,0x2,0x40,0x0,0x0,0x0,0x0,0x0,0x1,0x0,0x2,0x22,0x95,
0x0,0x0,0x1,0x9d,0x9a,0x2a,0xf1,0x18,
  // :/icons/deskflow-dark/actions/16/window-minimize-pip.svg
  0x0,0x0,0x4,0xba,0x0,0x0,0x0,0x0,0x0,0x1,0x0,0x2,0x38,0x70,
0x0,0x0,0x1,0x9d,0x9a,0x2a,0xf1,0xc0,
  // :/icons/deskflow-dark/actions/16/document-edit.svg
  0x0,0x0,0x3,0x4c,0x0,0x0,0x0,0x0,0x0,0x1,0x0,0x2,0x14,0x88,
0x0,0x0,0x1,0x9d,0x9a,0x2a,0xf0,0xfb,
  // :/icons/deskflow-dark/actions/16/help-about.svg
  0x0,0x0,0x1,0x6a,0x0,0x0,0x0,0x0,0x0,0x1,0x0,0x2,0x11,0x46,
0x0,0x0,0x1,0x9d,0x9a,0x2a,0xf1,0x52,
  // :/icons/deskflow-dark/actions/16/system-search.svg
  0x0,0x0,0x1,0xea,0x0,0x0,0x0,0x0,0x0,0x1,0x0,0x2,0x1f,0xe9,
0x0,0x0,0x1,0x9d,0x9a,0x2a,0xf1,0x98,
  // :/icons/deskflow-dark/actions/16/window-restore-pip.svg
  0x0,0x0,0x4,0x28,0x0,0x0,0x0,0x0,0x0,0x1,0x0,0x2,0x2f,0x16,
0x0,0x0,0x1,0x9d,0x9a,0x2a,0xf1,0xca,
  // :/icons/deskflow-dark/status/32
  0x0,0x0,0x1,0x60,0x0,0x2,0x0,0x0,0x0,0x1,0x0,0x0,0x0,0xbf,
0x0,0x0,0x0,0x0,0x0,0x0,0x0,0x0,
  // :/icons/deskflow-dark/status/64
  0x0,0x0,0x0,0xb6,0x0,0x2,0x0,0x0,0x0,0x8,0x0,0x0,0x0,0xb7,
0x0,0x0,0x0,0x0,0x0,0x0,0x0,0x0,
  // :/icons/deskflow-dark/status/64/security-medium.svg
  0x0,0x0,0x5,0xa8,0x0,0x0,0x0,0x0,0x0,0x1,0x0,0x2,0x46,0x4,
0x0,0x0,0x1,0x9d,0x9a,0x2a,0xf5,0xc,
  // :/icons/deskflow-dark/status/64/dialog-warning.svg
  0x0,0x0,0x6,0x6,0x0,0x0,0x0,0x0,0x0,0x1,0x0,0x2,0x52,0xc9,
0x0,0x0,0x1,0x9d,0x9a,0x2a,0xf4,0xea,
  // :/icons/deskflow-dark/status/64/dialog-positive.svg
  0x0,0x0,0x5,0x56,0x0,0x1,0x0,0x0,0x0,0x1,0x0,0x2,0x41,0x8b,
0x0,0x0,0x1,0x9d,0x9a,0x2a,0xf4,0xda,
  // :/icons/deskflow-dark/status/64/security-low.svg
  0x0,0x0,0x6,0x58,0x0,0x0,0x0,0x0,0x0,0x1,0x0,0x2,0x64,0xd5,
0x0,0x0,0x1,0x9d,0x9a,0x2a,0xf5,0x1,
  // :/icons/deskflow-dark/status/64/dialog-information.svg
  0x0,0x0,0x5,0xd4,0x0,0x1,0x0,0x0,0x0,0x1,0x0,0x2,0x50,0xc3,
0x0,0x0,0x1,0x9d,0x9a,0x2a,0xf4,0xca,
  // :/icons/deskflow-dark/status/64/security-high.svg
  0x0,0x0,0x6,0x30,0x0,0x0,0x0,0x0,0x0,0x1,0x0,0x2,0x59,0x49,
0x0,0x0,0x1,0x9d,0x9a,0x2a,0xf4,0xf8,
  // :/icons/deskflow-dark/status/64/dialog-question.svg
  0x0,0x0,0x6,0x7e,0x0,0x0,0x0,0x0,0x0,0x1,0x0,0x2,0x70,0x6f,
0x0,0x0,0x1,0x9d,0x9a,0x2a,0xf4,0xe3,
  // :/icons/deskflow-dark/status/64/dialog-error.svg
  0x0,0x0,0x5,0x82,0x0,0x1,0x0,0x0,0x0,0x1,0x0,0x2,0x43,0xbd,
0x0,0x0,0x1,0x9d,0x9a,0x2a,0xf4,0xc4,
  // :/icons/deskflow-dark/status/32/software-updates-release.svg
  0x0,0x0,0x5,0x18,0x0,0x0,0x0,0x0,0x0,0x1,0x0,0x2,0x3a,0xf5,
0x0,0x0,0x1,0x9d,0x9a,0x2a,0xf4,0xb3,
  // :/icons/deskflow-dark/places/64
  0x0,0x0,0x0,0xb6,0x0,0x2,0x0,0x0,0x0,0x1,0x0,0x0,0x0,0xc1,
0x0,0x0,0x0,0x0,0x0,0x0,0x0,0x0,
  // :/icons/deskflow-dark/places/64/user-trash.svg
  0x0,0x0,0x6,0xe4,0x0,0x0,0x0,0x0,0x0,0x1,0x0,0x2,0x7a,0x2b,
0x0,0x0,0x1,0x9d,0x9a,0x2a,0xf4,0x98,
  // :/icons/deskflow-dark/apps/64
  0x0,0x0,0x0,0xb6,0x0,0x2,0x0,0x0,0x0,0x2,0x0,0x0,0x0,0xc3,
0x0,0x0,0x0,0x0,0x0,0x0,0x0,0x0,
  // :/icons/deskflow-dark/apps/64/org.deskflow.deskflow-symbolic.svg
  0x0,0x0,0x0,0xc0,0x0,0x0,0x0,0x0,0x0,0x1,0x0,0x1,0x49,0xca,
0x0,0x0,0x1,0x9d,0x9a,0x2a,0xf4,0x4c,
  // :/icons/deskflow-dark/apps/64/org.deskflow.deskflow.svg
  0x0,0x0,0x1,0xa,0x0,0x0,0x0,0x0,0x0,0x1,0x0,0x1,0x54,0x83,
0x0,0x0,0x1,0x9d,0x9a,0x2a,0xf4,0x5d,

};

#ifdef QT_NAMESPACE
#  define QT_RCC_PREPEND_NAMESPACE(name) ::QT_NAMESPACE::name
#  define QT_RCC_MANGLE_NAMESPACE0(x) x
#  define QT_RCC_MANGLE_NAMESPACE1(a, b) a##_##b
#  define QT_RCC_MANGLE_NAMESPACE2(a, b) QT_RCC_MANGLE_NAMESPACE1(a,b)
#  define QT_RCC_MANGLE_NAMESPACE(name) QT_RCC_MANGLE_NAMESPACE2( \
        QT_RCC_MANGLE_NAMESPACE0(name), QT_RCC_MANGLE_NAMESPACE0(QT_NAMESPACE))
#else
#   define QT_RCC_PREPEND_NAMESPACE(name) name
#   define QT_RCC_MANGLE_NAMESPACE(name) name
#endif

#if defined(QT_INLINE_NAMESPACE)
inline namespace QT_NAMESPACE {
#elif defined(QT_NAMESPACE)
namespace QT_NAMESPACE {
#endif

bool qRegisterResourceData(int, const unsigned char *, const unsigned char *, const unsigned char *);
bool qUnregisterResourceData(int, const unsigned char *, const unsigned char *, const unsigned char *);

#if defined(__ELF__) || defined(__APPLE__)
static inline unsigned char qResourceFeatureZlib()
{
    extern const unsigned char qt_resourceFeatureZlib;
    return qt_resourceFeatureZlib;
}
#else
unsigned char qResourceFeatureZlib();
#endif

#ifdef QT_NAMESPACE
}
#endif

int QT_RCC_MANGLE_NAMESPACE(qInitResources_deskflow)();
int QT_RCC_MANGLE_NAMESPACE(qInitResources_deskflow)()
{
    int version = 3;
    QT_RCC_PREPEND_NAMESPACE(qRegisterResourceData)
        (version, qt_resource_struct, qt_resource_name, qt_resource_data);
    return 1;
}

int QT_RCC_MANGLE_NAMESPACE(qCleanupResources_deskflow)();
int QT_RCC_MANGLE_NAMESPACE(qCleanupResources_deskflow)()
{
    int version = 3;
    version += QT_RCC_PREPEND_NAMESPACE(qResourceFeatureZlib());
    QT_RCC_PREPEND_NAMESPACE(qUnregisterResourceData)
       (version, qt_resource_struct, qt_resource_name, qt_resource_data);
    return 1;
}

#ifdef __clang__
#   pragma clang diagnostic push
#   pragma clang diagnostic ignored "-Wexit-time-destructors"
#endif

namespace {
   struct initializer {
       initializer() { QT_RCC_MANGLE_NAMESPACE(qInitResources_deskflow)(); }
       ~initializer() { QT_RCC_MANGLE_NAMESPACE(qCleanupResources_deskflow)(); }
   } dummy;
}

#ifdef __clang__
#   pragma clang diagnostic pop
#endif
